insert into employee (employeeid, firstname, lastname, username, lastviewed) values
('b3044bcb-10ac-4420-a626-071d8247f81e', 'Dario', 'Birbamer', 'dbi6423', '2000-01-01'),
('22d0368b-89e4-49a8-88c8-5d933f704010', 'Dominik', 'Kühne', 'dku7033', '2000-01-01'),
('e586526c-c0f8-4b77-9bac-c6fc1d96a2c3', 'Johannes', 'Moosbrugger', 'jmo8620', '2000-01-01'),
('501827a6-0e88-4d85-a4ac-cb4d58ba79c5', 'Lukas', 'Kaufmann', 'lka2222', '2000-01-01'),
('b711d27d-3b7b-4e0d-bf51-c56c260aa565', 'Michael', 'Spiegel', 'msp3991', '2000-01-01'),
('81d052be-f3ee-4a6b-bd36-9ca8ad2e0224', 'Stefan', 'Mayer', 'sma7959', '2000-01-01'),
('81f3f082-772c-44c3-8ca6-a64d1bfc8976', 'Thomas', 'Feilhauer', 'tf-test', '2000-01-01'),
('81f3f082-772c-44c3-8ca6-a64d1bfc8977', 'Basic', 'Employee', 'employee', '2000-01-01'),
('81f3f082-772c-44c3-8ca6-a64d1bfc8978', 'Basic', 'Operator', 'operator', '2000-01-01');

insert into employee_subscribedtopics (employee_employeeid, subscribedtopics) values
('b3044bcb-10ac-4420-a626-071d8247f81e', 'Pop'),
('b3044bcb-10ac-4420-a626-071d8247f81e', 'Metal'),
('b3044bcb-10ac-4420-a626-071d8247f81e', 'Rock'),
('22d0368b-89e4-49a8-88c8-5d933f704010', 'Pop'),
('22d0368b-89e4-49a8-88c8-5d933f704010', 'Electronic'),
('22d0368b-89e4-49a8-88c8-5d933f704010', 'Grunge'),
('e586526c-c0f8-4b77-9bac-c6fc1d96a2c3', 'Electronic'),
('e586526c-c0f8-4b77-9bac-c6fc1d96a2c3', 'Hip-Hop'),
('e586526c-c0f8-4b77-9bac-c6fc1d96a2c3', 'Hard Rock'),
('501827a6-0e88-4d85-a4ac-cb4d58ba79c5', 'Hip-Hop'),
('501827a6-0e88-4d85-a4ac-cb4d58ba79c5', 'Pop'),
('501827a6-0e88-4d85-a4ac-cb4d58ba79c5', 'Metal'),
('b711d27d-3b7b-4e0d-bf51-c56c260aa565', 'Metal'),
('b711d27d-3b7b-4e0d-bf51-c56c260aa565', 'Hard Rock'),
('b711d27d-3b7b-4e0d-bf51-c56c260aa565', 'Grunge'),
('81d052be-f3ee-4a6b-bd36-9ca8ad2e0224', 'Electronic'),
('81d052be-f3ee-4a6b-bd36-9ca8ad2e0224', 'Metal'),
('81d052be-f3ee-4a6b-bd36-9ca8ad2e0224', 'Pop'),
('81f3f082-772c-44c3-8ca6-a64d1bfc8976', 'Hard Rock'),
('81f3f082-772c-44c3-8ca6-a64d1bfc8976', 'Hip-Hop'),
('81f3f082-772c-44c3-8ca6-a64d1bfc8976', 'Grunge'),
('81f3f082-772c-44c3-8ca6-a64d1bfc8977', 'Pop'),
('81f3f082-772c-44c3-8ca6-a64d1bfc8977', 'Metal'),
('81f3f082-772c-44c3-8ca6-a64d1bfc8977', 'Rock'),
('81f3f082-772c-44c3-8ca6-a64d1bfc8978', 'Hard Rock'),
('81f3f082-772c-44c3-8ca6-a64d1bfc8978', 'Hip-Hop'),
('81f3f082-772c-44c3-8ca6-a64d1bfc8978', 'Grunge');

insert into employee_roles (employee_employeeid, roles) values
('81f3f082-772c-44c3-8ca6-a64d1bfc8978', 'EMPLOYEE'),
('81f3f082-772c-44c3-8ca6-a64d1bfc8978', 'OPERATOR'),
('81f3f082-772c-44c3-8ca6-a64d1bfc8977', 'EMPLOYEE'),
('b3044bcb-10ac-4420-a626-071d8247f81e', 'ADMIN'),
('b3044bcb-10ac-4420-a626-071d8247f81e', 'OPERATOR'),
('b3044bcb-10ac-4420-a626-071d8247f81e', 'EMPLOYEE'),
('22d0368b-89e4-49a8-88c8-5d933f704010', 'ADMIN'),
('22d0368b-89e4-49a8-88c8-5d933f704010', 'OPERATOR'),
('22d0368b-89e4-49a8-88c8-5d933f704010', 'EMPLOYEE'),
('e586526c-c0f8-4b77-9bac-c6fc1d96a2c3', 'ADMIN'),
('e586526c-c0f8-4b77-9bac-c6fc1d96a2c3', 'OPERATOR'),
('e586526c-c0f8-4b77-9bac-c6fc1d96a2c3', 'EMPLOYEE'),
('501827a6-0e88-4d85-a4ac-cb4d58ba79c5', 'ADMIN'),
('501827a6-0e88-4d85-a4ac-cb4d58ba79c5', 'OPERATOR'),
('501827a6-0e88-4d85-a4ac-cb4d58ba79c5', 'EMPLOYEE'),
('b711d27d-3b7b-4e0d-bf51-c56c260aa565', 'ADMIN'),
('b711d27d-3b7b-4e0d-bf51-c56c260aa565', 'OPERATOR'),
('b711d27d-3b7b-4e0d-bf51-c56c260aa565', 'EMPLOYEE'),
('81d052be-f3ee-4a6b-bd36-9ca8ad2e0224', 'ADMIN'),
('81d052be-f3ee-4a6b-bd36-9ca8ad2e0224', 'OPERATOR'),
('81d052be-f3ee-4a6b-bd36-9ca8ad2e0224', 'EMPLOYEE'),
('81f3f082-772c-44c3-8ca6-a64d1bfc8976', 'ADMIN'),
('81f3f082-772c-44c3-8ca6-a64d1bfc8976', 'OPERATOR'),
('81f3f082-772c-44c3-8ca6-a64d1bfc8976', 'EMPLOYEE');

insert into product (productid, duration, label, name, releaseyear) values
('140bde05-0858-4bc8-8939-a657523f6a27', '29:31', 'Svek', 'Stockholm', '1999'),
('e2af5378-b483-44e6-9369-5a0a61ccd815', '15:00', 'R & S Records', 'Mach 2', '1990'),
('fc103a09-c92e-4608-a8d6-970ea29a247f', '79:46', 'React', 'React Test Eleven', '1999'),
('36e5f38a-f7cf-4bee-8bcf-3a407d06370e', '10:00', 'Shokoy', 'Cells Death E.P.', '1999'),
('0b424de4-4763-4719-a448-f941af1cfd79', '20:00', 'Bassbin Records', 'Bassbin Loops', '1998'),
('f86007bd-1335-46eb-9d61-b9945d874915', '05:00', 'Hydrophonic Records', 'Terminal Jungle', '2002'),
('f5121df1-b337-4290-aaee-fdbd3b3bb0ab', '07:39', 'Def Jam Recordings', 'Saturday (Oooh Oooh!)', '2001'),
('8e056b7e-cc31-4426-956b-edeaff779a71', '61:18', 'Psy-Harmonics', 'The Whole Worlds Hip And Thats Not Cool!', '2004'),
('8bffe3df-4377-4a11-8614-6e275f3da1ad', '10:00', 'Cubi', 'Cubi 04', '2005'),
('18d221c4-bdee-4f6b-a0ae-29fa8568083a', '05:00', 'Warning', 'The Boss', '2001'),
('0e309ea0-0f63-4388-889a-499471b4ff04', '07:30', 'Developed Music', 'Know EP', '2005'),
('98d472ac-6133-40f9-971f-5b2217da4f96', '14:05', 'DWBoys', 'Can Take The Feel It', '2000'),
('6e74e2c1-6b80-4f98-9353-7cde14817c0c', '13:17', 'Taurus Records', 'Space Rock', '1988'),
('39059c8e-501d-47fc-a72d-b1772c748fe4', '147:45', 'High Note Records', 'Cheers Nini', '2006'),
('096b0d74-cb19-4247-936d-ff87debab63e', '05:00', 'Roots Records (3)', 'Brother & Sister / I Try', '2006'),
('da5d5176-ae14-4fb2-ba4b-cbf9e1558df5', '31:15', 'Pap Wreckords', 'I Hear America Frying!', '1983'),
('474d082c-248c-4ad2-abf6-0ee93d202192', '25:36', 'Amphetamine Reptile Records', 'Trim, 9th Ward High Roller', '1993'),
('a8818754-3824-454c-9db6-dcfeaf4d42bb', '05:00', 'Beggars Banquet', 'Blue Heart', '1986'),
('b267ba2d-0369-48bf-a872-27fa564588d7', '09:41', 'Panic Records', 'Tough Girl', '1994'),
('6c911a7a-6a23-4bf8-b12d-ed06b4ad40ca', '40:00', 'Rhino Records (2)', 'Encore: More Greatest Hits', '1991'),
('93ffa27f-5aa1-41e1-8d5e-24118c6913f4', '07:30', 'Sanni Records', 'Blue Savannah', '1990'),
('91e0de83-04f8-411c-b17f-0f3035a9398a', '09:12', 'Fly Spy Records', 'Get On The Troop Tip', '1987'),
('52400645-a0db-4b03-830c-270a4e4a3762', '25:00', 'Orgasm', 'Prosaical', '1999'),
('e68d4023-1297-461b-b930-9f26a920599a', '50:00', 'Sony Music Entertainment (UK)', 'Forever Delayed - The Greatest Hits', '2002'),
('35898bf2-8c0e-4343-9e9c-4dd981ce06af', '55:00', 'BullsHit', 'Wine Cant Do It, Wife Wont Do!', '2003'),
('99c32d1c-2316-4fe3-87a4-6ac575815189', '44:21', 'Elektra', 'East West', '1988'),
('02656dc2-3809-4b12-9ad8-6125e94e455e', '05:00', 'PGP RTB', 'Ana Marija / Kada Ti Svi Okrenu Leđa', '1969'),
('7ccab5b1-d191-4aab-9b98-4c2b7e573b3f', '17:30', 'Landmind Records', 'Rest In Pieces', '1984'),
('8d564d2e-1e12-4267-8236-0886b2950aa7', '05:00', 'Eskimo Recordings', 'Assynt', '2008'),
('1fd33260-5f2c-4fd4-ad2c-2221377f3a44', '10:00', 'Island Def Jam Music Group', 'The Supa Phat Sampler For The Clubs', '2002'),
('04674a25-380a-460e-860d-d07b8f1ff2d5', '02:30', 'Džuboks Magazin', 'Ruby Tuesday', '1967'),
('a0a7e474-9c0a-4c2c-bdac-cb02801ffde2', '07:30', 'Turban Records', 'Sandwich', '2005'),
('13d89805-1213-4fb3-b4d1-3a054df910c3', '41:45', 'Es Paranza Records', 'Shaken N Stirred', '1985'),
('29e3e99c-f1cc-4797-9333-dd42561b357d', '34:52', 'Verve Records', 'Greatest Hits', '1973'),
('f4464cdf-d4f6-46bf-b571-4b686a3a065c', '05:00', 'Technology Records', 'KaBogie', '2001'),
('72ebf33a-9112-4e0b-ba76-a4bc845de9c6', '48:19', 'Not On Label (Evilion Self-released)', 'Vanity', '2006'),
('117f1d8d-5e63-4b54-8548-68ce0f3429a5', '05:53', 'Kanibalz Digitalz', 'I Wonder Why', '2009'),
('65ead489-6030-4925-aadd-60cbefd1a4ac', '07:30', 'Svek', 'Knockin Boots Vol. 1', '1998'),
('29950661-bc4f-4b35-82ec-a528930ff105', '05:00', 'Kapp Records', 'Itsy Bitsy Teenie Weenie Yellow Polkadot Bikini / Dont Dilly Dally, Sally', '1960'),
('57f764d9-9a67-4ab3-ad83-c620d39a6c31', '05:00', 'Routemaster Records', 'My Name Is Acid / All In', '2009'),
('c6dd1813-ef90-4ed7-8c99-bacb8b62f402', '25:00', 'Elektra', 'Greatest Hits', '1980'),
('f323b4e2-ba0f-4e09-898f-dc1b5bd51210', '33:29', 'RCA Victor', 'Het Gebeurde In Het Westen', '1977'),
('a8b48873-5aba-48a8-b83c-d502db62948d', '02:30', 'Edison Blue Amberol Record', 'Nita Gitana', '1912'),
('43583547-f54e-44c7-82a8-7c23505b07f6', '63:54', 'Popron Music', 'Lacrimosa (Má Je Pomsta)', '1995'),
('ea175b27-940a-4eb1-bd05-91425c358ada', '25:00', 'Младински Културен Центар', 'Детето И Белото Море', '2010'),
('f223b83d-541e-4a8b-996a-076bcbbc3021', '23:37', 'Misanthropic Propaganda Productions', 'Live - Only Deaf Is Real', '2007'),
('aabb44b6-4fe7-4942-82a7-6bd7a74a7497', '25:00', 'ars morta universum', 'A.O.G. VIDEO', '2005'),
('9ca4c552-2abc-4b71-813a-9285158930fe', '05:00', 'Diskos', 'Opet Ti, Opet Ti / Idi, Idi', '1980'),
('bdc837a8-def5-4f21-bd75-e30b6e9ce9d8', '47:09', 'Mango', 'Prisoner Of Conscience', '1989'),
('f9fe65e0-c4e3-4889-98d4-9c787564f4e2', '07:30', 'Black Lung', '4 Juvenile Delinquents', '1999'),
('6ff705ba-6517-4565-878b-759d0ae78d3c', '02:30', 'Arista Nashville', 'I Told You So', '2009'),
('f72f1aca-3233-421a-86b4-367a1764fa82', '90:00', 'Not On Label (DJ Green Lantern Self-released)', 'Throwback Classics Vol. 1', '2004'),
('54676448-f1ff-4573-a70b-0baa1a06abc7', '44:01', 'Reflected Illusions', 'Spaced Out', '2010'),
('2cdcf2e2-6d4a-4f4a-b6c8-845a682de750', '49:34', 'Heart Of Darkness Records', 'Closer To The Unknown Treasures', '2011'),
('757f2092-9421-4756-afcd-fd60ed7bc2b8', '32:52', 'EastWest Records America', 'Mad Props', '1994'),
('a5030a41-2b1d-4068-9bc2-770ee078761d', '07:25', 'Mercury', 'The Man I Love', '1994'),
('d740be41-7012-4d8b-a55d-2114f8166bca', '38:11', 'Jive', 'Faithful', '1993'),
('46c8d9b6-c7c8-44c2-8e91-664b109e2503', '05:00', 'MCA Records', 'Sweet Caroline', '1971'),
('d887ab38-3cb5-4491-b634-de3d29cf1a93', '36:39', 'R.A.C. Records', 'A Better Land', '2000'),
('f9626dd3-87dd-4b35-b738-9cf473b919c8', '36:26', 'Prestige', 'Scratch My Back', '1979'),
('97cb211d-6cc3-4469-a60c-a2127cae22af', '07:38', 'Epic', 'Paradise (Remix) / Super Bien Total', '1988'),
('7800209c-9a38-498e-8514-75dd38164ec5', '07:12', 'ZYX Records', 'White Bird', '1979'),
('429f3d6c-9cb1-4b63-a030-e1fdfbb9ab0d', '55:47', 'Jive', 'Return Of The Boom Bap', '1993'),
('ecf25433-9798-4db4-82d5-f15e9901627c', '35:00', 'Knock Out Records', 'Bitter n Twisted', '1996'),
('1a7a0f9d-5abf-437a-8652-f6b18b2b0532', '05:00', 'Ezgi Plâkları', 'Unutmasen / Her Akşam', '1969'),
('ddf81ac1-4519-4286-862c-ff097c5e4bf9', '25:00', 'Not On Label', 'The Mustache Mozart Affaire', '2011'),
('c20b304f-2aa7-4335-bc87-39613157bbc4', '05:10', 'CBS', 'Yes Tonight, Josephine / Just Walking In The Rain', '1979'),
('18a65d1a-bca0-42c2-ac35-ca1be871ddd4', '10:00', 'Vinyl Junkie Rekkids', 'The Ultra Twist Meet The Nackers', '2007'),
('de126ddc-edb9-4692-a76d-3410dd4ec3cc', '14:55', 'Nukleuz', 'Vyatka At Night', '2012'),
('55b50722-08e6-4484-8a61-09ddb274705a', '84:13', 'Seamless Recordings', 'Flowers Of Life', '2010'),
('6ebca75f-33aa-444e-bd1a-be0a3d0aed22', '46:17', 'Dino Music', 'Quo Bertus Quo', '1994'),
('bcd0b5b5-cba2-4c46-8534-90a432bcc361', '40:10', 'Liberty', 'War', '1971'),
('68085960-3389-40f9-9004-a4abafcd163d', '27:30', 'Pigs On The Groove Records', 'HIStory World Tour - Seoul 1996', '2011'),
('06b87389-55a4-4607-9e49-23f8f0f68be3', '39:40', 'Mercury', 'Close Personal Friend', '1978'),
('1d9dcba1-74c4-4ce1-8641-0679875d2e1b', '34:49', 'Lifesong', 'Dean Friedman', '1977'),
('3f1ff452-3ac0-4380-af19-6e910977b319', '12:29', 'Pencil Neck Records', 'American Executive', '2004'),
('e2fff065-32b8-4c84-83d7-1b62263a05f8', '25:45', '54º40 Or Fight!', 'Suspicious Icons', '2005'),
('afcc2716-7e13-41ec-88b9-75fb4c627845', '29:32', 'Renegade Records NYC', 'Love Me / Crowdz Jumpin', '0'),
('fdbc0276-98c8-409c-98ef-507f7c4c91af', '07:35', '76 Recordings (2)', 'Yerusha', '2010'),
('8981de9e-b038-4bee-a6cc-8320e1adad32', '05:00', 'Virgin', 'Love And Loneliness', '1980'),
('f615a6d0-3ef6-4e40-acf1-fbc92cf2c25a', '37:30', 'Hollywood Records', 'California Man (Music From The Original Motion Picture Soundtrack)', '1992'),
('9f9e7be1-5512-44b9-a7c1-cbbcb6b14bd8', '10:00', 'Philips', 'Take It, Satch!', '1956'),
('b3d8869e-e31f-4c77-a7ab-2726b5776964', '04:50', 'Planet', 'Spinnin Top', '1968'),
('6b6f188a-08fe-41f0-8c0b-d2706676a4b9', '03:37', 'Motor Music', 'Sweetness', '2001'),
('c431a6d8-cc26-4023-8a21-175a29bbaaba', '73:52', 'Sony Music', 'En Public - 100% Pur Beurre', '2002'),
('b3c7b33e-880b-422b-87b0-7b6c346f2890', '06:42', 'TBM Records', 'Still Pretty Nice', '2003'),
('9c4b34a9-a3f3-4956-829a-27e1d9a8fee3', '22:47', 'Get Physical Music', 'Silicon Drift', '2011'),
('bfaa8889-644f-49b8-b32c-1bc6f8d0d56a', '22:30', 'Dynamic Sounds', 'Love Triangle', '1972'),
('bb2fcfaf-f9fc-48cd-a73a-bc028938ac8b', '125:00', 'No Tapo Records', 'Unbootlegged 16', '0'),
('419a7a59-a7dc-47f8-82d5-523a1c70f07d', '10:00', 'Goathorned Productions', 'De Praestigiis Daemonum', '2008'),
('9346c598-d5e7-4c71-9750-1f56adf2ba6f', '09:39', 'Solar', 'Happy Holidays To You / Try And Make It Better', '1978'),
('ac5bd5d6-b614-49fb-a0af-78db1e4c2429', '05:00', 'Омокордъ', 'Сердцеъдъ / Комическiе Вопросы', '0'),
('edd26b9e-138f-4863-808e-1976f089252b', '06:35', 'Hamburg Aufnahmen', 'Loco', '2012'),
('045a7218-5fb7-4832-9464-8106511bbf40', '03:14', 'Pratt Productions', 'Sex Ed', '2010'),
('785adb0c-dd97-4158-8e35-3f167bd88d51', '05:00', 'Survival Records Ltd.', 'Fear A Bhata (Oh! My Boatman)', '1991'),
('4e14f596-3573-44b1-ace2-ed635f3def42', '44:59', 'Azzurra Music', 'Amare, Non Amare', '2000'),
('00797822-3eff-4594-b556-3d1624fbcd4b', '41:32', 'Septima Records', 'Gracias Por La Musica', '1980'),
('bce74b9e-853b-4bff-ab0b-2448424a8b6e', '36:35', 'Kuhstall Studio', 'Sound Of Lonelyness', '1972'),
('601404e8-d18c-4c1d-b497-1e6b93be306d', '14:32', 'Sugar Hill Records', 'Step Off', '1984'),
('85464130-d080-4e7e-a904-3b47942bf6d4', '45:00', 'Island Records', 'Anthrology: No Hit Wonders (1985-1991) The Videos', '2005'),
('1434e096-577b-4ee7-9b32-8a0c5040ae50', '42:14', 'Evolution Music (2)', 'Show Me How To Live', '2011'),
('c118bdaa-6e0b-43ce-af77-92eb0725dc8a', '32:30', 'Piggymot Records', 'Unknown Road', '0'),
('bbc9def6-e349-4661-a43f-ced248ccbb3a', '03:58', 'Vale Music', 'Cómo Será', '2003'),
('b91ceae8-84b1-4298-b7c1-bfe2add3a805', '39:21', 'Sire', 'Learning To Crawl', '0'),
('601b43ee-150c-4cad-9ecd-8e19ab6585bd', '05:00', 'Not On Label', 'Friend We', '0'),
('6e40db66-60a7-4654-9c51-a4010d02a7b0', '19:21', 'Macarize', 'Around The Sun (The Remixes)', '2014'),
('300dd83d-9e7d-4224-aa73-d8b1e0f89248', '32:29', 'Infernal Kommando Records', 'Anti Human Devotion', '2013'),
('b6b8dc38-9db6-4eb7-a824-74fc218817e0', '05:00', 'Ruffcut', 'Moonman', '2014'),
('4ef9cafb-8151-4a92-a238-960b53dd16ba', '46:42', 'Not On Label (State Azure Self-released)', 'Disconnect', '2014'),
('ced0a587-70f9-42e1-a0cb-7b403d065b75', '27:30', 'Carosello', 'Cin Cin A Colpo Grosso', '1990'),
('41add66a-1119-4d46-8fae-b48cc324c84b', '50:00', 'Philips', 'Durante - Vivaldi - Manfredini', '0'),
('336a4a0d-3bee-4cf3-a8c9-162ca48c797c', '32:30', 'Cineplex Odeon Home Video', 'Sign "☮" The Times', '1988'),
('f3ff713d-b853-4e21-950e-083eea58ecd7', '10:00', 'Cluster Records', ' Aliens / No Return', '2001'),
('cd604d5e-6586-4dd4-9809-c62e6e6e8586', '53:12', 'Siren Harp', 'Panta Rhei', '2004'),
('418ad0ae-3ffc-44f9-b114-661cf465f791', '109:29', 'ZYX Music', 'The World Of Russische Folklore', '1996'),
('b4c57f3f-c6f9-4c0e-af9b-8716babf8714', '10:00', 'Blue Martin Records', 'Well Balanced', '1995'),
('db5a1377-b276-4dc2-a104-ca0cb9ed82b5', '43:53', '', 'Live Hi-Tone Memphis Tennessee 2005', '2005'),
('36aaf4f5-b2a9-4be1-b2ea-e6c847867ff0', '20:00', 'Oscar Records (5)', 'Tabla Solos', '1978'),
('8837c616-8649-421d-b812-ff61175c4bf6', '05:00', 'Soultown Records', 'Hey Love ', '1980'),
('6245f713-08b7-425b-97e9-cb3156c0f019', '300:24', 'Not On Label', 'The Hidden Power - Songs From Psychic Force', '2014'),
('46422095-ea2b-4056-b52f-46f77d934297', '25:00', 'Acid Jazz', 'Latin Soul & Dance - Collection Three', '1992'),
('a80a550f-dc1d-45ac-b824-9630209d4035', '04:09', 'Lindy', 'Party-Party', '1958'),
('17a62d8d-8235-4b89-aa6a-dccc5216fa6a', '12:30', 'Doomentia Records', 'Acid Brain', '2014'),
('55fe27d8-fb2f-4c29-95a1-6ab8673a557a', '16:45', 'Fokuz Recordings', 'Tenderness EP', '2014'),
('67b99ae0-dcfa-4f0d-b133-8a286ec00a9e', '45:47', 'Yume Records', 'You Had My Heart', '2013'),
('b868e7e5-14d5-4f71-940b-632df89692b8', '40:14', 'Digitally Remastered (4)', 'To Our Childrens Childrens Children', '2000'),
('dd5ae385-df3f-42a7-8abd-fd0a16b3235b', '10:00', 'Trax Records', 'Ride', '0'),
('ef481700-bd71-4c80-ba6c-b23bbc83e662', '50:00', 'La Cùpa', 'Marinai, Profeti e Balene', '2011'),
('2a037e26-fae2-4b1b-9198-3e7eb925778f', '25:59', 'ABC Dot', 'Pair Of Fives (Banjos,That Is)', '1975'),
('077aea6a-ad45-4f8e-b41a-f442c822670a', '51:20', 'Megalith Records', 'We Wear The Mask', '2005'),
('856aff14-853f-44ad-8644-472ba8bfc0c4', '38:38', 'RTV Ljubljana', 'Ulazak U Harem / Plava Pesma', '1978'),
('badfdf2f-b51a-49b4-b12b-8885e8f66bf8', '06:32', 'AB Productions', 'Silver Hawks', '1988'),
('eb8d20a2-34f0-4746-95bd-88471f760f50', '85:00', 'Bambam Records', 'Demos 1984/1986/2009', '2014'),
('b98b3694-7cfe-4be5-97fd-4621ec05c7f5', '33:14', 'Movieplay', 'Maria Jimenez', '0'),
('7fec5bf5-f7b2-4d56-8c2f-5cc656c4770c', '07:54', 'Blue Thumb Records', 'Im An Old Cowhand (From The Rio Grande)', '1972'),
('51e656db-3b95-47bd-a044-f24365247f9d', '75:00', 'EMI', 'The Originals', '1997'),
('417dbb1e-257c-4ab5-b839-63dda76f1cf7', '08:53', 'Mino Music', 'Sarah', '1984'),
('05ca7745-f12e-43d8-bd8d-03b9266b9543', '12:30', 'Lumpy Records', 'Rik And The Pigs', '2015'),
('7626110c-c53f-4bc2-906b-2ec8ca6eaeb6', '58:58', 'Universal Collections', 'Playlist N°4', '1999'),
('0d57206e-4f6a-4ea2-9cc7-513274ee8fb6', '12:54', '1969 Records', 'A Spoonful Of Pugwash Eleven Modern Antiquities', '2008'),
('d8fb116d-9474-4ce8-a506-ab3d39feafa0', '39:52', 'Virgin', 'Landed', '1975'),
('116a7b77-3e81-45ce-85f8-32375b80b450', '20:00', 'Relapse Records', 'Goblin Rebirth', '2015'),
('44acbda7-1c41-471b-8e72-b40461c30869', '30:00', 'Sailors Grave Records', 'Old Haunts On The Horizon', '2010'),
('e8ed685c-b207-433c-a93e-9efe6d276806', '05:00', 'RCA/Ariola', 'Keep On Singing', '1988'),
('b5c7c1ff-bcf3-4579-a45a-d0e5f667ffb8', '05:00', 'Advanced Systems, Inc.', 'The Enlightenment Cycle #4', '1992'),
('6305a867-37a2-4f7b-9fee-ac61c0ef5009', '23:37', 'B.B.P. Productions', 'To The Night', '0'),
('09e260b5-6aab-4af4-835f-f33b8119c812', '22:30', 'Haiti Record', 'Rinmin Ca', '1970'),
('0489a00b-0080-47e1-85b9-14448f1f7e28', '05:00', 'CBS', 'The Terre Haute Sound - 25 Years of Making Music', '1979'),
('0f9e855d-e189-4d33-8e5d-b78fe33bf78b', '88:50', 'Bella Union', 'The Light In You', '2015'),
('a379abdd-2009-41d0-bc75-8b5a2324e9c7', '12:30', 'Not On Label', 'Party Booster  Vol.1', '0'),
('7f0bebc3-baf2-434b-8b57-025f9711ca92', '22:30', 'Flora & Fauna', 'Gå Ensam Förbi Horisonten', '2013'),
('16731765-729c-4bc3-89a3-41cb58f70065', '10:00', 'EMI', 'Days Of Pearly Spencer', '1968'),
('196a3a89-6f81-4d28-b0e4-9d9e6c1ca3ac', '05:00', 'MCA Records', 'Crazy', '1995'),
('04df4a08-186f-4b4b-81a8-370b1dd76c99', '64:40', 'Sheffield Tunes (2)', 'Sheffield', '2000'),
('cb0f5308-a569-417c-ac51-db080a69cc17', '22:30', 'Sutton', 'Stormy Monday And Other Blues By', '1963'),
('6e808bbe-e84b-4583-84b5-57532e73593d', '14:18', 'Minicoffee Records', 'Be Cool', '2012'),
('5bed5fcb-79eb-45eb-9296-993d465f54aa', '30:00', 'Relativity', 'Kingdom Of Desire', '1992'),
('4e0ee5c5-dd8a-419c-b538-6fb4b9e52a75', '50:00', 'Japan Record', 'Live From Beelzebub Final', '2006'),
('c398c1ef-031c-49a4-a6fc-1441fdabf64c', '05:00', 'Pathé', 'The Black Boys / Fabiola', '0'),
('8c14a36e-c8c3-46ec-8e3f-fb30e198b222', '25:00', 'RCA', 'Te Amaré', '1986'),
('d5cb2c40-40b4-4925-a591-1d9168ec9fa8', '53:21', 'No Title.', 'U-29', '2015'),
('ff4b8b59-6580-41b2-b291-b5fca87b630b', '04:06', 'Coronet (2)', 'Meet Me In The Alley, Sally / I Wanted You', '1957'),
('bbd6dce8-c4f4-4a89-bc5d-3e258ea7108b', '05:24', 'Capitol Records', 'Come Closer To Me (Acercate Mas) / Nothing In The World', '1958'),
('82abbe9f-1da1-4bc0-b0d2-b68191c1a234', '31:21', 'D&R Digital', 'Prophet', '2016'),
('d567ec29-bc6a-442c-8980-a4f2158dd70c', '61:00', 'Camel (6)', '#4 Electro', '2006'),
('cb136de0-1cea-47da-b0c4-183ac1ae8f15', '32:30', 'Ethnic Folkways Library', 'Music Of South Arabia', '1951'),
('13ce8645-9799-455a-812b-773178095d6a', '03:10', 'Roll Call Records', 'Nothing Is Anything (Without You)', '2012'),
('9070fa8b-85e9-4077-93b4-da8016a6152e', '34:58', 'Warner Bros. Records', 'Dueling Banjos From The Original Sound Track Deliverance And Additional Music', '0'),
('25a97525-0c56-4fb6-b094-109bc4337658', '05:00', 'CBS', 'I Left My Heart In San Francisco / The Good Life', '1976'),
('8415d1f5-2201-4e0f-a031-3ce9a4a39253', '30:00', 'Mobile Fidelity Sound Lab', 'Pretenders', '2016'),
('21aa49cf-0c4e-4aaa-9f46-79631697f0b7', '09:33', 'RCA Victor', 'Il Faut Vivre Vite', '1963'),
('f0d057b1-ba20-4925-8a91-55ad8bd91f1f', '05:25', 'RCA Victor', 'La Pollita / Caminemos', '0'),
('d454e0fe-4964-4170-a65c-81e2ddd7c85b', '22:30', 'Empty Bodies Recordings', 'Rawhide', '2015'),
('8abe0b26-9581-45b8-856e-27e26a09ad0f', '39:36', 'Epic', 'Find Out!', '1985'),
('331176a1-9c1b-4421-980f-9f3ef3165a30', '94:41', 'Agorá', 'La Conversione Di SantAgostino', '1998'),
('d1522fc8-01e1-458a-9ff7-67456e069b2e', '22:30', 'Melody Recording', 'By The Light Of The Polar Star', '1984'),
('cdc80b5a-56bf-4900-93a0-a10922ff172c', '30:00', 'Lyra', 'Μεσάνυχτα Και Κάτι', '1989'),
('5fe830c3-3ab5-4d0d-9f13-57e8e7cf7e0c', '27:24', 'Epic', 'Please Say You Want Me', '0'),
('77a4845c-d0c9-40a8-bfc8-049d6b5a6b13', '19:57', 'NestrinG', 'NestrinG -Retro Game Music Classical Vol.1-', '2012'),
('41c79c34-96b3-4d4e-9342-95f94a37f494', '03:26', 'Avrupa Müzik', 'Keyfi Yolunda Aşkı Sonunda', '2013'),
('679d3f0a-c968-4948-8a75-791366071343', '107:58', 'EMI', '40 Golden Greats', '0'),
('2c7f97cc-fd73-4f89-b3ca-455889690bbd', '33:43', 'Fantasy', 'Bayou Country', '1969'),
('df394b7a-7a44-49d4-8f4e-22a66305db50', '130:00', 'Sony Music', 'SIstoria', '2016'),
('49d02577-672e-4a87-9a73-5ccf8320bb3d', '71:40', 'Salvo (2)', 'Procol Harum', '0'),
('a40ec9d3-39ba-455b-8b2f-f3643f78f4ad', '40:46', 'Bizarre Leprous Production', 'Raw Snails Army', '2016'),
('528357d1-366b-4ba7-9d66-32f5ae844921', '20:00', 'Ленинградский Завод', 'Ария / Хор Дервишей / Фантазия / Мазурка', '1959'),
('3e5d385e-13b8-4905-ba92-b547e7a20330', '05:24', 'Hans', 'Go Leila', '1986'),
('85cc3b59-c028-46bb-879b-178376528874', '10:00', 'Lyra (5)', 'Al General Del Pueblo', '1969'),
('31505789-0c37-451d-b6a4-1dcc37bc7c66', '25:00', 'Bomb Records (13)', 'Mackadoshas Is The Poshion', '2000'),
('e9e74756-a122-4890-9851-c289d486cf12', '07:30', 'Opus 111', 'Li Zite Ngalera (The Lovers On The Galley)', '1999'),
('6ee040ee-7c2a-43fd-92b5-a27279314fe4', '15:00', 'Not On Label (Rumble Dogs Self-released)', 'Sweet Girl', '1987'),
('ec41d9bb-067a-4231-a6e1-28dae29dc00a', '65:18', 'Philips', 'Bei uns in Oberkrain', '1975'),
('5d929f51-6a6c-4adc-b00b-e2b13f2718c0', '29:53', 'III Arms', 'Divorce Ring / EQUALITYISAFALSEGOD', '2017'),
('126cbb31-24af-48aa-9a09-dcbaede2e81b', '42:18', 'Ragged But Right', 'Reprise', '2015'),
('d91ae29e-9fdf-4b4d-a295-2de8ef6f5bf9', '43:38', 'Word', 'Beyond Belief', '1990'),
('8ad71bcc-8ca9-4b9a-a9db-cc0b27c25299', '60:25', 'WEA', 'Comin Atcha!', '1998'),
('d0979d37-58ef-41bc-b7bb-25d122547743', '35:40', 'Columbia', 'Rhapsody In Rhythm', '1962'),
('1d73b26a-e0fe-4ec3-bfea-f04729418b27', '17:30', 'Not On Label (Sister Mary Self-released)', 'Sister Mary ', '1992'),
('88e32eee-db5e-47f3-8931-e8b6f5bb4672', '27:30', 'Atlantic', 'Broken Blossom', '0'),
('0cf0e803-f0f6-4d6a-9b72-7826ad935c01', '37:30', 'K-Tel', 'Kickin Country', '1981'),
('d4326d45-c56f-4b6e-a778-c249c06f61f6', '116:58', 'Nonesuch', 'The Nonesuch Guide To Electronic Music', '0'),
('0d61ceb5-0cda-4776-83be-deae6382f0e8', '25:00', 'Serie Cicala', 'Duke Ellington On V-Discs', '0'),
('f82c549b-bb9f-413b-9831-28d8052607b6', '10:00', 'Producciones Imperfectas Del Garage Sumergido', 'PIGS CONEXION', '1986'),
('b7f09dbe-3ae5-44b0-93fc-2277ae98ae9f', '48:39', 'Intercord', 'Farben', '1990'),
('1e140b9e-6c6d-4c2e-b837-c6b9956becb3', '44:43', 'Raygun Records (3)', 'Time Is A Riddle', '2017'),
('4aee0b60-5ab1-4eb5-b04f-354639cf7793', '220:42', 'Warner Music Mexico', 'Celebration Day', '2012'),
('5f5a96bc-b417-45ac-8063-b8b43b0ac62e', '154:52', 'German Democratic Recordings', 'Sinister Path (1990-1993)', '2017'),
('dba2af40-ee01-449f-b9d7-9ea1f9e05f85', '08:51', 'Cartel Music (3)', 'Bird Flu', '2017'),
('dce6ff3b-c6e6-4d7f-b2f5-090f89efb313', '10:58', 'Sub Pop', 'Gone To The Moon E.P.', '1993'),
('27cab04d-baf6-42b9-97f4-240728277e84', '50:35', 'Saydisc', 'The Perfect Triangle', '1985'),
('ad116651-e93f-474b-8d3b-e2c52f068793', '09:55', 'U-Dot Music', 'A Interference Gilt / Eye Sky', '2008'),
('d34ba4a4-8c9b-432e-be7d-d7132cd32e69', '25:00', 'IBO Records', 'Cadence Rempa', '1961'),
('5342ab69-d5a5-4066-be3e-142acc813151', '05:00', 'ตรา กฤษณะเทพ', 'คิดถึงทุ่งลุยลาย / ลำเพลินขวัญใจแท๊กซี่', '0'),
('99ac6910-800d-4170-b687-f2c29341a205', '19:31', 'Southern Records', 'Primitive Origins', '0'),
('950de2c0-12a8-4808-8a5a-0c3527b5a478', '10:00', 'Salsoul Records', 'Salsoul Re-Edits Series Three', '2017'),
('55fbe9cb-5d4a-4f7a-b87b-8863f9d8c9ff', '06:07', 'Gull', 'The 12 Days Of Christmas', '1975'),
('dd519d2c-95a4-4775-b5cc-60001f9a085d', '21:03', 'Subwoofer Records', 'A.I Takeover', '2017'),
('987ef6d6-45ac-46a4-b9e9-48ee67e67908', '04:03', 'TVT Soundtrax', 'Deadly Zone ', '1998'),
('2d408fea-ba92-4879-8edd-ef9eef1f989f', '05:00', '56 Hope Road', 'Farmer', '1987'),
('81599727-40c6-4166-9fd9-da12779a5eb3', '210:52', 'Verve Records', 'I Love Jazz!', '2008'),
('f16097cd-09da-4869-ba27-abe7ad003494', '75:00', 'Universal', 'The Ultimate Collection', '2002'),
('6da324bb-5141-4e3b-98fd-88bc7a1993ee', '30:00', 'Artkin Touchya', 'Bgock!', '1999'),
('466fb94b-6eca-475b-8448-30c73262f76d', '53:28', 'CTI Records', 'Vineland Dreams', '1995'),
('a8eb0c5c-9b6a-4f6f-96b2-ff0ffe78134b', '25:00', 'Harvest Of Death', 'Spiral Staircase', '2017'),
('fe2a4f45-cc26-49b9-b2c1-3c5b76614dc7', '05:00', 'Polydor', 'Es Fährt Ein Schiff / Blue Melodie Aus Tennessee', '1963'),
('3277a246-c188-409a-ae43-fbd8c557d603', '05:00', 'CBS', 'Son Of My Father', '1972'),
('cd1365dd-cf4f-4233-8ff9-daa1756097fb', '41:58', 'Blue Note', 'Jutta Hipp With Zoot Sims', '1998'),
('337a7412-3c67-4663-920e-11190fab8d16', '37:37', 'Karussell', ' Ausgewählte Goldstücke', '1982'),
('e24b00d9-3d22-4bf7-adb0-896048cd4a2f', '28:45', 'Professional Rockstars Records', 'King Size', '2018'),
('f5f98f40-24a6-49a0-b175-f25c591a9977', '47:44', 'MCA Records', 'Sleeping With The Past', '1989'),
('0817406d-d94d-429d-8cb8-9c84fa97c054', '10:00', 'Xtra Mile Recordings', 'Alamort', '0'),
('bbe8fd9c-e2a6-4130-9903-26d961c1280b', '27:30', 'Quanta Records', 'SHARK 4 お歯黒', '2018'),
('5e907143-fe61-4371-8e8c-53b7816152c5', '35:00', 'KUT', 'KUT Valentines 2008 - KUT 90.5 FM', '2008'),
('5bd02d22-ff12-4b82-96e0-3b2a33451dd3', '40:00', 'Isarton', 'Alfons Bauer & Seine Almdudler', '0'),
('8901c92a-65a8-4ac4-9b72-275c24537a6f', '85:47', 'MCA Classics', 'Symphony No. 2 "Resurrection"', '1989'),
('9ad248d2-532c-48b5-b23f-f9634bd7a98e', '50:00', 'Dobbs Ferry NY', 'The Masters School Glee Club / The Dobbs Sixteen', '1965'),
('c34aed01-9953-4a6c-89fd-c536a284a490', '08:31', 'Fania Records', 'Tambo / Areito Va Sonar', '1977'),
('3ec530c5-cf30-44df-a284-e51998ce52c4', '10:00', '', '', '0'),
('529ca601-5183-43a9-8e65-5a6390ee9574', '43:53', 'Ranwood', '22 Great Ragtime Hits', '1977'),
('752ed159-3089-4acf-aefb-1cd86c33c100', '27:30', 'Universal Music Belgium', 'In The Rush Of Shaking Shoulders', '2018'),
('85148e44-3228-4bec-89f9-a9bc2936d1bb', '10:00', '', '', '0'),
('5d1b5e1c-890a-424d-a7cc-ce0e4010840e', '42:37', 'Rock Records & Tapes', 'Graceland', '0'),
('bd442866-a821-41b8-8a8e-99717d3776ce', '35:47', 'Wild Records (3)', 'Sonny West in Hollywood', '2017'),
('555f51ba-7ac1-41eb-ac60-77b06c7201c3', '37:30', 'Wagram Music', 'Entre Charme Et Beauté', '2004'),
('85f876f6-63ce-4490-a685-cbb22430053a', '30:00', 'Mode Records', 'Joy Bryan Sings', '2007'),
('18e27a0b-9858-4e82-a509-67c50412aa64', '57:09', 'Verve Records', 'El Sonido Nuevo', '1993'),
('7a404cc0-2345-4e5b-92f7-5e16b132dbdb', '05:00', 'Bluebird (3)', 'Why Didnt William Tell? / You Gave Me The Go-By', '1940'),
('a1b28d21-c7b4-4fa6-b36c-5075de200324', '22:30', 'Marshall Cavendish', 'Spring Symphony (No. 1) / Piano Concerto In A Minor', '1996'),
('bf94b566-96b7-49ab-b803-f67d65ec90cd', '10:49', '21st Century Records', 'I Dont Wanna Let You Down', '2016'),
('94daeab6-9ab6-4536-b448-0a53ada0efd3', '44:39', 'Mute', 'Loveboat', '2000'),
('a3beb099-c0d0-4afd-a097-99db60db3700', '44:51', 'Kapmar', 'Lustrum 1990', '1990'),
('8e8f3523-1990-48f2-b901-13496640bd07', '71:30', 'Chunk Records (2)', 'We Are All Frostitutes', '2018'),
('ab0ba89c-d432-4579-a48f-c3e5c283a9f2', '44:50', 'Arista', 'Indestructible', '1988'),
('6244e6d2-8dc3-453f-8bea-cfa511df1f35', '100:52', 'Not On Label (Rainforest (4) Self-released)', 'Sacred Landscapes', '2015'),
('038e3dbe-1915-4035-bff6-7e7891a0b650', '30:00', 'UFRN', 'Mangaba', '1982'),
('f5c6dfe2-69d2-46fe-8b6c-ffca3751e4a3', '15:10', 'Philips', 'Thorbjørn Egners Karius & Baktus', '0'),
('d6e0393b-674d-4b28-a37c-ef518b45495b', '05:00', 'Canary Record', 'Gaplek / Dedak Mas Salendro', '1939'),
('b3297ea0-91b4-4536-8a1a-784ca75ff4bb', '53:40', 'Lipstick Records (3)', 'Oneness', '1994'),
('596f779f-c0da-4a62-8036-a9eb54374ad0', '05:00', 'Mercury', 'How Much Is That Doggie In The Window', '0'),
('03709882-5974-47b3-94f5-00ff96ce5256', '25:00', 'Columbia', 'Barbra Streisands Greatest Hits - Volume 2', '2006'),
('723a93c1-3a03-4492-9600-d9dfc3951bff', '45:38', 'Σέχτα Records', 'Kitro', '2018'),
('1fc6d88d-0553-4f6a-bd3f-0a7782bcdc9e', '05:00', 'R.R.C.A. Records', 'Sandia Woman', '0'),
('2942aa7d-9d34-4fd2-a0d4-00aee8b6ee5c', '15:00', 'Lonely Llama Music', 'Motives', '2011'),
('26c4bc07-3ec7-42a6-bca2-a8201b8f4b62', '75:00', 'Discos Gas', 'Y Sigo Jalando La Carreta De Éxitos', '1982'),
('71eb0b1e-406f-4f80-b185-a74df3f879a0', '59:38', 'Capitol Records', 'Frank Sinatra Sings For Only The Lonely', '0'),
('4fc72eae-848d-44a6-8a6e-7001ee2032c4', '07:27', 'Toolroom Trax', 'Burning', '2015'),
('f9deb694-aca4-4651-9578-99842fa68d14', '04:27', 'Ware Records (3)', 'Hes Forgotten You / Right From The Git Go', '1964'),
('591c36fd-9ce2-407c-bc44-156f006f9e0c', '20:00', 'Mizar (2)', 'La Guitarra de Pepe De Almeria', '1967'),
('5ad1cb7f-5a3f-4c72-aa34-2263f4019dff', '45:00', 'Music Club', 'The Way We Were', '1991'),
('b9d9a273-1ddf-403b-becf-eb64a391836c', '05:00', 'マルテルレコード', 'ハベル小 / 高はなり節', '0'),
('1bc4c745-5706-4d33-9e00-fc4f115b9e04', '10:26', 'Andys', 'Dream Lover / Dreamin', '1985'),
('057b4189-c876-484b-a44a-ce04bdce9dbb', '25:00', 'Bad Reputation', 'Playground For Life', '2007'),
('21bd2050-75de-44d3-9e2d-8c8d0124d3de', '49:40', 'Polydor', 'Original Sin', '2010'),
('2e51f7d7-d9b1-4a0a-a05c-34e3f1e45a18', '02:30', 'Method Records (2)', 'The Safar', '0'),
('78c8cbf2-d9e5-477d-aff4-541192bcc4b5', '23:42', 'AM:PM', 'Rollerblade', '1997'),
('f368d7c2-97a4-44d8-b5b1-2ae3ce1ba652', '40:00', 'World Circuit', 'Lisandros Cumbia', '1991'),
('50242658-274f-4c65-b272-b1f03c791706', '27:25', 'Jugohit', 'Gorak Će Otrov Popiti', '1999'),
('da850deb-c6f9-455b-899b-7b0003eacc8a', '47:30', 'Subcon Records', 'プレイヤ ーのなまえをかえますか？ ', '2019'),
('7b312373-252f-45fc-9331-0fcd1756d849', '07:25', 'Columbia', 'Voglio Ridere', '1973'),
('a1e71964-184b-4194-9a66-1e5a4882809d', '10:00', 'Liberty', 'Irish Folk Dances / Vol.1', '1960'),
('e02fc560-d2d3-4068-ab30-badf416cf755', '73:08', 'Finlandia Records', 'Boundless Awakenings Highlights From The Innovator Series', '1998'),
('f56e9b12-c096-46a2-b85c-8657b216204a', '65:15', 'Lebensfreude Records', 'Retrospektive 2017', '2017'),
('bac93a8b-64a1-4757-9306-fd7e380576fb', '25:00', 'World Record Club', 'Miss Show Business', '1961'),
('ceb124e5-37a9-4dd3-b947-7f3c91e8c6e8', '67:20', 'oterapro creative art records', 'Green Fair For Justice', '2019'),
('b4d80625-027b-4be2-9806-5a7facf55d40', '07:19', 'Not On Label (Konstantin Unwohl Self-released)', 'Ich Würd Lieber Nicht', '2018'),
('7397aabf-52b4-4f83-ba5e-a1330825edb3', '21:33', 'Not On Label', 'Brak', '2013'),
('3fc47375-99f2-4afe-ae44-5725cf1ec945', '37:17', 'Carosello', 'Cosa Succede In Città', '2018'),
('9ea9f097-bb8d-4025-84ca-2db20f6e8bef', '05:00', 'His Masters Voice', 'Sonata (Appassionata) In F Minor. Op. 57', '0'),
('2de71567-222f-47b6-91ee-07b9a911a2ca', '27:30', 'Snappy Little Numbers', 'We Could Be.', '2020'),
('db092ac8-59b2-49db-9be0-be37dc58ac70', '03:19', 'Not On Label', 'Audio Songs For Listening Ears', '2013'),
('55e06e5d-a52e-4125-b221-6d7b70374592', '27:30', 'Ode Records (2)', 'Spirit', '1968'),
('82548588-1e41-4597-80e3-90fcc0acf8a1', '67:35', 'Not On Label (Vidna Obmana Self-released)', 'Echoing Delight', '2019'),
('496d33e3-0f34-4eea-80c4-d41fba807f2c', '46:40', 'Overtone', 'Marcel Dupré playing the Cavaillé-Coll organ of Saint-Sulpice, Paris - Volume I', '1955'),
('531f6b8d-1f26-47e9-be4e-1a123aa33fd8', '27:30', 'Circus Records', 'Songs To No One 1991-1992', '2002'),
('ee53fedb-a077-4e65-8969-f0e659a73bc8', '77:41', 'DJ Seven Productions', 'Mascara House Sensation Vol. I', '2005'),
('4ed6cde0-45eb-4e82-b9f3-d9777eaa3395', '05:00', 'Columbia', 'Le Dimanche Matin / Oranges, Tabac, Café', '1956'),
('004b90af-b5e8-465b-83c5-f95a54f6b665', '48:54', 'Rubicon Music', 'Forward Into The Past', '2020'),
('8af3744c-1362-4524-bb0e-071934ff912c', '30:00', 'Naringgo Production', 'Trans Etnika Lintas Musikal Indonesia Spanyol', '0'),
('dcd658b0-c1dc-4a15-8b84-22e1f9268c0f', '40:00', 'Strakers Records', 'Cropover Soca Gold 98', '1998'),
('83bab565-44de-4867-887f-23ec6d62f8c0', '90:00', 'Strings & Music', '2X Trip Rock', '0'),
('b6f92f13-41ad-48dc-83b6-5cc2f4042952', '05:16', 'Metronome', 'The Unknown Soldier / We Could Be So Good Together', '1968'),
('032052e4-1445-48ea-ac4a-da4c91b0f4d4', '10:00', '', '', '0'),
('2787c802-a0c1-46ca-a05c-1983649e8330', '35:00', 'Not On Label', 'Centurion', '2009'),
('77491371-5e34-47fd-ab8a-b7807524d67c', '05:00', 'Zambezi', 'Umuntu Munthu', '0'),
('ac847465-1fe7-40ce-b148-8c3318c0d9f2', '02:30', 'Ah-Qui Production', '83z', '2007'),
('938f91d1-30b8-4a1c-ac96-95dc8e289732', '05:00', 'Gennett', 'Irish Polka / Medley Of Irish Reels', '1923'),
('0f073788-d44c-4680-8110-8e548d611df3', '67:10', 'Not On Label', 'The Fifteenth', '1999'),
('af47caba-adce-4487-ad6b-8d25d58c3aa5', '45:45', 'Мелодия', 'Владимир Новиков', '1990'),
('2dc4c859-85ef-4389-872c-f2418284c63a', '05:00', 'His Masters Voice', 'La Paloma / Destiny', '1930'),
('d08c5ea6-e5f7-4992-b221-edd95cdf01c8', '15:00', 'Death Culture Tapes', 'Wasteland', '2014'),
('92bec27f-a7ed-4467-9beb-0ad6c99799a1', '05:00', 'IG', 'Anger Means / Proven Hollow', '1987'),
('c151bc58-a460-4c63-9e4d-0222a9b76f77', '25:00', 'Sub Pop', 'Loma', '2018'),
('a71ed6b5-22a0-4514-9822-8b5e99a7a7b3', '56:25', 'Victor', 'Hino At Berlin Jazz Festival 71', '1971'),
('462668c5-37ec-4368-98cf-0283280be582', '35:00', 'Astormedia', 'Christmas Entertainer', '2005'),
('3a96bb0d-9d0f-434f-bf97-a60c51bf45bd', '40:09', 'CBS', 'Nebraska', '0'),
('720237f6-bc0e-4eed-97b7-56efb7eff01a', '03:43', 'Not On Label (Ayane Fukumi Self-released)', 'I Fucking Love Nichijou!!!', '2019'),
('27e90d8a-05b5-4451-92f4-61887fcd491d', '18:32', 'Not On Label (D_rradio Self-released)', 'Andalucia', '2017'),
('7ad38b1c-ac71-46d9-8470-d71d8a2dd3b8', '44:33', 'Roland', 'Electronic Musical Instruments', '1994'),
('24eaa20f-4691-4817-a530-d6c18c6c5bdf', '22:30', 'Flenser Records', 'No Moon', '2020'),
('cbc9ca75-13dd-45b1-9e3c-9c0831a4067a', '03:12', 'Monstercat', 'Stop Pretending', '2021'),
('a3232896-86a4-4549-b7fa-0e48b9da5d24', '177:00', 'Hörbuch Hamburg', 'Wenn Der Wind Singt', '2015'),
('d9b2b83d-a800-4d83-95dd-a83694344890', '10:37', 'Barclay', 'Vendredi Mobsède ', '1967'),
('e8f79d03-c93f-43be-9f00-54a238abbc53', '37:30', 'Green Hill', 'Far Out 70s Hits', '2014'),
('9c1245c6-827f-4059-a878-914fc7ae0cac', '05:00', 'RMC Records (2)', 'On Spot / Revenge Of September 11', '0'),
('42cf1b28-744e-4e7f-9130-9d342b9a5a62', '06:25', 'HBR Red', 'Give Me My Drugs', '2021'),
('1ae1124b-69c7-47d1-9360-ed4a97a107e2', '04:26', 'Not On Label', 'Shattered', '2019'),
('f7463fc8-7234-4e48-90fd-7e9a25c4cfc2', '27:30', 'Columbia', 'Tribù urbana', '2021'),
('096bb824-0339-4f78-891a-2572c95dd32e', '33:29', 'A&M Records', 'The Lords Prayer', '1974'),
('3a1aa354-d92e-409a-914c-23ffc86d34c3', '54:39', 'I Luv Money Records', 'King Of Kingz', '2001'),
('33f560f5-f6c5-4bc4-9702-c73ef0ee2119', '03:57', 'Custom', 'You Dont Know What Lonesome Is', '0'),
('c8f9405c-6ba4-4bef-ace3-bb260dcca947', '28:30', 'Wool Productions', 'Carol', '1985'),
('761f3744-c4a7-401c-87bb-e0c4b259cbe2', '77:30', 'Cotillion', 'Woodstock - Music From The Original Soundtrack And More', '0'),
('9070500a-0195-4631-a1d2-e71e666e026c', '81:12', 'RCA', 'Dave Stewart And The Spiritual Cowboys', '1990'),
('f8528dc2-c950-45e6-8bba-54aceb6bd270', '58:20', 'CMC Home Entertainment', 'The Hits Collection', '1996'),
('3842d4c6-3f92-4a37-9421-b6e8e73df1d4', '16:17', 'Yellow Sunshine Explosion', 'Prayer', '2021'),
('0a70b181-07d0-4bd5-a563-16e24c030912', '10:00', 'Prisma (6)', 'Mä Luoksesi Käyn', '0'),
('dca6c2d4-eddd-4c3b-bc4d-686e6abd96ba', '52:30', 'Reversing Recordings', 'Shards 1977-1983', '2005'),
('ea7a9c2c-f8df-44d8-9d0c-da2e2335bc9e', '03:18', 'Four Music', 'Musketiere', '2021'),
('ec10d4b5-a7e1-4e18-bc47-77594541b54f', '25:00', 'Not On Label', 'Selah', '2017'),
('3e32f9e4-1712-4453-9d78-099280e97e82', '71:47', 'EM Records', '電脳的反抗と絶頂: エッセンシャル・ヘンリー川原 Cybernetic Defiance And Orgasm: The Essential Henry Kawahara', '2021'),
('93adc3da-868c-485f-b5e0-bd4206668133', '15:24', 'AFM Records', 'Arising', '2021'),
('9608a613-a760-44cf-b356-166bc255b86a', '34:51', 'Not On Label (Ventolin (3) Self-released)', 'Dneska se vyčasilo', '2021'),
('3785b7b4-5531-4444-b4b7-1c8333d019b0', '05:00', 'Brewtown Records', 'Memories Of A Dream', '1972'),
('a171a7cc-9fdf-4970-9562-5b9173a56ae4', '06:14', '2017', 'Return', '2017'),
('2ea98f77-2578-4de7-9af0-2096104ddbff', '60:00', 'Ultrapop', 'Radio-Service-CD', '1995'),
('4a1070bf-aa87-4bc0-b1ea-5d5cc966966e', '45:25', 'Atlantic', 'Marc Cohn', '1998'),
('780a6f47-d4bd-4224-9434-d2a54bdf48cb', '05:00', 'Aspect', 'Style Wars', '1998'),
('b214346c-1756-44c3-90a9-f3d074556f1f', '72:06', 'Lupus Lounge', 'Zău', '2021'),
('fd6b8e47-299d-4266-ade9-6d73a324bf90', '39:05', 'Razor & Tie', 'The Fall Of Ideals', '2006'),
('42818df9-15c4-48d3-97a5-995b32c690dd', '05:00', 'Orange Mountain Music', 'Philip Glass - Songs', '2021'),
('8cd643b1-e331-4a43-8954-543d244f8616', '127:45', 'A&M Records', 'Night And Day', '2003'),
('a1f43007-cede-4ba6-bbe2-2c813bd4a760', '10:00', 'Eastworld', '最高の一日 ～One Day～', '1988'),
('96360f5c-906b-4ecc-8c79-8fdf24cbe38d', '37:30', 'Not On Label (James Mosley (3) Self-released)', 'Everlasting Love', '2011'),
('0b4294da-a717-4fff-af8c-a74fc62260ea', '31:20', 'Before Breakfast', 'I Could Be Asleep If It Werent For You', '2022'),
('9f010b87-0257-4bf2-a64b-b6fea3e6b839', '80:34', 'Radio Bongo', 'Á Annan Veg', '2021'),
('b3d53e71-1626-4b3e-964e-392fb7ee1d22', '12:30', 'AV8 Records', 'How Many Times (Remarkable) / Get Fresh (Do The Beat Box)', '2004'),
('f5d5d3dc-b202-4c3d-bed6-41b947c81614', '09:50', 'Extrema Global Music', 'Desolation (Exolight Remix)', '2022'),
('aa8df3f9-4c85-42e0-9e22-3f7fbd595d27', '07:30', 'Hispavox', 'Obras para piano Vol.7', '1959'),
('5191d696-7c91-43b2-a055-9429f3025ada', '33:55', 'Transcending Obscurity Records', 'In Extremis ', '2021'),
('81d47cb7-3622-449f-b7d8-4433d631371d', '35:00', 'Abril Music', 'Live At The Cavern Club!', '2001'),
('6c138a24-bd53-4d73-abf8-2e6b643bfbb9', '34:47', 'Not On Label (Bier Shunt Self-released)', 'Bier Shunt', '2022');

insert into product_genre (product_productid, genre) values
('140bde05-0858-4bc8-8939-a657523f6a27', 'Electronic'),
('e2af5378-b483-44e6-9369-5a0a61ccd815', 'Electronic'),
('fc103a09-c92e-4608-a8d6-970ea29a247f', 'Electronic'),
('36e5f38a-f7cf-4bee-8bcf-3a407d06370e', 'Electronic'),
('0b424de4-4763-4719-a448-f941af1cfd79', 'Electronic'),
('f86007bd-1335-46eb-9d61-b9945d874915', 'Electronic'),
('f5121df1-b337-4290-aaee-fdbd3b3bb0ab', 'Hip Hop'),
('8e056b7e-cc31-4426-956b-edeaff779a71', 'Electronic'),
('8bffe3df-4377-4a11-8614-6e275f3da1ad', 'Electronic'),
('18d221c4-bdee-4f6b-a0ae-29fa8568083a', 'Electronic'),
('0e309ea0-0f63-4388-889a-499471b4ff04', 'Electronic'),
('98d472ac-6133-40f9-971f-5b2217da4f96', 'Electronic'),
('6e74e2c1-6b80-4f98-9353-7cde14817c0c', 'Electronic'),
('39059c8e-501d-47fc-a72d-b1772c748fe4', 'Electronic'),
('096b0d74-cb19-4247-936d-ff87debab63e', 'Electronic'),
('da5d5176-ae14-4fb2-ba4b-cbf9e1558df5', 'Electronic'),
('da5d5176-ae14-4fb2-ba4b-cbf9e1558df5', 'Rock'),
('da5d5176-ae14-4fb2-ba4b-cbf9e1558df5', 'Non-Music'),
('da5d5176-ae14-4fb2-ba4b-cbf9e1558df5', 'Pop'),
('474d082c-248c-4ad2-abf6-0ee93d202192', 'Rock'),
('a8818754-3824-454c-9db6-dcfeaf4d42bb', 'Electronic'),
('a8818754-3824-454c-9db6-dcfeaf4d42bb', 'Rock'),
('b267ba2d-0369-48bf-a872-27fa564588d7', 'Electronic'),
('6c911a7a-6a23-4bf8-b12d-ed06b4ad40ca', 'Rock'),
('93ffa27f-5aa1-41e1-8d5e-24118c6913f4', 'Electronic'),
('91e0de83-04f8-411c-b17f-0f3035a9398a', 'Hip Hop'),
('52400645-a0db-4b03-830c-270a4e4a3762', 'Electronic'),
('52400645-a0db-4b03-830c-270a4e4a3762', 'Rock'),
('e68d4023-1297-461b-b930-9f26a920599a', 'Rock'),
('35898bf2-8c0e-4343-9e9c-4dd981ce06af', 'Rock'),
('99c32d1c-2316-4fe3-87a4-6ac575815189', 'Rock'),
('99c32d1c-2316-4fe3-87a4-6ac575815189', 'Blues'),
('02656dc2-3809-4b12-9ad8-6125e94e455e', 'Pop'),
('7ccab5b1-d191-4aab-9b98-4c2b7e573b3f', 'Rock'),
('8d564d2e-1e12-4267-8236-0886b2950aa7', 'Electronic'),
('1fd33260-5f2c-4fd4-ad2c-2221377f3a44', 'Hip Hop'),
('04674a25-380a-460e-860d-d07b8f1ff2d5', 'Rock'),
('a0a7e474-9c0a-4c2c-bdac-cb02801ffde2', 'Rock'),
('13d89805-1213-4fb3-b4d1-3a054df910c3', 'Electronic'),
('13d89805-1213-4fb3-b4d1-3a054df910c3', 'Rock'),
('29e3e99c-f1cc-4797-9333-dd42561b357d', 'Rock'),
('29e3e99c-f1cc-4797-9333-dd42561b357d', 'Pop'),
('f4464cdf-d4f6-46bf-b571-4b686a3a065c', 'Electronic'),
('72ebf33a-9112-4e0b-ba76-a4bc845de9c6', 'Rock'),
('117f1d8d-5e63-4b54-8548-68ce0f3429a5', 'Electronic'),
('65ead489-6030-4925-aadd-60cbefd1a4ac', 'Electronic'),
('29950661-bc4f-4b35-82ec-a528930ff105', 'Rock'),
('57f764d9-9a67-4ab3-ad83-c620d39a6c31', 'Electronic'),
('c6dd1813-ef90-4ed7-8c99-bacb8b62f402', 'Rock'),
('f323b4e2-ba0f-4e09-898f-dc1b5bd51210', 'Electronic'),
('a8b48873-5aba-48a8-b83c-d502db62948d', 'Pop'),
('43583547-f54e-44c7-82a8-7c23505b07f6', 'Jazz'),
('43583547-f54e-44c7-82a8-7c23505b07f6', 'Rock'),
('43583547-f54e-44c7-82a8-7c23505b07f6', 'Classical'),
('43583547-f54e-44c7-82a8-7c23505b07f6', 'Stage & Screen'),
('ea175b27-940a-4eb1-bd05-91425c358ada', 'Electronic'),
('ea175b27-940a-4eb1-bd05-91425c358ada', 'Rock'),
('ea175b27-940a-4eb1-bd05-91425c358ada', 'Classical'),
('ea175b27-940a-4eb1-bd05-91425c358ada', 'Folk, World, & Country'),
('f223b83d-541e-4a8b-996a-076bcbbc3021', 'Rock'),
('aabb44b6-4fe7-4942-82a7-6bd7a74a7497', 'Electronic'),
('9ca4c552-2abc-4b71-813a-9285158930fe', 'Folk, World, & Country'),
('bdc837a8-def5-4f21-bd75-e30b6e9ce9d8', 'Reggae'),
('f9fe65e0-c4e3-4889-98d4-9c787564f4e2', 'Rock'),
('6ff705ba-6517-4565-878b-759d0ae78d3c', 'Folk, World, & Country'),
('f72f1aca-3233-421a-86b4-367a1764fa82', 'Hip Hop'),
('54676448-f1ff-4573-a70b-0baa1a06abc7', 'Electronic'),
('2cdcf2e2-6d4a-4f4a-b6c8-845a682de750', 'Rock'),
('757f2092-9421-4756-afcd-fd60ed7bc2b8', 'Hip Hop'),
('a5030a41-2b1d-4068-9bc2-770ee078761d', 'Rock'),
('a5030a41-2b1d-4068-9bc2-770ee078761d', 'Pop'),
('d740be41-7012-4d8b-a55d-2114f8166bca', 'Hip Hop'),
('d740be41-7012-4d8b-a55d-2114f8166bca', 'Funk / Soul'),
('46c8d9b6-c7c8-44c2-8e91-664b109e2503', 'Pop'),
('d887ab38-3cb5-4491-b634-de3d29cf1a93', 'Rock'),
('f9626dd3-87dd-4b35-b738-9cf473b919c8', 'Jazz'),
('f9626dd3-87dd-4b35-b738-9cf473b919c8', 'Funk / Soul'),
('97cb211d-6cc3-4469-a60c-a2127cae22af', 'Jazz'),
('97cb211d-6cc3-4469-a60c-a2127cae22af', 'Funk / Soul'),
('97cb211d-6cc3-4469-a60c-a2127cae22af', 'Pop'),
('7800209c-9a38-498e-8514-75dd38164ec5', 'Electronic'),
('429f3d6c-9cb1-4b63-a030-e1fdfbb9ab0d', 'Hip Hop'),
('ecf25433-9798-4db4-82d5-f15e9901627c', 'Rock'),
('1a7a0f9d-5abf-437a-8652-f6b18b2b0532', 'Pop'),
('1a7a0f9d-5abf-437a-8652-f6b18b2b0532', 'Folk, World, & Country'),
('ddf81ac1-4519-4286-862c-ff097c5e4bf9', 'Rock'),
('c20b304f-2aa7-4335-bc87-39613157bbc4', 'Rock'),
('18a65d1a-bca0-42c2-ac35-ca1be871ddd4', 'Rock'),
('de126ddc-edb9-4692-a76d-3410dd4ec3cc', 'Electronic'),
('55b50722-08e6-4484-8a61-09ddb274705a', 'Electronic'),
('6ebca75f-33aa-444e-bd1a-be0a3d0aed22', 'Rock'),
('bcd0b5b5-cba2-4c46-8534-90a432bcc361', 'Funk / Soul'),
('68085960-3389-40f9-9004-a4abafcd163d', 'Pop'),
('06b87389-55a4-4607-9e49-23f8f0f68be3', 'Rock'),
('06b87389-55a4-4607-9e49-23f8f0f68be3', 'Pop'),
('1d9dcba1-74c4-4ce1-8641-0679875d2e1b', 'Rock'),
('3f1ff452-3ac0-4380-af19-6e910977b319', 'Rock'),
('e2fff065-32b8-4c84-83d7-1b62263a05f8', 'Rock'),
('afcc2716-7e13-41ec-88b9-75fb4c627845', 'Electronic'),
('fdbc0276-98c8-409c-98ef-507f7c4c91af', 'Electronic'),
('8981de9e-b038-4bee-a6cc-8320e1adad32', 'Electronic'),
('8981de9e-b038-4bee-a6cc-8320e1adad32', 'Rock'),
('f615a6d0-3ef6-4e40-acf1-fbc92cf2c25a', 'Stage & Screen'),
('9f9e7be1-5512-44b9-a7c1-cbbcb6b14bd8', 'Jazz'),
('b3d8869e-e31f-4c77-a7ab-2726b5776964', 'Funk / Soul'),
('6b6f188a-08fe-41f0-8c0b-d2706676a4b9', 'Rock'),
('c431a6d8-cc26-4023-8a21-175a29bbaaba', 'Reggae'),
('b3c7b33e-880b-422b-87b0-7b6c346f2890', 'Rock'),
('b3c7b33e-880b-422b-87b0-7b6c346f2890', 'Folk, World, & Country'),
('9c4b34a9-a3f3-4956-829a-27e1d9a8fee3', 'Electronic'),
('bfaa8889-644f-49b8-b32c-1bc6f8d0d56a', 'Pop'),
('bb2fcfaf-f9fc-48cd-a73a-bc028938ac8b', 'Rock'),
('bb2fcfaf-f9fc-48cd-a73a-bc028938ac8b', 'Pop'),
('419a7a59-a7dc-47f8-82d5-523a1c70f07d', 'Rock'),
('9346c598-d5e7-4c71-9750-1f56adf2ba6f', 'Funk / Soul'),
('ac5bd5d6-b614-49fb-a0af-78db1e4c2429', 'Non-Music'),
('edd26b9e-138f-4863-808e-1976f089252b', 'Electronic'),
('045a7218-5fb7-4832-9464-8106511bbf40', 'Pop'),
('785adb0c-dd97-4158-8e35-3f167bd88d51', 'Folk, World, & Country'),
('4e14f596-3573-44b1-ace2-ed635f3def42', 'Pop'),
('00797822-3eff-4594-b556-3d1624fbcd4b', 'Electronic'),
('00797822-3eff-4594-b556-3d1624fbcd4b', 'Pop'),
('bce74b9e-853b-4bff-ab0b-2448424a8b6e', 'Rock'),
('601404e8-d18c-4c1d-b497-1e6b93be306d', 'Hip Hop'),
('85464130-d080-4e7e-a904-3b47942bf6d4', 'Rock'),
('1434e096-577b-4ee7-9b32-8a0c5040ae50', 'Rock'),
('c118bdaa-6e0b-43ce-af77-92eb0725dc8a', 'Rock'),
('bbc9def6-e349-4661-a43f-ced248ccbb3a', 'Latin'),
('bbc9def6-e349-4661-a43f-ced248ccbb3a', 'Pop'),
('b91ceae8-84b1-4298-b7c1-bfe2add3a805', 'Rock'),
('b91ceae8-84b1-4298-b7c1-bfe2add3a805', 'Pop'),
('601b43ee-150c-4cad-9ecd-8e19ab6585bd', 'Hip Hop'),
('601b43ee-150c-4cad-9ecd-8e19ab6585bd', 'Reggae'),
('6e40db66-60a7-4654-9c51-a4010d02a7b0', 'Electronic'),
('300dd83d-9e7d-4224-aa73-d8b1e0f89248', 'Rock'),
('b6b8dc38-9db6-4eb7-a824-74fc218817e0', 'Electronic'),
('4ef9cafb-8151-4a92-a238-960b53dd16ba', 'Electronic'),
('ced0a587-70f9-42e1-a0cb-7b403d065b75', 'Pop'),
('41add66a-1119-4d46-8fae-b48cc324c84b', 'Classical'),
('336a4a0d-3bee-4cf3-a8c9-162ca48c797c', 'Funk / Soul'),
('f3ff713d-b853-4e21-950e-083eea58ecd7', 'Electronic'),
('cd604d5e-6586-4dd4-9809-c62e6e6e8586', 'Folk, World, & Country'),
('418ad0ae-3ffc-44f9-b114-661cf465f791', 'Folk, World, & Country'),
('b4c57f3f-c6f9-4c0e-af9b-8716babf8714', 'Electronic'),
('b4c57f3f-c6f9-4c0e-af9b-8716babf8714', 'Folk, World, & Country'),
('db5a1377-b276-4dc2-a104-ca0cb9ed82b5', 'Rock'),
('36aaf4f5-b2a9-4be1-b2ea-e6c847867ff0', 'Folk, World, & Country'),
('8837c616-8649-421d-b812-ff61175c4bf6', 'Funk / Soul'),
('6245f713-08b7-425b-97e9-cb3156c0f019', 'Electronic'),
('6245f713-08b7-425b-97e9-cb3156c0f019', 'Rock'),
('46422095-ea2b-4056-b52f-46f77d934297', 'Electronic'),
('a80a550f-dc1d-45ac-b824-9630209d4035', 'Rock'),
('17a62d8d-8235-4b89-aa6a-dccc5216fa6a', 'Rock'),
('55fe27d8-fb2f-4c29-95a1-6ab8673a557a', 'Electronic'),
('67b99ae0-dcfa-4f0d-b133-8a286ec00a9e', 'Pop'),
('b868e7e5-14d5-4f71-940b-632df89692b8', 'Rock'),
('dd5ae385-df3f-42a7-8abd-fd0a16b3235b', 'Electronic'),
('ef481700-bd71-4c80-ba6c-b23bbc83e662', 'Jazz'),
('ef481700-bd71-4c80-ba6c-b23bbc83e662', 'Rock'),
('ef481700-bd71-4c80-ba6c-b23bbc83e662', 'Blues'),
('ef481700-bd71-4c80-ba6c-b23bbc83e662', 'Folk, World, & Country'),
('2a037e26-fae2-4b1b-9198-3e7eb925778f', 'Folk, World, & Country'),
('077aea6a-ad45-4f8e-b41a-f442c822670a', 'Reggae'),
('856aff14-853f-44ad-8644-472ba8bfc0c4', 'Rock'),
('badfdf2f-b51a-49b4-b12b-8885e8f66bf8', 'Childrens'),
('eb8d20a2-34f0-4746-95bd-88471f760f50', 'Rock'),
('b98b3694-7cfe-4be5-97fd-4621ec05c7f5', 'Latin'),
('b98b3694-7cfe-4be5-97fd-4621ec05c7f5', 'Pop'),
('7fec5bf5-f7b2-4d56-8c2f-5cc656c4770c', 'Rock'),
('51e656db-3b95-47bd-a044-f24365247f9d', 'Electronic'),
('51e656db-3b95-47bd-a044-f24365247f9d', 'Rock'),
('417dbb1e-257c-4ab5-b839-63dda76f1cf7', 'Pop'),
('05ca7745-f12e-43d8-bd8d-03b9266b9543', 'Rock'),
('7626110c-c53f-4bc2-906b-2ec8ca6eaeb6', 'Electronic'),
('7626110c-c53f-4bc2-906b-2ec8ca6eaeb6', 'Latin'),
('7626110c-c53f-4bc2-906b-2ec8ca6eaeb6', 'Pop'),
('7626110c-c53f-4bc2-906b-2ec8ca6eaeb6', 'Folk, World, & Country'),
('0d57206e-4f6a-4ea2-9cc7-513274ee8fb6', 'Pop'),
('d8fb116d-9474-4ce8-a506-ab3d39feafa0', 'Rock'),
('116a7b77-3e81-45ce-85f8-32375b80b450', 'Rock'),
('44acbda7-1c41-471b-8e72-b40461c30869', 'Rock'),
('e8ed685c-b207-433c-a93e-9efe6d276806', 'Pop'),
('b5c7c1ff-bcf3-4579-a45a-d0e5f667ffb8', 'Folk, World, & Country'),
('6305a867-37a2-4f7b-9fee-ac61c0ef5009', 'Electronic'),
('09e260b5-6aab-4af4-835f-f33b8119c812', 'Latin'),
('09e260b5-6aab-4af4-835f-f33b8119c812', 'Folk, World, & Country'),
('0489a00b-0080-47e1-85b9-14448f1f7e28', 'Non-Music'),
('0f9e855d-e189-4d33-8e5d-b78fe33bf78b', 'Rock'),
('a379abdd-2009-41d0-bc75-8b5a2324e9c7', 'Hip Hop'),
('7f0bebc3-baf2-434b-8b57-025f9711ca92', 'Electronic'),
('7f0bebc3-baf2-434b-8b57-025f9711ca92', 'Rock'),
('16731765-729c-4bc3-89a3-41cb58f70065', 'Pop'),
('196a3a89-6f81-4d28-b0e4-9d9e6c1ca3ac', 'Electronic'),
('04df4a08-186f-4b4b-81a8-370b1dd76c99', 'Electronic'),
('cb0f5308-a569-417c-ac51-db080a69cc17', 'Blues'),
('6e808bbe-e84b-4583-84b5-57532e73593d', 'Electronic'),
('5bed5fcb-79eb-45eb-9296-993d465f54aa', 'Rock'),
('4e0ee5c5-dd8a-419c-b538-6fb4b9e52a75', 'Rock'),
('c398c1ef-031c-49a4-a6fc-1441fdabf64c', 'Pop'),
('c398c1ef-031c-49a4-a6fc-1441fdabf64c', 'Folk, World, & Country'),
('8c14a36e-c8c3-46ec-8e3f-fb30e198b222', 'Latin'),
('8c14a36e-c8c3-46ec-8e3f-fb30e198b222', 'Folk, World, & Country'),
('d5cb2c40-40b4-4925-a591-1d9168ec9fa8', 'Electronic'),
('ff4b8b59-6580-41b2-b291-b5fca87b630b', 'Rock'),
('bbd6dce8-c4f4-4a89-bc5d-3e258ea7108b', 'Jazz'),
('82abbe9f-1da1-4bc0-b0d2-b68191c1a234', 'Electronic'),
('d567ec29-bc6a-442c-8980-a4f2158dd70c', 'Electronic'),
('cb136de0-1cea-47da-b0c4-183ac1ae8f15', 'Folk, World, & Country'),
('13ce8645-9799-455a-812b-773178095d6a', 'Rock'),
('9070fa8b-85e9-4077-93b4-da8016a6152e', 'Folk, World, & Country'),
('25a97525-0c56-4fb6-b094-109bc4337658', 'Pop'),
('8415d1f5-2201-4e0f-a031-3ce9a4a39253', 'Rock'),
('21aa49cf-0c4e-4aaa-9f46-79631697f0b7', 'Pop'),
('f0d057b1-ba20-4925-8a91-55ad8bd91f1f', 'Latin'),
('f0d057b1-ba20-4925-8a91-55ad8bd91f1f', 'Folk, World, & Country'),
('d454e0fe-4964-4170-a65c-81e2ddd7c85b', 'Rock'),
('8abe0b26-9581-45b8-856e-27e26a09ad0f', 'Electronic'),
('8abe0b26-9581-45b8-856e-27e26a09ad0f', 'Rock'),
('8abe0b26-9581-45b8-856e-27e26a09ad0f', 'Funk / Soul'),
('331176a1-9c1b-4421-980f-9f3ef3165a30', 'Classical'),
('d1522fc8-01e1-458a-9ff7-67456e069b2e', 'Classical'),
('d1522fc8-01e1-458a-9ff7-67456e069b2e', 'Brass & Military'),
('d1522fc8-01e1-458a-9ff7-67456e069b2e', 'Stage & Screen'),
('cdc80b5a-56bf-4900-93a0-a10922ff172c', 'Folk, World, & Country'),
('5fe830c3-3ab5-4d0d-9f13-57e8e7cf7e0c', 'Rock'),
('5fe830c3-3ab5-4d0d-9f13-57e8e7cf7e0c', 'Funk / Soul'),
('5fe830c3-3ab5-4d0d-9f13-57e8e7cf7e0c', 'Blues'),
('5fe830c3-3ab5-4d0d-9f13-57e8e7cf7e0c', 'Pop'),
('77a4845c-d0c9-40a8-bfc8-049d6b5a6b13', 'Classical'),
('41c79c34-96b3-4d4e-9342-95f94a37f494', 'Pop'),
('679d3f0a-c968-4948-8a75-791366071343', 'Rock'),
('679d3f0a-c968-4948-8a75-791366071343', 'Pop'),
('2c7f97cc-fd73-4f89-b3ca-455889690bbd', 'Rock'),
('df394b7a-7a44-49d4-8f4e-22a66305db50', 'Pop'),
('49d02577-672e-4a87-9a73-5ccf8320bb3d', 'Rock'),
('a40ec9d3-39ba-455b-8b2f-f3643f78f4ad', 'Rock'),
('528357d1-366b-4ba7-9d66-32f5ae844921', 'Classical'),
('3e5d385e-13b8-4905-ba92-b547e7a20330', 'Rock'),
('85cc3b59-c028-46bb-879b-178376528874', 'Latin'),
('85cc3b59-c028-46bb-879b-178376528874', 'Non-Music'),
('85cc3b59-c028-46bb-879b-178376528874', 'Brass & Military'),
('31505789-0c37-451d-b6a4-1dcc37bc7c66', 'Hip Hop'),
('e9e74756-a122-4890-9851-c289d486cf12', 'Classical'),
('6ee040ee-7c2a-43fd-92b5-a27279314fe4', 'Rock'),
('ec41d9bb-067a-4231-a6e1-28dae29dc00a', 'Folk, World, & Country'),
('5d929f51-6a6c-4adc-b00b-e2b13f2718c0', 'Electronic'),
('126cbb31-24af-48aa-9a09-dcbaede2e81b', 'Rock'),
('126cbb31-24af-48aa-9a09-dcbaede2e81b', 'Pop'),
('d91ae29e-9fdf-4b4d-a295-2de8ef6f5bf9', 'Rock'),
('8ad71bcc-8ca9-4b9a-a9db-cc0b27c25299', 'Hip Hop'),
('8ad71bcc-8ca9-4b9a-a9db-cc0b27c25299', 'Funk / Soul'),
('d0979d37-58ef-41bc-b7bb-25d122547743', 'Jazz'),
('d0979d37-58ef-41bc-b7bb-25d122547743', 'Pop'),
('1d73b26a-e0fe-4ec3-bfea-f04729418b27', 'Rock'),
('88e32eee-db5e-47f3-8931-e8b6f5bb4672', 'Pop'),
('0cf0e803-f0f6-4d6a-9b72-7826ad935c01', 'Pop'),
('0cf0e803-f0f6-4d6a-9b72-7826ad935c01', 'Folk, World, & Country'),
('d4326d45-c56f-4b6e-a778-c249c06f61f6', 'Electronic'),
('0d61ceb5-0cda-4776-83be-deae6382f0e8', 'Jazz'),
('f82c549b-bb9f-413b-9831-28d8052607b6', 'Rock'),
('b7f09dbe-3ae5-44b0-93fc-2277ae98ae9f', 'Rock'),
('b7f09dbe-3ae5-44b0-93fc-2277ae98ae9f', 'Pop'),
('1e140b9e-6c6d-4c2e-b837-c6b9956becb3', 'Pop'),
('4aee0b60-5ab1-4eb5-b04f-354639cf7793', 'Rock'),
('5f5a96bc-b417-45ac-8063-b8b43b0ac62e', 'Rock'),
('dba2af40-ee01-449f-b9d7-9ea1f9e05f85', 'Electronic'),
('dce6ff3b-c6e6-4d7f-b2f5-090f89efb313', 'Rock'),
('27cab04d-baf6-42b9-97f4-240728277e84', 'Folk, World, & Country'),
('ad116651-e93f-474b-8d3b-e2c52f068793', 'Electronic'),
('d34ba4a4-8c9b-432e-be7d-d7132cd32e69', 'Latin'),
('5342ab69-d5a5-4066-be3e-142acc813151', 'Folk, World, & Country'),
('99ac6910-800d-4170-b687-f2c29341a205', 'Rock'),
('950de2c0-12a8-4808-8a5a-0c3527b5a478', 'Funk / Soul'),
('55fbe9cb-5d4a-4f7a-b87b-8863f9d8c9ff', 'Pop'),
('dd519d2c-95a4-4775-b5cc-60001f9a085d', 'Electronic'),
('987ef6d6-45ac-46a4-b9e9-48ee67e67908', 'Hip Hop'),
('987ef6d6-45ac-46a4-b9e9-48ee67e67908', 'Reggae'),
('2d408fea-ba92-4879-8edd-ef9eef1f989f', 'Reggae'),
('81599727-40c6-4166-9fd9-da12779a5eb3', 'Jazz'),
('f16097cd-09da-4869-ba27-abe7ad003494', 'Electronic'),
('f16097cd-09da-4869-ba27-abe7ad003494', 'Rock'),
('6da324bb-5141-4e3b-98fd-88bc7a1993ee', 'Hip Hop'),
('6da324bb-5141-4e3b-98fd-88bc7a1993ee', 'Jazz'),
('6da324bb-5141-4e3b-98fd-88bc7a1993ee', 'Funk / Soul'),
('466fb94b-6eca-475b-8448-30c73262f76d', 'Jazz'),
('a8eb0c5c-9b6a-4f6f-96b2-ff0ffe78134b', 'Rock'),
('fe2a4f45-cc26-49b9-b2c1-3c5b76614dc7', 'Pop'),
('3277a246-c188-409a-ae43-fbd8c557d603', 'Pop'),
('cd1365dd-cf4f-4233-8ff9-daa1756097fb', 'Jazz'),
('337a7412-3c67-4663-920e-11190fab8d16', 'Pop'),
('e24b00d9-3d22-4bf7-adb0-896048cd4a2f', 'Electronic'),
('f5f98f40-24a6-49a0-b175-f25c591a9977', 'Rock'),
('f5f98f40-24a6-49a0-b175-f25c591a9977', 'Pop'),
('bbe8fd9c-e2a6-4130-9903-26d961c1280b', 'Electronic'),
('5e907143-fe61-4371-8e8c-53b7816152c5', 'Funk / Soul'),
('5e907143-fe61-4371-8e8c-53b7816152c5', 'Folk, World, & Country'),
('5bd02d22-ff12-4b82-96e0-3b2a33451dd3', 'Folk, World, & Country'),
('8901c92a-65a8-4ac4-9b72-275c24537a6f', 'Classical'),
('9ad248d2-532c-48b5-b23f-f9634bd7a98e', 'Classical'),
('c34aed01-9953-4a6c-89fd-c536a284a490', 'Latin'),
('529ca601-5183-43a9-8e65-5a6390ee9574', 'Jazz'),
('752ed159-3089-4acf-aefb-1cd86c33c100', 'Electronic'),
('5d1b5e1c-890a-424d-a7cc-ce0e4010840e', 'Rock'),
('5d1b5e1c-890a-424d-a7cc-ce0e4010840e', 'Pop'),
('bd442866-a821-41b8-8a8e-99717d3776ce', 'Rock'),
('555f51ba-7ac1-41eb-ac60-77b06c7201c3', 'Pop'),
('85f876f6-63ce-4490-a685-cbb22430053a', 'Jazz'),
('18e27a0b-9858-4e82-a509-67c50412aa64', 'Jazz'),
('18e27a0b-9858-4e82-a509-67c50412aa64', 'Latin'),
('7a404cc0-2345-4e5b-92f7-5e16b132dbdb', 'Jazz'),
('a1b28d21-c7b4-4fa6-b36c-5075de200324', 'Classical'),
('bf94b566-96b7-49ab-b803-f67d65ec90cd', 'Electronic'),
('94daeab6-9ab6-4536-b448-0a53ada0efd3', 'Pop'),
('a3beb099-c0d0-4afd-a097-99db60db3700', 'Brass & Military'),
('8e8f3523-1990-48f2-b901-13496640bd07', 'Electronic'),
('ab0ba89c-d432-4579-a48f-c3e5c283a9f2', 'Funk / Soul'),
('6244e6d2-8dc3-453f-8bea-cfa511df1f35', 'Electronic'),
('038e3dbe-1915-4035-bff6-7e7891a0b650', 'Latin'),
('038e3dbe-1915-4035-bff6-7e7891a0b650', 'Folk, World, & Country'),
('f5c6dfe2-69d2-46fe-8b6c-ffca3751e4a3', 'Childrens'),
('d6e0393b-674d-4b28-a37c-ef518b45495b', 'Folk, World, & Country'),
('b3297ea0-91b4-4536-8a1a-784ca75ff4bb', 'Jazz'),
('596f779f-c0da-4a62-8036-a9eb54374ad0', 'Pop'),
('03709882-5974-47b3-94f5-00ff96ce5256', 'Pop'),
('723a93c1-3a03-4492-9600-d9dfc3951bff', 'Rock'),
('1fc6d88d-0553-4f6a-bd3f-0a7782bcdc9e', 'Folk, World, & Country'),
('2942aa7d-9d34-4fd2-a0d4-00aee8b6ee5c', 'Rock'),
('26c4bc07-3ec7-42a6-bca2-a8201b8f4b62', 'Latin'),
('71eb0b1e-406f-4f80-b185-a74df3f879a0', 'Jazz'),
('4fc72eae-848d-44a6-8a6e-7001ee2032c4', 'Electronic'),
('f9deb694-aca4-4651-9578-99842fa68d14', 'Funk / Soul'),
('591c36fd-9ce2-407c-bc44-156f006f9e0c', 'Latin'),
('591c36fd-9ce2-407c-bc44-156f006f9e0c', 'Folk, World, & Country'),
('5ad1cb7f-5a3f-4c72-aa34-2263f4019dff', 'Funk / Soul'),
('b9d9a273-1ddf-403b-becf-eb64a391836c', 'Folk, World, & Country'),
('1bc4c745-5706-4d33-9e00-fc4f115b9e04', 'Reggae'),
('057b4189-c876-484b-a44a-ce04bdce9dbb', 'Rock'),
('21bd2050-75de-44d3-9e2d-8c8d0124d3de', 'Rock'),
('2e51f7d7-d9b1-4a0a-a05c-34e3f1e45a18', 'Electronic'),
('78c8cbf2-d9e5-477d-aff4-541192bcc4b5', 'Electronic'),
('f368d7c2-97a4-44d8-b5b1-2ae3ce1ba652', 'Latin'),
('f368d7c2-97a4-44d8-b5b1-2ae3ce1ba652', 'Folk, World, & Country'),
('50242658-274f-4c65-b272-b1f03c791706', 'Folk, World, & Country'),
('da850deb-c6f9-455b-899b-7b0003eacc8a', 'Electronic'),
('da850deb-c6f9-455b-899b-7b0003eacc8a', 'Stage & Screen'),
('7b312373-252f-45fc-9331-0fcd1756d849', 'Rock'),
('7b312373-252f-45fc-9331-0fcd1756d849', 'Blues'),
('7b312373-252f-45fc-9331-0fcd1756d849', 'Pop'),
('a1e71964-184b-4194-9a66-1e5a4882809d', 'Folk, World, & Country'),
('e02fc560-d2d3-4068-ab30-badf416cf755', 'Folk, World, & Country'),
('f56e9b12-c096-46a2-b85c-8657b216204a', 'Electronic'),
('bac93a8b-64a1-4757-9306-fd7e380576fb', 'Jazz'),
('bac93a8b-64a1-4757-9306-fd7e380576fb', 'Stage & Screen'),
('ceb124e5-37a9-4dd3-b947-7f3c91e8c6e8', 'Electronic'),
('ceb124e5-37a9-4dd3-b947-7f3c91e8c6e8', 'Rock'),
('ceb124e5-37a9-4dd3-b947-7f3c91e8c6e8', 'Funk / Soul'),
('ceb124e5-37a9-4dd3-b947-7f3c91e8c6e8', 'Pop'),
('b4d80625-027b-4be2-9806-5a7facf55d40', 'Electronic'),
('b4d80625-027b-4be2-9806-5a7facf55d40', 'Rock'),
('7397aabf-52b4-4f83-ba5e-a1330825edb3', 'Rock'),
('3fc47375-99f2-4afe-ae44-5725cf1ec945', 'Rock'),
('9ea9f097-bb8d-4025-84ca-2db20f6e8bef', 'Classical'),
('2de71567-222f-47b6-91ee-07b9a911a2ca', 'Rock'),
('2de71567-222f-47b6-91ee-07b9a911a2ca', 'Folk, World, & Country'),
('db092ac8-59b2-49db-9be0-be37dc58ac70', 'Rock'),
('55e06e5d-a52e-4125-b221-6d7b70374592', 'Rock'),
('82548588-1e41-4597-80e3-90fcc0acf8a1', 'Electronic'),
('496d33e3-0f34-4eea-80c4-d41fba807f2c', 'Classical'),
('531f6b8d-1f26-47e9-be4e-1a123aa33fd8', 'Rock'),
('ee53fedb-a077-4e65-8969-f0e659a73bc8', 'Electronic'),
('4ed6cde0-45eb-4e82-b9f3-d9777eaa3395', 'Pop'),
('4ed6cde0-45eb-4e82-b9f3-d9777eaa3395', 'Stage & Screen'),
('004b90af-b5e8-465b-83c5-f95a54f6b665', 'Rock'),
('8af3744c-1362-4524-bb0e-071934ff912c', 'Jazz'),
('8af3744c-1362-4524-bb0e-071934ff912c', 'Folk, World, & Country'),
('dcd658b0-c1dc-4a15-8b84-22e1f9268c0f', 'Folk, World, & Country'),
('83bab565-44de-4867-887f-23ec6d62f8c0', 'Electronic'),
('83bab565-44de-4867-887f-23ec6d62f8c0', 'Rock'),
('b6f92f13-41ad-48dc-83b6-5cc2f4042952', 'Rock'),
('2787c802-a0c1-46ca-a05c-1983649e8330', 'Rock'),
('77491371-5e34-47fd-ab8a-b7807524d67c', 'Folk, World, & Country'),
('ac847465-1fe7-40ce-b148-8c3318c0d9f2', 'Hip Hop'),
('938f91d1-30b8-4a1c-ac96-95dc8e289732', 'Folk, World, & Country'),
('0f073788-d44c-4680-8110-8e548d611df3', 'Classical'),
('0f073788-d44c-4680-8110-8e548d611df3', 'Folk, World, & Country'),
('af47caba-adce-4487-ad6b-8d25d58c3aa5', 'Classical'),
('2dc4c859-85ef-4389-872c-f2418284c63a', 'Pop'),
('d08c5ea6-e5f7-4992-b221-edd95cdf01c8', 'Rock'),
('92bec27f-a7ed-4467-9beb-0ad6c99799a1', 'Rock'),
('c151bc58-a460-4c63-9e4d-0222a9b76f77', 'Rock'),
('a71ed6b5-22a0-4514-9822-8b5e99a7a7b3', 'Jazz'),
('462668c5-37ec-4368-98cf-0283280be582', 'Folk, World, & Country'),
('3a96bb0d-9d0f-434f-bf97-a60c51bf45bd', 'Rock'),
('720237f6-bc0e-4eed-97b7-56efb7eff01a', 'Electronic'),
('27e90d8a-05b5-4451-92f4-61887fcd491d', 'Electronic'),
('7ad38b1c-ac71-46d9-8470-d71d8a2dd3b8', 'Electronic'),
('24eaa20f-4691-4817-a530-d6c18c6c5bdf', 'Electronic'),
('cbc9ca75-13dd-45b1-9e3c-9c0831a4067a', 'Electronic'),
('a3232896-86a4-4549-b7fa-0e48b9da5d24', 'Non-Music'),
('d9b2b83d-a800-4d83-95dd-a83694344890', 'Rock'),
('d9b2b83d-a800-4d83-95dd-a83694344890', 'Pop'),
('e8f79d03-c93f-43be-9f00-54a238abbc53', 'Pop'),
('9c1245c6-827f-4059-a878-914fc7ae0cac', 'Hip Hop'),
('9c1245c6-827f-4059-a878-914fc7ae0cac', 'Reggae'),
('42cf1b28-744e-4e7f-9130-9d342b9a5a62', 'Electronic'),
('1ae1124b-69c7-47d1-9360-ed4a97a107e2', 'Rock'),
('f7463fc8-7234-4e48-90fd-7e9a25c4cfc2', 'Pop'),
('096bb824-0339-4f78-891a-2572c95dd32e', 'Rock'),
('096bb824-0339-4f78-891a-2572c95dd32e', 'Funk / Soul'),
('3a1aa354-d92e-409a-914c-23ffc86d34c3', 'Hip Hop'),
('33f560f5-f6c5-4bc4-9702-c73ef0ee2119', 'Rock'),
('33f560f5-f6c5-4bc4-9702-c73ef0ee2119', 'Folk, World, & Country'),
('c8f9405c-6ba4-4bef-ace3-bb260dcca947', 'Jazz'),
('761f3744-c4a7-401c-87bb-e0c4b259cbe2', 'Rock'),
('761f3744-c4a7-401c-87bb-e0c4b259cbe2', 'Funk / Soul'),
('761f3744-c4a7-401c-87bb-e0c4b259cbe2', 'Folk, World, & Country'),
('761f3744-c4a7-401c-87bb-e0c4b259cbe2', 'Stage & Screen'),
('9070500a-0195-4631-a1d2-e71e666e026c', 'Electronic'),
('9070500a-0195-4631-a1d2-e71e666e026c', 'Rock'),
('f8528dc2-c950-45e6-8bba-54aceb6bd270', 'Pop'),
('f8528dc2-c950-45e6-8bba-54aceb6bd270', 'Folk, World, & Country'),
('3842d4c6-3f92-4a37-9421-b6e8e73df1d4', 'Electronic'),
('0a70b181-07d0-4bd5-a563-16e24c030912', 'Folk, World, & Country'),
('dca6c2d4-eddd-4c3b-bc4d-686e6abd96ba', 'Rock'),
('ea7a9c2c-f8df-44d8-9d0c-da2e2335bc9e', 'Pop'),
('ec10d4b5-a7e1-4e18-bc47-77594541b54f', 'Rock'),
('3e32f9e4-1712-4453-9d78-099280e97e82', 'Electronic'),
('93adc3da-868c-485f-b5e0-bd4206668133', 'Rock'),
('9608a613-a760-44cf-b356-166bc255b86a', 'Electronic'),
('3785b7b4-5531-4444-b4b7-1c8333d019b0', 'Funk / Soul'),
('a171a7cc-9fdf-4970-9562-5b9173a56ae4', 'Electronic'),
('2ea98f77-2578-4de7-9af0-2096104ddbff', 'Non-Music'),
('4a1070bf-aa87-4bc0-b1ea-5d5cc966966e', 'Rock'),
('4a1070bf-aa87-4bc0-b1ea-5d5cc966966e', 'Funk / Soul'),
('4a1070bf-aa87-4bc0-b1ea-5d5cc966966e', 'Pop'),
('780a6f47-d4bd-4224-9434-d2a54bdf48cb', 'Electronic'),
('b214346c-1756-44c3-90a9-f3d074556f1f', 'Rock'),
('fd6b8e47-299d-4266-ade9-6d73a324bf90', 'Rock'),
('42818df9-15c4-48d3-97a5-995b32c690dd', 'Classical'),
('8cd643b1-e331-4a43-8954-543d244f8616', 'Rock'),
('8cd643b1-e331-4a43-8954-543d244f8616', 'Pop'),
('a1f43007-cede-4ba6-bbe2-2c813bd4a760', 'Electronic'),
('a1f43007-cede-4ba6-bbe2-2c813bd4a760', 'Pop'),
('96360f5c-906b-4ecc-8c79-8fdf24cbe38d', 'Funk / Soul'),
('96360f5c-906b-4ecc-8c79-8fdf24cbe38d', 'Classical'),
('0b4294da-a717-4fff-af8c-a74fc62260ea', 'Pop'),
('0b4294da-a717-4fff-af8c-a74fc62260ea', 'Classical'),
('0b4294da-a717-4fff-af8c-a74fc62260ea', 'Folk, World, & Country'),
('9f010b87-0257-4bf2-a64b-b6fea3e6b839', 'Electronic'),
('9f010b87-0257-4bf2-a64b-b6fea3e6b839', 'Stage & Screen'),
('b3d53e71-1626-4b3e-964e-392fb7ee1d22', 'Hip Hop'),
('f5d5d3dc-b202-4c3d-bed6-41b947c81614', 'Electronic'),
('aa8df3f9-4c85-42e0-9e22-3f7fbd595d27', 'Classical'),
('5191d696-7c91-43b2-a055-9429f3025ada', 'Rock'),
('81d47cb7-3622-449f-b7d8-4433d631371d', 'Rock'),
('6c138a24-bd53-4d73-abf8-2e6b643bfbb9', 'Electronic'),
('6c138a24-bd53-4d73-abf8-2e6b643bfbb9', 'Non-Music');

insert into product_songs (product_productid, duration, title) values
('140bde05-0858-4bc8-8939-a657523f6a27', '4:45', 'Östermalm'),
('140bde05-0858-4bc8-8939-a657523f6a27', '6:11', 'Vasastaden'),
('140bde05-0858-4bc8-8939-a657523f6a27', '2:49', 'Kungsholmen'),
('140bde05-0858-4bc8-8939-a657523f6a27', '5:38', 'Södermalm'),
('140bde05-0858-4bc8-8939-a657523f6a27', '4:52', 'Norrmalm'),
('140bde05-0858-4bc8-8939-a657523f6a27', '5:16', 'Gamla Stan'),
('e2af5378-b483-44e6-9369-5a0a61ccd815', '2:30', 'Im Not So Selfish'),
('e2af5378-b483-44e6-9369-5a0a61ccd815', '2:30', 'Bubbles'),
('e2af5378-b483-44e6-9369-5a0a61ccd815', '2:30', 'T.E.C.H.N.I.D.'),
('e2af5378-b483-44e6-9369-5a0a61ccd815', '2:30', 'Hiawa'),
('e2af5378-b483-44e6-9369-5a0a61ccd815', '2:30', 'Release Your Self'),
('e2af5378-b483-44e6-9369-5a0a61ccd815', '2:30', 'Sympathy For House'),
('fc103a09-c92e-4608-a8d6-970ea29a247f', '8:54', 'Honey (Chicane Club Mix)'),
('fc103a09-c92e-4608-a8d6-970ea29a247f', '6:17', 'Transcend (Moonman Trancendental Flight Mix)'),
('fc103a09-c92e-4608-a8d6-970ea29a247f', '7:35', 'Carlas Theme'),
('fc103a09-c92e-4608-a8d6-970ea29a247f', '8:39', 'Alpha 5 (Olmec Heads Remix)'),
('fc103a09-c92e-4608-a8d6-970ea29a247f', '8:51', 'Substance'),
('fc103a09-c92e-4608-a8d6-970ea29a247f', '7:25', 'Sundance (Moonman Remix)'),
('fc103a09-c92e-4608-a8d6-970ea29a247f', '6:24', 'Orange'),
('fc103a09-c92e-4608-a8d6-970ea29a247f', '5:44', '1,2,3,4 (Vincent De Moor Remix)'),
('fc103a09-c92e-4608-a8d6-970ea29a247f', '7:56', 'Rise Of Tonight (Sharp London Riot Mix)'),
('fc103a09-c92e-4608-a8d6-970ea29a247f', '7:22', 'Young Hearts Run Free (Spacedust Mix)'),
('fc103a09-c92e-4608-a8d6-970ea29a247f', '4:39', 'Boost Dem (Doolally Mix)'),
('36e5f38a-f7cf-4bee-8bcf-3a407d06370e', '2:30', 'E.M.-Puls'),
('36e5f38a-f7cf-4bee-8bcf-3a407d06370e', '2:30', 'Generator'),
('36e5f38a-f7cf-4bee-8bcf-3a407d06370e', '2:30', 'Back To The Roots'),
('36e5f38a-f7cf-4bee-8bcf-3a407d06370e', '2:30', 'Nightmare'),
('0b424de4-4763-4719-a448-f941af1cfd79', '2:30', 'Knife / Fork'),
('0b424de4-4763-4719-a448-f941af1cfd79', '2:30', 'King Of The Breaks'),
('0b424de4-4763-4719-a448-f941af1cfd79', '2:30', 'Grimm Loops'),
('0b424de4-4763-4719-a448-f941af1cfd79', '2:30', 'Different Beats'),
('0b424de4-4763-4719-a448-f941af1cfd79', '2:30', 'Cooley Bass'),
('0b424de4-4763-4719-a448-f941af1cfd79', '2:30', 'Public Energy'),
('0b424de4-4763-4719-a448-f941af1cfd79', '2:30', 'Superstar Loops'),
('0b424de4-4763-4719-a448-f941af1cfd79', '2:30', 'Sleng Teng'),
('f86007bd-1335-46eb-9d61-b9945d874915', '2:30', 'Terminal Jungle'),
('f86007bd-1335-46eb-9d61-b9945d874915', '2:30', 'Epilogue'),
('f5121df1-b337-4290-aaee-fdbd3b3bb0ab', '3:50', 'Saturday (Oooh! Ooooh!) (Clean Version)'),
('f5121df1-b337-4290-aaee-fdbd3b3bb0ab', '3:49', 'Saturday (Oooh! Ooooh!) (Instrumental)'),
('8e056b7e-cc31-4426-956b-edeaff779a71', '5:10', 'You Cant Drum'),
('8e056b7e-cc31-4426-956b-edeaff779a71', '5:01', 'Metaworld'),
('8e056b7e-cc31-4426-956b-edeaff779a71', '5:28', 'Que Estas Mas Macho'),
('8e056b7e-cc31-4426-956b-edeaff779a71', '5:29', 'Gimme Five'),
('8e056b7e-cc31-4426-956b-edeaff779a71', '5:22', 'Ghost Of A Smile'),
('8e056b7e-cc31-4426-956b-edeaff779a71', '6:06', 'Black Lodge'),
('8e056b7e-cc31-4426-956b-edeaff779a71', '7:58', 'Rapanui (Eric, Can You Lend Me Your Island?)'),
('8e056b7e-cc31-4426-956b-edeaff779a71', '4:47', 'Spinning Wheel'),
('8e056b7e-cc31-4426-956b-edeaff779a71', '5:26', 'Life On A Chip'),
('8e056b7e-cc31-4426-956b-edeaff779a71', '6:22', 'Glass Walls'),
('8e056b7e-cc31-4426-956b-edeaff779a71', '4:09', 'My Generation'),
('8bffe3df-4377-4a11-8614-6e275f3da1ad', '2:30', 'Silvanovitch Power'),
('8bffe3df-4377-4a11-8614-6e275f3da1ad', '2:30', 'Rastagayou'),
('8bffe3df-4377-4a11-8614-6e275f3da1ad', '2:30', 'Troll'),
('8bffe3df-4377-4a11-8614-6e275f3da1ad', '2:30', 'Zbifar'),
('18d221c4-bdee-4f6b-a0ae-29fa8568083a', '2:30', 'See It!'),
('18d221c4-bdee-4f6b-a0ae-29fa8568083a', '2:30', 'Ironfingers'),
('0e309ea0-0f63-4388-889a-499471b4ff04', '2:30', 'Get To Know'),
('0e309ea0-0f63-4388-889a-499471b4ff04', '2:30', 'Noise'),
('0e309ea0-0f63-4388-889a-499471b4ff04', '2:30', 'Get To Know (Beats)'),
('98d472ac-6133-40f9-971f-5b2217da4f96', '6:11', 'Can Take The Feel It (Norby J House Version)'),
('98d472ac-6133-40f9-971f-5b2217da4f96', '7:54', 'Can Take The Feel It (Fat Club Version)'),
('6e74e2c1-6b80-4f98-9353-7cde14817c0c', '13:17', 'Space Rock'),
('39059c8e-501d-47fc-a72d-b1772c748fe4', '3:42', 'Trust Me (Broadway & Wilson Mix)'),
('39059c8e-501d-47fc-a72d-b1772c748fe4', '6:38', 'Most Precious Love (Martin Solveig Re-Edit)'),
('39059c8e-501d-47fc-a72d-b1772c748fe4', '4:59', 'Didnt Mean To Turn On You (Chuck Loves Mute Force Mix)'),
('39059c8e-501d-47fc-a72d-b1772c748fe4', '3:42', 'Hold The Light'),
('39059c8e-501d-47fc-a72d-b1772c748fe4', '5:35', 'Another Day (Fanatix Mix)'),
('39059c8e-501d-47fc-a72d-b1772c748fe4', '6:05', 'Sweet Love (Marques Wyatts Deep Love Mix)'),
('39059c8e-501d-47fc-a72d-b1772c748fe4', '5:43', 'Just Let Go'),
('39059c8e-501d-47fc-a72d-b1772c748fe4', '5:33', 'I See You'),
('39059c8e-501d-47fc-a72d-b1772c748fe4', '7:04', 'Lovin You More (Original Vocal Club Mix)'),
('39059c8e-501d-47fc-a72d-b1772c748fe4', '6:32', 'With Him (Jay-J Original Mix)'),
('39059c8e-501d-47fc-a72d-b1772c748fe4', '7:45', 'Freeway (Soul Avengerz Club Mix)'),
('39059c8e-501d-47fc-a72d-b1772c748fe4', '5:52', '40 Seconds (The Guitar Groove Theme)'),
('39059c8e-501d-47fc-a72d-b1772c748fe4', '4:37', 'Take Me Away (MaUve Vocal Mix)'),
('39059c8e-501d-47fc-a72d-b1772c748fe4', '6:13', 'Another Day (Fanatix Mix)'),
('39059c8e-501d-47fc-a72d-b1772c748fe4', '3:43', 'Most Precious Love (Martin Solveig Re-Edit)'),
('39059c8e-501d-47fc-a72d-b1772c748fe4', '5:19', 'Sweet Love (Marques Wyatts Deep Love Mix)'),
('39059c8e-501d-47fc-a72d-b1772c748fe4', '4:18', 'Just Let Go'),
('39059c8e-501d-47fc-a72d-b1772c748fe4', '6:42', '40 Seconds (The Guitar Groove Theme)'),
('39059c8e-501d-47fc-a72d-b1772c748fe4', '7:26', 'With Him (Jay-J Original Mix)'),
('39059c8e-501d-47fc-a72d-b1772c748fe4', '6:24', 'Didnt Mean To Turn On You (Chuck Loves Mute Force Mix)'),
('39059c8e-501d-47fc-a72d-b1772c748fe4', '8:31', 'Freeway (Soul Avengerz Club Mix)'),
('39059c8e-501d-47fc-a72d-b1772c748fe4', '6:34', 'I See You'),
('39059c8e-501d-47fc-a72d-b1772c748fe4', '8:02', 'Take Me Away (MaUve Vocal Mix)'),
('39059c8e-501d-47fc-a72d-b1772c748fe4', '6:07', 'Lovin You More (Original Vocal Club Mix)'),
('39059c8e-501d-47fc-a72d-b1772c748fe4', '4:39', 'Trust Me (Broadway & Wilson Mix)'),
('096b0d74-cb19-4247-936d-ff87debab63e', '2:30', 'Brother & Sister'),
('096b0d74-cb19-4247-936d-ff87debab63e', '2:30', 'I Try'),
('da5d5176-ae14-4fb2-ba4b-cbf9e1558df5', '2:12', 'I Must Kill'),
('da5d5176-ae14-4fb2-ba4b-cbf9e1558df5', '1:38', 'Everybodys Gonna Die Tonight'),
('da5d5176-ae14-4fb2-ba4b-cbf9e1558df5', '1:48', 'Dawn Of Nothing'),
('da5d5176-ae14-4fb2-ba4b-cbf9e1558df5', '1:56', 'Drooling Idiot'),
('da5d5176-ae14-4fb2-ba4b-cbf9e1558df5', '0:23', 'I Dump In My Sleep'),
('da5d5176-ae14-4fb2-ba4b-cbf9e1558df5', '1:54', 'The Boob Song'),
('da5d5176-ae14-4fb2-ba4b-cbf9e1558df5', '0:47', 'A.N.U.S.'),
('da5d5176-ae14-4fb2-ba4b-cbf9e1558df5', '1:18', 'Green Piss'),
('da5d5176-ae14-4fb2-ba4b-cbf9e1558df5', '1:36', 'The Day My Dick Broke Off'),
('da5d5176-ae14-4fb2-ba4b-cbf9e1558df5', '2:20', 'Free Hunky Dunky'),
('da5d5176-ae14-4fb2-ba4b-cbf9e1558df5', '2:44', 'Under The Bed'),
('da5d5176-ae14-4fb2-ba4b-cbf9e1558df5', '2:09', 'Maggots'),
('da5d5176-ae14-4fb2-ba4b-cbf9e1558df5', '1:38', 'Two Bobs West'),
('da5d5176-ae14-4fb2-ba4b-cbf9e1558df5', '2:24', 'Money'),
('da5d5176-ae14-4fb2-ba4b-cbf9e1558df5', '2:28', 'I Eat Carrion'),
('da5d5176-ae14-4fb2-ba4b-cbf9e1558df5', '1:49', 'Dawn Patrol Polka'),
('da5d5176-ae14-4fb2-ba4b-cbf9e1558df5', '2:11', 'Die Die Die'),
('474d082c-248c-4ad2-abf6-0ee93d202192', '3:43', 'Kickin Around'),
('474d082c-248c-4ad2-abf6-0ee93d202192', '3:35', 'Maldia'),
('474d082c-248c-4ad2-abf6-0ee93d202192', '5:28', 'Brother Remington'),
('474d082c-248c-4ad2-abf6-0ee93d202192', '3:37', 'A.K.'),
('474d082c-248c-4ad2-abf6-0ee93d202192', '4:47', 'Exquisite'),
('474d082c-248c-4ad2-abf6-0ee93d202192', '4:26', 'Your Beautiful Smile'),
('a8818754-3824-454c-9db6-dcfeaf4d42bb', '2:30', 'Blue Heart'),
('a8818754-3824-454c-9db6-dcfeaf4d42bb', '2:30', 'Canvas Beauty (Up Version)'),
('b267ba2d-0369-48bf-a872-27fa564588d7', '4:31', 'Tough Girl (Euro Remix)'),
('b267ba2d-0369-48bf-a872-27fa564588d7', '5:10', 'Tough Girl (Extended Mix)'),
('6c911a7a-6a23-4bf8-b12d-ed06b4ad40ca', '2:30', 'Nothings So Far Away (As Yesterday)'),
('6c911a7a-6a23-4bf8-b12d-ed06b4ad40ca', '2:30', 'On Target'),
('6c911a7a-6a23-4bf8-b12d-ed06b4ad40ca', '2:30', 'Hells On Fire'),
('6c911a7a-6a23-4bf8-b12d-ed06b4ad40ca', '2:30', 'The Farm'),
('6c911a7a-6a23-4bf8-b12d-ed06b4ad40ca', '2:30', 'You Can Do Magic'),
('6c911a7a-6a23-4bf8-b12d-ed06b4ad40ca', '2:30', 'Hollywood'),
('6c911a7a-6a23-4bf8-b12d-ed06b4ad40ca', '2:30', 'Another Try'),
('6c911a7a-6a23-4bf8-b12d-ed06b4ad40ca', '2:30', 'Old Man Took'),
('6c911a7a-6a23-4bf8-b12d-ed06b4ad40ca', '2:30', 'Todays The Day'),
('6c911a7a-6a23-4bf8-b12d-ed06b4ad40ca', '2:30', 'Cant Fall Asleep To A Lullaby'),
('6c911a7a-6a23-4bf8-b12d-ed06b4ad40ca', '2:30', 'Survival'),
('6c911a7a-6a23-4bf8-b12d-ed06b4ad40ca', '2:30', 'Everyone I Meet Is From California'),
('6c911a7a-6a23-4bf8-b12d-ed06b4ad40ca', '2:30', 'Right Before Your Eyes'),
('6c911a7a-6a23-4bf8-b12d-ed06b4ad40ca', '2:30', 'Cornwall Blank'),
('6c911a7a-6a23-4bf8-b12d-ed06b4ad40ca', '2:30', 'To Each His Own'),
('6c911a7a-6a23-4bf8-b12d-ed06b4ad40ca', '2:30', 'The Border'),
('93ffa27f-5aa1-41e1-8d5e-24118c6913f4', '2:30', 'Blue Savannah'),
('93ffa27f-5aa1-41e1-8d5e-24118c6913f4', '2:30', 'Runaround On The Underground'),
('93ffa27f-5aa1-41e1-8d5e-24118c6913f4', '2:30', 'No G.D.M'),
('91e0de83-04f8-411c-b17f-0f3035a9398a', '4:36', 'Get On The Troop Tip (Vocal)'),
('91e0de83-04f8-411c-b17f-0f3035a9398a', '4:36', 'Get On The Troop Tip (Instrumental)'),
('52400645-a0db-4b03-830c-270a4e4a3762', '2:30', 'Motorola'),
('52400645-a0db-4b03-830c-270a4e4a3762', '2:30', 'Youve Been Listening To All The Wrong People'),
('52400645-a0db-4b03-830c-270a4e4a3762', '2:30', 'The Definition Of Fall'),
('52400645-a0db-4b03-830c-270a4e4a3762', '2:30', 'Keep It'),
('52400645-a0db-4b03-830c-270a4e4a3762', '2:30', 'Made Faulty Purchase For The Sake Of It'),
('52400645-a0db-4b03-830c-270a4e4a3762', '2:30', 'Tokyo-Montana Express'),
('52400645-a0db-4b03-830c-270a4e4a3762', '2:30', 'Decency'),
('52400645-a0db-4b03-830c-270a4e4a3762', '2:30', 'Devenir Immortel'),
('52400645-a0db-4b03-830c-270a4e4a3762', '2:30', 'Dead On Your Feet'),
('52400645-a0db-4b03-830c-270a4e4a3762', '2:30', 'Fool #6'),
('e68d4023-1297-461b-b930-9f26a920599a', '2:30', 'A Design For Life'),
('e68d4023-1297-461b-b930-9f26a920599a', '2:30', 'Motorcycle Emptiness'),
('e68d4023-1297-461b-b930-9f26a920599a', '2:30', 'If You Tolerate This Your Children Will Be Next'),
('e68d4023-1297-461b-b930-9f26a920599a', '2:30', 'La Tristesse Durera (Scream To A Sigh)'),
('e68d4023-1297-461b-b930-9f26a920599a', '2:30', 'There By The Grace Of God'),
('e68d4023-1297-461b-b930-9f26a920599a', '2:30', 'You Love Us'),
('e68d4023-1297-461b-b930-9f26a920599a', '2:30', 'Australia'),
('e68d4023-1297-461b-b930-9f26a920599a', '2:30', 'You Stole The Sun From My Heart'),
('e68d4023-1297-461b-b930-9f26a920599a', '2:30', 'Kevin Carter'),
('e68d4023-1297-461b-b930-9f26a920599a', '2:30', 'Tsunami'),
('e68d4023-1297-461b-b930-9f26a920599a', '2:30', 'The Masses Against The Classes'),
('e68d4023-1297-461b-b930-9f26a920599a', '2:30', 'From Despair To Where'),
('e68d4023-1297-461b-b930-9f26a920599a', '2:30', 'Door To The River'),
('e68d4023-1297-461b-b930-9f26a920599a', '2:30', 'Everything Must Go'),
('e68d4023-1297-461b-b930-9f26a920599a', '2:30', 'Faster'),
('e68d4023-1297-461b-b930-9f26a920599a', '2:30', 'Little Baby Nothing'),
('e68d4023-1297-461b-b930-9f26a920599a', '2:30', 'Suicide Is Painless (Theme From Mash)'),
('e68d4023-1297-461b-b930-9f26a920599a', '2:30', 'So Why So Sad'),
('e68d4023-1297-461b-b930-9f26a920599a', '2:30', 'The Everlasting'),
('e68d4023-1297-461b-b930-9f26a920599a', '2:30', 'Motown Junk'),
('35898bf2-8c0e-4343-9e9c-4dd981ce06af', '2:30', 'The Pivoting Savage'),
('35898bf2-8c0e-4343-9e9c-4dd981ce06af', '2:30', 'Theme Theatre Performs'),
('35898bf2-8c0e-4343-9e9c-4dd981ce06af', '2:30', 'Knowledges Acknowledged'),
('35898bf2-8c0e-4343-9e9c-4dd981ce06af', '2:30', 'Wine Cant Do It, Wife Wont Do!'),
('35898bf2-8c0e-4343-9e9c-4dd981ce06af', '2:30', 'Delaugh Coin-Cookery'),
('35898bf2-8c0e-4343-9e9c-4dd981ce06af', '2:30', 'Red Lamp Of Slow-Willed Souls - Part One'),
('35898bf2-8c0e-4343-9e9c-4dd981ce06af', '2:30', 'Wonderful Warmhearted Flesh Donations'),
('35898bf2-8c0e-4343-9e9c-4dd981ce06af', '2:30', 'Dancing Music Thank Yous'),
('35898bf2-8c0e-4343-9e9c-4dd981ce06af', '2:30', 'Whos Gotten My Teething Cotton?'),
('35898bf2-8c0e-4343-9e9c-4dd981ce06af', '2:30', 'Crumblelegs And Cabins'),
('35898bf2-8c0e-4343-9e9c-4dd981ce06af', '2:30', 'Terrible Hunger For The Perfected Pie - Part One'),
('35898bf2-8c0e-4343-9e9c-4dd981ce06af', '2:30', 'Terrible Hunger For The Perfected Pie - Part Two'),
('35898bf2-8c0e-4343-9e9c-4dd981ce06af', '2:30', 'Pike And Carp Clasp And Hasp Jawels'),
('35898bf2-8c0e-4343-9e9c-4dd981ce06af', '2:30', 'Dirty Sawool'),
('35898bf2-8c0e-4343-9e9c-4dd981ce06af', '2:30', 'Horserider Suit'),
('35898bf2-8c0e-4343-9e9c-4dd981ce06af', '2:30', 'Terror Watched At The Thumbsized Sea'),
('35898bf2-8c0e-4343-9e9c-4dd981ce06af', '2:30', 'I Am Empty, Empty Eyes Switch'),
('35898bf2-8c0e-4343-9e9c-4dd981ce06af', '2:30', 'Red Lamp Of Slow-Willed Souls - Part Two'),
('35898bf2-8c0e-4343-9e9c-4dd981ce06af', '2:30', 'Quelling Gums'),
('35898bf2-8c0e-4343-9e9c-4dd981ce06af', '2:30', 'Arm Breaker'),
('35898bf2-8c0e-4343-9e9c-4dd981ce06af', '2:30', 'The Day Leaps Up And Down'),
('35898bf2-8c0e-4343-9e9c-4dd981ce06af', '2:30', 'Sign The Coffin And Be Done With Me'),
('99c32d1c-2316-4fe3-87a4-6ac575815189', '3:15', 'Walkin Blues'),
('99c32d1c-2316-4fe3-87a4-6ac575815189', '3:13', 'Get Out Of My Life, Woman'),
('99c32d1c-2316-4fe3-87a4-6ac575815189', '4:57', 'I Got A Mind To Give Up Living'),
('99c32d1c-2316-4fe3-87a4-6ac575815189', '2:18', 'All These Blues'),
('99c32d1c-2316-4fe3-87a4-6ac575815189', '7:53', 'Work Song'),
('99c32d1c-2316-4fe3-87a4-6ac575815189', '2:48', 'Mary, Mary'),
('99c32d1c-2316-4fe3-87a4-6ac575815189', '3:50', 'Two Trains Running'),
('99c32d1c-2316-4fe3-87a4-6ac575815189', '2:57', 'Never Say No'),
('99c32d1c-2316-4fe3-87a4-6ac575815189', '13:10', 'East-West'),
('02656dc2-3809-4b12-9ad8-6125e94e455e', '2:30', 'Ana Marija'),
('02656dc2-3809-4b12-9ad8-6125e94e455e', '2:30', 'Kada Ti Svi Okrenu Leđa'),
('7ccab5b1-d191-4aab-9b98-4c2b7e573b3f', '2:30', 'Todays Army'),
('7ccab5b1-d191-4aab-9b98-4c2b7e573b3f', '2:30', 'Wasteland'),
('7ccab5b1-d191-4aab-9b98-4c2b7e573b3f', '2:30', 'Metal Pressure'),
('7ccab5b1-d191-4aab-9b98-4c2b7e573b3f', '2:30', 'Middle Class Monotony'),
('7ccab5b1-d191-4aab-9b98-4c2b7e573b3f', '2:30', 'Nothing New'),
('7ccab5b1-d191-4aab-9b98-4c2b7e573b3f', '2:30', 'Home In A Grave'),
('7ccab5b1-d191-4aab-9b98-4c2b7e573b3f', '2:30', 'Empty Skulls'),
('8d564d2e-1e12-4267-8236-0886b2950aa7', '2:30', 'Assynt'),
('8d564d2e-1e12-4267-8236-0886b2950aa7', '2:30', 'Valdresfjellet'),
('1fd33260-5f2c-4fd4-ad2c-2221377f3a44', '2:30', 'Paradise'),
('1fd33260-5f2c-4fd4-ad2c-2221377f3a44', '2:30', 'Amazin'),
('1fd33260-5f2c-4fd4-ad2c-2221377f3a44', '2:30', 'After School'),
('1fd33260-5f2c-4fd4-ad2c-2221377f3a44', '2:30', 'Clockin Gs'),
('04674a25-380a-460e-860d-d07b8f1ff2d5', '2:30', 'Pokladni Utorak = Ruby Tuesday'),
('a0a7e474-9c0a-4c2c-bdac-cb02801ffde2', '2:30', 'Sandwich'),
('a0a7e474-9c0a-4c2c-bdac-cb02801ffde2', '2:30', 'Im So Excited'),
('a0a7e474-9c0a-4c2c-bdac-cb02801ffde2', '2:30', 'Welcome To The Show'),
('13d89805-1213-4fb3-b4d1-3a054df910c3', '4:51', 'Hip To Hoo'),
('13d89805-1213-4fb3-b4d1-3a054df910c3', '4:17', 'Kallalou Kallalou'),
('13d89805-1213-4fb3-b4d1-3a054df910c3', '4:07', 'Too Loud'),
('13d89805-1213-4fb3-b4d1-3a054df910c3', '4:14', 'Trouble Your Money'),
('13d89805-1213-4fb3-b4d1-3a054df910c3', '3:45', 'Pink And Black'),
('13d89805-1213-4fb3-b4d1-3a054df910c3', '4:43', 'Little By Little'),
('13d89805-1213-4fb3-b4d1-3a054df910c3', '5:09', 'Doo Doo A Do Do'),
('13d89805-1213-4fb3-b4d1-3a054df910c3', '4:35', 'Easily Lead'),
('13d89805-1213-4fb3-b4d1-3a054df910c3', '6:04', 'Sixes And Sevens'),
('29e3e99c-f1cc-4797-9333-dd42561b357d', '3:50', 'Youve Lost That Lovin Feelin'),
('29e3e99c-f1cc-4797-9333-dd42561b357d', '2:19', 'White Cliffs Of Dover'),
('29e3e99c-f1cc-4797-9333-dd42561b357d', '2:37', 'Georgia On My Mind'),
('29e3e99c-f1cc-4797-9333-dd42561b357d', '2:49', '(I Love You) For Sentimental Reasons'),
('29e3e99c-f1cc-4797-9333-dd42561b357d', '2:18', 'Youll Never Walk Alone'),
('29e3e99c-f1cc-4797-9333-dd42561b357d', '3:55', 'Just Once In My Life'),
('29e3e99c-f1cc-4797-9333-dd42561b357d', '3:35', 'Unchained Melody'),
('29e3e99c-f1cc-4797-9333-dd42561b357d', '2:12', 'See That Girl'),
('29e3e99c-f1cc-4797-9333-dd42561b357d', '2:46', 'Ebb Tide'),
('29e3e99c-f1cc-4797-9333-dd42561b357d', '2:31', 'Guess Who?'),
('29e3e99c-f1cc-4797-9333-dd42561b357d', '3:27', 'Hung On You'),
('29e3e99c-f1cc-4797-9333-dd42561b357d', '2:33', 'The Great Pretender'),
('f4464cdf-d4f6-46bf-b571-4b686a3a065c', '2:30', 'KaBogie'),
('f4464cdf-d4f6-46bf-b571-4b686a3a065c', '2:30', 'Faka'),
('72ebf33a-9112-4e0b-ba76-a4bc845de9c6', '4:08', 'My Silver'),
('72ebf33a-9112-4e0b-ba76-a4bc845de9c6', '6:02', 'Birthmarks'),
('72ebf33a-9112-4e0b-ba76-a4bc845de9c6', '5:27', 'Bread And Circuses'),
('72ebf33a-9112-4e0b-ba76-a4bc845de9c6', '5:46', 'Blind Spot'),
('72ebf33a-9112-4e0b-ba76-a4bc845de9c6', '5:08', 'Wreck'),
('72ebf33a-9112-4e0b-ba76-a4bc845de9c6', '5:00', 'Hide The Stars'),
('72ebf33a-9112-4e0b-ba76-a4bc845de9c6', '6:14', 'Shadow'),
('72ebf33a-9112-4e0b-ba76-a4bc845de9c6', '5:19', 'Black Ice'),
('72ebf33a-9112-4e0b-ba76-a4bc845de9c6', '5:15', 'Mirage'),
('117f1d8d-5e63-4b54-8548-68ce0f3429a5', '5:53', 'I Wonder Why'),
('65ead489-6030-4925-aadd-60cbefd1a4ac', '2:30', 'Its All James'),
('65ead489-6030-4925-aadd-60cbefd1a4ac', '2:30', 'Above The Skyline'),
('65ead489-6030-4925-aadd-60cbefd1a4ac', '2:30', 'Suckin Neck'),
('29950661-bc4f-4b35-82ec-a528930ff105', '2:30', 'Itsy Bitsy Teenie Weenie Yellow Polkadot Bikini'),
('29950661-bc4f-4b35-82ec-a528930ff105', '2:30', 'Dont Dilly Dally, Sally'),
('57f764d9-9a67-4ab3-ad83-c620d39a6c31', '2:30', 'My Name Is Acid'),
('57f764d9-9a67-4ab3-ad83-c620d39a6c31', '2:30', 'All In'),
('c6dd1813-ef90-4ed7-8c99-bacb8b62f402', '2:30', 'Hello, I Love You'),
('c6dd1813-ef90-4ed7-8c99-bacb8b62f402', '2:30', 'Light My Fire'),
('c6dd1813-ef90-4ed7-8c99-bacb8b62f402', '2:30', 'People Are Strange'),
('c6dd1813-ef90-4ed7-8c99-bacb8b62f402', '2:30', 'Love Me Two Times'),
('c6dd1813-ef90-4ed7-8c99-bacb8b62f402', '2:30', 'Riders On The Storm'),
('c6dd1813-ef90-4ed7-8c99-bacb8b62f402', '2:30', 'Break On Through'),
('c6dd1813-ef90-4ed7-8c99-bacb8b62f402', '2:30', 'Roadhouse Blues'),
('c6dd1813-ef90-4ed7-8c99-bacb8b62f402', '2:30', 'Not To Touch The Earth'),
('c6dd1813-ef90-4ed7-8c99-bacb8b62f402', '2:30', 'Touch Me'),
('c6dd1813-ef90-4ed7-8c99-bacb8b62f402', '2:30', 'L.A Woman'),
('f323b4e2-ba0f-4e09-898f-dc1b5bd51210', '8:22', 'Morricone (A Man And His Harmonica / Once Upon A Time In The West)'),
('f323b4e2-ba0f-4e09-898f-dc1b5bd51210', '5:40', 'Theme For Black Light'),
('f323b4e2-ba0f-4e09-898f-dc1b5bd51210', '0:58', 'Fifty Eight'),
('f323b4e2-ba0f-4e09-898f-dc1b5bd51210', '5:44', 'Tribute To Barry'),
('f323b4e2-ba0f-4e09-898f-dc1b5bd51210', '5:50', 'From Genesis To Exodus'),
('f323b4e2-ba0f-4e09-898f-dc1b5bd51210', '6:55', 'Lets Try Once Again (Instr.)'),
('a8b48873-5aba-48a8-b83c-d502db62948d', '2:30', 'Nita Gitana'),
('43583547-f54e-44c7-82a8-7c23505b07f6', '3:32', 'Hlavní Téma (Main Theme'),
('43583547-f54e-44c7-82a8-7c23505b07f6', '1:03', 'Dies Irae'),
('43583547-f54e-44c7-82a8-7c23505b07f6', '1:43', 'Striptease I'),
('43583547-f54e-44c7-82a8-7c23505b07f6', '2:32', 'Tango V Hotelu René / Tango At The Hotel René'),
('43583547-f54e-44c7-82a8-7c23505b07f6', '3:12', 'Úzkost I / Anxiety I'),
('43583547-f54e-44c7-82a8-7c23505b07f6', '2:48', 'Barpult V Bordelu / Bar In The Brothel'),
('43583547-f54e-44c7-82a8-7c23505b07f6', '2:27', 'Striptease I'),
('43583547-f54e-44c7-82a8-7c23505b07f6', '4:15', 'Ty Seš Moje Domina / You Are My Domina'),
('43583547-f54e-44c7-82a8-7c23505b07f6', '2:30', 'Úzkost II / Anxiety II'),
('43583547-f54e-44c7-82a8-7c23505b07f6', '1:30', 'Vražda V Metru / Murder In The Metro'),
('43583547-f54e-44c7-82a8-7c23505b07f6', '2:24', 'Lacrimosa'),
('43583547-f54e-44c7-82a8-7c23505b07f6', '2:35', 'Klárka V Hotelovém Pokoji / Klárka In The Hotel Room'),
('43583547-f54e-44c7-82a8-7c23505b07f6', '1:44', 'Motiv Klárky / Melody Of Klárka'),
('43583547-f54e-44c7-82a8-7c23505b07f6', '1:10', 'Klaun / The Clown'),
('43583547-f54e-44c7-82a8-7c23505b07f6', '1:53', 'Úzkost III / Anxiety III'),
('43583547-f54e-44c7-82a8-7c23505b07f6', '1:42', 'Striptease III'),
('43583547-f54e-44c7-82a8-7c23505b07f6', '2:43', 'Fontána / The Fountain'),
('43583547-f54e-44c7-82a8-7c23505b07f6', '1:23', 'Erotika'),
('43583547-f54e-44c7-82a8-7c23505b07f6', '1:44', 'Chodba V Bordelu / The Hallway In The Brothel'),
('43583547-f54e-44c7-82a8-7c23505b07f6', '2:09', 'Nuselský Most / Nusle Bridge'),
('43583547-f54e-44c7-82a8-7c23505b07f6', '2:23', 'Foyer Divadla / Theater Foyer'),
('43583547-f54e-44c7-82a8-7c23505b07f6', '1:55', 'Šváb / Cockroach'),
('43583547-f54e-44c7-82a8-7c23505b07f6', '3:42', 'Národní Třída / National Avenue'),
('43583547-f54e-44c7-82a8-7c23505b07f6', '4:44', 'Závěrečné Titulky / Closing Theme'),
('43583547-f54e-44c7-82a8-7c23505b07f6', '2:30', 'Bonus Track'),
('43583547-f54e-44c7-82a8-7c23505b07f6', '3:41', 'Neotvírej Dům / Dont Open The Door'),
('ea175b27-940a-4eb1-bd05-91425c358ada', '2:30', 'Александар'),
('ea175b27-940a-4eb1-bd05-91425c358ada', '2:30', 'Константинопол'),
('ea175b27-940a-4eb1-bd05-91425c358ada', '2:30', 'Здив'),
('ea175b27-940a-4eb1-bd05-91425c358ada', '2:30', 'Авраамово Воинство (Дел 1)'),
('ea175b27-940a-4eb1-bd05-91425c358ada', '2:30', 'Бело Море'),
('ea175b27-940a-4eb1-bd05-91425c358ada', '2:30', 'Бродови Пловеа'),
('ea175b27-940a-4eb1-bd05-91425c358ada', '2:30', 'Ходѧ́ Жє'),
('ea175b27-940a-4eb1-bd05-91425c358ada', '2:30', 'Пролет Под Земјата'),
('ea175b27-940a-4eb1-bd05-91425c358ada', '2:30', 'Земја'),
('ea175b27-940a-4eb1-bd05-91425c358ada', '2:30', 'Авраамово Воинство (Дел 2)'),
('f223b83d-541e-4a8b-996a-076bcbbc3021', '3:26', 'Fallout'),
('f223b83d-541e-4a8b-996a-076bcbbc3021', '2:05', 'Atomic Destruktor'),
('f223b83d-541e-4a8b-996a-076bcbbc3021', '2:34', 'Deathmaster'),
('f223b83d-541e-4a8b-996a-076bcbbc3021', '3:33', 'Metal Attack'),
('f223b83d-541e-4a8b-996a-076bcbbc3021', '2:10', '666'),
('f223b83d-541e-4a8b-996a-076bcbbc3021', '4:32', 'Outbreak Of Evil'),
('f223b83d-541e-4a8b-996a-076bcbbc3021', '2:39', 'Witching Metal'),
('f223b83d-541e-4a8b-996a-076bcbbc3021', '2:38', 'Burst Command Til War'),
('aabb44b6-4fe7-4942-82a7-6bd7a74a7497', '2:30', 'A.O.G.'),
('aabb44b6-4fe7-4942-82a7-6bd7a74a7497', '2:30', 'Laar, etu Laar'),
('aabb44b6-4fe7-4942-82a7-6bd7a74a7497', '2:30', 'Uzah'),
('aabb44b6-4fe7-4942-82a7-6bd7a74a7497', '2:30', 'Izerim'),
('aabb44b6-4fe7-4942-82a7-6bd7a74a7497', '2:30', 'Ydal (I.D.)'),
('aabb44b6-4fe7-4942-82a7-6bd7a74a7497', '2:30', 'Siotrom'),
('aabb44b6-4fe7-4942-82a7-6bd7a74a7497', '2:30', 'Dergodarlam'),
('aabb44b6-4fe7-4942-82a7-6bd7a74a7497', '2:30', 'C´hemeth'),
('aabb44b6-4fe7-4942-82a7-6bd7a74a7497', '2:30', 'Esmeth'),
('aabb44b6-4fe7-4942-82a7-6bd7a74a7497', '2:30', 'Anlaid'),
('9ca4c552-2abc-4b71-813a-9285158930fe', '2:30', 'Opet Ti, Opet Ti'),
('9ca4c552-2abc-4b71-813a-9285158930fe', '2:30', 'Idi, Idi'),
('bdc837a8-def5-4f21-bd75-e30b6e9ce9d8', '5:40', 'Send Down The Rain'),
('bdc837a8-def5-4f21-bd75-e30b6e9ce9d8', '5:45', 'Redemption Song'),
('bdc837a8-def5-4f21-bd75-e30b6e9ce9d8', '6:30', 'Let Righteousness Cover The Earth'),
('bdc837a8-def5-4f21-bd75-e30b6e9ce9d8', '6:00', 'Africans Keep Your Culture'),
('bdc837a8-def5-4f21-bd75-e30b6e9ce9d8', '4:20', 'Genesis'),
('bdc837a8-def5-4f21-bd75-e30b6e9ce9d8', '4:18', 'Ive Got The Feeling'),
('bdc837a8-def5-4f21-bd75-e30b6e9ce9d8', '4:02', 'Hey Mr. Morning'),
('bdc837a8-def5-4f21-bd75-e30b6e9ce9d8', '5:34', 'Police Brutality'),
('bdc837a8-def5-4f21-bd75-e30b6e9ce9d8', '5:00', 'Prisoner Of Conscience'),
('f9fe65e0-c4e3-4889-98d4-9c787564f4e2', '2:30', 'Sweet Seventeen'),
('f9fe65e0-c4e3-4889-98d4-9c787564f4e2', '2:30', 'End Of Love'),
('f9fe65e0-c4e3-4889-98d4-9c787564f4e2', '2:30', 'Kick-Ass Usa'),
('6ff705ba-6517-4565-878b-759d0ae78d3c', '2:30', 'I Told You So'),
('f72f1aca-3233-421a-86b4-367a1764fa82', '2:30', 'Intro'),
('f72f1aca-3233-421a-86b4-367a1764fa82', '2:30', 'Mecca And The Soul Brother'),
('f72f1aca-3233-421a-86b4-367a1764fa82', '2:30', 'If The Papes Come'),
('f72f1aca-3233-421a-86b4-367a1764fa82', '2:30', 'Road To The Riches'),
('f72f1aca-3233-421a-86b4-367a1764fa82', '2:30', 'Jimbrowski (Blend)'),
('f72f1aca-3233-421a-86b4-367a1764fa82', '2:30', 'I Gotta Have It'),
('f72f1aca-3233-421a-86b4-367a1764fa82', '2:30', 'Times Up (Blend)'),
('f72f1aca-3233-421a-86b4-367a1764fa82', '2:30', 'It Aint Hard To Tell (Remix)'),
('f72f1aca-3233-421a-86b4-367a1764fa82', '2:30', '5 Men And A Mic'),
('f72f1aca-3233-421a-86b4-367a1764fa82', '2:30', 'Reign Of The Tec'),
('f72f1aca-3233-421a-86b4-367a1764fa82', '2:30', 'Sound Of Da Police'),
('f72f1aca-3233-421a-86b4-367a1764fa82', '2:30', 'Saturday Night Live'),
('f72f1aca-3233-421a-86b4-367a1764fa82', '2:30', 'Live At The BBQ'),
('f72f1aca-3233-421a-86b4-367a1764fa82', '2:30', 'Who Got Da Props'),
('f72f1aca-3233-421a-86b4-367a1764fa82', '2:30', 'Sally'),
('f72f1aca-3233-421a-86b4-367a1764fa82', '2:30', 'Dwyck'),
('f72f1aca-3233-421a-86b4-367a1764fa82', '2:30', 'Dwyck (Remix)'),
('f72f1aca-3233-421a-86b4-367a1764fa82', '2:30', 'Let Me Turn You On'),
('f72f1aca-3233-421a-86b4-367a1764fa82', '2:30', 'Saturdays'),
('f72f1aca-3233-421a-86b4-367a1764fa82', '2:30', 'One To Grow On'),
('f72f1aca-3233-421a-86b4-367a1764fa82', '2:30', 'Fakin The Funk'),
('f72f1aca-3233-421a-86b4-367a1764fa82', '2:30', 'Spellbound'),
('f72f1aca-3233-421a-86b4-367a1764fa82', '2:30', 'Scenario (Remix)'),
('f72f1aca-3233-421a-86b4-367a1764fa82', '2:30', 'Like A Throttle'),
('f72f1aca-3233-421a-86b4-367a1764fa82', '2:30', 'Just To Get A Rep (Blend)'),
('f72f1aca-3233-421a-86b4-367a1764fa82', '2:30', 'Come Clean'),
('f72f1aca-3233-421a-86b4-367a1764fa82', '2:30', 'Shut Em Down'),
('f72f1aca-3233-421a-86b4-367a1764fa82', '2:30', 'Funky Enough (Blend)'),
('f72f1aca-3233-421a-86b4-367a1764fa82', '2:30', 'Afro Puffs'),
('f72f1aca-3233-421a-86b4-367a1764fa82', '2:30', 'Tell Ya Bitch To Come Here'),
('f72f1aca-3233-421a-86b4-367a1764fa82', '2:30', 'Growin Up In The Hood'),
('f72f1aca-3233-421a-86b4-367a1764fa82', '2:30', 'Ill Street Blues'),
('f72f1aca-3233-421a-86b4-367a1764fa82', '2:30', 'Flow Joe'),
('f72f1aca-3233-421a-86b4-367a1764fa82', '2:30', 'Passin Me By (Blend)'),
('f72f1aca-3233-421a-86b4-367a1764fa82', '2:30', 'Butter'),
('f72f1aca-3233-421a-86b4-367a1764fa82', '2:30', 'Young, Gifted And Black'),
('54676448-f1ff-4573-a70b-0baa1a06abc7', '4:14', 'Lucid Dreaming'),
('54676448-f1ff-4573-a70b-0baa1a06abc7', '5:39', 'Hydroponic Garden'),
('54676448-f1ff-4573-a70b-0baa1a06abc7', '5:05', 'Sacred Mushrooms'),
('54676448-f1ff-4573-a70b-0baa1a06abc7', '3:48', 'We Are All One'),
('54676448-f1ff-4573-a70b-0baa1a06abc7', '4:09', 'Spaced Out'),
('54676448-f1ff-4573-a70b-0baa1a06abc7', '3:06', 'Lost'),
('54676448-f1ff-4573-a70b-0baa1a06abc7', '3:41', 'Ecstasy'),
('54676448-f1ff-4573-a70b-0baa1a06abc7', '4:10', 'Ego Death'),
('54676448-f1ff-4573-a70b-0baa1a06abc7', '3:24', 'Nirvana'),
('54676448-f1ff-4573-a70b-0baa1a06abc7', '3:44', 'The Psychedelic Experience Pt. I'),
('54676448-f1ff-4573-a70b-0baa1a06abc7', '3:01', 'The Psychedelic Experience Pt. II'),
('2cdcf2e2-6d4a-4f4a-b6c8-845a682de750', '3:23', 'These Days'),
('2cdcf2e2-6d4a-4f4a-b6c8-845a682de750', '1:56', 'Candidate'),
('2cdcf2e2-6d4a-4f4a-b6c8-845a682de750', '3:40', 'The Only Mistake'),
('2cdcf2e2-6d4a-4f4a-b6c8-845a682de750', '4:48', 'Chance (Atmosphere)'),
('2cdcf2e2-6d4a-4f4a-b6c8-845a682de750', '4:15', 'Atrocity Exhibition'),
('2cdcf2e2-6d4a-4f4a-b6c8-845a682de750', '2:10', 'Passover'),
('2cdcf2e2-6d4a-4f4a-b6c8-845a682de750', '4:30', 'New Dawn Fades'),
('2cdcf2e2-6d4a-4f4a-b6c8-845a682de750', '3:29', 'Transmission'),
('2cdcf2e2-6d4a-4f4a-b6c8-845a682de750', '4:03', 'Novelty'),
('2cdcf2e2-6d4a-4f4a-b6c8-845a682de750', '4:54', 'Dead Souls'),
('2cdcf2e2-6d4a-4f4a-b6c8-845a682de750', '2:50', 'Something Must Break'),
('2cdcf2e2-6d4a-4f4a-b6c8-845a682de750', '4:04', 'Auto-Suggestion'),
('2cdcf2e2-6d4a-4f4a-b6c8-845a682de750', '5:32', 'I Remember Nothing'),
('757f2092-9421-4756-afcd-fd60ed7bc2b8', '4:01', 'Mad Props (Remix 2)'),
('757f2092-9421-4756-afcd-fd60ed7bc2b8', '3:56', 'Mad Props (Remix 1)'),
('757f2092-9421-4756-afcd-fd60ed7bc2b8', '4:18', 'Mad Props (Album Version)'),
('757f2092-9421-4756-afcd-fd60ed7bc2b8', '4:02', 'Mad Props (Remix 2 Instrumental)'),
('757f2092-9421-4756-afcd-fd60ed7bc2b8', '4:12', 'No More Hard Times (Remix)'),
('757f2092-9421-4756-afcd-fd60ed7bc2b8', '4:12', 'No More Hard Times (Remix Instrumental)'),
('757f2092-9421-4756-afcd-fd60ed7bc2b8', '4:12', 'No More Hard Times (Album Version)'),
('757f2092-9421-4756-afcd-fd60ed7bc2b8', '3:59', 'Mad Props (A Cappella)'),
('a5030a41-2b1d-4068-9bc2-770ee078761d', '3:17', 'The Man I Love'),
('a5030a41-2b1d-4068-9bc2-770ee078761d', '4:08', 'Rhapsody In Blue (Edit)'),
('d740be41-7012-4d8b-a55d-2114f8166bca', '4:41', 'Never Shouldve Let You Go'),
('d740be41-7012-4d8b-a55d-2114f8166bca', '4:25', 'Miss U Girl'),
('d740be41-7012-4d8b-a55d-2114f8166bca', '4:44', 'Im In Need'),
('d740be41-7012-4d8b-a55d-2114f8166bca', '5:07', 'Faithful'),
('d740be41-7012-4d8b-a55d-2114f8166bca', '4:28', 'What Can I Say To You (To Justify My Love)'),
('d740be41-7012-4d8b-a55d-2114f8166bca', '5:01', 'Ready 4 U 2 Love'),
('d740be41-7012-4d8b-a55d-2114f8166bca', '4:41', 'As One'),
('d740be41-7012-4d8b-a55d-2114f8166bca', '5:04', 'Unconditional Love'),
('46c8d9b6-c7c8-44c2-8e91-664b109e2503', '2:30', 'Sweet Caroline'),
('46c8d9b6-c7c8-44c2-8e91-664b109e2503', '2:30', 'Kentucky Woman'),
('d887ab38-3cb5-4491-b634-de3d29cf1a93', '3:55', 'A Better Land'),
('d887ab38-3cb5-4491-b634-de3d29cf1a93', '3:36', 'You Are Not Forgotten'),
('d887ab38-3cb5-4491-b634-de3d29cf1a93', '2:42', 'Into Glory They Ride'),
('d887ab38-3cb5-4491-b634-de3d29cf1a93', '2:40', 'Our Land, Not Your Land'),
('d887ab38-3cb5-4491-b634-de3d29cf1a93', '2:40', 'Mr. Down On His Luck'),
('d887ab38-3cb5-4491-b634-de3d29cf1a93', '2:35', 'Justice For Daniel Faulkner (Instrumental)'),
('d887ab38-3cb5-4491-b634-de3d29cf1a93', '2:29', 'Only The Strong Survive'),
('d887ab38-3cb5-4491-b634-de3d29cf1a93', '2:48', 'Forever Your Honor Is True'),
('d887ab38-3cb5-4491-b634-de3d29cf1a93', '2:02', 'Carolina - The Local Soverignty Song'),
('d887ab38-3cb5-4491-b634-de3d29cf1a93', '1:06', 'Traitor Town U.S.A.'),
('d887ab38-3cb5-4491-b634-de3d29cf1a93', '2:36', 'Just Cant Last One More Day'),
('d887ab38-3cb5-4491-b634-de3d29cf1a93', '7:30', 'Keep You Alive'),
('f9626dd3-87dd-4b35-b738-9cf473b919c8', '5:51', 'One Step At A Time'),
('f9626dd3-87dd-4b35-b738-9cf473b919c8', '6:34', 'You Gotta Keep Gotta Keep Dancin'),
('f9626dd3-87dd-4b35-b738-9cf473b919c8', '6:25', 'Two Can Do It'),
('f9626dd3-87dd-4b35-b738-9cf473b919c8', '5:52', 'Scratch My Back'),
('f9626dd3-87dd-4b35-b738-9cf473b919c8', '5:34', 'Rock Me,Baby (Like My Back Aint Got No Bone)'),
('f9626dd3-87dd-4b35-b738-9cf473b919c8', '3:40', 'After The Ball'),
('f9626dd3-87dd-4b35-b738-9cf473b919c8', '2:30', 'The Buggs'),
('97cb211d-6cc3-4469-a60c-a2127cae22af', '3:35', 'Paradise (Remix)'),
('97cb211d-6cc3-4469-a60c-a2127cae22af', '4:03', 'Super Bien Total'),
('7800209c-9a38-498e-8514-75dd38164ec5', '4:09', 'White Bird'),
('7800209c-9a38-498e-8514-75dd38164ec5', '3:03', 'Come Back, Sweet Lady-Oh'),
('429f3d6c-9cb1-4b63-a030-e1fdfbb9ab0d', '2:50', 'KRS-ONE Attacks'),
('429f3d6c-9cb1-4b63-a030-e1fdfbb9ab0d', '4:28', 'Outta Here'),
('429f3d6c-9cb1-4b63-a030-e1fdfbb9ab0d', '2:59', 'Black Cop'),
('429f3d6c-9cb1-4b63-a030-e1fdfbb9ab0d', '3:19', 'Mortal Thought'),
('429f3d6c-9cb1-4b63-a030-e1fdfbb9ab0d', '3:34', 'I Cant Wake Up'),
('429f3d6c-9cb1-4b63-a030-e1fdfbb9ab0d', '3:58', 'Slap Them Up'),
('429f3d6c-9cb1-4b63-a030-e1fdfbb9ab0d', '4:18', 'Sound Of Da Police'),
('429f3d6c-9cb1-4b63-a030-e1fdfbb9ab0d', '4:24', 'Mad Crew'),
('429f3d6c-9cb1-4b63-a030-e1fdfbb9ab0d', '4:05', 'Uh Oh'),
('429f3d6c-9cb1-4b63-a030-e1fdfbb9ab0d', '4:38', 'Brown Skin Woman'),
('429f3d6c-9cb1-4b63-a030-e1fdfbb9ab0d', '3:46', 'Return Of The Boom Bap'),
('429f3d6c-9cb1-4b63-a030-e1fdfbb9ab0d', '4:56', '"P" Is Still Free'),
('429f3d6c-9cb1-4b63-a030-e1fdfbb9ab0d', '3:19', 'Stop Frontin'),
('429f3d6c-9cb1-4b63-a030-e1fdfbb9ab0d', '5:13', 'Higher Level'),
('ecf25433-9798-4db4-82d5-f15e9901627c', '2:30', 'Marge'),
('ecf25433-9798-4db4-82d5-f15e9901627c', '2:30', 'So Ugly'),
('ecf25433-9798-4db4-82d5-f15e9901627c', '2:30', 'Houses For The Homeless'),
('ecf25433-9798-4db4-82d5-f15e9901627c', '2:30', 'Marigold'),
('ecf25433-9798-4db4-82d5-f15e9901627c', '2:30', 'Revival'),
('ecf25433-9798-4db4-82d5-f15e9901627c', '2:30', 'On The Bog'),
('ecf25433-9798-4db4-82d5-f15e9901627c', '2:30', 'Dead In The Head'),
('ecf25433-9798-4db4-82d5-f15e9901627c', '2:30', 'Simba Lion'),
('ecf25433-9798-4db4-82d5-f15e9901627c', '2:30', 'Face Value'),
('ecf25433-9798-4db4-82d5-f15e9901627c', '2:30', 'Ignorant Bastards'),
('ecf25433-9798-4db4-82d5-f15e9901627c', '2:30', 'So Tough'),
('ecf25433-9798-4db4-82d5-f15e9901627c', '2:30', 'Cockroach Salad'),
('ecf25433-9798-4db4-82d5-f15e9901627c', '2:30', 'Born Again'),
('ecf25433-9798-4db4-82d5-f15e9901627c', '2:30', 'We Got You'),
('1a7a0f9d-5abf-437a-8652-f6b18b2b0532', '2:30', 'Unutmasen'),
('1a7a0f9d-5abf-437a-8652-f6b18b2b0532', '2:30', 'Her Akşam'),
('ddf81ac1-4519-4286-862c-ff097c5e4bf9', '2:30', 'How Dare You'),
('ddf81ac1-4519-4286-862c-ff097c5e4bf9', '2:30', 'Witches'),
('ddf81ac1-4519-4286-862c-ff097c5e4bf9', '2:30', 'Thought Transference'),
('ddf81ac1-4519-4286-862c-ff097c5e4bf9', '2:30', 'Spacelab'),
('ddf81ac1-4519-4286-862c-ff097c5e4bf9', '2:30', 'Spaceships'),
('ddf81ac1-4519-4286-862c-ff097c5e4bf9', '2:30', 'Friends'),
('ddf81ac1-4519-4286-862c-ff097c5e4bf9', '2:30', 'Monorail'),
('ddf81ac1-4519-4286-862c-ff097c5e4bf9', '2:30', 'The Sea'),
('ddf81ac1-4519-4286-862c-ff097c5e4bf9', '2:30', 'Sleep'),
('ddf81ac1-4519-4286-862c-ff097c5e4bf9', '2:30', 'Nothings For Free'),
('c20b304f-2aa7-4335-bc87-39613157bbc4', '2:30', 'Yes Tonight, Josephine'),
('c20b304f-2aa7-4335-bc87-39613157bbc4', '2:40', 'Just Walkin In The Rain'),
('18a65d1a-bca0-42c2-ac35-ca1be871ddd4', '2:30', 'Smash Your Head Off'),
('18a65d1a-bca0-42c2-ac35-ca1be871ddd4', '2:30', 'Byddy, Buddy'),
('18a65d1a-bca0-42c2-ac35-ca1be871ddd4', '2:30', 'My Job'),
('18a65d1a-bca0-42c2-ac35-ca1be871ddd4', '2:30', 'Still Not Going'),
('de126ddc-edb9-4692-a76d-3410dd4ec3cc', '7:23', 'Vyatka At Night (Original Mix)'),
('de126ddc-edb9-4692-a76d-3410dd4ec3cc', '7:32', 'Vyatka At Night (Pierre Pienaar Remix)'),
('55b50722-08e6-4484-8a61-09ddb274705a', '8:16', 'Night Waves'),
('55b50722-08e6-4484-8a61-09ddb274705a', '7:18', 'Moonlight'),
('55b50722-08e6-4484-8a61-09ddb274705a', '7:17', 'Milepost'),
('55b50722-08e6-4484-8a61-09ddb274705a', '5:48', 'Lowland'),
('55b50722-08e6-4484-8a61-09ddb274705a', '8:28', 'Flowers Of Life'),
('55b50722-08e6-4484-8a61-09ddb274705a', '6:40', 'Morning Mist'),
('55b50722-08e6-4484-8a61-09ddb274705a', '7:45', 'Changes'),
('55b50722-08e6-4484-8a61-09ddb274705a', '7:50', 'City At Night'),
('55b50722-08e6-4484-8a61-09ddb274705a', '8:46', 'Over The Sky'),
('55b50722-08e6-4484-8a61-09ddb274705a', '7:30', 'Wintertime'),
('55b50722-08e6-4484-8a61-09ddb274705a', '2:30', 'Bonus Track'),
('55b50722-08e6-4484-8a61-09ddb274705a', '6:05', 'Influx'),
('6ebca75f-33aa-444e-bd1a-be0a3d0aed22', '3:52', 'Hou Je Kop! (Hold You Back)'),
('6ebca75f-33aa-444e-bd1a-be0a3d0aed22', '3:31', 'De Handelaar (The Wanderer)'),
('6ebca75f-33aa-444e-bd1a-be0a3d0aed22', '3:34', 'Rocken Op De Hollandse Klei (Rockin All Over The World)'),
('6ebca75f-33aa-444e-bd1a-be0a3d0aed22', '3:41', 'Helène (Again And Again)'),
('6ebca75f-33aa-444e-bd1a-be0a3d0aed22', '3:52', 'Nou Nou (Down Down)'),
('6ebca75f-33aa-444e-bd1a-be0a3d0aed22', '4:38', 'Wat Doet Ie T Goed (Roll Over Lay Down)'),
('6ebca75f-33aa-444e-bd1a-be0a3d0aed22', '3:53', 'Dikke Sjaak (Fuckin Bossche Bol) (Caroline)'),
('6ebca75f-33aa-444e-bd1a-be0a3d0aed22', '3:34', 'Wat Je Maar Wilt (Whatever You Want)'),
('6ebca75f-33aa-444e-bd1a-be0a3d0aed22', '4:27', 'Ode Aan De Bouw (Sjouwen, Bouwen) (Rain)'),
('6ebca75f-33aa-444e-bd1a-be0a3d0aed22', '4:06', 'Je Zit Op Rozen (What Youre Proposin)'),
('6ebca75f-33aa-444e-bd1a-be0a3d0aed22', '3:32', 'Dat Is Niks Voor Mij (Wild Side Of Life)'),
('6ebca75f-33aa-444e-bd1a-be0a3d0aed22', '3:37', 'De Quo Party'),
('bcd0b5b5-cba2-4c46-8534-90a432bcc361', '5:57', 'Sun Oh Son'),
('bcd0b5b5-cba2-4c46-8534-90a432bcc361', '4:32', 'Lonely Feelin'),
('bcd0b5b5-cba2-4c46-8534-90a432bcc361', '6:43', 'Back Home'),
('bcd0b5b5-cba2-4c46-8534-90a432bcc361', '3:52', 'War Drums'),
('bcd0b5b5-cba2-4c46-8534-90a432bcc361', '8:03', 'Vibeka'),
('bcd0b5b5-cba2-4c46-8534-90a432bcc361', '11:03', 'Fidels Fantasy'),
('68085960-3389-40f9-9004-a4abafcd163d', '2:30', 'Scream'),
('68085960-3389-40f9-9004-a4abafcd163d', '2:30', 'They Dont Care About Us'),
('68085960-3389-40f9-9004-a4abafcd163d', '2:30', 'In The Closet'),
('68085960-3389-40f9-9004-a4abafcd163d', '2:30', 'Wanna Be Startin Somethin'),
('68085960-3389-40f9-9004-a4abafcd163d', '2:30', 'Stranger In Moscow'),
('68085960-3389-40f9-9004-a4abafcd163d', '2:30', 'Smooth Criminal'),
('68085960-3389-40f9-9004-a4abafcd163d', '2:30', 'You Are Not Alone'),
('68085960-3389-40f9-9004-a4abafcd163d', '2:30', 'The Way You MAke Me Feel'),
('68085960-3389-40f9-9004-a4abafcd163d', '2:30', 'Jackson 5 Medley'),
('68085960-3389-40f9-9004-a4abafcd163d', '2:30', 'Ill Be There'),
('68085960-3389-40f9-9004-a4abafcd163d', '2:30', 'Black Or White'),
('06b87389-55a4-4607-9e49-23f8f0f68be3', '4:42', 'Ill Be Waiting'),
('06b87389-55a4-4607-9e49-23f8f0f68be3', '5:01', 'Wish Upon A Star'),
('06b87389-55a4-4607-9e49-23f8f0f68be3', '4:27', 'Guide My Energy (Parts 1 & 2)'),
('06b87389-55a4-4607-9e49-23f8f0f68be3', '2:57', 'Say Girl'),
('06b87389-55a4-4607-9e49-23f8f0f68be3', '3:48', 'Responsibility'),
('06b87389-55a4-4607-9e49-23f8f0f68be3', '2:49', 'Kerri'),
('06b87389-55a4-4607-9e49-23f8f0f68be3', '4:10', 'Leslie'),
('06b87389-55a4-4607-9e49-23f8f0f68be3', '4:07', 'Wreck My Mind'),
('06b87389-55a4-4607-9e49-23f8f0f68be3', '3:59', 'Debbies Theme'),
('06b87389-55a4-4607-9e49-23f8f0f68be3', '3:40', 'Tell Me About It, "Slim"'),
('1d9dcba1-74c4-4ce1-8641-0679875d2e1b', '3:16', 'Company'),
('1d9dcba1-74c4-4ce1-8641-0679875d2e1b', '4:19', 'Ariel'),
('1d9dcba1-74c4-4ce1-8641-0679875d2e1b', '4:17', 'Solitaire'),
('1d9dcba1-74c4-4ce1-8641-0679875d2e1b', '2:58', 'Woman Of Mine'),
('1d9dcba1-74c4-4ce1-8641-0679875d2e1b', '3:43', 'Song For My Mother'),
('1d9dcba1-74c4-4ce1-8641-0679875d2e1b', '4:38', 'The Letter'),
('1d9dcba1-74c4-4ce1-8641-0679875d2e1b', '3:16', 'I May Be Young'),
('1d9dcba1-74c4-4ce1-8641-0679875d2e1b', '2:41', 'Humor Me'),
('1d9dcba1-74c4-4ce1-8641-0679875d2e1b', '2:17', 'Funny Papers'),
('1d9dcba1-74c4-4ce1-8641-0679875d2e1b', '3:24', 'Love Is Not Enough'),
('3f1ff452-3ac0-4380-af19-6e910977b319', '2:11', 'Satchel'),
('3f1ff452-3ac0-4380-af19-6e910977b319', '4:42', 'American Executive'),
('3f1ff452-3ac0-4380-af19-6e910977b319', '2:17', 'Perfect Cake'),
('3f1ff452-3ac0-4380-af19-6e910977b319', '1:22', 'Stephasaurus'),
('3f1ff452-3ac0-4380-af19-6e910977b319', '1:57', 'Camp Jack Hazard'),
('e2fff065-32b8-4c84-83d7-1b62263a05f8', '2:54', 'Suspicious Icons'),
('e2fff065-32b8-4c84-83d7-1b62263a05f8', '2:12', 'Lackluster Blooms'),
('e2fff065-32b8-4c84-83d7-1b62263a05f8', '2:55', 'Inhuman Resources'),
('e2fff065-32b8-4c84-83d7-1b62263a05f8', '2:33', 'The Rise Of Phantom White'),
('e2fff065-32b8-4c84-83d7-1b62263a05f8', '2:35', 'Riposte In Pieces'),
('e2fff065-32b8-4c84-83d7-1b62263a05f8', '2:12', 'Gamma Free'),
('e2fff065-32b8-4c84-83d7-1b62263a05f8', '1:46', 'The Paper Blanket'),
('e2fff065-32b8-4c84-83d7-1b62263a05f8', '3:11', 'Tears Of The Siren'),
('e2fff065-32b8-4c84-83d7-1b62263a05f8', '2:09', 'Suffering Submarines'),
('e2fff065-32b8-4c84-83d7-1b62263a05f8', '3:18', 'Roiling The Panacea'),
('afcc2716-7e13-41ec-88b9-75fb4c627845', '6:35', 'Love Me (Deep Moan Mix)'),
('afcc2716-7e13-41ec-88b9-75fb4c627845', '3:35', 'Love Me ("E" Dub)'),
('afcc2716-7e13-41ec-88b9-75fb4c627845', '4:10', 'Love Me (Love Dub)'),
('afcc2716-7e13-41ec-88b9-75fb4c627845', '4:22', 'Crowdz Jumpin (Jump Mix)'),
('afcc2716-7e13-41ec-88b9-75fb4c627845', '6:10', 'Crowdz Jumpin (Dub)'),
('afcc2716-7e13-41ec-88b9-75fb4c627845', '4:40', 'Let The Heat Come In'),
('fdbc0276-98c8-409c-98ef-507f7c4c91af', '7:35', 'Yerusha (Original Mix)'),
('8981de9e-b038-4bee-a6cc-8320e1adad32', '2:30', 'Love And Loneliness'),
('8981de9e-b038-4bee-a6cc-8320e1adad32', '2:30', 'Time For Make Up'),
('f615a6d0-3ef6-4e40-acf1-fbc92cf2c25a', '2:30', 'Youre Invited (But Your Friend Cant Come)'),
('f615a6d0-3ef6-4e40-acf1-fbc92cf2c25a', '2:30', 'Wild Thing'),
('f615a6d0-3ef6-4e40-acf1-fbc92cf2c25a', '2:30', 'Stone Cold Crazy'),
('f615a6d0-3ef6-4e40-acf1-fbc92cf2c25a', '2:30', 'Mama Said Knock You Out'),
('f615a6d0-3ef6-4e40-acf1-fbc92cf2c25a', '2:30', 'You Turn Me On'),
('f615a6d0-3ef6-4e40-acf1-fbc92cf2c25a', '2:30', 'Treaty (Filthy Lucre Radio Mix)'),
('f615a6d0-3ef6-4e40-acf1-fbc92cf2c25a', '2:30', 'Feed The Monkey'),
('f615a6d0-3ef6-4e40-acf1-fbc92cf2c25a', '2:30', 'Wooly Bully'),
('f615a6d0-3ef6-4e40-acf1-fbc92cf2c25a', '2:30', 'Frankenstein'),
('f615a6d0-3ef6-4e40-acf1-fbc92cf2c25a', '2:30', 'Young And Dumb'),
('f615a6d0-3ef6-4e40-acf1-fbc92cf2c25a', '2:30', 'Whyd You Want Me'),
('f615a6d0-3ef6-4e40-acf1-fbc92cf2c25a', '2:30', 'Get The Hell Out Of Here'),
('f615a6d0-3ef6-4e40-acf1-fbc92cf2c25a', '2:30', 'Leave My Curl Alone'),
('f615a6d0-3ef6-4e40-acf1-fbc92cf2c25a', '2:30', 'Luxury Cruiser'),
('f615a6d0-3ef6-4e40-acf1-fbc92cf2c25a', '2:30', 'Cool Hand Loc'),
('9f9e7be1-5512-44b9-a7c1-cbbcb6b14bd8', '2:30', 'Tiger Rag'),
('9f9e7be1-5512-44b9-a7c1-cbbcb6b14bd8', '2:30', 'The Faithful Hussar'),
('9f9e7be1-5512-44b9-a7c1-cbbcb6b14bd8', '2:30', 'Back O Town Blues'),
('9f9e7be1-5512-44b9-a7c1-cbbcb6b14bd8', '2:30', 'Mack The Knife (Mackie Messer) (From The Threepenny Opera)'),
('b3d8869e-e31f-4c77-a7ab-2726b5776964', '2:20', 'Spinnin Top'),
('b3d8869e-e31f-4c77-a7ab-2726b5776964', '2:30', 'Anyone Who Had A Heart'),
('6b6f188a-08fe-41f0-8c0b-d2706676a4b9', '3:37', 'Sweetness'),
('c431a6d8-cc26-4023-8a21-175a29bbaaba', '4:34', 'Petite Planète'),
('c431a6d8-cc26-4023-8a21-175a29bbaaba', '5:50', 'Breizh-Zion'),
('c431a6d8-cc26-4023-8a21-175a29bbaaba', '5:00', 'Petite Piaule Créole'),
('c431a6d8-cc26-4023-8a21-175a29bbaaba', '4:42', 'Kana Diskan'),
('c431a6d8-cc26-4023-8a21-175a29bbaaba', '4:20', 'Deep African Roots'),
('c431a6d8-cc26-4023-8a21-175a29bbaaba', '5:58', 'Sans Interférences'),
('c431a6d8-cc26-4023-8a21-175a29bbaaba', '6:07', 'Sense'),
('c431a6d8-cc26-4023-8a21-175a29bbaaba', '4:19', 'Hirochirak'),
('c431a6d8-cc26-4023-8a21-175a29bbaaba', '4:32', 'Tchatche Est Bonne'),
('c431a6d8-cc26-4023-8a21-175a29bbaaba', '5:38', 'À La Tienne'),
('c431a6d8-cc26-4023-8a21-175a29bbaaba', '5:31', 'Commissariat'),
('c431a6d8-cc26-4023-8a21-175a29bbaaba', '17:21', 'J-M'),
('b3c7b33e-880b-422b-87b0-7b6c346f2890', '3:36', 'Still Pretty Nice'),
('b3c7b33e-880b-422b-87b0-7b6c346f2890', '3:06', 'Right Here, Right Now'),
('9c4b34a9-a3f3-4956-829a-27e1d9a8fee3', '7:48', 'Silicon Drift'),
('9c4b34a9-a3f3-4956-829a-27e1d9a8fee3', '8:01', 'Silicon Drift (Roman Fluegel Remix)'),
('9c4b34a9-a3f3-4956-829a-27e1d9a8fee3', '6:58', 'Silicon Drift (Dapayk Remix)'),
('bfaa8889-644f-49b8-b32c-1bc6f8d0d56a', '2:30', '(Im Your) Puppet On A String'),
('bfaa8889-644f-49b8-b32c-1bc6f8d0d56a', '2:30', 'One Less Bell To Answer'),
('bfaa8889-644f-49b8-b32c-1bc6f8d0d56a', '2:30', 'Bridge Over Troubled Water'),
('bfaa8889-644f-49b8-b32c-1bc6f8d0d56a', '2:30', 'Wedding Bell Blues'),
('bfaa8889-644f-49b8-b32c-1bc6f8d0d56a', '2:30', 'Love (Can Make You Happy)'),
('bfaa8889-644f-49b8-b32c-1bc6f8d0d56a', '2:30', 'Cherish'),
('bfaa8889-644f-49b8-b32c-1bc6f8d0d56a', '2:30', 'Love, Patience And Understanding'),
('bfaa8889-644f-49b8-b32c-1bc6f8d0d56a', '2:30', 'One Fine Day'),
('bfaa8889-644f-49b8-b32c-1bc6f8d0d56a', '2:30', 'Youre All I Need (To Get By)'),
('bb2fcfaf-f9fc-48cd-a73a-bc028938ac8b', '2:30', 'Jam (Plazza Del Colosseo, Rome, 11th May 2003)'),
('bb2fcfaf-f9fc-48cd-a73a-bc028938ac8b', '2:30', 'Coming Up (Plazza Del Colosseo, Rome, 11th May 2003)'),
('bb2fcfaf-f9fc-48cd-a73a-bc028938ac8b', '2:30', 'Jam (Plazza Del Colosseo, Rome, 11th May 2003)'),
('bb2fcfaf-f9fc-48cd-a73a-bc028938ac8b', '2:30', 'Honey Dont (Plazza Del Colosseo, Rome, 11th May 2003)'),
('bb2fcfaf-f9fc-48cd-a73a-bc028938ac8b', '2:30', 'Matchbox (Plazza Del Colosseo, Rome, 11th May 2003)'),
('bb2fcfaf-f9fc-48cd-a73a-bc028938ac8b', '2:30', 'Jam (Plazza Del Colosseo, Rome, 11th May 2003)'),
('bb2fcfaf-f9fc-48cd-a73a-bc028938ac8b', '2:30', 'Celebration (Plazza Del Colosseo, Rome, 11th May 2003)'),
('bb2fcfaf-f9fc-48cd-a73a-bc028938ac8b', '2:30', 'C Moon (Plazza Del Colosseo, Rome, 11th May 2003)'),
('bb2fcfaf-f9fc-48cd-a73a-bc028938ac8b', '2:30', 'Let It Be (Plazza Del Colosseo, Rome, 11th May 2003)'),
('bb2fcfaf-f9fc-48cd-a73a-bc028938ac8b', '2:30', 'Blackbird (Plazza Del Colosseo, Rome, 11th May 2003)'),
('bb2fcfaf-f9fc-48cd-a73a-bc028938ac8b', '2:30', 'Midnight Special (Plazza Del Colosseo, Rome, 11th May 2003)'),
('bb2fcfaf-f9fc-48cd-a73a-bc028938ac8b', '2:30', 'Here, There And Everywhere (Plazza Del Colosseo, Rome, 11th May 2003)'),
('bb2fcfaf-f9fc-48cd-a73a-bc028938ac8b', '2:30', 'O Sole Mio (Plazza Del Colosseo, Rome, 11th May 2003)'),
('bb2fcfaf-f9fc-48cd-a73a-bc028938ac8b', '2:30', 'Michelle (Plazza Del Colosseo, Rome, 11th May 2003)'),
('bb2fcfaf-f9fc-48cd-a73a-bc028938ac8b', '2:30', 'Jam (Plazza Del Colosseo, Rome, 11th May 2003)'),
('bb2fcfaf-f9fc-48cd-a73a-bc028938ac8b', '2:30', 'You Never Give Me Your Money / Carry That Weight (Plazza Del Colosseo, Rome, 11th May 2003)'),
('bb2fcfaf-f9fc-48cd-a73a-bc028938ac8b', '2:30', 'The Fool On The Hill (Plazza Del Colosseo, Rome, 11th May 2003)'),
('bb2fcfaf-f9fc-48cd-a73a-bc028938ac8b', '2:30', 'In The Colosseo (Plazza Del Colosseo, Rome, 11th May 2003)'),
('bb2fcfaf-f9fc-48cd-a73a-bc028938ac8b', '2:30', 'Lady Madonna (Plazza Del Colosseo, Rome, 11th May 2003)'),
('bb2fcfaf-f9fc-48cd-a73a-bc028938ac8b', '2:30', 'The Mess (First Wings Rehearsal)'),
('bb2fcfaf-f9fc-48cd-a73a-bc028938ac8b', '2:30', 'The Mess (First Wings Rehearsal)'),
('bb2fcfaf-f9fc-48cd-a73a-bc028938ac8b', '2:30', 'Band On The Run (Band On The Run Sessions)'),
('bb2fcfaf-f9fc-48cd-a73a-bc028938ac8b', '2:30', 'Blue Suede Shoes (Carl Perkins And Friends - 21st October 1985)'),
('bb2fcfaf-f9fc-48cd-a73a-bc028938ac8b', '2:30', 'Honey Dont (Carl Perkins And Friends - 21st October 1985)'),
('bb2fcfaf-f9fc-48cd-a73a-bc028938ac8b', '2:30', 'Blue Suede Shoes (Carl Perkins And Friends - 21st October 1985)'),
('bb2fcfaf-f9fc-48cd-a73a-bc028938ac8b', '2:30', 'Thats All Right (Mama) (Carl Perkins And Friends - 21st October 1985)'),
('bb2fcfaf-f9fc-48cd-a73a-bc028938ac8b', '2:30', 'Here Comes The Sun (Princes Trust Rehearsal - 5th June 1987)'),
('bb2fcfaf-f9fc-48cd-a73a-bc028938ac8b', '2:30', 'Blue Sky (Unplugged)'),
('bb2fcfaf-f9fc-48cd-a73a-bc028938ac8b', '2:30', 'Stand By Me (31st Annual Songwriters Hall Of Fame Induction Awards)'),
('bb2fcfaf-f9fc-48cd-a73a-bc028938ac8b', '2:30', 'Kansas City (31st Annual Songwriters Hall Of Fame Induction Awards)'),
('bb2fcfaf-f9fc-48cd-a73a-bc028938ac8b', '2:30', 'Shadow Cycle (31st Annual Songwriters Hall Of Fame Induction Awards)'),
('bb2fcfaf-f9fc-48cd-a73a-bc028938ac8b', '2:30', 'Love Is Strange (Wingspan Special 2001)'),
('bb2fcfaf-f9fc-48cd-a73a-bc028938ac8b', '2:30', 'Jingle Bells / Freedom'),
('bb2fcfaf-f9fc-48cd-a73a-bc028938ac8b', '2:30', 'All My Loving (Culver City Rehearsal)'),
('bb2fcfaf-f9fc-48cd-a73a-bc028938ac8b', '2:30', 'Dancing In The Streets (Access Hollywood - March 2003)'),
('bb2fcfaf-f9fc-48cd-a73a-bc028938ac8b', '2:30', 'Never Without You (Ringo Rama Promo Performance Rehearsals)'),
('bb2fcfaf-f9fc-48cd-a73a-bc028938ac8b', '2:30', 'I Wanna Be Your Man (Ringo Rama Promo Performance Rehearsals)'),
('bb2fcfaf-f9fc-48cd-a73a-bc028938ac8b', '2:30', 'Memphis In Your Mind (Good Morning America - 20th March 2003)'),
('bb2fcfaf-f9fc-48cd-a73a-bc028938ac8b', '2:30', 'I Wanna Be Your Man (Good Morning America - 20th March 2003)'),
('bb2fcfaf-f9fc-48cd-a73a-bc028938ac8b', '2:30', 'Never Without You (Video With Foley Work - April 2003)'),
('bb2fcfaf-f9fc-48cd-a73a-bc028938ac8b', '2:30', 'A Tune And A Chat (Odds & Sodds - April 2002)'),
('bb2fcfaf-f9fc-48cd-a73a-bc028938ac8b', '2:30', 'Lady Madonna (Soundcheck)'),
('bb2fcfaf-f9fc-48cd-a73a-bc028938ac8b', '2:30', 'My Love (Soundcheck)'),
('bb2fcfaf-f9fc-48cd-a73a-bc028938ac8b', '2:30', 'Let It Be (Soundcheck)'),
('bb2fcfaf-f9fc-48cd-a73a-bc028938ac8b', '2:30', 'Lady Madonna (Soundcheck)'),
('bb2fcfaf-f9fc-48cd-a73a-bc028938ac8b', '2:30', 'All Things Must Pass (Soundcheck)'),
('bb2fcfaf-f9fc-48cd-a73a-bc028938ac8b', '2:30', 'All Things Must Pass (Soundcheck)'),
('bb2fcfaf-f9fc-48cd-a73a-bc028938ac8b', '2:30', 'All My Loving (Soundcheck)'),
('bb2fcfaf-f9fc-48cd-a73a-bc028938ac8b', '2:30', 'I Saw Her Standing There (Soundcheck)'),
('bb2fcfaf-f9fc-48cd-a73a-bc028938ac8b', '2:30', 'Michelle (Soundcheck)'),
('419a7a59-a7dc-47f8-82d5-523a1c70f07d', '2:30', 'Et Maintenant Je Lui Appartiens... '),
('419a7a59-a7dc-47f8-82d5-523a1c70f07d', '2:30', 'Je Me Dresse Devant Le Trône... '),
('419a7a59-a7dc-47f8-82d5-523a1c70f07d', '2:30', 'Si Le Sommeil De Ma Raison Se Fait... '),
('419a7a59-a7dc-47f8-82d5-523a1c70f07d', '2:30', ' Il Ny A Pas De Repos Ni Le Jour Ni La Nuit... '),
('9346c598-d5e7-4c71-9750-1f56adf2ba6f', '4:30', 'Happy Holidays To You '),
('9346c598-d5e7-4c71-9750-1f56adf2ba6f', '5:09', 'Try And Make It Better'),
('ac5bd5d6-b614-49fb-a0af-78db1e4c2429', '2:30', 'Сердцеъдъ'),
('ac5bd5d6-b614-49fb-a0af-78db1e4c2429', '2:30', 'Комическiе Вопросы'),
('edd26b9e-138f-4863-808e-1976f089252b', '6:35', 'Loco'),
('045a7218-5fb7-4832-9464-8106511bbf40', '3:14', 'Sex Ed'),
('785adb0c-dd97-4158-8e35-3f167bd88d51', '2:30', 'Fear A Bhata (Oh! My Boatman)'),
('785adb0c-dd97-4158-8e35-3f167bd88d51', '2:30', 'A Cur Nan Gobhar As A Chreig (Herding The Goats From The Rocks)'),
('4e14f596-3573-44b1-ace2-ed635f3def42', '7:27', 'No, Non Mi Scorderò Mai (Non, Je NAi Rien Oublié)'),
('4e14f596-3573-44b1-ace2-ed635f3def42', '3:50', 'Sei Tornato A Casa Tua'),
('4e14f596-3573-44b1-ace2-ed635f3def42', '3:25', 'E Di Amare Te (De TAvoir Aimée)'),
('4e14f596-3573-44b1-ace2-ed635f3def42', '4:16', 'Tutto '),
('4e14f596-3573-44b1-ace2-ed635f3def42', '3:50', 'Chi Sono Io'),
('4e14f596-3573-44b1-ace2-ed635f3def42', '3:43', 'Vendetta'),
('4e14f596-3573-44b1-ace2-ed635f3def42', '4:20', 'LIndifferenza'),
('4e14f596-3573-44b1-ace2-ed635f3def42', '3:00', 'I Colori Di Dicembre'),
('4e14f596-3573-44b1-ace2-ed635f3def42', '4:00', 'È Colpa Mia'),
('4e14f596-3573-44b1-ace2-ed635f3def42', '3:09', 'Lassame Sta'),
('4e14f596-3573-44b1-ace2-ed635f3def42', '3:59', 'Ti Lasci Andare (Tu Te Laisses Aller)'),
('00797822-3eff-4594-b556-3d1624fbcd4b', '3:48', 'Gracias Por La Musica = Thank You For The Music'),
('00797822-3eff-4594-b556-3d1624fbcd4b', '3:50', 'Reina Danzante = Dancing Queen'),
('00797822-3eff-4594-b556-3d1624fbcd4b', '4:05', 'Al Andar = Move On'),
('00797822-3eff-4594-b556-3d1624fbcd4b', '4:45', 'Dame! Dame! Dame! = Gimme! Gimme! Gimme!'),
('00797822-3eff-4594-b556-3d1624fbcd4b', '4:15', 'Fernando'),
('00797822-3eff-4594-b556-3d1624fbcd4b', '4:44', 'Estoy Soñando = I Have A Dream'),
('00797822-3eff-4594-b556-3d1624fbcd4b', '3:32', 'Mamma Mia'),
('00797822-3eff-4594-b556-3d1624fbcd4b', '3:05', 'Hasta Mañana'),
('00797822-3eff-4594-b556-3d1624fbcd4b', '4:02', 'Conociendome, Conociendote = Knowing Me, Knowing You'),
('00797822-3eff-4594-b556-3d1624fbcd4b', '5:26', 'Chiquitita'),
('bce74b9e-853b-4bff-ab0b-2448424a8b6e', '5:12', 'Thank You Lord'),
('bce74b9e-853b-4bff-ab0b-2448424a8b6e', '3:15', 'Meinst Du Wirklich'),
('bce74b9e-853b-4bff-ab0b-2448424a8b6e', '5:56', 'Sound Of Loneliness'),
('bce74b9e-853b-4bff-ab0b-2448424a8b6e', '4:03', 'Tausend Jahre'),
('bce74b9e-853b-4bff-ab0b-2448424a8b6e', '7:35', 'Kreislauf'),
('bce74b9e-853b-4bff-ab0b-2448424a8b6e', '3:50', 'Im So Very Suprised'),
('bce74b9e-853b-4bff-ab0b-2448424a8b6e', '2:54', 'Gibts Denn Niemand'),
('bce74b9e-853b-4bff-ab0b-2448424a8b6e', '3:50', 'Amazing Grace'),
('601404e8-d18c-4c1d-b497-1e6b93be306d', '7:20', 'Step Off'),
('601404e8-d18c-4c1d-b497-1e6b93be306d', '7:12', 'Step Off (Instrumental)'),
('85464130-d080-4e7e-a904-3b47942bf6d4', '2:30', 'Videos'),
('85464130-d080-4e7e-a904-3b47942bf6d4', '2:30', 'Metal Thrashing Mad (Live In Germany)'),
('85464130-d080-4e7e-a904-3b47942bf6d4', '2:30', 'Madhouse'),
('85464130-d080-4e7e-a904-3b47942bf6d4', '2:30', 'Indians'),
('85464130-d080-4e7e-a904-3b47942bf6d4', '2:30', 'Armed And Dangerous (Live In London)'),
('85464130-d080-4e7e-a904-3b47942bf6d4', '2:30', 'Among The Living (Live In London)'),
('85464130-d080-4e7e-a904-3b47942bf6d4', '2:30', 'Caught In A Mosh (Live In London)'),
('85464130-d080-4e7e-a904-3b47942bf6d4', '2:30', 'I Am The Law'),
('85464130-d080-4e7e-a904-3b47942bf6d4', '2:30', 'Im The Man'),
('85464130-d080-4e7e-a904-3b47942bf6d4', '2:30', 'Who Cares Wins'),
('85464130-d080-4e7e-a904-3b47942bf6d4', '2:30', 'Belly Of The Beast'),
('85464130-d080-4e7e-a904-3b47942bf6d4', '2:30', 'Got The Time'),
('85464130-d080-4e7e-a904-3b47942bf6d4', '2:30', 'In My World'),
('85464130-d080-4e7e-a904-3b47942bf6d4', '2:30', 'Bring Tha Noize'),
('85464130-d080-4e7e-a904-3b47942bf6d4', '2:30', 'Bonus'),
('85464130-d080-4e7e-a904-3b47942bf6d4', '2:30', 'Madhouse (MTV Version)'),
('85464130-d080-4e7e-a904-3b47942bf6d4', '2:30', 'Im The Man (Live Montage)'),
('85464130-d080-4e7e-a904-3b47942bf6d4', '2:30', 'Band Video Commentary'),
('1434e096-577b-4ee7-9b32-8a0c5040ae50', '6:15', 'One More Day'),
('1434e096-577b-4ee7-9b32-8a0c5040ae50', '5:16', 'Another Man Down'),
('1434e096-577b-4ee7-9b32-8a0c5040ae50', '4:35', 'An Empty Shell'),
('1434e096-577b-4ee7-9b32-8a0c5040ae50', '5:14', 'Hard Rains Coming'),
('1434e096-577b-4ee7-9b32-8a0c5040ae50', '5:38', 'Half Past Loneliness'),
('1434e096-577b-4ee7-9b32-8a0c5040ae50', '10:05', 'Show Me How To Live'),
('1434e096-577b-4ee7-9b32-8a0c5040ae50', '5:11', 'Angels Gone'),
('c118bdaa-6e0b-43ce-af77-92eb0725dc8a', '2:30', 'Unknown Road'),
('c118bdaa-6e0b-43ce-af77-92eb0725dc8a', '2:30', 'Homesick'),
('c118bdaa-6e0b-43ce-af77-92eb0725dc8a', '2:30', 'Time To Burn'),
('c118bdaa-6e0b-43ce-af77-92eb0725dc8a', '2:30', 'Its Up To Me'),
('c118bdaa-6e0b-43ce-af77-92eb0725dc8a', '2:30', 'You Can Demand'),
('c118bdaa-6e0b-43ce-af77-92eb0725dc8a', '2:30', 'Nothing'),
('c118bdaa-6e0b-43ce-af77-92eb0725dc8a', '2:30', 'Vices'),
('c118bdaa-6e0b-43ce-af77-92eb0725dc8a', '2:30', 'City Is Burning'),
('c118bdaa-6e0b-43ce-af77-92eb0725dc8a', '2:30', 'Dying To Know'),
('c118bdaa-6e0b-43ce-af77-92eb0725dc8a', '2:30', 'Tester'),
('c118bdaa-6e0b-43ce-af77-92eb0725dc8a', '2:30', 'Try To Conform'),
('c118bdaa-6e0b-43ce-af77-92eb0725dc8a', '2:30', 'Give And Get'),
('c118bdaa-6e0b-43ce-af77-92eb0725dc8a', '2:30', 'Clear Your Head'),
('bbc9def6-e349-4661-a43f-ced248ccbb3a', '3:58', 'Cómo Será'),
('b91ceae8-84b1-4298-b7c1-bfe2add3a805', '4:08', 'Middle Of The Road'),
('b91ceae8-84b1-4298-b7c1-bfe2add3a805', '3:44', 'Back On The Chain Gang'),
('b91ceae8-84b1-4298-b7c1-bfe2add3a805', '4:47', 'Time The Avenger'),
('b91ceae8-84b1-4298-b7c1-bfe2add3a805', '2:46', 'Watching The Clothes'),
('b91ceae8-84b1-4298-b7c1-bfe2add3a805', '4:00', 'Show Me'),
('b91ceae8-84b1-4298-b7c1-bfe2add3a805', '3:12', 'Thumbelina'),
('b91ceae8-84b1-4298-b7c1-bfe2add3a805', '5:14', 'My City Was Gone'),
('b91ceae8-84b1-4298-b7c1-bfe2add3a805', '3:33', 'Thin Line Between Love And Hate'),
('b91ceae8-84b1-4298-b7c1-bfe2add3a805', '4:27', 'I Hurt You'),
('b91ceae8-84b1-4298-b7c1-bfe2add3a805', '3:30', '2000 Miles'),
('601b43ee-150c-4cad-9ecd-8e19ab6585bd', '2:30', 'Friend We (South Bronk Mix)'),
('601b43ee-150c-4cad-9ecd-8e19ab6585bd', '2:30', 'Friend We (Acapella)'),
('6e40db66-60a7-4654-9c51-a4010d02a7b0', '7:04', 'Around The Sun (Dan Stone Remix)'),
('6e40db66-60a7-4654-9c51-a4010d02a7b0', '6:09', 'Around The Sun (LTN Remix)'),
('6e40db66-60a7-4654-9c51-a4010d02a7b0', '6:08', 'Around The Sun (Funtom Cruisers Remix)'),
('300dd83d-9e7d-4224-aa73-d8b1e0f89248', '1:45', 'Intro'),
('300dd83d-9e7d-4224-aa73-d8b1e0f89248', '3:55', 'Slaughtered In Darkness'),
('300dd83d-9e7d-4224-aa73-d8b1e0f89248', '4:36', 'Anti-Human Devotion'),
('300dd83d-9e7d-4224-aa73-d8b1e0f89248', '4:21', 'Ravaged By Venom'),
('300dd83d-9e7d-4224-aa73-d8b1e0f89248', '4:12', 'Vomit On Heaven'),
('300dd83d-9e7d-4224-aa73-d8b1e0f89248', '4:25', 'We Watch You Rot'),
('300dd83d-9e7d-4224-aa73-d8b1e0f89248', '3:56', 'Hellish Violence'),
('300dd83d-9e7d-4224-aa73-d8b1e0f89248', '4:26', 'Raping Christian Blood'),
('300dd83d-9e7d-4224-aa73-d8b1e0f89248', '0:53', 'Outro'),
('b6b8dc38-9db6-4eb7-a824-74fc218817e0', '2:30', 'Moonman'),
('b6b8dc38-9db6-4eb7-a824-74fc218817e0', '2:30', 'Moonman (Gantz Remix)'),
('4ef9cafb-8151-4a92-a238-960b53dd16ba', '5:20', 'Radiant'),
('4ef9cafb-8151-4a92-a238-960b53dd16ba', '5:43', 'Approaching Perigee'),
('4ef9cafb-8151-4a92-a238-960b53dd16ba', '6:00', '6.15 Am'),
('4ef9cafb-8151-4a92-a238-960b53dd16ba', '3:40', 'Chrome Skin'),
('4ef9cafb-8151-4a92-a238-960b53dd16ba', '5:45', 'Conduit'),
('4ef9cafb-8151-4a92-a238-960b53dd16ba', '3:36', 'Emerald Veil'),
('4ef9cafb-8151-4a92-a238-960b53dd16ba', '6:15', 'Serendipity'),
('4ef9cafb-8151-4a92-a238-960b53dd16ba', '5:37', 'Freespace'),
('4ef9cafb-8151-4a92-a238-960b53dd16ba', '4:46', 'On Hold'),
('ced0a587-70f9-42e1-a0cb-7b403d065b75', '2:30', 'Il Boat Del Mambo'),
('ced0a587-70f9-42e1-a0cb-7b403d065b75', '2:30', 'Thank You (For Being You)'),
('ced0a587-70f9-42e1-a0cb-7b403d065b75', '2:30', 'Loving You'),
('ced0a587-70f9-42e1-a0cb-7b403d065b75', '2:30', 'You Are My Fantasy'),
('ced0a587-70f9-42e1-a0cb-7b403d065b75', '2:30', 'Thats What They Call Love'),
('ced0a587-70f9-42e1-a0cb-7b403d065b75', '2:30', 'Il Boat Del Mambo (Strumentale)'),
('ced0a587-70f9-42e1-a0cb-7b403d065b75', '2:30', 'Sogni Doro'),
('ced0a587-70f9-42e1-a0cb-7b403d065b75', '2:30', 'Take Me In Your Arms'),
('ced0a587-70f9-42e1-a0cb-7b403d065b75', '2:30', 'Love Is'),
('ced0a587-70f9-42e1-a0cb-7b403d065b75', '2:30', 'Something Special'),
('ced0a587-70f9-42e1-a0cb-7b403d065b75', '2:30', 'Cin Cin'),
('41add66a-1119-4d46-8fae-b48cc324c84b', '2:30', 'Concerto Für Streicher Und Continuo F-Moll (Revised By Vottorio Negri Bryks)'),
('41add66a-1119-4d46-8fae-b48cc324c84b', '2:30', 'Un Poco Andante'),
('41add66a-1119-4d46-8fae-b48cc324c84b', '2:30', 'Allegro'),
('41add66a-1119-4d46-8fae-b48cc324c84b', '2:30', 'Andante'),
('41add66a-1119-4d46-8fae-b48cc324c84b', '2:30', 'Amoroso'),
('41add66a-1119-4d46-8fae-b48cc324c84b', '2:30', 'Allegro'),
('41add66a-1119-4d46-8fae-b48cc324c84b', '2:30', 'Concerto Für Fagott, Streicher Und Continuo E-Moll P.137'),
('41add66a-1119-4d46-8fae-b48cc324c84b', '2:30', 'Allegro Poco'),
('41add66a-1119-4d46-8fae-b48cc324c84b', '2:30', 'Andante'),
('41add66a-1119-4d46-8fae-b48cc324c84b', '2:30', 'Allegro'),
('41add66a-1119-4d46-8fae-b48cc324c84b', '2:30', 'Concerto H-Moll Op.3, 10 (From "LEstro Armonico")'),
('41add66a-1119-4d46-8fae-b48cc324c84b', '2:30', 'Allegro'),
('41add66a-1119-4d46-8fae-b48cc324c84b', '2:30', 'Largo'),
('41add66a-1119-4d46-8fae-b48cc324c84b', '2:30', 'Lerghetto'),
('41add66a-1119-4d46-8fae-b48cc324c84b', '2:30', 'Largo'),
('41add66a-1119-4d46-8fae-b48cc324c84b', '2:30', 'Allegro'),
('41add66a-1119-4d46-8fae-b48cc324c84b', '2:30', 'Concerto C-Dur Op.3, 12 (Weihnachtskonzert)'),
('41add66a-1119-4d46-8fae-b48cc324c84b', '2:30', 'Largo (Pastorale Per Il Santissimo Natale)'),
('41add66a-1119-4d46-8fae-b48cc324c84b', '2:30', 'Largo'),
('41add66a-1119-4d46-8fae-b48cc324c84b', '2:30', 'Allegro'),
('336a4a0d-3bee-4cf3-a8c9-162ca48c797c', '2:30', 'Sign "☮" The Times'),
('336a4a0d-3bee-4cf3-a8c9-162ca48c797c', '2:30', 'Play In The Sunshine'),
('336a4a0d-3bee-4cf3-a8c9-162ca48c797c', '2:30', 'Little Red Corvette'),
('336a4a0d-3bee-4cf3-a8c9-162ca48c797c', '2:30', 'Housequake'),
('336a4a0d-3bee-4cf3-a8c9-162ca48c797c', '2:30', 'Slow Love'),
('336a4a0d-3bee-4cf3-a8c9-162ca48c797c', '2:30', 'I Could Never Take The Place Of Your Man'),
('336a4a0d-3bee-4cf3-a8c9-162ca48c797c', '2:30', 'Hot Thing'),
('336a4a0d-3bee-4cf3-a8c9-162ca48c797c', '2:30', 'Nows The Time'),
('336a4a0d-3bee-4cf3-a8c9-162ca48c797c', '2:30', 'U Got The Look'),
('336a4a0d-3bee-4cf3-a8c9-162ca48c797c', '2:30', 'If I Was Your Girlfriend'),
('336a4a0d-3bee-4cf3-a8c9-162ca48c797c', '2:30', 'Forever In My Life'),
('336a4a0d-3bee-4cf3-a8c9-162ca48c797c', '2:30', 'Its Gonna Be A Beautiful Night'),
('336a4a0d-3bee-4cf3-a8c9-162ca48c797c', '2:30', 'The Cross'),
('f3ff713d-b853-4e21-950e-083eea58ecd7', '2:30', 'Aliens'),
('f3ff713d-b853-4e21-950e-083eea58ecd7', '2:30', 'No Return'),
('f3ff713d-b853-4e21-950e-083eea58ecd7', '2:30', ''),
('f3ff713d-b853-4e21-950e-083eea58ecd7', '2:30', ''),
('cd604d5e-6586-4dd4-9809-c62e6e6e8586', '3:26', 'O Voskos'),
('cd604d5e-6586-4dd4-9809-c62e6e6e8586', '3:38', 'Fig For A Kiss / The Butterfly / Drwosy Maggie'),
('cd604d5e-6586-4dd4-9809-c62e6e6e8586', '4:13', 'The War & Peace Set: Otan Mou Eipen / Ma Na Vu'),
('cd604d5e-6586-4dd4-9809-c62e6e6e8586', '4:51', 'The Celtic Sonata: The Star Of Munster / Cremonea / Glenlivet'),
('cd604d5e-6586-4dd4-9809-c62e6e6e8586', '6:44', 'La Rosa Enflorece / To Rinaki'),
('cd604d5e-6586-4dd4-9809-c62e6e6e8586', '3:07', 'When I Open My Eyes'),
('cd604d5e-6586-4dd4-9809-c62e6e6e8586', '5:18', 'The Sea Set: Arran Boat / Thalassaki Mou'),
('cd604d5e-6586-4dd4-9809-c62e6e6e8586', '6:09', 'The Love Set: Yo MEnamori DUn Aire'),
('cd604d5e-6586-4dd4-9809-c62e6e6e8586', '3:34', 'The Cathedral Set: Lo Yisa Goi / Kol HanShamah / Ablakomba'),
('cd604d5e-6586-4dd4-9809-c62e6e6e8586', '2:04', 'The Teasing Set: Carifalia / Mia Papadia'),
('cd604d5e-6586-4dd4-9809-c62e6e6e8586', '3:13', 'Chi Mi Na Morbheanna'),
('cd604d5e-6586-4dd4-9809-c62e6e6e8586', '3:24', 'Grainnes Set: Flying To The Fleadh / Glass Of Beer'),
('cd604d5e-6586-4dd4-9809-c62e6e6e8586', '3:31', 'The Holy Trinity: Wayfaring Stranger / Rosa Das Rosas / Sinner Man'),
('418ad0ae-3ffc-44f9-b114-661cf465f791', '3:22', 'Stenka Rasin'),
('418ad0ae-3ffc-44f9-b114-661cf465f791', '3:34', 'Gesang Der Wolgaschiffer'),
('418ad0ae-3ffc-44f9-b114-661cf465f791', '2:36', 'Abendglocken'),
('418ad0ae-3ffc-44f9-b114-661cf465f791', '4:58', 'Die Legende Von Den 12 Räubern'),
('418ad0ae-3ffc-44f9-b114-661cf465f791', '3:10', 'Eintönig Klingt Das Glöckchen'),
('418ad0ae-3ffc-44f9-b114-661cf465f791', '4:57', 'Meine Glocken, Meine Steppenblümchen'),
('418ad0ae-3ffc-44f9-b114-661cf465f791', '6:10', 'Te Deum'),
('418ad0ae-3ffc-44f9-b114-661cf465f791', '5:30', 'Möge Mein Gebet Dir Wohlgefallen'),
('418ad0ae-3ffc-44f9-b114-661cf465f791', '1:47', 'Vater Unser'),
('418ad0ae-3ffc-44f9-b114-661cf465f791', '4:46', 'Gesegnet Sei Der Mann'),
('418ad0ae-3ffc-44f9-b114-661cf465f791', '3:49', 'Credo'),
('418ad0ae-3ffc-44f9-b114-661cf465f791', '2:46', 'Ich Bete An Die Macht Der Liebe'),
('418ad0ae-3ffc-44f9-b114-661cf465f791', '3:44', 'Moskauer Troika'),
('418ad0ae-3ffc-44f9-b114-661cf465f791', '2:25', 'Über Den Feldern'),
('418ad0ae-3ffc-44f9-b114-661cf465f791', '5:39', 'Ein Großes Dorf Liegt Dort Am Wege'),
('418ad0ae-3ffc-44f9-b114-661cf465f791', '3:53', 'Mädchen Vom Dnjepr'),
('418ad0ae-3ffc-44f9-b114-661cf465f791', '2:29', 'Casatschok'),
('418ad0ae-3ffc-44f9-b114-661cf465f791', '2:30', 'Wladi-Casatschok'),
('418ad0ae-3ffc-44f9-b114-661cf465f791', '2:12', 'Banditen-Tango (Murka)'),
('418ad0ae-3ffc-44f9-b114-661cf465f791', '2:16', 'Moskauer Nächte'),
('418ad0ae-3ffc-44f9-b114-661cf465f791', '3:33', 'Dolchtanz'),
('418ad0ae-3ffc-44f9-b114-661cf465f791', '2:33', 'Gori, Gori'),
('418ad0ae-3ffc-44f9-b114-661cf465f791', '2:52', 'Syp, Simeon'),
('418ad0ae-3ffc-44f9-b114-661cf465f791', '3:07', 'Gaspodi Pomikij'),
('418ad0ae-3ffc-44f9-b114-661cf465f791', '4:08', 'Suliko'),
('418ad0ae-3ffc-44f9-b114-661cf465f791', '3:11', 'Ize Cheruvimy'),
('418ad0ae-3ffc-44f9-b114-661cf465f791', '3:25', 'Zeplionok'),
('418ad0ae-3ffc-44f9-b114-661cf465f791', '3:11', 'Nynje Otpuschtschajeschy'),
('418ad0ae-3ffc-44f9-b114-661cf465f791', '2:42', 'Strassen-Romanzen'),
('418ad0ae-3ffc-44f9-b114-661cf465f791', '2:16', 'Gospodi Wozzwach'),
('418ad0ae-3ffc-44f9-b114-661cf465f791', '2:55', 'Die Steppe'),
('418ad0ae-3ffc-44f9-b114-661cf465f791', '3:03', 'Otce Nasch Vater Unser'),
('b4c57f3f-c6f9-4c0e-af9b-8716babf8714', '2:30', 'Well Balanced (Special Radio Edit)'),
('b4c57f3f-c6f9-4c0e-af9b-8716babf8714', '2:30', 'Well Balanced '),
('b4c57f3f-c6f9-4c0e-af9b-8716babf8714', '2:30', 'Chief White Bear´s Trance Dance (Special Radio Edit)'),
('b4c57f3f-c6f9-4c0e-af9b-8716babf8714', '2:30', 'Chief White Bear´s Trance Dance'),
('db5a1377-b276-4dc2-a104-ca0cb9ed82b5', '3:28', 'Waiting For The End Of The World'),
('db5a1377-b276-4dc2-a104-ca0cb9ed82b5', '2:44', 'Radio Radio'),
('db5a1377-b276-4dc2-a104-ca0cb9ed82b5', '2:47', 'Mystery Dance'),
('db5a1377-b276-4dc2-a104-ca0cb9ed82b5', '3:53', 'Blame It On Cain'),
('db5a1377-b276-4dc2-a104-ca0cb9ed82b5', '3:11', 'High Fidelity'),
('db5a1377-b276-4dc2-a104-ca0cb9ed82b5', '5:19', 'High Fidelity 2'),
('db5a1377-b276-4dc2-a104-ca0cb9ed82b5', '4:27', 'Heart Shaped Bruise (Mit Emmylou Harris)'),
('db5a1377-b276-4dc2-a104-ca0cb9ed82b5', '3:48', 'Hidden Charms'),
('db5a1377-b276-4dc2-a104-ca0cb9ed82b5', '4:31', 'Alison'),
('db5a1377-b276-4dc2-a104-ca0cb9ed82b5', '3:55', 'Peace, Love & Understanding, (Whats So Funny Bout)'),
('db5a1377-b276-4dc2-a104-ca0cb9ed82b5', '5:50', 'Pump It Up'),
('36aaf4f5-b2a9-4be1-b2ea-e6c847867ff0', '2:30', 'Teen Taal (16 Beats)'),
('36aaf4f5-b2a9-4be1-b2ea-e6c847867ff0', '2:30', 'Dadra (6 Beats)'),
('36aaf4f5-b2a9-4be1-b2ea-e6c847867ff0', '2:30', 'Roopak (7 Beats)'),
('36aaf4f5-b2a9-4be1-b2ea-e6c847867ff0', '2:30', 'Ik Tala (11 Beats)'),
('36aaf4f5-b2a9-4be1-b2ea-e6c847867ff0', '2:30', 'Gat Torha (16 Beats)'),
('36aaf4f5-b2a9-4be1-b2ea-e6c847867ff0', '2:30', 'Dhammar (14 Beats)'),
('36aaf4f5-b2a9-4be1-b2ea-e6c847867ff0', '2:30', 'Sol Fakhta (5 Beats)'),
('36aaf4f5-b2a9-4be1-b2ea-e6c847867ff0', '2:30', 'Kehrwa (4 Beats)'),
('8837c616-8649-421d-b812-ff61175c4bf6', '2:30', 'Hey Love'),
('8837c616-8649-421d-b812-ff61175c4bf6', '2:30', 'Ive Got Dancing Fever'),
('6245f713-08b7-425b-97e9-cb3156c0f019', '2:30', 'Live At Wiesenhaus 22/10/2011, Totenkopf Side'),
('6245f713-08b7-425b-97e9-cb3156c0f019', '2:30', 'Till The Living Flesh Is Burned'),
('6245f713-08b7-425b-97e9-cb3156c0f019', '2:30', 'Bring In The Night'),
('6245f713-08b7-425b-97e9-cb3156c0f019', '2:30', 'Ku Ku Ku'),
('6245f713-08b7-425b-97e9-cb3156c0f019', '2:30', 'Luthers Army'),
('6245f713-08b7-425b-97e9-cb3156c0f019', '2:30', 'Symbols Of The Sun'),
('6245f713-08b7-425b-97e9-cb3156c0f019', '2:30', 'Death Is The Martyr Of Beauty'),
('6245f713-08b7-425b-97e9-cb3156c0f019', '2:30', 'Peaceful Snow'),
('6245f713-08b7-425b-97e9-cb3156c0f019', '2:30', 'Kameradschaft'),
('6245f713-08b7-425b-97e9-cb3156c0f019', '2:30', 'The Honour Of Silence'),
('6245f713-08b7-425b-97e9-cb3156c0f019', '2:30', 'The Golden Wedding Of Sorrow'),
('6245f713-08b7-425b-97e9-cb3156c0f019', '2:30', 'Wolf Rose'),
('6245f713-08b7-425b-97e9-cb3156c0f019', '2:30', 'Giddy Giddy Carousel'),
('6245f713-08b7-425b-97e9-cb3156c0f019', '2:30', 'Come Before Christ And Murder Love'),
('6245f713-08b7-425b-97e9-cb3156c0f019', '2:30', 'All Pigs Must Die'),
('6245f713-08b7-425b-97e9-cb3156c0f019', '2:30', 'Fields Of Rape'),
('6245f713-08b7-425b-97e9-cb3156c0f019', '2:30', 'Live At Wiesenhaus 22/10/2011, Whiphand Side'),
('6245f713-08b7-425b-97e9-cb3156c0f019', '2:30', 'Death Of The West'),
('6245f713-08b7-425b-97e9-cb3156c0f019', '2:30', 'Leopard Flowers'),
('6245f713-08b7-425b-97e9-cb3156c0f019', '2:30', 'To Drown A Rose'),
('6245f713-08b7-425b-97e9-cb3156c0f019', '2:30', 'Rocking Horse Night'),
('6245f713-08b7-425b-97e9-cb3156c0f019', '2:30', 'Good Mourning Sun'),
('6245f713-08b7-425b-97e9-cb3156c0f019', '2:30', 'Hollows Of Devotion'),
('6245f713-08b7-425b-97e9-cb3156c0f019', '2:30', 'But, What Ends The Symbols Shatter?'),
('6245f713-08b7-425b-97e9-cb3156c0f019', '2:30', ' She Said Destroy'),
('6245f713-08b7-425b-97e9-cb3156c0f019', '2:30', 'Little Black Angel'),
('6245f713-08b7-425b-97e9-cb3156c0f019', '2:30', 'Fall Apart'),
('6245f713-08b7-425b-97e9-cb3156c0f019', '2:30', 'Runes And Men'),
('6245f713-08b7-425b-97e9-cb3156c0f019', '2:30', 'Rose Clouds Of Deutsche Bollocks'),
('6245f713-08b7-425b-97e9-cb3156c0f019', '2:30', 'Heaven Street'),
('6245f713-08b7-425b-97e9-cb3156c0f019', '2:30', 'Cest Un Rêve'),
('6245f713-08b7-425b-97e9-cb3156c0f019', '2:30', 'Live At Bug Club – Athens - 21/05/1999'),
('6245f713-08b7-425b-97e9-cb3156c0f019', '2:30', 'Bring In The Night'),
('6245f713-08b7-425b-97e9-cb3156c0f019', '2:30', 'Only Europa Knows'),
('6245f713-08b7-425b-97e9-cb3156c0f019', '2:30', 'Despair'),
('6245f713-08b7-425b-97e9-cb3156c0f019', '2:30', 'Little Blue Butterfly'),
('6245f713-08b7-425b-97e9-cb3156c0f019', '2:30', 'The Bunker'),
('6245f713-08b7-425b-97e9-cb3156c0f019', '2:30', 'Death Of A Man'),
('6245f713-08b7-425b-97e9-cb3156c0f019', '2:30', 'Smashed To Bits'),
('6245f713-08b7-425b-97e9-cb3156c0f019', '2:30', 'Little Black Angel'),
('6245f713-08b7-425b-97e9-cb3156c0f019', '3:19', 'Death Of The West'),
('6245f713-08b7-425b-97e9-cb3156c0f019', '2:30', 'To Drown A Rose'),
('6245f713-08b7-425b-97e9-cb3156c0f019', '2:30', 'Kameradschaft'),
('6245f713-08b7-425b-97e9-cb3156c0f019', '2:30', 'Giddy Giddy Carousel'),
('6245f713-08b7-425b-97e9-cb3156c0f019', '2:30', 'Runes And Men'),
('6245f713-08b7-425b-97e9-cb3156c0f019', '2:30', 'Rose Clouds Of Holocaust'),
('6245f713-08b7-425b-97e9-cb3156c0f019', '2:30', 'Symbols Of The Sun'),
('6245f713-08b7-425b-97e9-cb3156c0f019', '2:30', 'Fall Apart'),
('6245f713-08b7-425b-97e9-cb3156c0f019', '2:30', 'Leopard Flowers'),
('6245f713-08b7-425b-97e9-cb3156c0f019', '2:30', 'Fields Of Rape'),
('6245f713-08b7-425b-97e9-cb3156c0f019', '2:30', 'Cest Un Reve'),
('6245f713-08b7-425b-97e9-cb3156c0f019', '2:30', 'Heaven Street'),
('6245f713-08b7-425b-97e9-cb3156c0f019', '2:30', 'Total War'),
('6245f713-08b7-425b-97e9-cb3156c0f019', '10:47', 'Total War - Live In Dresden 2012'),
('6245f713-08b7-425b-97e9-cb3156c0f019', '3:45', 'Total War - Live In Brest 2002'),
('6245f713-08b7-425b-97e9-cb3156c0f019', '5:04', 'Total War - Live In Osaka 1989'),
('6245f713-08b7-425b-97e9-cb3156c0f019', '2:30', 'Live 1985 - 2013 '),
('6245f713-08b7-425b-97e9-cb3156c0f019', '24:37', 'Live In The Hague - 1985'),
('6245f713-08b7-425b-97e9-cb3156c0f019', '26:57', 'Live In Montreal - 2013'),
('6245f713-08b7-425b-97e9-cb3156c0f019', '2:30', 'Live 1988-1991'),
('6245f713-08b7-425b-97e9-cb3156c0f019', '2:30', 'Tree'),
('6245f713-08b7-425b-97e9-cb3156c0f019', '2:30', 'Happy Birthday'),
('6245f713-08b7-425b-97e9-cb3156c0f019', '2:30', 'The Death Of The Corn'),
('6245f713-08b7-425b-97e9-cb3156c0f019', '2:30', 'Earth Covers Earth'),
('6245f713-08b7-425b-97e9-cb3156c0f019', '2:30', 'Black Flowers Please'),
('6245f713-08b7-425b-97e9-cb3156c0f019', '2:30', 'Oh Coal Black Smith'),
('6245f713-08b7-425b-97e9-cb3156c0f019', '2:30', 'Summer Of Love'),
('6245f713-08b7-425b-97e9-cb3156c0f019', '2:30', 'Be'),
('6245f713-08b7-425b-97e9-cb3156c0f019', '2:30', 'Black Sun Bloody Moon'),
('6245f713-08b7-425b-97e9-cb3156c0f019', '2:30', 'Hooves'),
('6245f713-08b7-425b-97e9-cb3156c0f019', '2:30', 'Horsey'),
('6245f713-08b7-425b-97e9-cb3156c0f019', '2:30', 'They Returned To Their Hearth'),
('6245f713-08b7-425b-97e9-cb3156c0f019', '2:30', 'Since Yesterday '),
('6245f713-08b7-425b-97e9-cb3156c0f019', '2:30', 'Since Yesterday'),
('6245f713-08b7-425b-97e9-cb3156c0f019', '2:30', 'Christ And The Pale Queens Mighty In Sorrow (Excerpt)'),
('6245f713-08b7-425b-97e9-cb3156c0f019', '2:30', 'Happy Birthday Pigface Christus'),
('6245f713-08b7-425b-97e9-cb3156c0f019', '2:30', '(This Aint) The Summer Of Love'),
('6245f713-08b7-425b-97e9-cb3156c0f019', '2:30', 'Messages From God'),
('6245f713-08b7-425b-97e9-cb3156c0f019', '2:30', 'Nylon Coverin Body Smotherin '),
('6245f713-08b7-425b-97e9-cb3156c0f019', '12:15', 'Nylon Coverin Body Smotherin'),
('6245f713-08b7-425b-97e9-cb3156c0f019', '6:23', 'The Great In The Small'),
('6245f713-08b7-425b-97e9-cb3156c0f019', '1:46', 'A Token Sylvie And Babs Ditty Chicken In Drag'),
('6245f713-08b7-425b-97e9-cb3156c0f019', '7:00', 'Glory Hole'),
('6245f713-08b7-425b-97e9-cb3156c0f019', '9:43', 'Automating (Again)'),
('6245f713-08b7-425b-97e9-cb3156c0f019', '6:18', 'Well What Dya Know Henry?'),
('46422095-ea2b-4056-b52f-46f77d934297', '2:30', '1,2,3'),
('46422095-ea2b-4056-b52f-46f77d934297', '2:30', 'Make Your Move'),
('46422095-ea2b-4056-b52f-46f77d934297', '2:30', 'Deja Voodoo'),
('46422095-ea2b-4056-b52f-46f77d934297', '2:30', 'Save My Soul'),
('46422095-ea2b-4056-b52f-46f77d934297', '2:30', 'Like A Dream'),
('46422095-ea2b-4056-b52f-46f77d934297', '2:30', 'Passion'),
('46422095-ea2b-4056-b52f-46f77d934297', '2:30', 'Paraiso'),
('46422095-ea2b-4056-b52f-46f77d934297', '2:30', 'Cmon Cmon'),
('46422095-ea2b-4056-b52f-46f77d934297', '2:30', 'Lamento'),
('46422095-ea2b-4056-b52f-46f77d934297', '2:30', '3,2,1'),
('a80a550f-dc1d-45ac-b824-9630209d4035', '2:09', 'Party-Party'),
('a80a550f-dc1d-45ac-b824-9630209d4035', '2:00', 'Take Me Love'),
('17a62d8d-8235-4b89-aa6a-dccc5216fa6a', '2:30', 'Beware The Witch Of Death'),
('17a62d8d-8235-4b89-aa6a-dccc5216fa6a', '2:30', 'Levamisole'),
('17a62d8d-8235-4b89-aa6a-dccc5216fa6a', '2:30', 'Night Of The Shit Creep'),
('17a62d8d-8235-4b89-aa6a-dccc5216fa6a', '2:30', 'I Breed In The Swamp'),
('17a62d8d-8235-4b89-aa6a-dccc5216fa6a', '2:30', 'Acid Brain'),
('55fe27d8-fb2f-4c29-95a1-6ab8673a557a', '5:53', 'Tenderness'),
('55fe27d8-fb2f-4c29-95a1-6ab8673a557a', '5:52', 'Lucid Flower'),
('55fe27d8-fb2f-4c29-95a1-6ab8673a557a', '2:30', ''),
('55fe27d8-fb2f-4c29-95a1-6ab8673a557a', '2:30', ''),
('67b99ae0-dcfa-4f0d-b133-8a286ec00a9e', '1:38', 'Intro - Life Reborn'),
('67b99ae0-dcfa-4f0d-b133-8a286ec00a9e', '4:17', 'You Had My Heart'),
('67b99ae0-dcfa-4f0d-b133-8a286ec00a9e', '3:33', 'Walk You Through'),
('67b99ae0-dcfa-4f0d-b133-8a286ec00a9e', '4:03', 'You Gotta Go'),
('67b99ae0-dcfa-4f0d-b133-8a286ec00a9e', '4:05', 'Higher'),
('67b99ae0-dcfa-4f0d-b133-8a286ec00a9e', '4:42', 'My Bird'),
('67b99ae0-dcfa-4f0d-b133-8a286ec00a9e', '5:34', 'Can I Keep The Pictures? (2013 Version)'),
('67b99ae0-dcfa-4f0d-b133-8a286ec00a9e', '3:28', '10 OClock'),
('67b99ae0-dcfa-4f0d-b133-8a286ec00a9e', '5:03', 'My Love (2013 Version)'),
('67b99ae0-dcfa-4f0d-b133-8a286ec00a9e', '4:29', 'Without You'),
('67b99ae0-dcfa-4f0d-b133-8a286ec00a9e', '4:55', 'Je Suis Malade (2013 Version)'),
('b868e7e5-14d5-4f71-940b-632df89692b8', '4:11', 'Higher And Higher'),
('b868e7e5-14d5-4f71-940b-632df89692b8', '3:23', 'Eyes Of A Child, Part I'),
('b868e7e5-14d5-4f71-940b-632df89692b8', '3:00', 'Floating'),
('b868e7e5-14d5-4f71-940b-632df89692b8', '1:22', 'Eyes Of A Child, Part II'),
('b868e7e5-14d5-4f71-940b-632df89692b8', '1:05', 'I Never Thought Id Live To Be A Hundred'),
('b868e7e5-14d5-4f71-940b-632df89692b8', '2:58', 'Beyond'),
('b868e7e5-14d5-4f71-940b-632df89692b8', '3:41', 'Out And In'),
('b868e7e5-14d5-4f71-940b-632df89692b8', '3:33', 'Gypsy'),
('b868e7e5-14d5-4f71-940b-632df89692b8', '4:18', 'Eternity Road'),
('b868e7e5-14d5-4f71-940b-632df89692b8', '4:18', 'Candle Of Life'),
('b868e7e5-14d5-4f71-940b-632df89692b8', '3:36', 'Sun Is Still Shining'),
('b868e7e5-14d5-4f71-940b-632df89692b8', '0:33', 'I Never Thought Id Live To Be A Million'),
('b868e7e5-14d5-4f71-940b-632df89692b8', '4:16', 'Watching And Waiting'),
('dd5ae385-df3f-42a7-8abd-fd0a16b3235b', '2:30', 'Ride'),
('dd5ae385-df3f-42a7-8abd-fd0a16b3235b', '2:30', 'School Hall'),
('dd5ae385-df3f-42a7-8abd-fd0a16b3235b', '2:30', 'Never (Want To Loose You)'),
('dd5ae385-df3f-42a7-8abd-fd0a16b3235b', '2:30', 'All The Time'),
('ef481700-bd71-4c80-ba6c-b23bbc83e662', '2:30', 'Disco 1'),
('ef481700-bd71-4c80-ba6c-b23bbc83e662', '2:30', 'Il Grande Leviatano'),
('ef481700-bd71-4c80-ba6c-b23bbc83e662', '2:30', 'Loceano Oilalà'),
('ef481700-bd71-4c80-ba6c-b23bbc83e662', '2:30', 'Pryntyl'),
('ef481700-bd71-4c80-ba6c-b23bbc83e662', '2:30', 'Polpo DAmor'),
('ef481700-bd71-4c80-ba6c-b23bbc83e662', '2:30', 'Lord Jim'),
('ef481700-bd71-4c80-ba6c-b23bbc83e662', '2:30', 'La Bianchezza Della Balena'),
('ef481700-bd71-4c80-ba6c-b23bbc83e662', '2:30', 'Billy Budd'),
('ef481700-bd71-4c80-ba6c-b23bbc83e662', '2:30', 'I Fuochi Fatui'),
('ef481700-bd71-4c80-ba6c-b23bbc83e662', '2:30', 'Job'),
('ef481700-bd71-4c80-ba6c-b23bbc83e662', '2:30', 'La Lancia Del Pelide'),
('ef481700-bd71-4c80-ba6c-b23bbc83e662', '2:30', 'Goliath'),
('ef481700-bd71-4c80-ba6c-b23bbc83e662', '2:30', 'Vinocolo'),
('ef481700-bd71-4c80-ba6c-b23bbc83e662', '2:30', 'Le Pleiadi'),
('ef481700-bd71-4c80-ba6c-b23bbc83e662', '2:30', 'Aedo'),
('ef481700-bd71-4c80-ba6c-b23bbc83e662', '2:30', 'La Madonna Delle Conchiglie'),
('ef481700-bd71-4c80-ba6c-b23bbc83e662', '2:30', 'Calipso'),
('ef481700-bd71-4c80-ba6c-b23bbc83e662', '2:30', 'Dimmi Tiresia'),
('ef481700-bd71-4c80-ba6c-b23bbc83e662', '2:30', 'Nostos'),
('ef481700-bd71-4c80-ba6c-b23bbc83e662', '2:30', 'Le Sirene'),
('2a037e26-fae2-4b1b-9198-3e7eb925778f', '2:36', 'Shuckin The Corn'),
('2a037e26-fae2-4b1b-9198-3e7eb925778f', '2:10', 'Foggy Mountain Breakdown'),
('2a037e26-fae2-4b1b-9198-3e7eb925778f', '2:47', 'Farewell Blues'),
('2a037e26-fae2-4b1b-9198-3e7eb925778f', '2:36', 'Dear Old Dixie'),
('2a037e26-fae2-4b1b-9198-3e7eb925778f', '2:48', 'Under The Double Eagle'),
('2a037e26-fae2-4b1b-9198-3e7eb925778f', '2:11', 'Banjoy'),
('2a037e26-fae2-4b1b-9198-3e7eb925778f', '2:17', 'Randy Lynn Rag'),
('2a037e26-fae2-4b1b-9198-3e7eb925778f', '2:38', 'Pair Of  Fives'),
('2a037e26-fae2-4b1b-9198-3e7eb925778f', '2:40', 'Nightcap'),
('2a037e26-fae2-4b1b-9198-3e7eb925778f', '3:16', 'Duelin Banjos'),
('077aea6a-ad45-4f8e-b41a-f442c822670a', '3:20', 'Panic!'),
('077aea6a-ad45-4f8e-b41a-f442c822670a', '4:01', 'Say It Again'),
('077aea6a-ad45-4f8e-b41a-f442c822670a', '4:12', 'Not Right Now'),
('077aea6a-ad45-4f8e-b41a-f442c822670a', '4:36', 'How It Has To Be'),
('077aea6a-ad45-4f8e-b41a-f442c822670a', '4:02', 'Less And Less'),
('077aea6a-ad45-4f8e-b41a-f442c822670a', '2:26', 'We Need To Talk'),
('077aea6a-ad45-4f8e-b41a-f442c822670a', '3:42', 'Trouble'),
('077aea6a-ad45-4f8e-b41a-f442c822670a', '6:16', 'We Wear The Mask'),
('077aea6a-ad45-4f8e-b41a-f442c822670a', '4:21', 'King For A Day'),
('077aea6a-ad45-4f8e-b41a-f442c822670a', '3:30', 'Its Been Done'),
('077aea6a-ad45-4f8e-b41a-f442c822670a', '3:59', 'You Know Seh Mr. Radics'),
('077aea6a-ad45-4f8e-b41a-f442c822670a', '6:55', 'Dub The Mask'),
('856aff14-853f-44ad-8644-472ba8bfc0c4', '3:36', 'Ulazak U Harem'),
('856aff14-853f-44ad-8644-472ba8bfc0c4', '5:30', 'Šumadijski Blues'),
('856aff14-853f-44ad-8644-472ba8bfc0c4', '4:54', 'El Dumo'),
('856aff14-853f-44ad-8644-472ba8bfc0c4', '3:20', 'Mračni Mol'),
('856aff14-853f-44ad-8644-472ba8bfc0c4', '2:30', 'Oro'),
('856aff14-853f-44ad-8644-472ba8bfc0c4', '4:27', 'Plava Pesma'),
('856aff14-853f-44ad-8644-472ba8bfc0c4', '3:18', 'Ljudi Nije Fer'),
('856aff14-853f-44ad-8644-472ba8bfc0c4', '4:00', 'Perle'),
('856aff14-853f-44ad-8644-472ba8bfc0c4', '2:58', 'Slikar Sa Pikadilija'),
('856aff14-853f-44ad-8644-472ba8bfc0c4', '4:05', 'Satelit'),
('badfdf2f-b51a-49b4-b12b-8885e8f66bf8', '2:55', 'Silver Hawks'),
('badfdf2f-b51a-49b4-b12b-8885e8f66bf8', '3:37', 'Allez Silver Hawks'),
('eb8d20a2-34f0-4746-95bd-88471f760f50', '2:30', 'Demo 1984 "Los Gobiernos Pasan, Las Sociedades Mueren, Pero La Policia Es Eterna"'),
('eb8d20a2-34f0-4746-95bd-88471f760f50', '2:30', 'Intro + Cerebros Podridos'),
('eb8d20a2-34f0-4746-95bd-88471f760f50', '2:30', 'Animales Muertos'),
('eb8d20a2-34f0-4746-95bd-88471f760f50', '2:30', 'Vomito Social'),
('eb8d20a2-34f0-4746-95bd-88471f760f50', '2:30', 'Me Quieren Encerrar'),
('eb8d20a2-34f0-4746-95bd-88471f760f50', '2:30', 'Buitres'),
('eb8d20a2-34f0-4746-95bd-88471f760f50', '2:30', 'Revolucion'),
('eb8d20a2-34f0-4746-95bd-88471f760f50', '2:30', 'Fuerzas De Seguridad'),
('eb8d20a2-34f0-4746-95bd-88471f760f50', '2:30', 'Ley De Vida'),
('eb8d20a2-34f0-4746-95bd-88471f760f50', '2:30', 'Consume'),
('eb8d20a2-34f0-4746-95bd-88471f760f50', '2:30', 'Requiem Final'),
('eb8d20a2-34f0-4746-95bd-88471f760f50', '2:30', 'Demo 1986 "¿No Es Esto Terror?"'),
('eb8d20a2-34f0-4746-95bd-88471f760f50', '2:30', 'Ley Antiterrorista'),
('eb8d20a2-34f0-4746-95bd-88471f760f50', '2:30', 'Instinto Criminal'),
('eb8d20a2-34f0-4746-95bd-88471f760f50', '2:30', 'Deslumbrante Brillo'),
('eb8d20a2-34f0-4746-95bd-88471f760f50', '2:30', 'Ama Shantalen Jaiak 85'),
('eb8d20a2-34f0-4746-95bd-88471f760f50', '2:30', 'No Mas Tortura'),
('eb8d20a2-34f0-4746-95bd-88471f760f50', '2:30', 'Niños Terroristas'),
('eb8d20a2-34f0-4746-95bd-88471f760f50', '2:30', 'Mierda Su Ley + Soy Una Bomba'),
('eb8d20a2-34f0-4746-95bd-88471f760f50', '2:30', 'Ya No Hay Solucion'),
('eb8d20a2-34f0-4746-95bd-88471f760f50', '2:30', 'Vomito Social'),
('eb8d20a2-34f0-4746-95bd-88471f760f50', '2:30', 'Irun, Irun, Irun'),
('eb8d20a2-34f0-4746-95bd-88471f760f50', '2:30', 'Demo 2009 "Regreso A la Escena Del Crimen"'),
('eb8d20a2-34f0-4746-95bd-88471f760f50', '2:30', 'Radio terror'),
('eb8d20a2-34f0-4746-95bd-88471f760f50', '2:30', 'En Otro Tiempo En Otro Lugar'),
('eb8d20a2-34f0-4746-95bd-88471f760f50', '2:30', 'Un Dia Mas'),
('eb8d20a2-34f0-4746-95bd-88471f760f50', '2:30', 'Escapando de la Jaula'),
('eb8d20a2-34f0-4746-95bd-88471f760f50', '2:30', 'Al Borde de la Carretera'),
('eb8d20a2-34f0-4746-95bd-88471f760f50', '2:30', 'Soy Una Bomba'),
('eb8d20a2-34f0-4746-95bd-88471f760f50', '2:30', 'Deslumbrante Brillo + Al Olor Del Dinero'),
('eb8d20a2-34f0-4746-95bd-88471f760f50', '2:30', 'Dicen Que No'),
('eb8d20a2-34f0-4746-95bd-88471f760f50', '2:30', 'Lucha!!!'),
('eb8d20a2-34f0-4746-95bd-88471f760f50', '2:30', 'Cerebros Destruidos (Cover Eskorbuto)'),
('eb8d20a2-34f0-4746-95bd-88471f760f50', '2:30', 'Vomito Social'),
('b98b3694-7cfe-4be5-97fd-4621ec05c7f5', '5:55', 'Huellas Que Se Van'),
('b98b3694-7cfe-4be5-97fd-4621ec05c7f5', '3:15', 'Con Golpes De Pecho'),
('b98b3694-7cfe-4be5-97fd-4621ec05c7f5', '3:20', 'Te Quiero'),
('b98b3694-7cfe-4be5-97fd-4621ec05c7f5', '2:10', 'Me Muero, Me Muero'),
('b98b3694-7cfe-4be5-97fd-4621ec05c7f5', '2:14', 'Te Doy Una Canción'),
('b98b3694-7cfe-4be5-97fd-4621ec05c7f5', '3:00', 'Vámonos'),
('b98b3694-7cfe-4be5-97fd-4621ec05c7f5', '2:58', 'Canciones De Amor No. 2'),
('b98b3694-7cfe-4be5-97fd-4621ec05c7f5', '2:22', 'En Ese Más Allá'),
('b98b3694-7cfe-4be5-97fd-4621ec05c7f5', '4:40', 'Gracias A La Vida'),
('b98b3694-7cfe-4be5-97fd-4621ec05c7f5', '3:20', 'Noche De Lamento Triste'),
('7fec5bf5-f7b2-4d56-8c2f-5cc656c4770c', '2:52', 'Im An Old Cowhand (From The Rio Grande)'),
('7fec5bf5-f7b2-4d56-8c2f-5cc656c4770c', '5:02', 'Woe, The Luck'),
('51e656db-3b95-47bd-a044-f24365247f9d', '2:30', 'Stop Making Sense'),
('51e656db-3b95-47bd-a044-f24365247f9d', '2:30', 'Psycho Killer'),
('51e656db-3b95-47bd-a044-f24365247f9d', '2:30', 'Swamp'),
('51e656db-3b95-47bd-a044-f24365247f9d', '2:30', 'Slippery People'),
('51e656db-3b95-47bd-a044-f24365247f9d', '2:30', 'Burning Down The House'),
('51e656db-3b95-47bd-a044-f24365247f9d', '2:30', 'Girlfriend Is Better'),
('51e656db-3b95-47bd-a044-f24365247f9d', '2:30', 'Once In A Lifetime'),
('51e656db-3b95-47bd-a044-f24365247f9d', '2:30', 'What A Day That Was'),
('51e656db-3b95-47bd-a044-f24365247f9d', '2:30', 'Life During Wartime'),
('51e656db-3b95-47bd-a044-f24365247f9d', '2:30', 'Take Me To The River'),
('51e656db-3b95-47bd-a044-f24365247f9d', '2:30', 'Little Creatures'),
('51e656db-3b95-47bd-a044-f24365247f9d', '2:30', 'And She Was'),
('51e656db-3b95-47bd-a044-f24365247f9d', '2:30', 'Give Me Back My Name'),
('51e656db-3b95-47bd-a044-f24365247f9d', '2:30', 'Creatures Of Love'),
('51e656db-3b95-47bd-a044-f24365247f9d', '2:30', 'The Lady Dont Mind'),
('51e656db-3b95-47bd-a044-f24365247f9d', '2:30', 'Perfect World'),
('51e656db-3b95-47bd-a044-f24365247f9d', '2:30', 'Stay Up Late'),
('51e656db-3b95-47bd-a044-f24365247f9d', '2:30', 'Walk It Down'),
('51e656db-3b95-47bd-a044-f24365247f9d', '2:30', 'Television Man'),
('51e656db-3b95-47bd-a044-f24365247f9d', '2:30', 'Road To Nowhere'),
('51e656db-3b95-47bd-a044-f24365247f9d', '2:30', 'True Stories'),
('51e656db-3b95-47bd-a044-f24365247f9d', '2:30', 'Love For Sale'),
('51e656db-3b95-47bd-a044-f24365247f9d', '2:30', 'Puzzlin Evidence'),
('51e656db-3b95-47bd-a044-f24365247f9d', '2:30', 'Hey Now'),
('51e656db-3b95-47bd-a044-f24365247f9d', '2:30', 'Papa Legba'),
('51e656db-3b95-47bd-a044-f24365247f9d', '2:30', 'Wild Wild Life'),
('51e656db-3b95-47bd-a044-f24365247f9d', '2:30', 'Radio Head'),
('51e656db-3b95-47bd-a044-f24365247f9d', '2:30', 'Dream Operator'),
('51e656db-3b95-47bd-a044-f24365247f9d', '2:30', 'People Like Us'),
('51e656db-3b95-47bd-a044-f24365247f9d', '2:30', 'City Of Dreams'),
('417dbb1e-257c-4ab5-b839-63dda76f1cf7', '5:15', 'Sarah'),
('417dbb1e-257c-4ab5-b839-63dda76f1cf7', '3:38', '(Tout ça pour finir) Chanteur de blues'),
('05ca7745-f12e-43d8-bd8d-03b9266b9543', '2:30', 'Steve B Goode'),
('05ca7745-f12e-43d8-bd8d-03b9266b9543', '2:30', 'TV Bloopers'),
('05ca7745-f12e-43d8-bd8d-03b9266b9543', '2:30', 'Rib Meat'),
('05ca7745-f12e-43d8-bd8d-03b9266b9543', '2:30', 'Leather Gloves'),
('05ca7745-f12e-43d8-bd8d-03b9266b9543', '2:30', 'Im So Bored'),
('7626110c-c53f-4bc2-906b-2ec8ca6eaeb6', '4:23', 'Tu Ne MAs Pas Laissé Le Temps'),
('7626110c-c53f-4bc2-906b-2ec8ca6eaeb6', '3:51', 'Bu Gece (Kir Zincirlerini)'),
('7626110c-c53f-4bc2-906b-2ec8ca6eaeb6', '3:35', 'Saté San'),
('7626110c-c53f-4bc2-906b-2ec8ca6eaeb6', '3:45', 'Les Démons De Minuit'),
('7626110c-c53f-4bc2-906b-2ec8ca6eaeb6', '3:20', 'Zaama Zaama'),
('7626110c-c53f-4bc2-906b-2ec8ca6eaeb6', '2:59', 'La Manivelle'),
('7626110c-c53f-4bc2-906b-2ec8ca6eaeb6', '3:22', 'Abeô'),
('7626110c-c53f-4bc2-906b-2ec8ca6eaeb6', '3:51', 'La Confession'),
('7626110c-c53f-4bc2-906b-2ec8ca6eaeb6', '3:43', 'Au Nom De LAmour'),
('7626110c-c53f-4bc2-906b-2ec8ca6eaeb6', '4:04', 'Sober'),
('7626110c-c53f-4bc2-906b-2ec8ca6eaeb6', '5:06', 'Baïda (Oriental Version)'),
('7626110c-c53f-4bc2-906b-2ec8ca6eaeb6', '3:51', 'Délicate Chatte'),
('7626110c-c53f-4bc2-906b-2ec8ca6eaeb6', '2:28', 'La Banana'),
('7626110c-c53f-4bc2-906b-2ec8ca6eaeb6', '3:35', 'Flash In The Night'),
('7626110c-c53f-4bc2-906b-2ec8ca6eaeb6', '3:14', 'Samba Del Diablo (Original Radio)'),
('7626110c-c53f-4bc2-906b-2ec8ca6eaeb6', '3:51', 'Straddi.Virus Is Back (1,2,3,4 Violon Mix Edit)'),
('0d57206e-4f6a-4ea2-9cc7-513274ee8fb6', '3:35', 'Take Me Away'),
('0d57206e-4f6a-4ea2-9cc7-513274ee8fb6', '3:14', 'Here'),
('0d57206e-4f6a-4ea2-9cc7-513274ee8fb6', '3:19', 'At The Sea'),
('0d57206e-4f6a-4ea2-9cc7-513274ee8fb6', '2:46', 'Cluster Bomb'),
('d8fb116d-9474-4ce8-a506-ab3d39feafa0', '3:28', 'Full Moon On The Highway'),
('d8fb116d-9474-4ce8-a506-ab3d39feafa0', '4:34', 'Half Past One'),
('d8fb116d-9474-4ce8-a506-ab3d39feafa0', '4:17', 'Hunters And Collectors'),
('d8fb116d-9474-4ce8-a506-ab3d39feafa0', '8:39', 'Vernal Equinox'),
('d8fb116d-9474-4ce8-a506-ab3d39feafa0', '5:34', 'Red Hot Indians'),
('d8fb116d-9474-4ce8-a506-ab3d39feafa0', '13:20', 'Unfinished'),
('116a7b77-3e81-45ce-85f8-32375b80b450', '2:30', 'Requiem For X'),
('116a7b77-3e81-45ce-85f8-32375b80b450', '2:30', 'Back In 74'),
('116a7b77-3e81-45ce-85f8-32375b80b450', '2:30', 'Book Of Skulls'),
('116a7b77-3e81-45ce-85f8-32375b80b450', '2:30', 'Forest'),
('116a7b77-3e81-45ce-85f8-32375b80b450', '2:30', 'Evil In The Machine'),
('116a7b77-3e81-45ce-85f8-32375b80b450', '2:30', 'Mysterium'),
('116a7b77-3e81-45ce-85f8-32375b80b450', '2:30', 'Dark Bolero'),
('116a7b77-3e81-45ce-85f8-32375b80b450', '2:30', 'Rebirth'),
('44acbda7-1c41-471b-8e72-b40461c30869', '2:30', 'Runaway'),
('44acbda7-1c41-471b-8e72-b40461c30869', '2:30', 'Gonzo'),
('44acbda7-1c41-471b-8e72-b40461c30869', '2:30', 'God Save Anna Nicole'),
('44acbda7-1c41-471b-8e72-b40461c30869', '2:30', 'Service Is Our Business'),
('44acbda7-1c41-471b-8e72-b40461c30869', '2:30', 'The Highway'),
('44acbda7-1c41-471b-8e72-b40461c30869', '2:30', 'Falling Up Stairs'),
('44acbda7-1c41-471b-8e72-b40461c30869', '2:30', 'The Invisible Man'),
('44acbda7-1c41-471b-8e72-b40461c30869', '2:30', 'Kitchen Punks'),
('44acbda7-1c41-471b-8e72-b40461c30869', '2:30', 'No Name'),
('44acbda7-1c41-471b-8e72-b40461c30869', '2:30', 'Nameless'),
('44acbda7-1c41-471b-8e72-b40461c30869', '2:30', 'Shea Politika'),
('44acbda7-1c41-471b-8e72-b40461c30869', '2:30', 'Keep The Bubble In The Middle'),
('e8ed685c-b207-433c-a93e-9efe6d276806', '2:30', 'Sigue Cantando (Keep On Singing)'),
('e8ed685c-b207-433c-a93e-9efe6d276806', '2:30', 'No Hay Lugar Como Casa (Theres No Place Like Home)'),
('b5c7c1ff-bcf3-4579-a45a-d0e5f667ffb8', '2:30', 'Side 1'),
('b5c7c1ff-bcf3-4579-a45a-d0e5f667ffb8', '2:30', 'Side 2'),
('6305a867-37a2-4f7b-9fee-ac61c0ef5009', '6:32', 'To The Night (Il Cubano Rmx)'),
('6305a867-37a2-4f7b-9fee-ac61c0ef5009', '6:00', 'To The Night (Pablo Mix)'),
('6305a867-37a2-4f7b-9fee-ac61c0ef5009', '6:31', 'To The Night (Poli Rmx)'),
('6305a867-37a2-4f7b-9fee-ac61c0ef5009', '4:34', 'To The Night (Radio)'),
('09e260b5-6aab-4af4-835f-f33b8119c812', '2:30', 'Rinmin ça'),
('09e260b5-6aab-4af4-835f-f33b8119c812', '2:30', 'Ti Coc Ac Codin'),
('09e260b5-6aab-4af4-835f-f33b8119c812', '2:30', 'La Roule'),
('09e260b5-6aab-4af4-835f-f33b8119c812', '2:30', 'Dagobert'),
('09e260b5-6aab-4af4-835f-f33b8119c812', '2:30', 'Bain chaud'),
('09e260b5-6aab-4af4-835f-f33b8119c812', '2:30', 'Ti Gaçon'),
('09e260b5-6aab-4af4-835f-f33b8119c812', '2:30', 'Ti Vicieux'),
('09e260b5-6aab-4af4-835f-f33b8119c812', '2:30', 'Feville'),
('09e260b5-6aab-4af4-835f-f33b8119c812', '2:30', 'Bouqui Chasseu'),
('0489a00b-0080-47e1-85b9-14448f1f7e28', '2:30', 'Interviews Part 1'),
('0489a00b-0080-47e1-85b9-14448f1f7e28', '2:30', 'Interviews Part 2'),
('0f9e855d-e189-4d33-8e5d-b78fe33bf78b', '3:58', 'The Queen Of Swans'),
('0f9e855d-e189-4d33-8e5d-b78fe33bf78b', '3:57', 'Amelie '),
('0f9e855d-e189-4d33-8e5d-b78fe33bf78b', '3:30', 'Youve Gone With So Little For So Long'),
('0f9e855d-e189-4d33-8e5d-b78fe33bf78b', '6:14', 'Central Park East'),
('0f9e855d-e189-4d33-8e5d-b78fe33bf78b', '4:17', 'Emotional Free Fall'),
('0f9e855d-e189-4d33-8e5d-b78fe33bf78b', '3:17', 'Coming Up For Air'),
('0f9e855d-e189-4d33-8e5d-b78fe33bf78b', '4:32', 'Autumns In The Air'),
('0f9e855d-e189-4d33-8e5d-b78fe33bf78b', '3:47', 'Are You Ready?'),
('0f9e855d-e189-4d33-8e5d-b78fe33bf78b', '3:28', 'Sunflower'),
('0f9e855d-e189-4d33-8e5d-b78fe33bf78b', '3:44', 'Moth Light'),
('0f9e855d-e189-4d33-8e5d-b78fe33bf78b', '3:41', 'Rainy Day Record'),
('0f9e855d-e189-4d33-8e5d-b78fe33bf78b', '3:58', 'The Queen Of Swans'),
('0f9e855d-e189-4d33-8e5d-b78fe33bf78b', '3:57', 'Amelie'),
('0f9e855d-e189-4d33-8e5d-b78fe33bf78b', '3:30', 'Youve Gone With So Little For So Long'),
('0f9e855d-e189-4d33-8e5d-b78fe33bf78b', '6:14', 'Central Park East'),
('0f9e855d-e189-4d33-8e5d-b78fe33bf78b', '4:17', 'Emotional Free Fall'),
('0f9e855d-e189-4d33-8e5d-b78fe33bf78b', '3:17', 'Coming Up For Air'),
('0f9e855d-e189-4d33-8e5d-b78fe33bf78b', '4:32', 'Autumns In The Air'),
('0f9e855d-e189-4d33-8e5d-b78fe33bf78b', '3:47', 'Are You Ready?'),
('0f9e855d-e189-4d33-8e5d-b78fe33bf78b', '3:28', 'Sunflower'),
('0f9e855d-e189-4d33-8e5d-b78fe33bf78b', '3:44', 'Moth Light'),
('0f9e855d-e189-4d33-8e5d-b78fe33bf78b', '3:41', 'Rainy Day Record'),
('a379abdd-2009-41d0-bc75-8b5a2324e9c7', '2:30', 'Hollaback The Dust'),
('a379abdd-2009-41d0-bc75-8b5a2324e9c7', '2:30', 'How We Do A Lil Bit'),
('a379abdd-2009-41d0-bc75-8b5a2324e9c7', '2:30', 'Coolie Ghetto'),
('a379abdd-2009-41d0-bc75-8b5a2324e9c7', '2:30', 'Billy The Signs'),
('a379abdd-2009-41d0-bc75-8b5a2324e9c7', '2:30', 'Rnb Party Booster'),
('7f0bebc3-baf2-434b-8b57-025f9711ca92', '2:30', 'Det Står Skrivet'),
('7f0bebc3-baf2-434b-8b57-025f9711ca92', '2:30', 'Irrljus'),
('7f0bebc3-baf2-434b-8b57-025f9711ca92', '2:30', 'Kataklysmen'),
('7f0bebc3-baf2-434b-8b57-025f9711ca92', '2:30', 'Kapellskär'),
('7f0bebc3-baf2-434b-8b57-025f9711ca92', '2:30', 'Bakom Stjärnorna, Bakom Tiden'),
('7f0bebc3-baf2-434b-8b57-025f9711ca92', '2:30', 'Mörkertal'),
('7f0bebc3-baf2-434b-8b57-025f9711ca92', '2:30', 'Kall Luft'),
('7f0bebc3-baf2-434b-8b57-025f9711ca92', '2:30', 'Förbi Horisonten'),
('7f0bebc3-baf2-434b-8b57-025f9711ca92', '2:30', 'Du Är Inget Hav'),
('16731765-729c-4bc3-89a3-41cb58f70065', '2:30', 'Days Of Pearly Spencer'),
('16731765-729c-4bc3-89a3-41cb58f70065', '2:30', 'Harlem Lady'),
('16731765-729c-4bc3-89a3-41cb58f70065', '2:30', 'Letter To My Love'),
('16731765-729c-4bc3-89a3-41cb58f70065', '2:30', 'And I Am Free'),
('196a3a89-6f81-4d28-b0e4-9d9e6c1ca3ac', '2:30', 'Crazy (Radio Mix)'),
('196a3a89-6f81-4d28-b0e4-9d9e6c1ca3ac', '2:30', 'Stand Defiant (Radio Mix)'),
('04df4a08-186f-4b4b-81a8-370b1dd76c99', '1:13', 'MCs Missing'),
('04df4a08-186f-4b4b-81a8-370b1dd76c99', '4:16', 'Dont Gimme The Funk'),
('04df4a08-186f-4b4b-81a8-370b1dd76c99', '4:02', 'Im Your Pusher'),
('04df4a08-186f-4b4b-81a8-370b1dd76c99', '4:08', 'Where Do We Go?'),
('04df4a08-186f-4b4b-81a8-370b1dd76c99', '4:19', 'Sex Dwarf'),
('04df4a08-186f-4b4b-81a8-370b1dd76c99', '4:54', 'Shes The Sun'),
('04df4a08-186f-4b4b-81a8-370b1dd76c99', '5:55', 'Space Cowboy'),
('04df4a08-186f-4b4b-81a8-370b1dd76c99', '3:58', 'Never Slow Down'),
('04df4a08-186f-4b4b-81a8-370b1dd76c99', '4:14', 'Down To The Bone'),
('04df4a08-186f-4b4b-81a8-370b1dd76c99', '3:47', 'Summer Wine'),
('04df4a08-186f-4b4b-81a8-370b1dd76c99', '4:55', 'Dusty Vinyl'),
('04df4a08-186f-4b4b-81a8-370b1dd76c99', '5:07', 'Cubic'),
('04df4a08-186f-4b4b-81a8-370b1dd76c99', '7:59', 'Im Your Pusher (Airscape Mix)'),
('04df4a08-186f-4b4b-81a8-370b1dd76c99', '5:53', 'The Pusher 1'),
('cb0f5308-a569-417c-ac51-db080a69cc17', '2:30', 'Stormy Monday'),
('cb0f5308-a569-417c-ac51-db080a69cc17', '2:30', 'What Will I Tell My Heart'),
('cb0f5308-a569-417c-ac51-db080a69cc17', '2:30', 'I Know The Lord'),
('cb0f5308-a569-417c-ac51-db080a69cc17', '2:30', 'Many Things'),
('cb0f5308-a569-417c-ac51-db080a69cc17', '2:30', 'I Believee In A Woman'),
('cb0f5308-a569-417c-ac51-db080a69cc17', '2:30', 'Boot Hill'),
('cb0f5308-a569-417c-ac51-db080a69cc17', '2:30', 'Im Gonna Take A Chance'),
('cb0f5308-a569-417c-ac51-db080a69cc17', '2:30', 'Thats The Way'),
('cb0f5308-a569-417c-ac51-db080a69cc17', '2:30', 'Help Me'),
('6e808bbe-e84b-4583-84b5-57532e73593d', '7:18', 'Be Cool'),
('6e808bbe-e84b-4583-84b5-57532e73593d', '7:00', 'French Minimal'),
('5bed5fcb-79eb-45eb-9296-993d465f54aa', '2:30', 'Gypsy Train'),
('5bed5fcb-79eb-45eb-9296-993d465f54aa', '2:30', 'Dont Chain My Heart'),
('5bed5fcb-79eb-45eb-9296-993d465f54aa', '2:30', 'Never Enough'),
('5bed5fcb-79eb-45eb-9296-993d465f54aa', '2:30', 'How Many Times'),
('5bed5fcb-79eb-45eb-9296-993d465f54aa', '2:30', '2 Hearts'),
('5bed5fcb-79eb-45eb-9296-993d465f54aa', '2:30', 'Wings Of Time'),
('5bed5fcb-79eb-45eb-9296-993d465f54aa', '2:30', 'She Knows The Devil'),
('5bed5fcb-79eb-45eb-9296-993d465f54aa', '2:30', 'The Other Side'),
('5bed5fcb-79eb-45eb-9296-993d465f54aa', '2:30', 'Only You'),
('5bed5fcb-79eb-45eb-9296-993d465f54aa', '2:30', 'Kick Down The Walls'),
('5bed5fcb-79eb-45eb-9296-993d465f54aa', '2:30', 'Kingdom Of Desire'),
('5bed5fcb-79eb-45eb-9296-993d465f54aa', '2:30', 'Jake To The Bone'),
('4e0ee5c5-dd8a-419c-b538-6fb4b9e52a75', '2:30', '~ Live From Beelzebub Final at Liquidroom ~ "2006.07.04 Ebisu Liquidroom Live"'),
('4e0ee5c5-dd8a-419c-b538-6fb4b9e52a75', '2:30', '$500'),
('4e0ee5c5-dd8a-419c-b538-6fb4b9e52a75', '2:30', 'Everglow'),
('4e0ee5c5-dd8a-419c-b538-6fb4b9e52a75', '2:30', 'No Exit'),
('4e0ee5c5-dd8a-419c-b538-6fb4b9e52a75', '2:30', 'Money Money'),
('4e0ee5c5-dd8a-419c-b538-6fb4b9e52a75', '2:30', 'Eject'),
('4e0ee5c5-dd8a-419c-b538-6fb4b9e52a75', '2:30', 'Boom Boom Everyone'),
('4e0ee5c5-dd8a-419c-b538-6fb4b9e52a75', '2:30', 'Endless'),
('4e0ee5c5-dd8a-419c-b538-6fb4b9e52a75', '2:30', 'The End'),
('4e0ee5c5-dd8a-419c-b538-6fb4b9e52a75', '2:30', 'Disco'),
('4e0ee5c5-dd8a-419c-b538-6fb4b9e52a75', '2:30', 'Pulse -English Version-'),
('4e0ee5c5-dd8a-419c-b538-6fb4b9e52a75', '2:30', 'Nervous To Sleep'),
('4e0ee5c5-dd8a-419c-b538-6fb4b9e52a75', '2:30', 'Automatic'),
('4e0ee5c5-dd8a-419c-b538-6fb4b9e52a75', '2:30', 'Someday'),
('4e0ee5c5-dd8a-419c-b538-6fb4b9e52a75', '2:30', 'Taste Maximum'),
('4e0ee5c5-dd8a-419c-b538-6fb4b9e52a75', '2:30', '<Extra Live Document From Korea>'),
('4e0ee5c5-dd8a-419c-b538-6fb4b9e52a75', '2:30', 'Incheon, Korea Pentaport Rock Festival Document "2006.07.29"'),
('4e0ee5c5-dd8a-419c-b538-6fb4b9e52a75', '2:30', '<Extra Music Clips>'),
('4e0ee5c5-dd8a-419c-b538-6fb4b9e52a75', '2:30', 'Just Like Billy'),
('4e0ee5c5-dd8a-419c-b538-6fb4b9e52a75', '2:30', 'Pulse -English Version-'),
('c398c1ef-031c-49a4-a6fc-1441fdabf64c', '2:30', 'The Black Boy'),
('c398c1ef-031c-49a4-a6fc-1441fdabf64c', '2:30', 'Fabiola'),
('8c14a36e-c8c3-46ec-8e3f-fb30e198b222', '2:30', 'Te Amaré'),
('8c14a36e-c8c3-46ec-8e3f-fb30e198b222', '2:30', 'Por Si Acaso'),
('8c14a36e-c8c3-46ec-8e3f-fb30e198b222', '2:30', '¡Ay Mi Amor!'),
('8c14a36e-c8c3-46ec-8e3f-fb30e198b222', '2:30', 'Que Alce La Mano'),
('8c14a36e-c8c3-46ec-8e3f-fb30e198b222', '2:30', 'Le Lo Lai'),
('8c14a36e-c8c3-46ec-8e3f-fb30e198b222', '2:30', 'El Millonario'),
('8c14a36e-c8c3-46ec-8e3f-fb30e198b222', '2:30', 'Que Pena Nos Da Por El'),
('8c14a36e-c8c3-46ec-8e3f-fb30e198b222', '2:30', 'Por Eso'),
('8c14a36e-c8c3-46ec-8e3f-fb30e198b222', '2:30', 'Se Me Sigue Olvidando'),
('8c14a36e-c8c3-46ec-8e3f-fb30e198b222', '2:30', 'Preludio Azteco'),
('d5cb2c40-40b4-4925-a591-1d9168ec9fa8', '5:46', '最期'),
('d5cb2c40-40b4-4925-a591-1d9168ec9fa8', '7:22', '月桂冠は嗤う'),
('d5cb2c40-40b4-4925-a591-1d9168ec9fa8', '5:36', '嘲る死体'),
('d5cb2c40-40b4-4925-a591-1d9168ec9fa8', '4:18', '狂う水兵たち'),
('d5cb2c40-40b4-4925-a591-1d9168ec9fa8', '5:26', '探照灯の先に'),
('d5cb2c40-40b4-4925-a591-1d9168ec9fa8', '4:17', '狂気という名の慈悲'),
('d5cb2c40-40b4-4925-a591-1d9168ec9fa8', '3:56', '不可侵の海'),
('d5cb2c40-40b4-4925-a591-1d9168ec9fa8', '3:40', '神の横顔'),
('d5cb2c40-40b4-4925-a591-1d9168ec9fa8', '6:28', '燐光の歌'),
('d5cb2c40-40b4-4925-a591-1d9168ec9fa8', '6:32', '忘却の海に死す'),
('ff4b8b59-6580-41b2-b291-b5fca87b630b', '2:05', 'Meet Me In The Alley, Sally'),
('ff4b8b59-6580-41b2-b291-b5fca87b630b', '2:01', 'I Wanted You'),
('bbd6dce8-c4f4-4a89-bc5d-3e258ea7108b', '2:46', 'Come Closer To Me (Acercate Mas)'),
('bbd6dce8-c4f4-4a89-bc5d-3e258ea7108b', '2:38', 'Nothing In The World'),
('82abbe9f-1da1-4bc0-b0d2-b68191c1a234', '8:00', 'Prophet (Original Mix)'),
('82abbe9f-1da1-4bc0-b0d2-b68191c1a234', '7:22', 'Prophet (Maxi Iborquiza Remix)'),
('82abbe9f-1da1-4bc0-b0d2-b68191c1a234', '8:23', 'Prophet (Frezel Remix)'),
('82abbe9f-1da1-4bc0-b0d2-b68191c1a234', '7:36', 'Prophet (Ilya Gerus Crosstime Remix)'),
('d567ec29-bc6a-442c-8980-a4f2158dd70c', '6:16', 'Untitled'),
('d567ec29-bc6a-442c-8980-a4f2158dd70c', '4:43', 'Untitled'),
('d567ec29-bc6a-442c-8980-a4f2158dd70c', '5:48', 'Untitled'),
('d567ec29-bc6a-442c-8980-a4f2158dd70c', '6:11', 'Untitled'),
('d567ec29-bc6a-442c-8980-a4f2158dd70c', '5:04', 'Untitled'),
('d567ec29-bc6a-442c-8980-a4f2158dd70c', '4:52', 'Untitled'),
('d567ec29-bc6a-442c-8980-a4f2158dd70c', '4:44', 'Untitled'),
('d567ec29-bc6a-442c-8980-a4f2158dd70c', '6:08', 'Untitled'),
('d567ec29-bc6a-442c-8980-a4f2158dd70c', '6:13', 'Untitled'),
('d567ec29-bc6a-442c-8980-a4f2158dd70c', '5:43', 'Untitled'),
('d567ec29-bc6a-442c-8980-a4f2158dd70c', '5:18', 'Untitled'),
('cb136de0-1cea-47da-b0c4-183ac1ae8f15', '2:30', 'Gathering Song Of The Tribe Of Awlaqi'),
('cb136de0-1cea-47da-b0c4-183ac1ae8f15', '2:30', 'Sword Dance'),
('cb136de0-1cea-47da-b0c4-183ac1ae8f15', '2:30', 'Gathering Song Of The Tribe Of Awdali'),
('cb136de0-1cea-47da-b0c4-183ac1ae8f15', '2:30', 'War Song'),
('cb136de0-1cea-47da-b0c4-183ac1ae8f15', '2:30', 'Love Song'),
('cb136de0-1cea-47da-b0c4-183ac1ae8f15', '2:30', 'Song About The Paying Of Taxes'),
('cb136de0-1cea-47da-b0c4-183ac1ae8f15', '2:30', 'Dramatic Representation Of Tribal Quarrel'),
('cb136de0-1cea-47da-b0c4-183ac1ae8f15', '2:30', 'Folk Song'),
('cb136de0-1cea-47da-b0c4-183ac1ae8f15', '2:30', 'Dance'),
('cb136de0-1cea-47da-b0c4-183ac1ae8f15', '2:30', 'Wedding Song'),
('cb136de0-1cea-47da-b0c4-183ac1ae8f15', '2:30', 'Wedding Song'),
('cb136de0-1cea-47da-b0c4-183ac1ae8f15', '2:30', 'Love Song'),
('cb136de0-1cea-47da-b0c4-183ac1ae8f15', '2:30', 'Love Song'),
('13ce8645-9799-455a-812b-773178095d6a', '3:10', 'Nothing Is Anything (Without You)'),
('9070fa8b-85e9-4077-93b4-da8016a6152e', '3:16', 'Dueling Banjos'),
('9070fa8b-85e9-4077-93b4-da8016a6152e', '1:12', 'Little Maggie'),
('9070fa8b-85e9-4077-93b4-da8016a6152e', '2:12', 'Shuckin The Corn'),
('9070fa8b-85e9-4077-93b4-da8016a6152e', '2:06', 'Pony Express'),
('9070fa8b-85e9-4077-93b4-da8016a6152e', '1:15', 'Old Joe Clark'),
('9070fa8b-85e9-4077-93b4-da8016a6152e', '2:03', 'Eight More Miles To Louisville'),
('9070fa8b-85e9-4077-93b4-da8016a6152e', '2:04', 'Farewell Blues'),
('9070fa8b-85e9-4077-93b4-da8016a6152e', '1:52', 'Earls Breakdown'),
('9070fa8b-85e9-4077-93b4-da8016a6152e', '1:07', 'Eight Of January'),
('9070fa8b-85e9-4077-93b4-da8016a6152e', '1:49', 'End Of A Dream'),
('9070fa8b-85e9-4077-93b4-da8016a6152e', '2:18', 'Buffalo Gals'),
('9070fa8b-85e9-4077-93b4-da8016a6152e', '2:58', 'Reubens Train'),
('9070fa8b-85e9-4077-93b4-da8016a6152e', '1:35', 'Riding The Waves'),
('9070fa8b-85e9-4077-93b4-da8016a6152e', '2:18', 'Fire On The Mountain'),
('9070fa8b-85e9-4077-93b4-da8016a6152e', '1:32', 'Bugle Call Rag'),
('9070fa8b-85e9-4077-93b4-da8016a6152e', '1:50', 'Hard Aint It Hard'),
('9070fa8b-85e9-4077-93b4-da8016a6152e', '1:26', 'Mountain Dew'),
('9070fa8b-85e9-4077-93b4-da8016a6152e', '2:05', 'Rawhide'),
('25a97525-0c56-4fb6-b094-109bc4337658', '2:30', 'I Left My Heart In San Francisco'),
('25a97525-0c56-4fb6-b094-109bc4337658', '2:30', 'The Good Life'),
('8415d1f5-2201-4e0f-a031-3ce9a4a39253', '2:30', 'Precious'),
('8415d1f5-2201-4e0f-a031-3ce9a4a39253', '2:30', 'The Phone Call'),
('8415d1f5-2201-4e0f-a031-3ce9a4a39253', '2:30', 'Up The Neck'),
('8415d1f5-2201-4e0f-a031-3ce9a4a39253', '2:30', 'Tattooed Love Boys'),
('8415d1f5-2201-4e0f-a031-3ce9a4a39253', '2:30', 'Space Invader'),
('8415d1f5-2201-4e0f-a031-3ce9a4a39253', '2:30', 'The Wait'),
('8415d1f5-2201-4e0f-a031-3ce9a4a39253', '2:30', 'Stop Your Sobbing'),
('8415d1f5-2201-4e0f-a031-3ce9a4a39253', '2:30', 'Kid'),
('8415d1f5-2201-4e0f-a031-3ce9a4a39253', '2:30', 'Private Life'),
('8415d1f5-2201-4e0f-a031-3ce9a4a39253', '2:30', 'Brass In Pocket'),
('8415d1f5-2201-4e0f-a031-3ce9a4a39253', '2:30', 'Lovers Of Today'),
('8415d1f5-2201-4e0f-a031-3ce9a4a39253', '2:30', 'Mystery Achievement'),
('21aa49cf-0c4e-4aaa-9f46-79631697f0b7', '2:18', 'Il Faut Vivre Vite'),
('21aa49cf-0c4e-4aaa-9f46-79631697f0b7', '2:30', 'Quest Ce Que Jen Sais'),
('21aa49cf-0c4e-4aaa-9f46-79631697f0b7', '2:25', 'Je Dis Non Mais Je Pense Oui'),
('21aa49cf-0c4e-4aaa-9f46-79631697f0b7', '2:20', 'Ecoute Le Silence'),
('f0d057b1-ba20-4925-8a91-55ad8bd91f1f', '2:45', 'La Pollita'),
('f0d057b1-ba20-4925-8a91-55ad8bd91f1f', '2:40', 'Caminemos'),
('d454e0fe-4964-4170-a65c-81e2ddd7c85b', '2:30', 'Terminator'),
('d454e0fe-4964-4170-a65c-81e2ddd7c85b', '2:30', 'Rust'),
('d454e0fe-4964-4170-a65c-81e2ddd7c85b', '2:30', 'I Blame You For It All'),
('d454e0fe-4964-4170-a65c-81e2ddd7c85b', '2:30', 'Record The Darkness'),
('d454e0fe-4964-4170-a65c-81e2ddd7c85b', '2:30', 'The Beast In Your Eyes'),
('d454e0fe-4964-4170-a65c-81e2ddd7c85b', '2:30', 'Rawhide'),
('d454e0fe-4964-4170-a65c-81e2ddd7c85b', '2:30', 'We Get Hurt'),
('d454e0fe-4964-4170-a65c-81e2ddd7c85b', '2:30', 'Time Is A Line'),
('d454e0fe-4964-4170-a65c-81e2ddd7c85b', '2:30', 'Playground'),
('8abe0b26-9581-45b8-856e-27e26a09ad0f', '4:31', 'Find Out'),
('8abe0b26-9581-45b8-856e-27e26a09ad0f', '4:52', 'What If I Should Fall In Love'),
('8abe0b26-9581-45b8-856e-27e26a09ad0f', '4:54', 'Born In The U.S.A.'),
('8abe0b26-9581-45b8-856e-27e26a09ad0f', '5:15', 'The Skys The Limit'),
('8abe0b26-9581-45b8-856e-27e26a09ad0f', '4:03', 'Dont Turn The Lights Out'),
('8abe0b26-9581-45b8-856e-27e26a09ad0f', '4:13', 'Campo Americano'),
('8abe0b26-9581-45b8-856e-27e26a09ad0f', '2:41', 'Stereotypica'),
('8abe0b26-9581-45b8-856e-27e26a09ad0f', '4:25', 'Psychedelic'),
('8abe0b26-9581-45b8-856e-27e26a09ad0f', '4:42', 'My Life'),
('331176a1-9c1b-4421-980f-9f3ef3165a30', '7:32', 'Introduzione - Più Non Ti Affligger Tanto...'),
('331176a1-9c1b-4421-980f-9f3ef3165a30', '5:29', 'Piangerò, Ma Figlio Amato...'),
('331176a1-9c1b-4421-980f-9f3ef3165a30', '4:28', 'Ah, Che Il Mio Cor Giammai...'),
('331176a1-9c1b-4421-980f-9f3ef3165a30', '4:17', 'Sento Orror Del Tuo Delitto...'),
('331176a1-9c1b-4421-980f-9f3ef3165a30', '2:00', 'Ah, Tu Padre Ammutisci?...'),
('331176a1-9c1b-4421-980f-9f3ef3165a30', '3:55', 'Non Abbandona Mai...'),
('331176a1-9c1b-4421-980f-9f3ef3165a30', '4:23', 'Sì, Solo A Te, Mio Dio...'),
('331176a1-9c1b-4421-980f-9f3ef3165a30', '5:33', 'Il Rimorso Opprime Il Seno...'),
('331176a1-9c1b-4421-980f-9f3ef3165a30', '2:34', 'Caro Germano, Al Fine Tabbraccio...'),
('331176a1-9c1b-4421-980f-9f3ef3165a30', '5:07', 'Come Fra Venti INsani...'),
('331176a1-9c1b-4421-980f-9f3ef3165a30', '1:31', 'E Nessun Lo Soccorre?...'),
('331176a1-9c1b-4421-980f-9f3ef3165a30', '3:05', 'Inspira O Dio Clemente...'),
('331176a1-9c1b-4421-980f-9f3ef3165a30', '1:14', 'Il Figlio Ancor Non Vedo...'),
('331176a1-9c1b-4421-980f-9f3ef3165a30', '5:04', 'Ah, Veder Già Parmi Il Figlio...'),
('331176a1-9c1b-4421-980f-9f3ef3165a30', '2:19', 'Simpliciano, Che Rechi?...'),
('331176a1-9c1b-4421-980f-9f3ef3165a30', '7:22', 'Piange, E Quel Pianto Avviva...'),
('331176a1-9c1b-4421-980f-9f3ef3165a30', '8:27', 'Ecco Che Giunge A Noi...'),
('331176a1-9c1b-4421-980f-9f3ef3165a30', '4:15', 'Or Mi Pento, Oh Dio, Che Tardi...'),
('331176a1-9c1b-4421-980f-9f3ef3165a30', '5:10', 'Ah, Figlio!...'),
('331176a1-9c1b-4421-980f-9f3ef3165a30', '5:29', 'A Dio Ritornate...'),
('331176a1-9c1b-4421-980f-9f3ef3165a30', '5:27', 'Si Lodi Il Ciel Pietoso...'),
('d1522fc8-01e1-458a-9ff7-67456e069b2e', '2:30', 'Prinz Eitel Friederich Marsch'),
('d1522fc8-01e1-458a-9ff7-67456e069b2e', '2:30', 'Satiric Dances 1: Allegro'),
('d1522fc8-01e1-458a-9ff7-67456e069b2e', '2:30', 'Satiric Dances 2: Adagio Mesto'),
('d1522fc8-01e1-458a-9ff7-67456e069b2e', '2:30', 'Satiric Dances 3: Allegro Spumante'),
('d1522fc8-01e1-458a-9ff7-67456e069b2e', '2:30', 'Porgy And Bess Selection'),
('d1522fc8-01e1-458a-9ff7-67456e069b2e', '2:30', 'By The Light Of The Polar Star'),
('d1522fc8-01e1-458a-9ff7-67456e069b2e', '2:30', 'Toccaa Marziale'),
('d1522fc8-01e1-458a-9ff7-67456e069b2e', '2:30', 'Rhosymedre'),
('d1522fc8-01e1-458a-9ff7-67456e069b2e', '2:30', 'Finale To Symphony No.1 In E Flat'),
('cdc80b5a-56bf-4900-93a0-a10922ff172c', '2:30', 'Σε Γυρεύω'),
('cdc80b5a-56bf-4900-93a0-a10922ff172c', '2:30', 'Για Μένα Ποιος'),
('cdc80b5a-56bf-4900-93a0-a10922ff172c', '2:30', 'Μια Ζωή Θυσίες'),
('cdc80b5a-56bf-4900-93a0-a10922ff172c', '2:30', 'Ατελείωτα'),
('cdc80b5a-56bf-4900-93a0-a10922ff172c', '2:30', 'Έφυγες'),
('cdc80b5a-56bf-4900-93a0-a10922ff172c', '2:30', 'Είναι Η Τρέλλα Που Νιώθω'),
('cdc80b5a-56bf-4900-93a0-a10922ff172c', '2:30', 'Τι Να Πω'),
('cdc80b5a-56bf-4900-93a0-a10922ff172c', '2:30', 'Είσαι Συ'),
('cdc80b5a-56bf-4900-93a0-a10922ff172c', '2:30', 'Η Τράπεζα Του Έρωτα'),
('cdc80b5a-56bf-4900-93a0-a10922ff172c', '2:30', 'Νοιώσε Με'),
('cdc80b5a-56bf-4900-93a0-a10922ff172c', '2:30', 'Λιγοστεύω'),
('cdc80b5a-56bf-4900-93a0-a10922ff172c', '2:30', 'Εσένα Που Λάτρεψα'),
('5fe830c3-3ab5-4d0d-9f13-57e8e7cf7e0c', '2:33', 'Shirley'),
('5fe830c3-3ab5-4d0d-9f13-57e8e7cf7e0c', '2:38', 'Gabbin Blues'),
('5fe830c3-3ab5-4d0d-9f13-57e8e7cf7e0c', '2:27', 'I Put A Spell On You'),
('5fe830c3-3ab5-4d0d-9f13-57e8e7cf7e0c', '2:01', 'Summertime, Summertime'),
('5fe830c3-3ab5-4d0d-9f13-57e8e7cf7e0c', '2:29', 'Peanuts'),
('5fe830c3-3ab5-4d0d-9f13-57e8e7cf7e0c', '2:07', 'Raw-Hide'),
('5fe830c3-3ab5-4d0d-9f13-57e8e7cf7e0c', '2:32', 'Start Movin'),
('5fe830c3-3ab5-4d0d-9f13-57e8e7cf7e0c', '2:37', 'Please Say You Want Me'),
('5fe830c3-3ab5-4d0d-9f13-57e8e7cf7e0c', '1:29', 'Bluebirds Over The Mountain'),
('5fe830c3-3ab5-4d0d-9f13-57e8e7cf7e0c', '2:08', 'Lawsy Miss Mary'),
('5fe830c3-3ab5-4d0d-9f13-57e8e7cf7e0c', '1:52', 'Carol'),
('5fe830c3-3ab5-4d0d-9f13-57e8e7cf7e0c', '2:31', 'I Want You To Be My Baby'),
('77a4845c-d0c9-40a8-bfc8-049d6b5a6b13', '2:31', 'スペランカー'),
('77a4845c-d0c9-40a8-bfc8-049d6b5a6b13', '3:16', '迷宮組曲'),
('77a4845c-d0c9-40a8-bfc8-049d6b5a6b13', '1:33', 'マッピー'),
('77a4845c-d0c9-40a8-bfc8-049d6b5a6b13', '4:25', 'ツインビー'),
('77a4845c-d0c9-40a8-bfc8-049d6b5a6b13', '1:22', 'けっきょく南極大冒険'),
('77a4845c-d0c9-40a8-bfc8-049d6b5a6b13', '2:12', '忍者じゃじゃ丸くん'),
('77a4845c-d0c9-40a8-bfc8-049d6b5a6b13', '4:38', 'スーパーマリオブラザーズ'),
('41c79c34-96b3-4d4e-9342-95f94a37f494', '3:26', 'Keyfi Yolunda Aşkı Sonunda'),
('679d3f0a-c968-4948-8a75-791366071343', '2:24', 'Move It!'),
('679d3f0a-c968-4948-8a75-791366071343', '2:38', 'Livin Doll'),
('679d3f0a-c968-4948-8a75-791366071343', '2:39', 'Travellin Light'),
('679d3f0a-c968-4948-8a75-791366071343', '2:31', 'Fall In Love With You'),
('679d3f0a-c968-4948-8a75-791366071343', '2:59', 'Please Dont Tease'),
('679d3f0a-c968-4948-8a75-791366071343', '2:08', 'Nine Times Out Of Ten'),
('679d3f0a-c968-4948-8a75-791366071343', '2:06', 'Theme For A Dream'),
('679d3f0a-c968-4948-8a75-791366071343', '2:00', 'Gee Whizz Its You'),
('679d3f0a-c968-4948-8a75-791366071343', '2:24', 'When The Girl In Your Arms Is The Girl In Your Heart'),
('679d3f0a-c968-4948-8a75-791366071343', '2:31', 'A Girl Like You'),
('679d3f0a-c968-4948-8a75-791366071343', '3:11', 'The Young Ones'),
('679d3f0a-c968-4948-8a75-791366071343', '2:15', 'Do You Want To Dance?'),
('679d3f0a-c968-4948-8a75-791366071343', '2:46', 'Im Lookin Out The Window'),
('679d3f0a-c968-4948-8a75-791366071343', '1:55', 'Itll Be Me'),
('679d3f0a-c968-4948-8a75-791366071343', '2:02', 'Bachelor Boy'),
('679d3f0a-c968-4948-8a75-791366071343', '2:57', 'The Next Time'),
('679d3f0a-c968-4948-8a75-791366071343', '2:07', 'Summer Holiday'),
('679d3f0a-c968-4948-8a75-791366071343', '2:43', 'Lucky Lips'),
('679d3f0a-c968-4948-8a75-791366071343', '3:12', 'Its All In The Game'),
('679d3f0a-c968-4948-8a75-791366071343', '2:52', 'Dont Talk To Him'),
('679d3f0a-c968-4948-8a75-791366071343', '2:39', 'Constantly'),
('679d3f0a-c968-4948-8a75-791366071343', '2:28', 'On The Beach'),
('679d3f0a-c968-4948-8a75-791366071343', '2:55', 'I Could Easily Fall (In Love With You)'),
('679d3f0a-c968-4948-8a75-791366071343', '2:21', 'The Minute Youre Gone'),
('679d3f0a-c968-4948-8a75-791366071343', '2:29', 'Wind Me Up (Let Me Go)'),
('679d3f0a-c968-4948-8a75-791366071343', '3:01', 'Visions'),
('679d3f0a-c968-4948-8a75-791366071343', '2:22', 'Blue Turns To Grey'),
('679d3f0a-c968-4948-8a75-791366071343', '2:43', 'In The Country'),
('679d3f0a-c968-4948-8a75-791366071343', '2:16', 'The Day I Met Marie'),
('679d3f0a-c968-4948-8a75-791366071343', '2:57', 'All My Love'),
('679d3f0a-c968-4948-8a75-791366071343', '2:32', 'Congratulations'),
('679d3f0a-c968-4948-8a75-791366071343', '2:49', 'Throw Down A Line'),
('679d3f0a-c968-4948-8a75-791366071343', '2:48', 'Goodbye Sam, Hello Samantha'),
('679d3f0a-c968-4948-8a75-791366071343', '3:25', 'Sing A Song Of Freedom'),
('679d3f0a-c968-4948-8a75-791366071343', '3:03', 'Power To All Our Friends'),
('679d3f0a-c968-4948-8a75-791366071343', '2:59', '(You Keep Me) Hangin On'),
('679d3f0a-c968-4948-8a75-791366071343', '3:58', 'Miss You Nights'),
('679d3f0a-c968-4948-8a75-791366071343', '3:36', 'Devil Woman'),
('679d3f0a-c968-4948-8a75-791366071343', '2:50', 'I Cant Ask For Anymore Than You'),
('679d3f0a-c968-4948-8a75-791366071343', '3:27', 'My Kinda Life'),
('2c7f97cc-fd73-4f89-b3ca-455889690bbd', '5:10', 'Born On The Bayou'),
('2c7f97cc-fd73-4f89-b3ca-455889690bbd', '2:58', 'Bootleg'),
('2c7f97cc-fd73-4f89-b3ca-455889690bbd', '8:32', 'Graveyard Train'),
('2c7f97cc-fd73-4f89-b3ca-455889690bbd', '2:39', 'Good Golly Miss Molly'),
('2c7f97cc-fd73-4f89-b3ca-455889690bbd', '3:37', 'Penthouse Pauper'),
('2c7f97cc-fd73-4f89-b3ca-455889690bbd', '3:07', 'Proud Mary'),
('2c7f97cc-fd73-4f89-b3ca-455889690bbd', '7:40', 'Keep On Chooglin'),
('df394b7a-7a44-49d4-8f4e-22a66305db50', '2:30', 'Sos Ojos De Sa Jana'),
('df394b7a-7a44-49d4-8f4e-22a66305db50', '2:30', 'A Sa Zente'),
('df394b7a-7a44-49d4-8f4e-22a66305db50', '2:30', 'A Deus Piachende'),
('df394b7a-7a44-49d4-8f4e-22a66305db50', '2:30', 'SUrtima Luche'),
('df394b7a-7a44-49d4-8f4e-22a66305db50', '2:30', 'Carrasecare'),
('df394b7a-7a44-49d4-8f4e-22a66305db50', '2:30', '...A Passu Lentu'),
('df394b7a-7a44-49d4-8f4e-22a66305db50', '2:30', 'Chelu Nieddu'),
('df394b7a-7a44-49d4-8f4e-22a66305db50', '2:30', 'Sentimentu'),
('df394b7a-7a44-49d4-8f4e-22a66305db50', '2:30', 'No Potho Reposare'),
('df394b7a-7a44-49d4-8f4e-22a66305db50', '2:30', 'Mamoiada'),
('df394b7a-7a44-49d4-8f4e-22a66305db50', '2:30', 'Spunta La Luna Dal Monte'),
('df394b7a-7a44-49d4-8f4e-22a66305db50', '2:30', 'Sa Mama E Su Sole'),
('df394b7a-7a44-49d4-8f4e-22a66305db50', '2:30', 'Niunu Intende'),
('df394b7a-7a44-49d4-8f4e-22a66305db50', '2:30', 'Desvelos'),
('df394b7a-7a44-49d4-8f4e-22a66305db50', '2:30', 'In Sas Nues Tuas'),
('df394b7a-7a44-49d4-8f4e-22a66305db50', '2:30', 'Un Alenu E Sole'),
('df394b7a-7a44-49d4-8f4e-22a66305db50', '2:30', 'Bon Nadale'),
('df394b7a-7a44-49d4-8f4e-22a66305db50', '2:30', 'Disamparados'),
('df394b7a-7a44-49d4-8f4e-22a66305db50', '2:30', 'Naneddu (Lettera A Nanni Sutis)'),
('df394b7a-7a44-49d4-8f4e-22a66305db50', '2:30', 'Limba'),
('df394b7a-7a44-49d4-8f4e-22a66305db50', '2:30', 'Pitzinnos In Sa Gherra'),
('df394b7a-7a44-49d4-8f4e-22a66305db50', '2:30', 'SIspera Manna'),
('df394b7a-7a44-49d4-8f4e-22a66305db50', '2:30', 'Non La Giamedas Maria'),
('df394b7a-7a44-49d4-8f4e-22a66305db50', '2:30', 'Vai (Senza Di Noi)'),
('df394b7a-7a44-49d4-8f4e-22a66305db50', '2:30', 'Suite: Preghiera Semplice'),
('df394b7a-7a44-49d4-8f4e-22a66305db50', '2:30', 'Deus Ti Salvet Et Maria'),
('df394b7a-7a44-49d4-8f4e-22a66305db50', '2:30', 'Sa Festa'),
('df394b7a-7a44-49d4-8f4e-22a66305db50', '2:30', 'Etta Abba, Chelu'),
('df394b7a-7a44-49d4-8f4e-22a66305db50', '2:30', 'Astrolicanus'),
('df394b7a-7a44-49d4-8f4e-22a66305db50', '2:30', 'Bettamus Intro A Nois'),
('df394b7a-7a44-49d4-8f4e-22a66305db50', '2:30', 'Il Popolo Rock'),
('df394b7a-7a44-49d4-8f4e-22a66305db50', '2:30', 'Sa Dansa'),
('df394b7a-7a44-49d4-8f4e-22a66305db50', '2:30', 'Rios De Alenos'),
('df394b7a-7a44-49d4-8f4e-22a66305db50', '2:30', 'Frore In Su Nie'),
('df394b7a-7a44-49d4-8f4e-22a66305db50', '2:30', 'Fortza Paris'),
('df394b7a-7a44-49d4-8f4e-22a66305db50', '2:30', 'Sutt E Su Sole'),
('df394b7a-7a44-49d4-8f4e-22a66305db50', '2:30', 'SIstrada E Sa Luna'),
('df394b7a-7a44-49d4-8f4e-22a66305db50', '2:30', 'Bumba'),
('df394b7a-7a44-49d4-8f4e-22a66305db50', '2:30', 'E Sarà Natale'),
('df394b7a-7a44-49d4-8f4e-22a66305db50', '2:30', 'Armentos'),
('df394b7a-7a44-49d4-8f4e-22a66305db50', '2:30', 'Domo Mia'),
('df394b7a-7a44-49d4-8f4e-22a66305db50', '2:30', 'La Ricerca Di Te'),
('df394b7a-7a44-49d4-8f4e-22a66305db50', '2:30', 'Desperada E Laudada'),
('df394b7a-7a44-49d4-8f4e-22a66305db50', '2:30', 'Madre Terra'),
('df394b7a-7a44-49d4-8f4e-22a66305db50', '2:30', 'Patria Quieta'),
('df394b7a-7a44-49d4-8f4e-22a66305db50', '2:30', 'Piove Luce'),
('df394b7a-7a44-49d4-8f4e-22a66305db50', '2:30', 'Ischidados'),
('df394b7a-7a44-49d4-8f4e-22a66305db50', '2:30', 'Mielacrime'),
('df394b7a-7a44-49d4-8f4e-22a66305db50', '2:30', 'Il Respiro Del Silenzio (Live)'),
('df394b7a-7a44-49d4-8f4e-22a66305db50', '2:30', 'Cuore E Vento'),
('df394b7a-7a44-49d4-8f4e-22a66305db50', '2:30', 'Amore Nou'),
('df394b7a-7a44-49d4-8f4e-22a66305db50', '2:30', 'Sa Oghe'),
('49d02577-672e-4a87-9a73-5ccf8320bb3d', '2:33', 'Conquistador'),
('49d02577-672e-4a87-9a73-5ccf8320bb3d', '3:21', 'She Wandered Through The Garden Fence'),
('49d02577-672e-4a87-9a73-5ccf8320bb3d', '3:33', 'Something Following Me'),
('49d02577-672e-4a87-9a73-5ccf8320bb3d', '1:50', 'Mabel'),
('49d02577-672e-4a87-9a73-5ccf8320bb3d', '4:59', 'Cerdes (Outside The Gates Of)'),
('49d02577-672e-4a87-9a73-5ccf8320bb3d', '4:42', 'A Christmas Camel'),
('49d02577-672e-4a87-9a73-5ccf8320bb3d', '2:49', 'Kaleidoscope'),
('49d02577-672e-4a87-9a73-5ccf8320bb3d', '3:33', 'Salad Days (Are Here Again)'),
('49d02577-672e-4a87-9a73-5ccf8320bb3d', '1:25', 'Good Captain Clack'),
('49d02577-672e-4a87-9a73-5ccf8320bb3d', '4:04', 'Repent Walpurgis'),
('49d02577-672e-4a87-9a73-5ccf8320bb3d', '2:30', 'Bonus Tracks'),
('49d02577-672e-4a87-9a73-5ccf8320bb3d', '4:04', 'A Whiter Shade Of Pale'),
('49d02577-672e-4a87-9a73-5ccf8320bb3d', '2:50', 'Lime Street Blues'),
('49d02577-672e-4a87-9a73-5ccf8320bb3d', '3:52', 'Homburg [Single Version]'),
('49d02577-672e-4a87-9a73-5ccf8320bb3d', '1:28', 'Good Captain Clack [Single Version]'),
('49d02577-672e-4a87-9a73-5ccf8320bb3d', '3:25', 'Il Tuo Diamante [Italian Single Promo Version]'),
('49d02577-672e-4a87-9a73-5ccf8320bb3d', '3:29', 'Understandably Blue'),
('49d02577-672e-4a87-9a73-5ccf8320bb3d', '3:42', 'Pandoras Box [Version 1: Backing Track]'),
('49d02577-672e-4a87-9a73-5ccf8320bb3d', '3:48', 'Alpha'),
('49d02577-672e-4a87-9a73-5ccf8320bb3d', '2:27', 'Conquistador'),
('49d02577-672e-4a87-9a73-5ccf8320bb3d', '3:23', 'She Wandered Through The Garden Fence'),
('49d02577-672e-4a87-9a73-5ccf8320bb3d', '3:53', 'Homburg [Album Version]'),
('a40ec9d3-39ba-455b-8b2f-f3643f78f4ad', '2:10', 'Fairy Snails / Once Upon A Slime'),
('a40ec9d3-39ba-455b-8b2f-f3643f78f4ad', '0:12', 'Wafen Arabic Luftwaffe Is An Incredible Domina'),
('a40ec9d3-39ba-455b-8b2f-f3643f78f4ad', '1:26', 'Mon Ténia Sappelle Wily'),
('a40ec9d3-39ba-455b-8b2f-f3643f78f4ad', '0:52', 'Explosion Of Diarrhoea With Ingrown Nails'),
('a40ec9d3-39ba-455b-8b2f-f3643f78f4ad', '1:27', 'Ma Bite Macht Frei!!'),
('a40ec9d3-39ba-455b-8b2f-f3643f78f4ad', '1:01', 'Enculinaire'),
('a40ec9d3-39ba-455b-8b2f-f3643f78f4ad', '1:23', 'Change De Trou Ça Fume'),
('a40ec9d3-39ba-455b-8b2f-f3643f78f4ad', '0:41', 'A Brutal Beneficial Anal'),
('a40ec9d3-39ba-455b-8b2f-f3643f78f4ad', '0:24', 'La Moula'),
('a40ec9d3-39ba-455b-8b2f-f3643f78f4ad', '1:29', 'Escarre Go'),
('a40ec9d3-39ba-455b-8b2f-f3643f78f4ad', '1:28', 'Gluten'),
('a40ec9d3-39ba-455b-8b2f-f3643f78f4ad', '1:15', 'Lime Ass'),
('a40ec9d3-39ba-455b-8b2f-f3643f78f4ad', '1:03', 'Xenomorphic Pony Hunter'),
('a40ec9d3-39ba-455b-8b2f-f3643f78f4ad', '1:48', 'Suce Moi Et On En Parle Plus'),
('a40ec9d3-39ba-455b-8b2f-f3643f78f4ad', '1:23', 'Lactose In Demonic Land'),
('a40ec9d3-39ba-455b-8b2f-f3643f78f4ad', '1:19', 'Goi In The Hood'),
('a40ec9d3-39ba-455b-8b2f-f3643f78f4ad', '1:04', 'Patarice Confrère'),
('a40ec9d3-39ba-455b-8b2f-f3643f78f4ad', '1:18', 'Le Zbeul'),
('a40ec9d3-39ba-455b-8b2f-f3643f78f4ad', '0:43', 'Sortez Wous Les Doigts Du Métal !'),
('a40ec9d3-39ba-455b-8b2f-f3643f78f4ad', '0:57', 'Fragili-thé : Paroxysm Of A Gyom'),
('a40ec9d3-39ba-455b-8b2f-f3643f78f4ad', '1:29', 'Rampe ďAcces PMR'),
('a40ec9d3-39ba-455b-8b2f-f3643f78f4ad', '1:14', 'Staphylocock'),
('a40ec9d3-39ba-455b-8b2f-f3643f78f4ad', '2:08', 'Raw Snails Army'),
('a40ec9d3-39ba-455b-8b2f-f3643f78f4ad', '1:33', 'Slug Mucus Bukkake'),
('a40ec9d3-39ba-455b-8b2f-f3643f78f4ad', '1:09', 'Palm Oil'),
('a40ec9d3-39ba-455b-8b2f-f3643f78f4ad', '0:49', 'World Of Whorecraft'),
('a40ec9d3-39ba-455b-8b2f-f3643f78f4ad', '1:35', 'Histerical Injection Of Traumatic Lethal Excrement Remnants'),
('a40ec9d3-39ba-455b-8b2f-f3643f78f4ad', '0:58', 'PD (Fallait Bien Placer Un PD)'),
('a40ec9d3-39ba-455b-8b2f-f3643f78f4ad', '0:50', 'Gilles De La Twerkette'),
('a40ec9d3-39ba-455b-8b2f-f3643f78f4ad', '0:36', 'Varicelle'),
('a40ec9d3-39ba-455b-8b2f-f3643f78f4ad', '0:56', 'Hipsterodactyle'),
('a40ec9d3-39ba-455b-8b2f-f3643f78f4ad', '0:25', 'Adventure On The Boat (Jig-Ai Cover)'),
('a40ec9d3-39ba-455b-8b2f-f3643f78f4ad', '1:02', 'Com=plete Rectal Prolapse (Regurgitate Cover)'),
('a40ec9d3-39ba-455b-8b2f-f3643f78f4ad', '0:49', 'Consanguin Orchestra'),
('a40ec9d3-39ba-455b-8b2f-f3643f78f4ad', '1:50', 'Stanley Lombrik'),
('528357d1-366b-4ba7-9d66-32f5ae844921', '2:30', 'Ария'),
('528357d1-366b-4ba7-9d66-32f5ae844921', '2:30', 'Хор Дервишей, Из Музыки К Пьесе А. Коцебу „Афинские Развалины“'),
('528357d1-366b-4ba7-9d66-32f5ae844921', '2:30', 'Фантазия На Тему Романса А. Гурилева „Отгадай, Моя Родная“'),
('528357d1-366b-4ba7-9d66-32f5ae844921', '2:30', 'Мазурка, Соль Мажор'),
('528357d1-366b-4ba7-9d66-32f5ae844921', '2:30', 'Славянский Танец, Фа Мажор, Соч. 72'),
('528357d1-366b-4ba7-9d66-32f5ae844921', '2:30', 'Размышление, Из Оперы „Таис“'),
('528357d1-366b-4ba7-9d66-32f5ae844921', '2:30', 'Грустный Вальс'),
('528357d1-366b-4ba7-9d66-32f5ae844921', '2:30', 'Краковяк'),
('3e5d385e-13b8-4905-ba92-b547e7a20330', '2:54', 'Go Leila ( 1986 Version )'),
('3e5d385e-13b8-4905-ba92-b547e7a20330', '2:30', 'Go Leila (1976 Version)'),
('85cc3b59-c028-46bb-879b-178376528874', '2:30', 'Al General Del Pueblo'),
('85cc3b59-c028-46bb-879b-178376528874', '2:30', 'Discursos (Fragmentos)'),
('85cc3b59-c028-46bb-879b-178376528874', '2:30', 'Hombres A Caballo 1a. Parte'),
('85cc3b59-c028-46bb-879b-178376528874', '2:30', 'Himno De La Fuerza Aerea'),
('31505789-0c37-451d-b6a4-1dcc37bc7c66', '2:30', 'When I Do What I Do'),
('31505789-0c37-451d-b6a4-1dcc37bc7c66', '2:30', 'Loped Our Ride'),
('31505789-0c37-451d-b6a4-1dcc37bc7c66', '2:30', 'Pushing That Funk'),
('31505789-0c37-451d-b6a4-1dcc37bc7c66', '2:30', 'Cruzin’ Hard In That Thang'),
('31505789-0c37-451d-b6a4-1dcc37bc7c66', '2:30', 'The Love'),
('31505789-0c37-451d-b6a4-1dcc37bc7c66', '2:30', 'Thumping In The Trunk'),
('31505789-0c37-451d-b6a4-1dcc37bc7c66', '2:30', 'Bad To The Bone'),
('31505789-0c37-451d-b6a4-1dcc37bc7c66', '2:30', 'Mackadosha’s Is The Poshion'),
('31505789-0c37-451d-b6a4-1dcc37bc7c66', '2:30', 'Earthquake'),
('31505789-0c37-451d-b6a4-1dcc37bc7c66', '2:30', 'Honey And The Bump'),
('e9e74756-a122-4890-9851-c289d486cf12', '2:30', 'Atto I'),
('e9e74756-a122-4890-9851-c289d486cf12', '2:30', 'Atto II'),
('e9e74756-a122-4890-9851-c289d486cf12', '2:30', 'Atto III'),
('6ee040ee-7c2a-43fd-92b5-a27279314fe4', '2:30', 'Rockin Daddy'),
('6ee040ee-7c2a-43fd-92b5-a27279314fe4', '2:30', 'Sweet Girl'),
('6ee040ee-7c2a-43fd-92b5-a27279314fe4', '2:30', 'Baby Lets Play House'),
('6ee040ee-7c2a-43fd-92b5-a27279314fe4', '2:30', 'Crazy Alligator'),
('6ee040ee-7c2a-43fd-92b5-a27279314fe4', '2:30', 'Ghost Riders'),
('6ee040ee-7c2a-43fd-92b5-a27279314fe4', '2:30', 'Guitar Rag'),
('ec41d9bb-067a-4231-a6e1-28dae29dc00a', '2:54', 'Morgengruß'),
('ec41d9bb-067a-4231-a6e1-28dae29dc00a', '3:30', 'Und dann singt der Gesangsverein'),
('ec41d9bb-067a-4231-a6e1-28dae29dc00a', '2:32', 'Spielkarten-Polka'),
('ec41d9bb-067a-4231-a6e1-28dae29dc00a', '2:54', 'Franz aus Oberkrain'),
('ec41d9bb-067a-4231-a6e1-28dae29dc00a', '1:46', 'Trompeten-König'),
('ec41d9bb-067a-4231-a6e1-28dae29dc00a', '3:30', 'Vater ist unser Bester'),
('ec41d9bb-067a-4231-a6e1-28dae29dc00a', '2:05', 'Die Feuerwehr muß her'),
('ec41d9bb-067a-4231-a6e1-28dae29dc00a', '2:08', 'Hoch hinaus'),
('ec41d9bb-067a-4231-a6e1-28dae29dc00a', '2:45', 'Narzissen-Walzer'),
('ec41d9bb-067a-4231-a6e1-28dae29dc00a', '3:00', 'Keine Strümpf und keine Schuh'),
('ec41d9bb-067a-4231-a6e1-28dae29dc00a', '2:28', 'Rechts-rum-Polka'),
('ec41d9bb-067a-4231-a6e1-28dae29dc00a', '3:15', 'Wenn du meinst'),
('ec41d9bb-067a-4231-a6e1-28dae29dc00a', '2:25', 'Das Herz vom Schützenkönig'),
('ec41d9bb-067a-4231-a6e1-28dae29dc00a', '3:16', 'Im Zwei-Viertel-Takt'),
('ec41d9bb-067a-4231-a6e1-28dae29dc00a', '1:54', 'Moj fantic je prijezdil'),
('ec41d9bb-067a-4231-a6e1-28dae29dc00a', '3:20', 'Wunschtraum-Walzer'),
('ec41d9bb-067a-4231-a6e1-28dae29dc00a', '2:30', 'Aber dann, aber dann'),
('ec41d9bb-067a-4231-a6e1-28dae29dc00a', '2:28', 'Karawanken-Jodler'),
('ec41d9bb-067a-4231-a6e1-28dae29dc00a', '2:49', 'Ja, das gibt es nur in Oberkrain'),
('ec41d9bb-067a-4231-a6e1-28dae29dc00a', '2:24', 'Im Wald da rief der Kuckuk'),
('ec41d9bb-067a-4231-a6e1-28dae29dc00a', '3:02', 'Aus dem Alpenland'),
('ec41d9bb-067a-4231-a6e1-28dae29dc00a', '2:20', 'Jäger-Polka'),
('ec41d9bb-067a-4231-a6e1-28dae29dc00a', '3:37', 'Denk nicht an vergangne Tage'),
('ec41d9bb-067a-4231-a6e1-28dae29dc00a', '2:26', 'So sind wir'),
('5d929f51-6a6c-4adc-b00b-e2b13f2718c0', '14:56', 'March On The Stones'),
('5d929f51-6a6c-4adc-b00b-e2b13f2718c0', '14:57', 'Necklace Of Tears'),
('126cbb31-24af-48aa-9a09-dcbaede2e81b', '2:34', 'I Wish You Would'),
('126cbb31-24af-48aa-9a09-dcbaede2e81b', '2:53', 'I Am Going Away'),
('126cbb31-24af-48aa-9a09-dcbaede2e81b', '3:00', 'A Good Song'),
('126cbb31-24af-48aa-9a09-dcbaede2e81b', '3:00', 'Ill Get Back My 57 Chevy'),
('126cbb31-24af-48aa-9a09-dcbaede2e81b', '2:53', 'Mic In Hand'),
('126cbb31-24af-48aa-9a09-dcbaede2e81b', '3:12', 'Tomorrow'),
('126cbb31-24af-48aa-9a09-dcbaede2e81b', '2:24', 'Merry Christmas Tonight'),
('126cbb31-24af-48aa-9a09-dcbaede2e81b', '1:52', 'Still 17'),
('126cbb31-24af-48aa-9a09-dcbaede2e81b', '2:18', 'Jezebel'),
('126cbb31-24af-48aa-9a09-dcbaede2e81b', '3:11', 'Special Time'),
('126cbb31-24af-48aa-9a09-dcbaede2e81b', '2:53', 'Be My Girl'),
('126cbb31-24af-48aa-9a09-dcbaede2e81b', '3:29', 'Fantasy World'),
('126cbb31-24af-48aa-9a09-dcbaede2e81b', '2:17', 'She Just Looked'),
('126cbb31-24af-48aa-9a09-dcbaede2e81b', '2:34', 'A Day Like Today'),
('126cbb31-24af-48aa-9a09-dcbaede2e81b', '3:48', 'Keep Goin'),
('d91ae29e-9fdf-4b4d-a295-2de8ef6f5bf9', '4:06', 'Armed And Dangerous'),
('d91ae29e-9fdf-4b4d-a295-2de8ef6f5bf9', '4:34', 'I Am On The Rock'),
('d91ae29e-9fdf-4b4d-a295-2de8ef6f5bf9', '4:35', 'Creed'),
('d91ae29e-9fdf-4b4d-a295-2de8ef6f5bf9', '5:02', 'Beyond Belief'),
('d91ae29e-9fdf-4b4d-a295-2de8ef6f5bf9', '4:11', 'Love'),
('d91ae29e-9fdf-4b4d-a295-2de8ef6f5bf9', '4:29', 'Underground'),
('d91ae29e-9fdf-4b4d-a295-2de8ef6f5bf9', '3:54', 'Seen And Not Heard'),
('d91ae29e-9fdf-4b4d-a295-2de8ef6f5bf9', '5:01', 'Last Daze'),
('d91ae29e-9fdf-4b4d-a295-2de8ef6f5bf9', '3:32', 'Whats In A Name'),
('d91ae29e-9fdf-4b4d-a295-2de8ef6f5bf9', '4:14', 'Prayer'),
('8ad71bcc-8ca9-4b9a-a9db-cc0b27c25299', '4:09', 'Cleopatras Theme'),
('8ad71bcc-8ca9-4b9a-a9db-cc0b27c25299', '3:20', 'Life Aint Easy'),
('8ad71bcc-8ca9-4b9a-a9db-cc0b27c25299', '3:56', 'Dont Suffer In Silence'),
('8ad71bcc-8ca9-4b9a-a9db-cc0b27c25299', '5:08', 'A Touch Of Love'),
('8ad71bcc-8ca9-4b9a-a9db-cc0b27c25299', '4:51', 'The Bird Song'),
('8ad71bcc-8ca9-4b9a-a9db-cc0b27c25299', '4:09', 'Thinking About You'),
('8ad71bcc-8ca9-4b9a-a9db-cc0b27c25299', '5:01', 'What You Gonna Do Boy?'),
('8ad71bcc-8ca9-4b9a-a9db-cc0b27c25299', '5:36', 'The World We Live In'),
('8ad71bcc-8ca9-4b9a-a9db-cc0b27c25299', '3:42', 'Dying Rose'),
('8ad71bcc-8ca9-4b9a-a9db-cc0b27c25299', '4:36', 'Two Timer'),
('8ad71bcc-8ca9-4b9a-a9db-cc0b27c25299', '4:05', 'I Want You Back'),
('8ad71bcc-8ca9-4b9a-a9db-cc0b27c25299', '2:30', 'Bonus Track'),
('8ad71bcc-8ca9-4b9a-a9db-cc0b27c25299', '4:22', 'We Havent Finished Yet'),
('8ad71bcc-8ca9-4b9a-a9db-cc0b27c25299', '5:00', 'Bird Song (Live Version)'),
('d0979d37-58ef-41bc-b7bb-25d122547743', '2:47', 'Lady Of Spain'),
('d0979d37-58ef-41bc-b7bb-25d122547743', '2:42', 'Beautiful Love'),
('d0979d37-58ef-41bc-b7bb-25d122547743', '2:38', 'Moonlight And Roses'),
('d0979d37-58ef-41bc-b7bb-25d122547743', '3:11', 'Love Walked In'),
('d0979d37-58ef-41bc-b7bb-25d122547743', '2:27', 'Our Waltz'),
('d0979d37-58ef-41bc-b7bb-25d122547743', '3:41', 'I Concentrate On You'),
('d0979d37-58ef-41bc-b7bb-25d122547743', '3:09', 'Take Me In Your Arms'),
('d0979d37-58ef-41bc-b7bb-25d122547743', '3:20', 'Malaguena'),
('d0979d37-58ef-41bc-b7bb-25d122547743', '3:05', 'Imagination'),
('d0979d37-58ef-41bc-b7bb-25d122547743', '2:43', 'Kiss Of Fire'),
('d0979d37-58ef-41bc-b7bb-25d122547743', '2:29', 'To My Love'),
('d0979d37-58ef-41bc-b7bb-25d122547743', '3:28', 'My Romance'),
('1d73b26a-e0fe-4ec3-bfea-f04729418b27', '2:30', 'Dusk'),
('1d73b26a-e0fe-4ec3-bfea-f04729418b27', '2:30', 'The Time Has Come'),
('1d73b26a-e0fe-4ec3-bfea-f04729418b27', '2:30', 'Deaths Not The End '),
('1d73b26a-e0fe-4ec3-bfea-f04729418b27', '2:30', 'The Fall Of The Ballerine'),
('1d73b26a-e0fe-4ec3-bfea-f04729418b27', '2:30', 'Mind War'),
('1d73b26a-e0fe-4ec3-bfea-f04729418b27', '2:30', 'Wetdream'),
('1d73b26a-e0fe-4ec3-bfea-f04729418b27', '2:30', 'Rapture Of Mortal Pleasures'),
('88e32eee-db5e-47f3-8931-e8b6f5bb4672', '2:30', 'Make Yourself Comfortable'),
('88e32eee-db5e-47f3-8931-e8b6f5bb4672', '2:30', 'You Dont Know Me'),
('88e32eee-db5e-47f3-8931-e8b6f5bb4672', '2:30', 'Say Goodbye To Hollywood'),
('88e32eee-db5e-47f3-8931-e8b6f5bb4672', '2:30', 'I Never Talk To Strangers'),
('88e32eee-db5e-47f3-8931-e8b6f5bb4672', '2:30', 'Storybook Children'),
('88e32eee-db5e-47f3-8931-e8b6f5bb4672', '2:30', 'Red'),
('88e32eee-db5e-47f3-8931-e8b6f5bb4672', '2:30', 'Empty Bed Blues'),
('88e32eee-db5e-47f3-8931-e8b6f5bb4672', '2:30', 'A Dream Is A Wish Your Heart Makes'),
('88e32eee-db5e-47f3-8931-e8b6f5bb4672', '2:30', 'Paradise'),
('88e32eee-db5e-47f3-8931-e8b6f5bb4672', '2:30', 'Yellow Beach Umbrella'),
('88e32eee-db5e-47f3-8931-e8b6f5bb4672', '2:30', 'La Vie En Rose'),
('0cf0e803-f0f6-4d6a-9b72-7826ad935c01', '2:30', 'Whiskey River'),
('0cf0e803-f0f6-4d6a-9b72-7826ad935c01', '2:30', 'Take This Job And Shove It'),
('0cf0e803-f0f6-4d6a-9b72-7826ad935c01', '2:30', 'Numbers'),
('0cf0e803-f0f6-4d6a-9b72-7826ad935c01', '2:30', 'Just Good Ol Boys'),
('0cf0e803-f0f6-4d6a-9b72-7826ad935c01', '2:30', 'Barstool Mountain'),
('0cf0e803-f0f6-4d6a-9b72-7826ad935c01', '2:30', 'Dont All The Girls Get Prettier At Closing Time'),
('0cf0e803-f0f6-4d6a-9b72-7826ad935c01', '2:30', 'Eastbound And Down'),
('0cf0e803-f0f6-4d6a-9b72-7826ad935c01', '2:30', 'Wasnt That A Party'),
('0cf0e803-f0f6-4d6a-9b72-7826ad935c01', '2:30', 'Up Against The Wall Red Neck Mother'),
('0cf0e803-f0f6-4d6a-9b72-7826ad935c01', '2:30', 'Panama Red'),
('0cf0e803-f0f6-4d6a-9b72-7826ad935c01', '2:30', 'Willie, Waylon And Me'),
('0cf0e803-f0f6-4d6a-9b72-7826ad935c01', '2:30', 'Red Necks, White Socks, & Blue Ribbon Beer'),
('0cf0e803-f0f6-4d6a-9b72-7826ad935c01', '2:30', 'Mammas Dont Let Your Babies Grow Up To Be Cowboys'),
('0cf0e803-f0f6-4d6a-9b72-7826ad935c01', '2:30', 'Shes Actin Single (Im Drinkin Doubles)'),
('0cf0e803-f0f6-4d6a-9b72-7826ad935c01', '2:30', 'I Think Ill Just Stay Here And Drink'),
('d4326d45-c56f-4b6e-a778-c249c06f61f6', '3:08', 'I. Peace Three'),
('d4326d45-c56f-4b6e-a778-c249c06f61f6', '2:30', 'II. Signal Generators'),
('d4326d45-c56f-4b6e-a778-c249c06f61f6', '2:30', 'A. Sine Waveform'),
('d4326d45-c56f-4b6e-a778-c249c06f61f6', '0:05', '1. Slow-Motion Audible Example'),
('d4326d45-c56f-4b6e-a778-c249c06f61f6', '0:50', '2. Composition'),
('d4326d45-c56f-4b6e-a778-c249c06f61f6', '0:33', '3. Harmonic Synthesis'),
('d4326d45-c56f-4b6e-a778-c249c06f61f6', '0:37', '4. Non-Harmonic Synthesis'),
('d4326d45-c56f-4b6e-a778-c249c06f61f6', '2:30', 'B. Sawtooth Waveform'),
('d4326d45-c56f-4b6e-a778-c249c06f61f6', '0:12', '1. Slow-Motion (Negative- And Positive-Going)'),
('d4326d45-c56f-4b6e-a778-c249c06f61f6', '0:34', '2. Composition'),
('d4326d45-c56f-4b6e-a778-c249c06f61f6', '2:30', 'C. Rectangular Waveform'),
('d4326d45-c56f-4b6e-a778-c249c06f61f6', '0:28', '1. Slow-Motion Audible Example (1/8-1/2)'),
('d4326d45-c56f-4b6e-a778-c249c06f61f6', '0:35', '2. Composition (Using 1/8, 1/7, 1/3, 1/2)'),
('d4326d45-c56f-4b6e-a778-c249c06f61f6', '2:30', 'D. Triangular Waveform'),
('d4326d45-c56f-4b6e-a778-c249c06f61f6', '0:05', '1. Slow-Motion Audible Example'),
('d4326d45-c56f-4b6e-a778-c249c06f61f6', '0:20', '2. Composition'),
('d4326d45-c56f-4b6e-a778-c249c06f61f6', '2:30', '-'),
('d4326d45-c56f-4b6e-a778-c249c06f61f6', '0:13', 'E. White Sound Composition'),
('d4326d45-c56f-4b6e-a778-c249c06f61f6', '2:30', 'III. Control Generators'),
('d4326d45-c56f-4b6e-a778-c249c06f61f6', '0:08', 'A. Transient Generator, Amplitude, Frequency And Timbre Modulating In Slow-Motion'),
('d4326d45-c56f-4b6e-a778-c249c06f61f6', '1:55', 'B. Sequential Voltage Sources. Composition'),
('d4326d45-c56f-4b6e-a778-c249c06f61f6', '2:30', 'IV. Frequency Modulation'),
('d4326d45-c56f-4b6e-a778-c249c06f61f6', '2:30', 'A. Keyboard Control'),
('d4326d45-c56f-4b6e-a778-c249c06f61f6', '0:32', '1. 12-Tone'),
('d4326d45-c56f-4b6e-a778-c249c06f61f6', '0:40', '2. Quarter-Tone (One Real Octave = 2 Keyboard Octaves)'),
('d4326d45-c56f-4b6e-a778-c249c06f61f6', '0:31', '3. Ditone (Four Real Octaves Played In Keyboard Range Of One Octave)'),
('d4326d45-c56f-4b6e-a778-c249c06f61f6', '0:23', '4. Portamento'),
('d4326d45-c56f-4b6e-a778-c249c06f61f6', '2:30', '-'),
('d4326d45-c56f-4b6e-a778-c249c06f61f6', '0:30', 'B. Ribbon Control'),
('d4326d45-c56f-4b6e-a778-c249c06f61f6', '2:30', 'C. Periodic'),
('d4326d45-c56f-4b6e-a778-c249c06f61f6', '0:28', '1. Vibrato Ⓢ (Speed Increases As Pitch rises)'),
('d4326d45-c56f-4b6e-a778-c249c06f61f6', '0:27', '2. Sine-Higher Frequency'),
('d4326d45-c56f-4b6e-a778-c249c06f61f6', '0:38', '3. Sawtooth-Swept'),
('d4326d45-c56f-4b6e-a778-c249c06f61f6', '0:32', '4. Rectangular 1/2-Swept L2'),
('d4326d45-c56f-4b6e-a778-c249c06f61f6', '0:31', '5. Triangular-Swept'),
('d4326d45-c56f-4b6e-a778-c249c06f61f6', '2:30', 'D. Periodics Combined'),
('d4326d45-c56f-4b6e-a778-c249c06f61f6', '0:28', '1. 3 Square Waves At Different Frequencies'),
('d4326d45-c56f-4b6e-a778-c249c06f61f6', '0:37', '2. 3 Triangular Waves At Different Frequencies'),
('d4326d45-c56f-4b6e-a778-c249c06f61f6', '0:46', '4 Different Waveforms 2L 2N 2V 2S At Different Frequencies'),
('d4326d45-c56f-4b6e-a778-c249c06f61f6', '2:30', '-'),
('d4326d45-c56f-4b6e-a778-c249c06f61f6', '0:12', 'E. White Sound'),
('d4326d45-c56f-4b6e-a778-c249c06f61f6', '2:30', 'F. Transient'),
('d4326d45-c56f-4b6e-a778-c249c06f61f6', '0:17', '1. Up An Octave, Back To Pitch'),
('d4326d45-c56f-4b6e-a778-c249c06f61f6', '0:07', '2. Up A 3rd, Back To Pitch'),
('d4326d45-c56f-4b6e-a778-c249c06f61f6', '0:09', '3. Down An Octave, Back To Pitch'),
('d4326d45-c56f-4b6e-a778-c249c06f61f6', '0:13', '4. Down A 3rd, Back To Pitch'),
('d4326d45-c56f-4b6e-a778-c249c06f61f6', '2:30', 'V. Amplitude Modulation'),
('d4326d45-c56f-4b6e-a778-c249c06f61f6', '0:13', 'A. Keyboard'),
('d4326d45-c56f-4b6e-a778-c249c06f61f6', '0:10', 'B. Ribbon Controller'),
('d4326d45-c56f-4b6e-a778-c249c06f61f6', '2:30', 'C. Periodic'),
('d4326d45-c56f-4b6e-a778-c249c06f61f6', '0:25', '1. Tremolo'),
('d4326d45-c56f-4b6e-a778-c249c06f61f6', '0:47', '2. Sine-Higher Frequencies (S Sweeping S)'),
('d4326d45-c56f-4b6e-a778-c249c06f61f6', '1:20', '3. Sawtooth (Negative- And Positive-Going Swept)'),
('d4326d45-c56f-4b6e-a778-c249c06f61f6', '0:28', '4. Rectangular-L2 Swept'),
('d4326d45-c56f-4b6e-a778-c249c06f61f6', '0:50', '5. Triangular-Swept'),
('d4326d45-c56f-4b6e-a778-c249c06f61f6', '2:30', 'D. Periodics Combined'),
('d4326d45-c56f-4b6e-a778-c249c06f61f6', '0:44', '1. 4 Square'),
('d4326d45-c56f-4b6e-a778-c249c06f61f6', '0:23', '2. 3 Triangular'),
('d4326d45-c56f-4b6e-a778-c249c06f61f6', '0:23', '3. 4 Different Ⓢ, Ⓝ, 2L, Ⓥ'),
('d4326d45-c56f-4b6e-a778-c249c06f61f6', '2:30', '-'),
('d4326d45-c56f-4b6e-a778-c249c06f61f6', '0:38', 'E. White Sound'),
('d4326d45-c56f-4b6e-a778-c249c06f61f6', '2:30', 'F. Transient'),
('d4326d45-c56f-4b6e-a778-c249c06f61f6', '0:08', '1. Slow'),
('d4326d45-c56f-4b6e-a778-c249c06f61f6', '0:15', '2. With Rising Pitch'),
('d4326d45-c56f-4b6e-a778-c249c06f61f6', '0:14', '3. ∧∧∧∧∧'),
('d4326d45-c56f-4b6e-a778-c249c06f61f6', '2:30', 'VI. Ring Modulation'),
('d4326d45-c56f-4b6e-a778-c249c06f61f6', '2:30', 'A. Sine Waves'),
('d4326d45-c56f-4b6e-a778-c249c06f61f6', '2:00', '1. Series Of Sub-Audible Constants'),
('d4326d45-c56f-4b6e-a778-c249c06f61f6', '0:40', '2. Tune In Parallel'),
('d4326d45-c56f-4b6e-a778-c249c06f61f6', '0:30', '3. Tuned In Opposite Direction'),
('d4326d45-c56f-4b6e-a778-c249c06f61f6', '2:30', '-'),
('d4326d45-c56f-4b6e-a778-c249c06f61f6', '0:33', 'B. Sawtooth'),
('d4326d45-c56f-4b6e-a778-c249c06f61f6', '0:39', 'C. Rectangular L2'),
('d4326d45-c56f-4b6e-a778-c249c06f61f6', '2:30', 'VII. Filtering'),
('d4326d45-c56f-4b6e-a778-c249c06f61f6', '0:25', 'A. White Sound - With Fixed Filters Selected 3rd Octave'),
('d4326d45-c56f-4b6e-a778-c249c06f61f6', '2:30', 'B. White-Sound-Tuned Filters'),
('d4326d45-c56f-4b6e-a778-c249c06f61f6', '0:43', '1. Broad'),
('d4326d45-c56f-4b6e-a778-c249c06f61f6', '0:25', '2. Sharp'),
('d4326d45-c56f-4b6e-a778-c249c06f61f6', '2:30', '-'),
('d4326d45-c56f-4b6e-a778-c249c06f61f6', '1:05', 'C. Low-Frequency Sawtooth-Tuning Through Harmonics'),
('d4326d45-c56f-4b6e-a778-c249c06f61f6', '0:50', 'D. Composition-Tuning Through 2nd, 3rd, 7th And 16th Harmonics'),
('d4326d45-c56f-4b6e-a778-c249c06f61f6', '0:40', 'E. Swept With Ribbon Controller'),
('d4326d45-c56f-4b6e-a778-c249c06f61f6', '2:30', 'F. Periodic'),
('d4326d45-c56f-4b6e-a778-c249c06f61f6', '0:25', '1. Sine-Timbre Vibrato Effect'),
('d4326d45-c56f-4b6e-a778-c249c06f61f6', '0:36', '2. Sine-Variable Rate And Depth'),
('d4326d45-c56f-4b6e-a778-c249c06f61f6', '0:50', '3. Sawtooth (Descending And Ascending)'),
('d4326d45-c56f-4b6e-a778-c249c06f61f6', '2:30', '4. Rectangular'),
('d4326d45-c56f-4b6e-a778-c249c06f61f6', '2:30', 'G. Transient (Sawtooth With Transient Controlled Filter)'),
('d4326d45-c56f-4b6e-a778-c249c06f61f6', '0:12', '1. -----------------'),
('d4326d45-c56f-4b6e-a778-c249c06f61f6', '0:10', '2. -----------------'),
('d4326d45-c56f-4b6e-a778-c249c06f61f6', '0:09', '3. ------------------'),
('d4326d45-c56f-4b6e-a778-c249c06f61f6', '0:08', '4. ------------------'),
('d4326d45-c56f-4b6e-a778-c249c06f61f6', '2:30', 'VIII. Tape Delay'),
('d4326d45-c56f-4b6e-a778-c249c06f61f6', '0:13', 'A. Single Repeat'),
('d4326d45-c56f-4b6e-a778-c249c06f61f6', '2:55', 'B. Multiple Repeat'),
('d4326d45-c56f-4b6e-a778-c249c06f61f6', '2:30', '-'),
('d4326d45-c56f-4b6e-a778-c249c06f61f6', '3:08', 'IX. Peace Three (Recap)'),
('0d61ceb5-0cda-4776-83be-deae6382f0e8', '2:30', 'The Perfume Suite : A) Introduction By Duke Ellington'),
('0d61ceb5-0cda-4776-83be-deae6382f0e8', '2:30', 'B) Under The Balcony (Balcony Serenade)'),
('0d61ceb5-0cda-4776-83be-deae6382f0e8', '2:30', 'C) Strange Feeling'),
('0d61ceb5-0cda-4776-83be-deae6382f0e8', '2:30', 'D) Dancers In Love (Stomp For Beginners)'),
('0d61ceb5-0cda-4776-83be-deae6382f0e8', '2:30', 'E) Coloratura'),
('0d61ceb5-0cda-4776-83be-deae6382f0e8', '2:30', 'Diminuendo In Blue Crescendo In Blue'),
('0d61ceb5-0cda-4776-83be-deae6382f0e8', '2:30', 'In The Shade Of The Old Apple Tree'),
('0d61ceb5-0cda-4776-83be-deae6382f0e8', '2:30', 'Esquire Swank'),
('0d61ceb5-0cda-4776-83be-deae6382f0e8', '2:30', 'Frankie And Johnny'),
('0d61ceb5-0cda-4776-83be-deae6382f0e8', '2:30', 'Sultry Sunset'),
('f82c549b-bb9f-413b-9831-28d8052607b6', '2:30', 'El regreso de los jipis. Deicidas'),
('f82c549b-bb9f-413b-9831-28d8052607b6', '2:30', 'Oh Sharon. Deicidas'),
('f82c549b-bb9f-413b-9831-28d8052607b6', '2:30', ''),
('f82c549b-bb9f-413b-9831-28d8052607b6', '2:30', ''),
('b7f09dbe-3ae5-44b0-93fc-2277ae98ae9f', '6:18', 'Mein Berlin'),
('b7f09dbe-3ae5-44b0-93fc-2277ae98ae9f', '3:44', 'Kleines Mädchen'),
('b7f09dbe-3ae5-44b0-93fc-2277ae98ae9f', '2:19', 'Wahlsonntag'),
('b7f09dbe-3ae5-44b0-93fc-2277ae98ae9f', '5:27', 'Allein'),
('b7f09dbe-3ae5-44b0-93fc-2277ae98ae9f', '2:40', 'In Lucianos Restaurant'),
('b7f09dbe-3ae5-44b0-93fc-2277ae98ae9f', '3:41', 'Mein Dorf Am Ende Der Welt'),
('b7f09dbe-3ae5-44b0-93fc-2277ae98ae9f', '6:04', 'Alle Soldaten Wolln Nach Haus'),
('b7f09dbe-3ae5-44b0-93fc-2277ae98ae9f', '2:46', 'Zwischen Allen Stühlen'),
('b7f09dbe-3ae5-44b0-93fc-2277ae98ae9f', '4:01', 'Ich Hab Meine Rostlaube Tiefergelegt'),
('b7f09dbe-3ae5-44b0-93fc-2277ae98ae9f', '2:29', 'Die Kinderhosenballade'),
('b7f09dbe-3ae5-44b0-93fc-2277ae98ae9f', '4:30', 'Golf November'),
('b7f09dbe-3ae5-44b0-93fc-2277ae98ae9f', '4:40', 'Wir'),
('1e140b9e-6c6d-4c2e-b837-c6b9956becb3', '4:00', 'Still'),
('1e140b9e-6c6d-4c2e-b837-c6b9956becb3', '2:52', 'Oh My God'),
('1e140b9e-6c6d-4c2e-b837-c6b9956becb3', '4:35', 'Until The Night Is Done'),
('1e140b9e-6c6d-4c2e-b837-c6b9956becb3', '3:45', 'Rough Diamond Falls'),
('1e140b9e-6c6d-4c2e-b837-c6b9956becb3', '4:14', 'Nowheres Home'),
('1e140b9e-6c6d-4c2e-b837-c6b9956becb3', '3:56', 'Cynic'),
('1e140b9e-6c6d-4c2e-b837-c6b9956becb3', '4:13', 'Innocence'),
('1e140b9e-6c6d-4c2e-b837-c6b9956becb3', '3:36', 'Time Is A Riddle'),
('1e140b9e-6c6d-4c2e-b837-c6b9956becb3', '3:19', 'Hunger'),
('1e140b9e-6c6d-4c2e-b837-c6b9956becb3', '4:21', 'Killing Me'),
('1e140b9e-6c6d-4c2e-b837-c6b9956becb3', '5:52', 'Slow Down'),
('4aee0b60-5ab1-4eb5-b04f-354639cf7793', '3:10', 'Good Times Bad Times'),
('4aee0b60-5ab1-4eb5-b04f-354639cf7793', '5:37', 'Ramble On'),
('4aee0b60-5ab1-4eb5-b04f-354639cf7793', '5:18', 'Black Dog'),
('4aee0b60-5ab1-4eb5-b04f-354639cf7793', '11:01', 'In My Time Of Dying'),
('4aee0b60-5ab1-4eb5-b04f-354639cf7793', '6:08', 'For Your Life'),
('4aee0b60-5ab1-4eb5-b04f-354639cf7793', '6:02', 'Trampled Under Foot'),
('4aee0b60-5ab1-4eb5-b04f-354639cf7793', '6:24', 'Nobodys Fault But Mine'),
('4aee0b60-5ab1-4eb5-b04f-354639cf7793', '9:00', 'No Quarter'),
('4aee0b60-5ab1-4eb5-b04f-354639cf7793', '7:35', 'Since Ive Been Loving You'),
('4aee0b60-5ab1-4eb5-b04f-354639cf7793', '11:19', 'Dazed And Confused'),
('4aee0b60-5ab1-4eb5-b04f-354639cf7793', '8:28', 'Stairway To Heaven'),
('4aee0b60-5ab1-4eb5-b04f-354639cf7793', '5:35', 'The Song Remains The Same'),
('4aee0b60-5ab1-4eb5-b04f-354639cf7793', '4:48', 'Misty Mountain Hop'),
('4aee0b60-5ab1-4eb5-b04f-354639cf7793', '8:48', 'Kashmir'),
('4aee0b60-5ab1-4eb5-b04f-354639cf7793', '6:49', 'Whole Lotta Love'),
('4aee0b60-5ab1-4eb5-b04f-354639cf7793', '4:19', 'Rock And Roll'),
('4aee0b60-5ab1-4eb5-b04f-354639cf7793', '3:10', 'Good Times Bad Times'),
('4aee0b60-5ab1-4eb5-b04f-354639cf7793', '5:37', 'Ramble On'),
('4aee0b60-5ab1-4eb5-b04f-354639cf7793', '5:18', 'Black Dog'),
('4aee0b60-5ab1-4eb5-b04f-354639cf7793', '11:01', 'In My Time Of Dying'),
('4aee0b60-5ab1-4eb5-b04f-354639cf7793', '6:08', 'For Your Life'),
('4aee0b60-5ab1-4eb5-b04f-354639cf7793', '6:02', 'Trampled Under Foot'),
('4aee0b60-5ab1-4eb5-b04f-354639cf7793', '6:24', 'Nobodys Fault But Mine'),
('4aee0b60-5ab1-4eb5-b04f-354639cf7793', '9:00', 'No Quarter'),
('4aee0b60-5ab1-4eb5-b04f-354639cf7793', '7:35', 'Since Ive Been Loving You'),
('4aee0b60-5ab1-4eb5-b04f-354639cf7793', '11:19', 'Dazed And Confused'),
('4aee0b60-5ab1-4eb5-b04f-354639cf7793', '8:28', 'Stairway To Heaven'),
('4aee0b60-5ab1-4eb5-b04f-354639cf7793', '5:35', 'The Song Remains The Same'),
('4aee0b60-5ab1-4eb5-b04f-354639cf7793', '4:48', 'Misty Mountain Hop'),
('4aee0b60-5ab1-4eb5-b04f-354639cf7793', '8:48', 'Kashmir'),
('4aee0b60-5ab1-4eb5-b04f-354639cf7793', '6:49', 'Whole Lotta Love'),
('4aee0b60-5ab1-4eb5-b04f-354639cf7793', '4:19', 'Rock And Roll'),
('5f5a96bc-b417-45ac-8063-b8b43b0ac62e', '1:17', 'Welcome (Demo 1990)'),
('5f5a96bc-b417-45ac-8063-b8b43b0ac62e', '4:08', 'Screaming In Horror (Demo 1990)'),
('5f5a96bc-b417-45ac-8063-b8b43b0ac62e', '4:47', 'Operation Overlord (Demo 1990)'),
('5f5a96bc-b417-45ac-8063-b8b43b0ac62e', '5:51', 'Into The Realm Of Death (Demo 1990)'),
('5f5a96bc-b417-45ac-8063-b8b43b0ac62e', '7:29', 'Between (Demo 1990)'),
('5f5a96bc-b417-45ac-8063-b8b43b0ac62e', '3:07', 'In Dust The Darkness Ended (Demo 1990)'),
('5f5a96bc-b417-45ac-8063-b8b43b0ac62e', '4:53', 'Psycho (Demo 1990)'),
('5f5a96bc-b417-45ac-8063-b8b43b0ac62e', '0:28', 'My Mission (Demo 1990)'),
('5f5a96bc-b417-45ac-8063-b8b43b0ac62e', '1:47', 'Sedative Highs (Demo 1990)'),
('5f5a96bc-b417-45ac-8063-b8b43b0ac62e', '5:59', 'Another Moon Is Rising (Demo 1990)'),
('5f5a96bc-b417-45ac-8063-b8b43b0ac62e', '7:46', 'In Blood (Demo 1990)'),
('5f5a96bc-b417-45ac-8063-b8b43b0ac62e', '6:18', 'Sinister Path (Demo 1991)'),
('5f5a96bc-b417-45ac-8063-b8b43b0ac62e', '6:27', 'Fear In My Dreams (Demo 1991)'),
('5f5a96bc-b417-45ac-8063-b8b43b0ac62e', '5:52', 'Prophecies (Demo 1992)'),
('5f5a96bc-b417-45ac-8063-b8b43b0ac62e', '4:09', 'Sinister Path (Demo 1992)'),
('5f5a96bc-b417-45ac-8063-b8b43b0ac62e', '0:44', 'Terminal Sick (Demo 1992)'),
('5f5a96bc-b417-45ac-8063-b8b43b0ac62e', '4:08', 'Ceremony Of The Dead (Demo 1992)'),
('5f5a96bc-b417-45ac-8063-b8b43b0ac62e', '2:43', 'Captive In Suction Of Aeon (Demo 1992)'),
('5f5a96bc-b417-45ac-8063-b8b43b0ac62e', '4:55', 'The Purified Flesh (Demo 1992)'),
('5f5a96bc-b417-45ac-8063-b8b43b0ac62e', '3:26', 'Soultaker (Demo 1992)'),
('5f5a96bc-b417-45ac-8063-b8b43b0ac62e', '1:40', 'The Return (Demo 1992)'),
('5f5a96bc-b417-45ac-8063-b8b43b0ac62e', '5:06', 'Birth Of Descendants (Demo 1992)'),
('5f5a96bc-b417-45ac-8063-b8b43b0ac62e', '3:56', 'Ceremony Of The Dead (Vielklang 1993)'),
('5f5a96bc-b417-45ac-8063-b8b43b0ac62e', '5:31', 'Drift (Vielklang 1993)'),
('5f5a96bc-b417-45ac-8063-b8b43b0ac62e', '6:01', 'Prophecies (CD Roughmix 1993)'),
('5f5a96bc-b417-45ac-8063-b8b43b0ac62e', '4:44', 'Sinister Path (CD Roughmix 1993)'),
('5f5a96bc-b417-45ac-8063-b8b43b0ac62e', '4:03', 'Ceremony Of The Dead (CD Roughmix 1993)'),
('5f5a96bc-b417-45ac-8063-b8b43b0ac62e', '3:15', ' Soultaker (CD Roughmix 1993)'),
('5f5a96bc-b417-45ac-8063-b8b43b0ac62e', '4:56', 'The Purified Flesh (CD Roughmix 1993)'),
('5f5a96bc-b417-45ac-8063-b8b43b0ac62e', '5:02', 'Birth Of Descendants (CD Roughmix 1993)'),
('5f5a96bc-b417-45ac-8063-b8b43b0ac62e', '5:45', 'Drift (CD Roughmix 1993)'),
('5f5a96bc-b417-45ac-8063-b8b43b0ac62e', '4:12', 'Desire (CD Roughmix 1993)'),
('5f5a96bc-b417-45ac-8063-b8b43b0ac62e', '6:07', 'Genetic Malfunction (CD Roughmix 1993)'),
('5f5a96bc-b417-45ac-8063-b8b43b0ac62e', '4:05', 'God Of Thunder (CD Roughmix 1993)'),
('5f5a96bc-b417-45ac-8063-b8b43b0ac62e', '4:15', 'The Orients Breath (Demo 1996)'),
('dba2af40-ee01-449f-b9d7-9ea1f9e05f85', '3:53', 'Bird Flu'),
('dba2af40-ee01-449f-b9d7-9ea1f9e05f85', '4:58', 'Bird Flu (Extended Mix)'),
('dce6ff3b-c6e6-4d7f-b2f5-090f89efb313', '1:52', 'Gone To The Moon (45 Version)'),
('dce6ff3b-c6e6-4d7f-b2f5-090f89efb313', '3:20', 'Go All The Way'),
('dce6ff3b-c6e6-4d7f-b2f5-090f89efb313', '2:03', 'The Right Thing'),
('dce6ff3b-c6e6-4d7f-b2f5-090f89efb313', '3:43', 'Fanfare'),
('27cab04d-baf6-42b9-97f4-240728277e84', '2:16', 'Madame Bonaparte'),
('27cab04d-baf6-42b9-97f4-240728277e84', '3:34', 'Derwentwaters Farewell / Rowantree Hill'),
('27cab04d-baf6-42b9-97f4-240728277e84', '3:57', 'Oh Dear, What Can The Matter Be'),
('27cab04d-baf6-42b9-97f4-240728277e84', '2:48', 'Barrington Hornpipe / Redesdale Hornpipe'),
('27cab04d-baf6-42b9-97f4-240728277e84', '2:23', 'The Wild Hills Of Wannies'),
('27cab04d-baf6-42b9-97f4-240728277e84', '3:25', 'Highland Laddie'),
('27cab04d-baf6-42b9-97f4-240728277e84', '2:14', 'Bracken Riggs / Happy Hours'),
('27cab04d-baf6-42b9-97f4-240728277e84', '4:44', 'Blow The Wind Southerly'),
('27cab04d-baf6-42b9-97f4-240728277e84', '4:24', 'Memories / Nancy'),
('27cab04d-baf6-42b9-97f4-240728277e84', '5:56', 'Johnny Armstrong / Crooked Bawbee / The Rowan Tree / Whittingham Green Lane'),
('27cab04d-baf6-42b9-97f4-240728277e84', '2:38', 'Proudlocks Hornpipe / Carrick Hornpipe'),
('27cab04d-baf6-42b9-97f4-240728277e84', '2:22', 'Chevy Chase / Come Ye Not From Newcastle?'),
('27cab04d-baf6-42b9-97f4-240728277e84', '2:05', 'Bonny Woodside'),
('27cab04d-baf6-42b9-97f4-240728277e84', '2:08', 'Bonny North Tyne / Lads Of Alnwick'),
('27cab04d-baf6-42b9-97f4-240728277e84', '2:20', 'Gypsies Lullaby'),
('27cab04d-baf6-42b9-97f4-240728277e84', '3:21', 'Rothbury Hills / Bill Charltons Fancy'),
('ad116651-e93f-474b-8d3b-e2c52f068793', '4:39', 'A Interference Gilt'),
('ad116651-e93f-474b-8d3b-e2c52f068793', '5:16', 'Eye Sky'),
('d34ba4a4-8c9b-432e-be7d-d7132cd32e69', '2:30', 'Cadence Rempa'),
('d34ba4a4-8c9b-432e-be7d-d7132cd32e69', '2:30', 'Diol Boquière'),
('d34ba4a4-8c9b-432e-be7d-d7132cd32e69', '2:30', 'Haïti Pays De Rêves'),
('d34ba4a4-8c9b-432e-be7d-d7132cd32e69', '2:30', 'Marchande Poules'),
('d34ba4a4-8c9b-432e-be7d-d7132cd32e69', '2:30', 'Pachanga Créole'),
('d34ba4a4-8c9b-432e-be7d-d7132cd32e69', '2:30', 'Alphabet Musical'),
('d34ba4a4-8c9b-432e-be7d-d7132cd32e69', '2:30', 'Femme Têtue'),
('d34ba4a4-8c9b-432e-be7d-d7132cd32e69', '2:30', 'Nou Mélé Yo'),
('d34ba4a4-8c9b-432e-be7d-d7132cd32e69', '2:30', 'Réalisation'),
('d34ba4a4-8c9b-432e-be7d-d7132cd32e69', '2:30', 'Cadence Rempa No. 2'),
('5342ab69-d5a5-4066-be3e-142acc813151', '2:30', 'คิดถึงทุ่งลุยลาย  '),
('5342ab69-d5a5-4066-be3e-142acc813151', '2:30', 'ลำเพลินขวัญใจแท๊กซี่'),
('99ac6910-800d-4170-b687-f2c29341a205', '1:42', 'Disbelief'),
('99ac6910-800d-4170-b687-f2c29341a205', '1:52', 'Watching'),
('99ac6910-800d-4170-b687-f2c29341a205', '1:39', 'Cling To Life'),
('99ac6910-800d-4170-b687-f2c29341a205', '1:42', 'Denial'),
('99ac6910-800d-4170-b687-f2c29341a205', '2:19', 'Dreams Like That'),
('99ac6910-800d-4170-b687-f2c29341a205', '2:09', 'In My Veins'),
('99ac6910-800d-4170-b687-f2c29341a205', '3:13', 'Climate Control'),
('99ac6910-800d-4170-b687-f2c29341a205', '4:55', 'Persecution'),
('950de2c0-12a8-4808-8a5a-0c3527b5a478', '2:30', 'Ooh I Love It (Love Break) (Dimitri From Paris DJ Friendly Classic 12" Re-Edit)'),
('950de2c0-12a8-4808-8a5a-0c3527b5a478', '2:30', 'First Time Around (Dimitri From Paris DJ Friendly Classic Re-Edit)'),
('950de2c0-12a8-4808-8a5a-0c3527b5a478', '2:30', 'Be Mine Tonight (Dimitri From Paris DJ Friendly Classic Re-Edit)'),
('950de2c0-12a8-4808-8a5a-0c3527b5a478', '2:30', 'Just As Long As I Got You (Dimitri From Paris DJ Friendly Classic Re-Edit)'),
('55fbe9cb-5d4a-4f7a-b87b-8863f9d8c9ff', '3:37', 'The 12 Days Of Christmas'),
('55fbe9cb-5d4a-4f7a-b87b-8863f9d8c9ff', '2:30', 'Breakfast Conversations'),
('dd519d2c-95a4-4775-b5cc-60001f9a085d', '6:47', 'A.I Takeover'),
('dd519d2c-95a4-4775-b5cc-60001f9a085d', '6:52', 'A.I Takeover (Yence505 Rmx)'),
('dd519d2c-95a4-4775-b5cc-60001f9a085d', '7:24', 'A.I Takeover (Zafro Rmx)'),
('987ef6d6-45ac-46a4-b9e9-48ee67e67908', '4:03', 'Deadly Zone (Clean Radio)'),
('2d408fea-ba92-4879-8edd-ef9eef1f989f', '2:30', 'Farmer'),
('2d408fea-ba92-4879-8edd-ef9eef1f989f', '2:30', 'Farmer (Version)'),
('81599727-40c6-4166-9fd9-da12779a5eb3', '2:24', 'I Love Jazz'),
('81599727-40c6-4166-9fd9-da12779a5eb3', '2:43', 'Deed I Do'),
('81599727-40c6-4166-9fd9-da12779a5eb3', '2:51', 'Agua De Beber'),
('81599727-40c6-4166-9fd9-da12779a5eb3', '3:32', 'A Fine Romance'),
('81599727-40c6-4166-9fd9-da12779a5eb3', '4:16', 'Youd Be So Nice To Come Home To'),
('81599727-40c6-4166-9fd9-da12779a5eb3', '3:24', 'C-Jam -Blues'),
('81599727-40c6-4166-9fd9-da12779a5eb3', '2:40', 'Ill Build A Stairway To Paradise'),
('81599727-40c6-4166-9fd9-da12779a5eb3', '3:54', 'Love Walked In'),
('81599727-40c6-4166-9fd9-da12779a5eb3', '3:33', 'Samba Dees Days'),
('81599727-40c6-4166-9fd9-da12779a5eb3', '5:47', 'Fajista'),
('81599727-40c6-4166-9fd9-da12779a5eb3', '3:04', 'Downstairs'),
('81599727-40c6-4166-9fd9-da12779a5eb3', '4:24', 'All The Things You Are'),
('81599727-40c6-4166-9fd9-da12779a5eb3', '3:28', 'Minor Swing'),
('81599727-40c6-4166-9fd9-da12779a5eb3', '4:04', 'Love Me Or Leave Me'),
('81599727-40c6-4166-9fd9-da12779a5eb3', '2:01', 'Mumbles'),
('81599727-40c6-4166-9fd9-da12779a5eb3', '3:05', 'Dinner With Friends'),
('81599727-40c6-4166-9fd9-da12779a5eb3', '4:51', 'Sunny'),
('81599727-40c6-4166-9fd9-da12779a5eb3', '5:36', 'Fever'),
('81599727-40c6-4166-9fd9-da12779a5eb3', '5:31', 'Just One Of Those Things'),
('81599727-40c6-4166-9fd9-da12779a5eb3', '7:33', 'Four'),
('81599727-40c6-4166-9fd9-da12779a5eb3', '5:35', 'Just Another Rhumba'),
('81599727-40c6-4166-9fd9-da12779a5eb3', '6:21', 'Cascavelo'),
('81599727-40c6-4166-9fd9-da12779a5eb3', '3:56', 'Makin Whoopee'),
('81599727-40c6-4166-9fd9-da12779a5eb3', '6:04', 'Grand Street'),
('81599727-40c6-4166-9fd9-da12779a5eb3', '4:40', 'Stars Fell On Alabama'),
('81599727-40c6-4166-9fd9-da12779a5eb3', '6:23', 'Jumpin At The Woodside'),
('81599727-40c6-4166-9fd9-da12779a5eb3', '5:51', 'Ad Lib Blues'),
('81599727-40c6-4166-9fd9-da12779a5eb3', '4:38', 'Brown Skin Girl'),
('81599727-40c6-4166-9fd9-da12779a5eb3', '3:50', 'Ive Got You Under My Skin'),
('81599727-40c6-4166-9fd9-da12779a5eb3', '5:08', 'Spartacus Love Theme'),
('81599727-40c6-4166-9fd9-da12779a5eb3', '3:20', 'Evrything Ive Got'),
('81599727-40c6-4166-9fd9-da12779a5eb3', '2:35', 'I Get A Kick Out Of You'),
('81599727-40c6-4166-9fd9-da12779a5eb3', '3:25', 'Bloomdido'),
('81599727-40c6-4166-9fd9-da12779a5eb3', '2:27', 'Gal From Joes'),
('81599727-40c6-4166-9fd9-da12779a5eb3', '2:42', 'Relax Max'),
('81599727-40c6-4166-9fd9-da12779a5eb3', '5:03', 'Tour De Force'),
('81599727-40c6-4166-9fd9-da12779a5eb3', '6:25', 'Wabash Blues'),
('81599727-40c6-4166-9fd9-da12779a5eb3', '3:48', 'Woodyn You'),
('81599727-40c6-4166-9fd9-da12779a5eb3', '6:23', 'Autumn Leaves'),
('81599727-40c6-4166-9fd9-da12779a5eb3', '5:20', 'Heres That Rainy Day'),
('81599727-40c6-4166-9fd9-da12779a5eb3', '5:40', 'On The Sunny Si De Of The Street'),
('81599727-40c6-4166-9fd9-da12779a5eb3', '3:29', 'Star Eyes'),
('81599727-40c6-4166-9fd9-da12779a5eb3', '4:22', 'A Quote From Clifford Brown'),
('81599727-40c6-4166-9fd9-da12779a5eb3', '6:38', 'Smoke Gets In Your Eyes'),
('81599727-40c6-4166-9fd9-da12779a5eb3', '3:23', 'Stardust'),
('81599727-40c6-4166-9fd9-da12779a5eb3', '4:58', 'The Shadow Of Your Smile'),
('81599727-40c6-4166-9fd9-da12779a5eb3', '3:49', 'The World Is Waitung For The Sunrise'),
('81599727-40c6-4166-9fd9-da12779a5eb3', '5:58', 'Cheers'),
('f16097cd-09da-4869-ba27-abe7ad003494', '2:30', 'Love Meeting Love'),
('f16097cd-09da-4869-ba27-abe7ad003494', '2:30', '(Flying On The) Wings Of Love'),
('f16097cd-09da-4869-ba27-abe7ad003494', '2:30', 'Love Games'),
('f16097cd-09da-4869-ba27-abe7ad003494', '2:30', 'Turn It On'),
('f16097cd-09da-4869-ba27-abe7ad003494', '2:30', 'Starchild'),
('f16097cd-09da-4869-ba27-abe7ad003494', '2:30', 'Are You Hearing (What I Hear)?'),
('f16097cd-09da-4869-ba27-abe7ad003494', '2:30', 'Weave Your Spell'),
('f16097cd-09da-4869-ba27-abe7ad003494', '2:30', 'The Chinese Way'),
('f16097cd-09da-4869-ba27-abe7ad003494', '2:30', 'Out Of Sight, Out Of Mind'),
('f16097cd-09da-4869-ba27-abe7ad003494', '2:30', 'The Sun Goes Down (Living It Up)'),
('f16097cd-09da-4869-ba27-abe7ad003494', '2:30', 'Micro-Kid'),
('f16097cd-09da-4869-ba27-abe7ad003494', '2:30', 'Hot Water (Long Version)'),
('f16097cd-09da-4869-ba27-abe7ad003494', '2:30', 'The Chant Has Begun'),
('f16097cd-09da-4869-ba27-abe7ad003494', '2:30', 'Something About You'),
('f16097cd-09da-4869-ba27-abe7ad003494', '2:30', 'Leaving Me Now'),
('f16097cd-09da-4869-ba27-abe7ad003494', '2:30', 'Lessons In Love'),
('f16097cd-09da-4869-ba27-abe7ad003494', '2:30', 'Running In The Family'),
('f16097cd-09da-4869-ba27-abe7ad003494', '2:30', 'To Be With You Again'),
('f16097cd-09da-4869-ba27-abe7ad003494', '2:30', 'Its Over (Remix)'),
('f16097cd-09da-4869-ba27-abe7ad003494', '2:30', 'Children Say (Remix)'),
('f16097cd-09da-4869-ba27-abe7ad003494', '2:30', 'Heaven In My Hands'),
('f16097cd-09da-4869-ba27-abe7ad003494', '2:30', 'Take A Look'),
('f16097cd-09da-4869-ba27-abe7ad003494', '2:30', 'Tracie (Remix)'),
('f16097cd-09da-4869-ba27-abe7ad003494', '2:30', 'Take Care Of Yourself'),
('f16097cd-09da-4869-ba27-abe7ad003494', '2:30', 'Guaranteed'),
('f16097cd-09da-4869-ba27-abe7ad003494', '2:30', 'Overtime'),
('f16097cd-09da-4869-ba27-abe7ad003494', '2:30', 'My Fathers Shoes'),
('f16097cd-09da-4869-ba27-abe7ad003494', '2:30', 'Forever Now'),
('f16097cd-09da-4869-ba27-abe7ad003494', '2:30', 'All Over You'),
('f16097cd-09da-4869-ba27-abe7ad003494', '2:30', 'Love In A Peacefull World'),
('6da324bb-5141-4e3b-98fd-88bc7a1993ee', '2:30', 'Fuzzy Logic'),
('6da324bb-5141-4e3b-98fd-88bc7a1993ee', '2:30', 'Good For Nothin'),
('6da324bb-5141-4e3b-98fd-88bc7a1993ee', '2:30', 'Bgock!'),
('6da324bb-5141-4e3b-98fd-88bc7a1993ee', '2:30', 'Seven Come Eleven'),
('6da324bb-5141-4e3b-98fd-88bc7a1993ee', '2:30', 'The Me Variations'),
('6da324bb-5141-4e3b-98fd-88bc7a1993ee', '2:30', 'Old Smoother'),
('6da324bb-5141-4e3b-98fd-88bc7a1993ee', '2:30', 'Four On Six'),
('6da324bb-5141-4e3b-98fd-88bc7a1993ee', '2:30', 'Too Bad'),
('6da324bb-5141-4e3b-98fd-88bc7a1993ee', '2:30', 'Chupa Chup'),
('6da324bb-5141-4e3b-98fd-88bc7a1993ee', '2:30', 'Scratch N Sniff'),
('6da324bb-5141-4e3b-98fd-88bc7a1993ee', '2:30', 'Bloomdido'),
('6da324bb-5141-4e3b-98fd-88bc7a1993ee', '2:30', '11:47 Pm'),
('466fb94b-6eca-475b-8448-30c73262f76d', '5:26', 'Gloria Ann'),
('466fb94b-6eca-475b-8448-30c73262f76d', '5:30', 'Vineland Dreams'),
('466fb94b-6eca-475b-8448-30c73262f76d', '5:01', 'Lets Stay Together'),
('466fb94b-6eca-475b-8448-30c73262f76d', '6:24', 'When Dreams Come True'),
('466fb94b-6eca-475b-8448-30c73262f76d', '5:34', 'The Moon Beneath The Clouds'),
('466fb94b-6eca-475b-8448-30c73262f76d', '4:42', 'Ill Be There'),
('466fb94b-6eca-475b-8448-30c73262f76d', '5:15', 'Cara Mia'),
('466fb94b-6eca-475b-8448-30c73262f76d', '5:32', 'Lullaby For Laura'),
('466fb94b-6eca-475b-8448-30c73262f76d', '5:38', '59th Street'),
('466fb94b-6eca-475b-8448-30c73262f76d', '4:26', 'Angel'),
('a8eb0c5c-9b6a-4f6f-96b2-ff0ffe78134b', '2:30', 'Night Transcendence'),
('a8eb0c5c-9b6a-4f6f-96b2-ff0ffe78134b', '2:30', 'Exultation Through Blood'),
('a8eb0c5c-9b6a-4f6f-96b2-ff0ffe78134b', '2:30', 'Recurrent Hallway'),
('a8eb0c5c-9b6a-4f6f-96b2-ff0ffe78134b', '2:30', 'Haunted Red Oak'),
('a8eb0c5c-9b6a-4f6f-96b2-ff0ffe78134b', '2:30', 'Ruination'),
('a8eb0c5c-9b6a-4f6f-96b2-ff0ffe78134b', '2:30', 'Night Transcendence'),
('a8eb0c5c-9b6a-4f6f-96b2-ff0ffe78134b', '2:30', 'Exultation Through Blood'),
('a8eb0c5c-9b6a-4f6f-96b2-ff0ffe78134b', '2:30', 'Recurrent Hallway'),
('a8eb0c5c-9b6a-4f6f-96b2-ff0ffe78134b', '2:30', 'Haunted Red Oak'),
('a8eb0c5c-9b6a-4f6f-96b2-ff0ffe78134b', '2:30', 'Ruination'),
('fe2a4f45-cc26-49b9-b2c1-3c5b76614dc7', '2:30', 'Es Fährt Ein Schiff'),
('fe2a4f45-cc26-49b9-b2c1-3c5b76614dc7', '2:30', 'Blue Melodie Aus Tennessee'),
('3277a246-c188-409a-ae43-fbd8c557d603', '2:30', 'Son Of My Father'),
('3277a246-c188-409a-ae43-fbd8c557d603', '2:30', 'Pride Comes Before A Fall'),
('cd1365dd-cf4f-4233-8ff9-daa1756097fb', '8:41', 'Just Blues'),
('cd1365dd-cf4f-4233-8ff9-daa1756097fb', '6:07', 'Violets For Your Furs'),
('cd1365dd-cf4f-4233-8ff9-daa1756097fb', '6:41', 'Down Home'),
('cd1365dd-cf4f-4233-8ff9-daa1756097fb', '6:13', 'Almost Like Being In Love'),
('cd1365dd-cf4f-4233-8ff9-daa1756097fb', '7:26', 'Wee-Dot'),
('cd1365dd-cf4f-4233-8ff9-daa1756097fb', '6:50', 'Too Close For Comfort'),
('337a7412-3c67-4663-920e-11190fab8d16', '2:50', 'Ciao Ciao Bambina'),
('337a7412-3c67-4663-920e-11190fab8d16', '2:23', 'Nie (Eux)'),
('337a7412-3c67-4663-920e-11190fab8d16', '4:00', 'An Jenem Tag (Those Were The Days)'),
('337a7412-3c67-4663-920e-11190fab8d16', '3:03', 'Petruschka (Casatschok)'),
('337a7412-3c67-4663-920e-11190fab8d16', '3:28', 'Weit Übers Meer'),
('337a7412-3c67-4663-920e-11190fab8d16', '3:05', ' Abschiedsmelodie (Il Silenzio)'),
('337a7412-3c67-4663-920e-11190fab8d16', '2:55', 'Am Tag Als Der Regen Kam'),
('337a7412-3c67-4663-920e-11190fab8d16', '3:04', 'Ich Werde Warten'),
('337a7412-3c67-4663-920e-11190fab8d16', '2:20', 'El Cordobes'),
('337a7412-3c67-4663-920e-11190fab8d16', '3:39', 'Mama'),
('337a7412-3c67-4663-920e-11190fab8d16', '3:16', 'Wenn Die Soldaten'),
('337a7412-3c67-4663-920e-11190fab8d16', '3:34', 'La Bambola'),
('e24b00d9-3d22-4bf7-adb0-896048cd4a2f', '4:10', 'King Size '),
('e24b00d9-3d22-4bf7-adb0-896048cd4a2f', '5:56', 'King Size (Rockstar Remix)'),
('e24b00d9-3d22-4bf7-adb0-896048cd4a2f', '5:54', 'King Size (El Vol. Six Floorfiller Remix)'),
('e24b00d9-3d22-4bf7-adb0-896048cd4a2f', '7:37', 'King Size (El Brujo Remix)'),
('e24b00d9-3d22-4bf7-adb0-896048cd4a2f', '5:08', 'King Size (SOLAYR Remix)'),
('f5f98f40-24a6-49a0-b175-f25c591a9977', '5:32', 'Durban Deep'),
('f5f98f40-24a6-49a0-b175-f25c591a9977', '4:23', 'Healing Hands'),
('f5f98f40-24a6-49a0-b175-f25c591a9977', '5:29', 'Whispers'),
('f5f98f40-24a6-49a0-b175-f25c591a9977', '4:49', 'Club At The End Of The Street'),
('f5f98f40-24a6-49a0-b175-f25c591a9977', '4:58', 'Sleeping With The Past'),
('f5f98f40-24a6-49a0-b175-f25c591a9977', '4:55', 'Stones Throw From Hurtin'),
('f5f98f40-24a6-49a0-b175-f25c591a9977', '5:07', 'Sacrifice'),
('f5f98f40-24a6-49a0-b175-f25c591a9977', '3:31', 'I Never Knew Her Name'),
('f5f98f40-24a6-49a0-b175-f25c591a9977', '4:39', 'Amazes Me'),
('f5f98f40-24a6-49a0-b175-f25c591a9977', '4:21', 'Blue Avenue'),
('0817406d-d94d-429d-8cb8-9c84fa97c054', '2:30', ''),
('0817406d-d94d-429d-8cb8-9c84fa97c054', '2:30', ''),
('0817406d-d94d-429d-8cb8-9c84fa97c054', '2:30', ''),
('0817406d-d94d-429d-8cb8-9c84fa97c054', '2:30', ''),
('bbe8fd9c-e2a6-4130-9903-26d961c1280b', '2:30', 'Veneration'),
('bbe8fd9c-e2a6-4130-9903-26d961c1280b', '2:30', 'Propensity'),
('bbe8fd9c-e2a6-4130-9903-26d961c1280b', '2:30', 'Temerity'),
('bbe8fd9c-e2a6-4130-9903-26d961c1280b', '2:30', 'Sadact'),
('bbe8fd9c-e2a6-4130-9903-26d961c1280b', '2:30', 'Flippant'),
('bbe8fd9c-e2a6-4130-9903-26d961c1280b', '2:30', 'Deleterious'),
('bbe8fd9c-e2a6-4130-9903-26d961c1280b', '2:30', 'Idyllic'),
('bbe8fd9c-e2a6-4130-9903-26d961c1280b', '2:30', 'Jackaninny'),
('bbe8fd9c-e2a6-4130-9903-26d961c1280b', '2:30', 'Feculent'),
('bbe8fd9c-e2a6-4130-9903-26d961c1280b', '2:30', 'Surreptitious'),
('bbe8fd9c-e2a6-4130-9903-26d961c1280b', '2:30', 'Plaxidental'),
('5e907143-fe61-4371-8e8c-53b7816152c5', '2:30', 'Love Songs'),
('5e907143-fe61-4371-8e8c-53b7816152c5', '2:30', 'Think About You'),
('5e907143-fe61-4371-8e8c-53b7816152c5', '2:30', 'Would You Love Me?'),
('5e907143-fe61-4371-8e8c-53b7816152c5', '2:30', 'Fields Of Gold'),
('5e907143-fe61-4371-8e8c-53b7816152c5', '2:30', 'Wild Mountain Thyme'),
('5e907143-fe61-4371-8e8c-53b7816152c5', '2:30', 'Come Rain Or Come Shine'),
('5e907143-fe61-4371-8e8c-53b7816152c5', '2:30', 'Just Kiss Me'),
('5e907143-fe61-4371-8e8c-53b7816152c5', '2:30', 'Anti-Love Songs'),
('5e907143-fe61-4371-8e8c-53b7816152c5', '2:30', 'They Call It Love'),
('5e907143-fe61-4371-8e8c-53b7816152c5', '2:30', 'This Is The Last Time (I’m Ever Gonna Hurt)'),
('5e907143-fe61-4371-8e8c-53b7816152c5', '2:30', 'Stupid Love'),
('5e907143-fe61-4371-8e8c-53b7816152c5', '2:30', 'U Don’t Know How Much I Hate U'),
('5e907143-fe61-4371-8e8c-53b7816152c5', '2:30', 'Anti Love Song'),
('5e907143-fe61-4371-8e8c-53b7816152c5', '2:30', 'The Other Side Of Town'),
('5bd02d22-ff12-4b82-96e0-3b2a33451dd3', '2:30', 'Auf Der Alm Da Möcht Ich Lebn'),
('5bd02d22-ff12-4b82-96e0-3b2a33451dd3', '2:30', 'Alpenhochzeit'),
('5bd02d22-ff12-4b82-96e0-3b2a33451dd3', '2:30', 'Gipfelstürmer-Marsch'),
('5bd02d22-ff12-4b82-96e0-3b2a33451dd3', '2:30', 'Kirmes-Tanz'),
('5bd02d22-ff12-4b82-96e0-3b2a33451dd3', '2:30', 'Schön Wärs'),
('5bd02d22-ff12-4b82-96e0-3b2a33451dd3', '2:30', 'Rosy-Polka Fox'),
('5bd02d22-ff12-4b82-96e0-3b2a33451dd3', '2:30', 'Edelweiss Aus Tirol'),
('5bd02d22-ff12-4b82-96e0-3b2a33451dd3', '2:30', 'Breitenberg-Polka'),
('5bd02d22-ff12-4b82-96e0-3b2a33451dd3', '2:30', 'Was Muss In Bayern A Jagerbursch Habn'),
('5bd02d22-ff12-4b82-96e0-3b2a33451dd3', '2:30', 'Urlaubsgrüsse'),
('5bd02d22-ff12-4b82-96e0-3b2a33451dd3', '2:30', 'Bei Mir Zu Haus, Da Blüht Das Edelweiss'),
('5bd02d22-ff12-4b82-96e0-3b2a33451dd3', '2:30', 'In Einem Stillen Winkel'),
('5bd02d22-ff12-4b82-96e0-3b2a33451dd3', '2:30', 'Auf Der Auli Alm'),
('5bd02d22-ff12-4b82-96e0-3b2a33451dd3', '2:30', 'Mein Walsertal'),
('5bd02d22-ff12-4b82-96e0-3b2a33451dd3', '2:30', 'Ein Münchner Bua'),
('5bd02d22-ff12-4b82-96e0-3b2a33451dd3', '2:30', 'Im Dauerlauf'),
('8901c92a-65a8-4ac4-9b72-275c24537a6f', '2:30', 'Symphony No. 2 In C Minor "Resurrection"'),
('8901c92a-65a8-4ac4-9b72-275c24537a6f', '22:22', 'First Movement'),
('8901c92a-65a8-4ac4-9b72-275c24537a6f', '10:15', 'Second Movement'),
('8901c92a-65a8-4ac4-9b72-275c24537a6f', '10:40', 'Third Movement'),
('8901c92a-65a8-4ac4-9b72-275c24537a6f', '5:34', 'Fourth Movement "Urlicht" (From Des Knaben Wunderhorn)'),
('8901c92a-65a8-4ac4-9b72-275c24537a6f', '34:26', 'Fifth Movement'),
('9ad248d2-532c-48b5-b23f-f9634bd7a98e', '2:30', 'Salvation is Created'),
('9ad248d2-532c-48b5-b23f-f9634bd7a98e', '2:30', 'Nunc Dimittis'),
('9ad248d2-532c-48b5-b23f-f9634bd7a98e', '2:30', 'A May Day Carol'),
('9ad248d2-532c-48b5-b23f-f9634bd7a98e', '2:30', 'Poor Man Lazarus'),
('9ad248d2-532c-48b5-b23f-f9634bd7a98e', '2:30', 'Summer Evening (Featuring The "16")'),
('9ad248d2-532c-48b5-b23f-f9634bd7a98e', '2:30', 'Waters Ripple And Flow'),
('9ad248d2-532c-48b5-b23f-f9634bd7a98e', '2:30', 'Where Go The Boats'),
('9ad248d2-532c-48b5-b23f-f9634bd7a98e', '2:30', 'Malaguena'),
('9ad248d2-532c-48b5-b23f-f9634bd7a98e', '2:30', 'Youll Never Walk Alone'),
('9ad248d2-532c-48b5-b23f-f9634bd7a98e', '2:30', 'Visions'),
('9ad248d2-532c-48b5-b23f-f9634bd7a98e', '2:30', 'Cant Help Loving Dat Man'),
('9ad248d2-532c-48b5-b23f-f9634bd7a98e', '2:30', 'Imagination'),
('9ad248d2-532c-48b5-b23f-f9634bd7a98e', '2:30', 'Christopher Robin'),
('9ad248d2-532c-48b5-b23f-f9634bd7a98e', '2:30', 'Where On When'),
('9ad248d2-532c-48b5-b23f-f9634bd7a98e', '2:30', 'Angry'),
('9ad248d2-532c-48b5-b23f-f9634bd7a98e', '2:30', 'Moon River'),
('9ad248d2-532c-48b5-b23f-f9634bd7a98e', '2:30', 'The Things We did Last Summer'),
('9ad248d2-532c-48b5-b23f-f9634bd7a98e', '2:30', 'An Affair To Remember'),
('9ad248d2-532c-48b5-b23f-f9634bd7a98e', '2:30', 'Swing Low Sweet Chariot'),
('9ad248d2-532c-48b5-b23f-f9634bd7a98e', '2:30', 'Loreley'),
('c34aed01-9953-4a6c-89fd-c536a284a490', '4:14', 'Tambo'),
('c34aed01-9953-4a6c-89fd-c536a284a490', '4:17', 'Areito Va Sonar'),
('3ec530c5-cf30-44df-a284-e51998ce52c4', '2:30', ''),
('3ec530c5-cf30-44df-a284-e51998ce52c4', '2:30', ''),
('3ec530c5-cf30-44df-a284-e51998ce52c4', '2:30', ''),
('3ec530c5-cf30-44df-a284-e51998ce52c4', '2:30', ''),
('529ca601-5183-43a9-8e65-5a6390ee9574', '2:03', 'Down Yonder'),
('529ca601-5183-43a9-8e65-5a6390ee9574', '1:49', 'Im Looking Over A Four Leaf Clover'),
('529ca601-5183-43a9-8e65-5a6390ee9574', '1:49', 'Alabamy Bound'),
('529ca601-5183-43a9-8e65-5a6390ee9574', '2:04', 'Bill Bailey'),
('529ca601-5183-43a9-8e65-5a6390ee9574', '1:57', 'Frankie & Johnnie'),
('529ca601-5183-43a9-8e65-5a6390ee9574', '1:50', 'Hot Time In The Old Town Tonight'),
('529ca601-5183-43a9-8e65-5a6390ee9574', '2:00', 'Maple Leaf Rag'),
('529ca601-5183-43a9-8e65-5a6390ee9574', '1:50', 'Wang Wang Blues'),
('529ca601-5183-43a9-8e65-5a6390ee9574', '1:53', 'Pagan Love Song'),
('529ca601-5183-43a9-8e65-5a6390ee9574', '1:58', 'Spaghetti Rag'),
('529ca601-5183-43a9-8e65-5a6390ee9574', '1:46', 'Baby Face'),
('529ca601-5183-43a9-8e65-5a6390ee9574', '1:54', 'Black & White Rag'),
('529ca601-5183-43a9-8e65-5a6390ee9574', '2:02', 'Down Home Rag'),
('529ca601-5183-43a9-8e65-5a6390ee9574', '2:09', 'Sweet Georgia Brown'),
('529ca601-5183-43a9-8e65-5a6390ee9574', '2:12', 'Dill Pickles Rag'),
('529ca601-5183-43a9-8e65-5a6390ee9574', '2:07', 'When You & I Were Young Maggie'),
('529ca601-5183-43a9-8e65-5a6390ee9574', '2:00', 'In A Shanty In Old Shanty Town'),
('529ca601-5183-43a9-8e65-5a6390ee9574', '2:05', 'The Sheik Of Araby'),
('529ca601-5183-43a9-8e65-5a6390ee9574', '2:15', 'Tickle The Ivories Rag'),
('529ca601-5183-43a9-8e65-5a6390ee9574', '1:49', 'Skater Boogie'),
('529ca601-5183-43a9-8e65-5a6390ee9574', '2:12', 'Down Among The Sheltering Palms'),
('529ca601-5183-43a9-8e65-5a6390ee9574', '2:09', 'The Days Of Old Vaudeville'),
('752ed159-3089-4acf-aefb-1cd86c33c100', '2:30', 'Bend In The River'),
('752ed159-3089-4acf-aefb-1cd86c33c100', '2:30', 'The Babalawo At 5.30 AM'),
('752ed159-3089-4acf-aefb-1cd86c33c100', '2:30', 'Low Sun Long Shadow'),
('752ed159-3089-4acf-aefb-1cd86c33c100', '2:30', 'Amplify'),
('752ed159-3089-4acf-aefb-1cd86c33c100', '2:30', 'More'),
('752ed159-3089-4acf-aefb-1cd86c33c100', '2:30', 'Afrodisia Lagos'),
('752ed159-3089-4acf-aefb-1cd86c33c100', '2:30', 'Somethimes'),
('752ed159-3089-4acf-aefb-1cd86c33c100', '2:30', 'Whale'),
('752ed159-3089-4acf-aefb-1cd86c33c100', '2:30', 'A Prayer For Olayinka'),
('752ed159-3089-4acf-aefb-1cd86c33c100', '2:30', 'Jellyfish'),
('752ed159-3089-4acf-aefb-1cd86c33c100', '2:30', 'Stick & Groove'),
('85148e44-3228-4bec-89f9-a9bc2936d1bb', '2:30', ''),
('85148e44-3228-4bec-89f9-a9bc2936d1bb', '2:30', ''),
('85148e44-3228-4bec-89f9-a9bc2936d1bb', '2:30', ''),
('85148e44-3228-4bec-89f9-a9bc2936d1bb', '2:30', ''),
('5d1b5e1c-890a-424d-a7cc-ce0e4010840e', '3:59', 'The Boy In The Bubble'),
('5d1b5e1c-890a-424d-a7cc-ce0e4010840e', '4:48', 'Graceland'),
('5d1b5e1c-890a-424d-a7cc-ce0e4010840e', '3:13', 'I Know What I Know'),
('5d1b5e1c-890a-424d-a7cc-ce0e4010840e', '2:42', 'Gumboots'),
('5d1b5e1c-890a-424d-a7cc-ce0e4010840e', '5:34', 'Diamonds On The Soles Of Her Shoes'),
('5d1b5e1c-890a-424d-a7cc-ce0e4010840e', '4:39', 'You Can Call Me Al'),
('5d1b5e1c-890a-424d-a7cc-ce0e4010840e', '3:34', 'Under African Skies'),
('5d1b5e1c-890a-424d-a7cc-ce0e4010840e', '3:45', 'Homeless'),
('5d1b5e1c-890a-424d-a7cc-ce0e4010840e', '4:17', 'Crazy Love Vol. II'),
('5d1b5e1c-890a-424d-a7cc-ce0e4010840e', '2:51', 'That Was Your Mother'),
('5d1b5e1c-890a-424d-a7cc-ce0e4010840e', '3:15', 'All Around The World Or The Myth Of Fingerprints'),
('bd442866-a821-41b8-8a8e-99717d3776ce', '2:17', 'Black Heart'),
('bd442866-a821-41b8-8a8e-99717d3776ce', '3:08', 'You Dont Talk To Me'),
('bd442866-a821-41b8-8a8e-99717d3776ce', '2:40', 'Im On Fire'),
('bd442866-a821-41b8-8a8e-99717d3776ce', '3:38', 'The Last Time'),
('bd442866-a821-41b8-8a8e-99717d3776ce', '3:07', '21 Different Ways'),
('bd442866-a821-41b8-8a8e-99717d3776ce', '1:58', 'Demon Dark Love'),
('bd442866-a821-41b8-8a8e-99717d3776ce', '3:33', 'Anna Lee'),
('bd442866-a821-41b8-8a8e-99717d3776ce', '3:34', 'I Believe Youre An Angel'),
('bd442866-a821-41b8-8a8e-99717d3776ce', '2:28', 'Stop Wasting Time'),
('bd442866-a821-41b8-8a8e-99717d3776ce', '2:43', 'Gonna Love You All Night'),
('bd442866-a821-41b8-8a8e-99717d3776ce', '2:56', 'The Mishkee'),
('bd442866-a821-41b8-8a8e-99717d3776ce', '3:45', 'Down Down Down'),
('555f51ba-7ac1-41eb-ac60-77b06c7201c3', '2:30', 'Pour Une Nuit'),
('555f51ba-7ac1-41eb-ac60-77b06c7201c3', '2:30', 'Tu Étais Là'),
('555f51ba-7ac1-41eb-ac60-77b06c7201c3', '2:30', 'Je Tombe'),
('555f51ba-7ac1-41eb-ac60-77b06c7201c3', '2:30', 'Moi Sans Toi'),
('555f51ba-7ac1-41eb-ac60-77b06c7201c3', '2:30', 'Que La Musique Soit Avec Vous'),
('555f51ba-7ac1-41eb-ac60-77b06c7201c3', '2:30', 'Pour Une Femme'),
('555f51ba-7ac1-41eb-ac60-77b06c7201c3', '2:30', 'Entre Charme Et Beauté'),
('555f51ba-7ac1-41eb-ac60-77b06c7201c3', '2:30', 'Tout Doux'),
('555f51ba-7ac1-41eb-ac60-77b06c7201c3', '2:30', 'Quelque Chose Tient Mon Coeur (Solo)'),
('555f51ba-7ac1-41eb-ac60-77b06c7201c3', '2:30', 'Aimer'),
('555f51ba-7ac1-41eb-ac60-77b06c7201c3', '2:30', 'La Saison De Lindifférence'),
('555f51ba-7ac1-41eb-ac60-77b06c7201c3', '2:30', 'Santa'),
('555f51ba-7ac1-41eb-ac60-77b06c7201c3', '2:30', 'Tu Pourrais Être Ma Fille'),
('555f51ba-7ac1-41eb-ac60-77b06c7201c3', '2:30', 'Quelque Chose Tient Mon Coeur'),
('555f51ba-7ac1-41eb-ac60-77b06c7201c3', '2:30', 'Pour Le Plaisir (Version Groove 2004)'),
('85f876f6-63ce-4490-a685-cbb22430053a', '2:30', 'I Was Doin All Right'),
('85f876f6-63ce-4490-a685-cbb22430053a', '2:30', 'Round Midnight'),
('85f876f6-63ce-4490-a685-cbb22430053a', '2:30', 'My Shining Hour'),
('85f876f6-63ce-4490-a685-cbb22430053a', '2:30', 'When The World Was Young'),
('85f876f6-63ce-4490-a685-cbb22430053a', '2:30', 'Mississippi Mud'),
('85f876f6-63ce-4490-a685-cbb22430053a', '2:30', 'My Heart Stood Still'),
('85f876f6-63ce-4490-a685-cbb22430053a', '2:30', 'Youre My Everything'),
('85f876f6-63ce-4490-a685-cbb22430053a', '2:30', 'When Its Sleepy Time Down South'),
('85f876f6-63ce-4490-a685-cbb22430053a', '2:30', 'Swinging On A Star'),
('85f876f6-63ce-4490-a685-cbb22430053a', '2:30', 'What Is There To Say'),
('85f876f6-63ce-4490-a685-cbb22430053a', '2:30', 'Down The Old Ox Road'),
('85f876f6-63ce-4490-a685-cbb22430053a', '2:30', 'I Could Write A Book'),
('18e27a0b-9858-4e82-a509-67c50412aa64', '2:44', 'Los Jibaros'),
('18e27a0b-9858-4e82-a509-67c50412aa64', '3:26', 'Gaujira En Azul'),
('18e27a0b-9858-4e82-a509-67c50412aa64', '3:51', 'Ritmo Uni'),
('18e27a0b-9858-4e82-a509-67c50412aa64', '7:04', 'Picadillo'),
('18e27a0b-9858-4e82-a509-67c50412aa64', '2:28', 'Modesty ("Modesty Blaise" Theme)'),
('18e27a0b-9858-4e82-a509-67c50412aa64', '4:34', 'Unidos'),
('18e27a0b-9858-4e82-a509-67c50412aa64', '1:52', 'On A Clear Day (You Can See Forever)'),
('18e27a0b-9858-4e82-a509-67c50412aa64', '5:02', 'El Sonido Nuevo'),
('18e27a0b-9858-4e82-a509-67c50412aa64', '2:32', 'Fuji'),
('18e27a0b-9858-4e82-a509-67c50412aa64', '7:16', 'Black Orchid'),
('18e27a0b-9858-4e82-a509-67c50412aa64', '7:16', 'Los Bandidos'),
('18e27a0b-9858-4e82-a509-67c50412aa64', '3:25', 'Poinciana'),
('18e27a0b-9858-4e82-a509-67c50412aa64', '2:19', 'Yellow Days'),
('18e27a0b-9858-4e82-a509-67c50412aa64', '3:20', 'Along Comes Mary'),
('7a404cc0-2345-4e5b-92f7-5e16b132dbdb', '2:30', 'Why Didnt William Tell?'),
('7a404cc0-2345-4e5b-92f7-5e16b132dbdb', '2:30', 'You Gave Me The Go-By'),
('a1b28d21-c7b4-4fa6-b36c-5075de200324', '2:30', 'Spring Symphony (No. 1)'),
('a1b28d21-c7b4-4fa6-b36c-5075de200324', '2:30', 'Andante Un Poco Maestoso'),
('a1b28d21-c7b4-4fa6-b36c-5075de200324', '2:30', 'Allegro Molto Vivace'),
('a1b28d21-c7b4-4fa6-b36c-5075de200324', '2:30', 'Larghetto'),
('a1b28d21-c7b4-4fa6-b36c-5075de200324', '2:30', 'Scherzo (Molto Vivace)'),
('a1b28d21-c7b4-4fa6-b36c-5075de200324', '2:30', 'Allegro Animato E Grazioso'),
('a1b28d21-c7b4-4fa6-b36c-5075de200324', '2:30', 'Piano Concerto In A Minor'),
('a1b28d21-c7b4-4fa6-b36c-5075de200324', '2:30', 'Allegro Affettuoso Intermezzo (Andantino Grazioso)'),
('a1b28d21-c7b4-4fa6-b36c-5075de200324', '2:30', 'Allegro Vivace'),
('bf94b566-96b7-49ab-b803-f67d65ec90cd', '5:31', 'I Dont Wanna Let You Down (Dance Mix)'),
('bf94b566-96b7-49ab-b803-f67d65ec90cd', '5:18', 'I Dont Wanna Let You Down (Akasaka Mix)'),
('94daeab6-9ab6-4536-b448-0a53ada0efd3', '3:09', 'Freedom'),
('94daeab6-9ab6-4536-b448-0a53ada0efd3', '3:46', 'Where In The World'),
('94daeab6-9ab6-4536-b448-0a53ada0efd3', '3:46', 'Crying In The Rain'),
('94daeab6-9ab6-4536-b448-0a53ada0efd3', '4:35', 'Perchance To Dream'),
('94daeab6-9ab6-4536-b448-0a53ada0efd3', '4:32', 'Alien'),
('94daeab6-9ab6-4536-b448-0a53ada0efd3', '3:50', 'Mad As We Are'),
('94daeab6-9ab6-4536-b448-0a53ada0efd3', '3:43', 'Here In My Heart'),
('94daeab6-9ab6-4536-b448-0a53ada0efd3', '4:09', 'Love Is The Rage'),
('94daeab6-9ab6-4536-b448-0a53ada0efd3', '3:38', 'Catch 22'),
('94daeab6-9ab6-4536-b448-0a53ada0efd3', '4:22', 'Moon & The Sky'),
('94daeab6-9ab6-4536-b448-0a53ada0efd3', '5:09', 'Surreal'),
('a3beb099-c0d0-4afd-a097-99db60db3700', '9:35', 'Festival Variations'),
('a3beb099-c0d0-4afd-a097-99db60db3700', '10:16', 'Selections From Les Misérables'),
('a3beb099-c0d0-4afd-a097-99db60db3700', '3:02', 'Bohemia Rag'),
('a3beb099-c0d0-4afd-a097-99db60db3700', '2:52', 'High School Cadets'),
('a3beb099-c0d0-4afd-a097-99db60db3700', '2:19', 'Im Sailing'),
('a3beb099-c0d0-4afd-a097-99db60db3700', '2:09', 'Selection Of British Seasongs'),
('a3beb099-c0d0-4afd-a097-99db60db3700', '3:22', 'Defileermars Der Koninklijke Marine'),
('a3beb099-c0d0-4afd-a097-99db60db3700', '3:58', 'Duchi Meringue / El Perico'),
('a3beb099-c0d0-4afd-a097-99db60db3700', '5:09', 'Richards Rogers Medley'),
('a3beb099-c0d0-4afd-a097-99db60db3700', '2:09', 'Children Of Sanchez'),
('8e8f3523-1990-48f2-b901-13496640bd07', '6:32', 'One Nation Under A Frost'),
('8e8f3523-1990-48f2-b901-13496640bd07', '6:50', ' The Dark Side Of The Frost'),
('8e8f3523-1990-48f2-b901-13496640bd07', '6:48', 'Set The Controls For The Heart Of The Frost'),
('8e8f3523-1990-48f2-b901-13496640bd07', '6:21', 'Hard Frosts Night'),
('8e8f3523-1990-48f2-b901-13496640bd07', '6:28', 'Frost In The Key Of Life'),
('8e8f3523-1990-48f2-b901-13496640bd07', '4:10', 'Hardfrost Jollies'),
('8e8f3523-1990-48f2-b901-13496640bd07', '8:13', 'Frost Against The Machine'),
('8e8f3523-1990-48f2-b901-13496640bd07', '5:37', 'We Are All Frostitutes'),
('8e8f3523-1990-48f2-b901-13496640bd07', '4:54', 'A Frost Supreme'),
('8e8f3523-1990-48f2-b901-13496640bd07', '5:45', 'Atom Frost Mother'),
('8e8f3523-1990-48f2-b901-13496640bd07', '9:52', 'Journey To The Centre Of The Frost'),
('ab0ba89c-d432-4579-a48f-c3e5c283a9f2', '4:30', 'Indestructible'),
('ab0ba89c-d432-4579-a48f-c3e5c283a9f2', '4:50', 'Change Of Heart'),
('ab0ba89c-d432-4579-a48f-c3e5c283a9f2', '4:30', 'If Ever A Love There Was'),
('ab0ba89c-d432-4579-a48f-c3e5c283a9f2', '4:53', 'The Sun Aint Gonna Shine'),
('ab0ba89c-d432-4579-a48f-c3e5c283a9f2', '3:29', 'Next Time'),
('ab0ba89c-d432-4579-a48f-c3e5c283a9f2', '4:32', 'Loco In Acapulco'),
('ab0ba89c-d432-4579-a48f-c3e5c283a9f2', '4:37', 'Are You With Me'),
('ab0ba89c-d432-4579-a48f-c3e5c283a9f2', '4:00', 'Im Only Wounded'),
('ab0ba89c-d432-4579-a48f-c3e5c283a9f2', '5:07', 'When You Dance'),
('ab0ba89c-d432-4579-a48f-c3e5c283a9f2', '4:22', 'Lets Jam'),
('6244e6d2-8dc3-453f-8bea-cfa511df1f35', '6:44', 'Ancestors'),
('6244e6d2-8dc3-453f-8bea-cfa511df1f35', '6:27', 'Renaissance'),
('6244e6d2-8dc3-453f-8bea-cfa511df1f35', '6:10', 'Friendship'),
('6244e6d2-8dc3-453f-8bea-cfa511df1f35', '6:08', 'Orange Azimuth'),
('6244e6d2-8dc3-453f-8bea-cfa511df1f35', '6:36', 'Teleportation Garden'),
('6244e6d2-8dc3-453f-8bea-cfa511df1f35', '6:33', 'Field Research'),
('6244e6d2-8dc3-453f-8bea-cfa511df1f35', '6:30', 'Guardian Of The Hills'),
('6244e6d2-8dc3-453f-8bea-cfa511df1f35', '7:16', 'Astral Axis'),
('6244e6d2-8dc3-453f-8bea-cfa511df1f35', '7:18', 'I Love You'),
('6244e6d2-8dc3-453f-8bea-cfa511df1f35', '7:43', 'I Was Born In The Galaxy Of Your Eyes (Kytel Remix)'),
('6244e6d2-8dc3-453f-8bea-cfa511df1f35', '6:30', 'Photosynthesis'),
('6244e6d2-8dc3-453f-8bea-cfa511df1f35', '6:28', 'Into The Cosmic Forest'),
('6244e6d2-8dc3-453f-8bea-cfa511df1f35', '6:12', 'The Afterlife'),
('6244e6d2-8dc3-453f-8bea-cfa511df1f35', '8:24', 'Sacred Landscapes'),
('6244e6d2-8dc3-453f-8bea-cfa511df1f35', '5:53', 'Dee'),
('038e3dbe-1915-4035-bff6-7e7891a0b650', '2:30', 'Encanto Da Noite'),
('038e3dbe-1915-4035-bff6-7e7891a0b650', '2:30', 'Eu Te Amo Mais A Madrugadar'),
('038e3dbe-1915-4035-bff6-7e7891a0b650', '2:30', 'Tempos Idos'),
('038e3dbe-1915-4035-bff6-7e7891a0b650', '2:30', 'Curtindo Voce'),
('038e3dbe-1915-4035-bff6-7e7891a0b650', '2:30', 'O Meu Menino'),
('038e3dbe-1915-4035-bff6-7e7891a0b650', '2:30', 'Na Sombra Do Meu Cajueiro'),
('038e3dbe-1915-4035-bff6-7e7891a0b650', '2:30', 'Desencontro'),
('038e3dbe-1915-4035-bff6-7e7891a0b650', '2:30', 'O Vendedor De Mangaba'),
('038e3dbe-1915-4035-bff6-7e7891a0b650', '2:30', 'Cancao De Lilian'),
('038e3dbe-1915-4035-bff6-7e7891a0b650', '2:30', 'O Que E Que O Xote Tem'),
('038e3dbe-1915-4035-bff6-7e7891a0b650', '2:30', 'Noturna Despedida'),
('038e3dbe-1915-4035-bff6-7e7891a0b650', '2:30', 'Caixa De Fosforo'),
('f5c6dfe2-69d2-46fe-8b6c-ffca3751e4a3', '7:58', 'Karius & Baktus'),
('f5c6dfe2-69d2-46fe-8b6c-ffca3751e4a3', '7:12', 'Karius & Baktus'),
('d6e0393b-674d-4b28-a37c-ef518b45495b', '2:30', 'Gaplek'),
('d6e0393b-674d-4b28-a37c-ef518b45495b', '2:30', 'Dedak Mas Salendro'),
('b3297ea0-91b4-4536-8a1a-784ca75ff4bb', '4:46', 'Again'),
('b3297ea0-91b4-4536-8a1a-784ca75ff4bb', '5:54', 'Oneness'),
('b3297ea0-91b4-4536-8a1a-784ca75ff4bb', '5:40', 'Just Now'),
('b3297ea0-91b4-4536-8a1a-784ca75ff4bb', '8:09', 'The Dance Of The Soul'),
('b3297ea0-91b4-4536-8a1a-784ca75ff4bb', '3:35', 'Song For You'),
('b3297ea0-91b4-4536-8a1a-784ca75ff4bb', '3:35', 'Moon'),
('b3297ea0-91b4-4536-8a1a-784ca75ff4bb', '2:22', 'Alone'),
('b3297ea0-91b4-4536-8a1a-784ca75ff4bb', '6:36', 'Clouds'),
('b3297ea0-91b4-4536-8a1a-784ca75ff4bb', '2:03', 'The Dance Of The Soul #3'),
('b3297ea0-91b4-4536-8a1a-784ca75ff4bb', '5:54', 'Im Here'),
('b3297ea0-91b4-4536-8a1a-784ca75ff4bb', '5:06', 'You Have To Wait'),
('596f779f-c0da-4a62-8036-a9eb54374ad0', '2:30', 'How Much Is That Doggie In The Window'),
('596f779f-c0da-4a62-8036-a9eb54374ad0', '2:30', 'Tennessee Waltz'),
('03709882-5974-47b3-94f5-00ff96ce5256', '2:30', 'Love Theme From "A Star Is Born" (Evergreen)'),
('03709882-5974-47b3-94f5-00ff96ce5256', '2:30', 'Love Theme From "The Eyes Of Laura Mars" (Prisoner)'),
('03709882-5974-47b3-94f5-00ff96ce5256', '2:30', 'My Heart Belongs To Me'),
('03709882-5974-47b3-94f5-00ff96ce5256', '2:30', 'Songbird'),
('03709882-5974-47b3-94f5-00ff96ce5256', '2:30', 'You Dont Bring Me Flowers'),
('03709882-5974-47b3-94f5-00ff96ce5256', '2:30', 'The Way We Were'),
('03709882-5974-47b3-94f5-00ff96ce5256', '2:30', 'Sweet Inspiration / Where You Lead'),
('03709882-5974-47b3-94f5-00ff96ce5256', '2:30', 'All In Love Is Fair'),
('03709882-5974-47b3-94f5-00ff96ce5256', '2:30', 'Superman'),
('03709882-5974-47b3-94f5-00ff96ce5256', '2:30', 'Stoney End'),
('723a93c1-3a03-4492-9600-d9dfc3951bff', '0:58', 'Astro'),
('723a93c1-3a03-4492-9600-d9dfc3951bff', '3:47', 'Therion'),
('723a93c1-3a03-4492-9600-d9dfc3951bff', '4:27', 'Arena'),
('723a93c1-3a03-4492-9600-d9dfc3951bff', '3:59', 'Karnavali'),
('723a93c1-3a03-4492-9600-d9dfc3951bff', '4:19', 'Kitro'),
('723a93c1-3a03-4492-9600-d9dfc3951bff', '2:34', 'Lycanthropy'),
('723a93c1-3a03-4492-9600-d9dfc3951bff', '3:06', 'Argonautes'),
('723a93c1-3a03-4492-9600-d9dfc3951bff', '5:08', 'Trauma'),
('723a93c1-3a03-4492-9600-d9dfc3951bff', '3:57', 'Parapono'),
('723a93c1-3a03-4492-9600-d9dfc3951bff', '5:06', 'Phrygia'),
('723a93c1-3a03-4492-9600-d9dfc3951bff', '4:46', 'Gramma'),
('723a93c1-3a03-4492-9600-d9dfc3951bff', '3:31', 'Fortuna'),
('1fc6d88d-0553-4f6a-bd3f-0a7782bcdc9e', '2:30', 'Sandia Woman'),
('1fc6d88d-0553-4f6a-bd3f-0a7782bcdc9e', '2:30', 'You Comb Her Hair'),
('2942aa7d-9d34-4fd2-a0d4-00aee8b6ee5c', '2:30', 'Flat Earth'),
('2942aa7d-9d34-4fd2-a0d4-00aee8b6ee5c', '2:30', 'Beckys Queer  '),
('2942aa7d-9d34-4fd2-a0d4-00aee8b6ee5c', '2:30', 'Blue Sun'),
('2942aa7d-9d34-4fd2-a0d4-00aee8b6ee5c', '2:30', 'Its Not You'),
('2942aa7d-9d34-4fd2-a0d4-00aee8b6ee5c', '2:30', 'Fade to Black '),
('2942aa7d-9d34-4fd2-a0d4-00aee8b6ee5c', '2:30', 'The Singularity '),
('26c4bc07-3ec7-42a6-bca2-a8201b8f4b62', '2:30', 'Tus Mejores Horas'),
('26c4bc07-3ec7-42a6-bca2-a8201b8f4b62', '2:30', 'Un Poco Más'),
('26c4bc07-3ec7-42a6-bca2-a8201b8f4b62', '2:30', 'La Canción Del Dinero'),
('26c4bc07-3ec7-42a6-bca2-a8201b8f4b62', '2:30', 'Vendaval Sin Rumbo'),
('26c4bc07-3ec7-42a6-bca2-a8201b8f4b62', '2:30', 'Una Docena De Besos'),
('26c4bc07-3ec7-42a6-bca2-a8201b8f4b62', '2:30', 'Juventud'),
('26c4bc07-3ec7-42a6-bca2-a8201b8f4b62', '2:30', 'Cuando La Lluvia Cae'),
('26c4bc07-3ec7-42a6-bca2-a8201b8f4b62', '2:30', 'Sin Pensar En Ti'),
('26c4bc07-3ec7-42a6-bca2-a8201b8f4b62', '2:30', 'El Sobre'),
('26c4bc07-3ec7-42a6-bca2-a8201b8f4b62', '2:30', 'Total'),
('26c4bc07-3ec7-42a6-bca2-a8201b8f4b62', '2:30', 'Perfidia'),
('26c4bc07-3ec7-42a6-bca2-a8201b8f4b62', '2:30', 'Quemame Los Ojos'),
('26c4bc07-3ec7-42a6-bca2-a8201b8f4b62', '2:30', 'Cien Mil Cosas'),
('26c4bc07-3ec7-42a6-bca2-a8201b8f4b62', '2:30', 'Pos Me Queda'),
('26c4bc07-3ec7-42a6-bca2-a8201b8f4b62', '2:30', 'En El Balcón Aquel'),
('26c4bc07-3ec7-42a6-bca2-a8201b8f4b62', '2:30', 'Verdad Amarga'),
('26c4bc07-3ec7-42a6-bca2-a8201b8f4b62', '2:30', 'Quimera Fugaz'),
('26c4bc07-3ec7-42a6-bca2-a8201b8f4b62', '2:30', 'Como Fue'),
('26c4bc07-3ec7-42a6-bca2-a8201b8f4b62', '2:30', 'Atribulado'),
('26c4bc07-3ec7-42a6-bca2-a8201b8f4b62', '2:30', 'Recuerdos De Navidad'),
('26c4bc07-3ec7-42a6-bca2-a8201b8f4b62', '2:30', 'Intruso Corazón'),
('26c4bc07-3ec7-42a6-bca2-a8201b8f4b62', '2:30', 'Virgencita'),
('26c4bc07-3ec7-42a6-bca2-a8201b8f4b62', '2:30', 'Por Una Cara Bonita'),
('26c4bc07-3ec7-42a6-bca2-a8201b8f4b62', '2:30', 'Mi Suplica'),
('26c4bc07-3ec7-42a6-bca2-a8201b8f4b62', '2:30', 'Si Dios Lo Permite'),
('26c4bc07-3ec7-42a6-bca2-a8201b8f4b62', '2:30', 'Después De Las Seis'),
('26c4bc07-3ec7-42a6-bca2-a8201b8f4b62', '2:30', 'Delirio'),
('26c4bc07-3ec7-42a6-bca2-a8201b8f4b62', '2:30', 'Amor Sin Esperanza'),
('26c4bc07-3ec7-42a6-bca2-a8201b8f4b62', '2:30', 'Asombro'),
('26c4bc07-3ec7-42a6-bca2-a8201b8f4b62', '2:30', 'El Rosario De Mi Madre'),
('71eb0b1e-406f-4f80-b185-a74df3f879a0', '4:10', 'Only The Lonely'),
('71eb0b1e-406f-4f80-b185-a74df3f879a0', '3:46', 'Angel Eyes'),
('71eb0b1e-406f-4f80-b185-a74df3f879a0', '5:13', 'Whats New'),
('71eb0b1e-406f-4f80-b185-a74df3f879a0', '4:18', 'Its a Lonesome Old Town'),
('71eb0b1e-406f-4f80-b185-a74df3f879a0', '4:49', 'Willow Weep For Me'),
('71eb0b1e-406f-4f80-b185-a74df3f879a0', '5:45', 'Goodbye'),
('71eb0b1e-406f-4f80-b185-a74df3f879a0', '4:44', 'Blues In The Night'),
('71eb0b1e-406f-4f80-b185-a74df3f879a0', '4:00', 'Guess Ill Hang My Tears Out To Dry'),
('71eb0b1e-406f-4f80-b185-a74df3f879a0', '3:18', 'Ebb Tide'),
('71eb0b1e-406f-4f80-b185-a74df3f879a0', '4:47', 'Spring Is Here'),
('71eb0b1e-406f-4f80-b185-a74df3f879a0', '5:15', 'Gone With The Wind'),
('71eb0b1e-406f-4f80-b185-a74df3f879a0', '4:23', 'One For My Baby'),
('71eb0b1e-406f-4f80-b185-a74df3f879a0', '2:45', 'Sleep Warm'),
('71eb0b1e-406f-4f80-b185-a74df3f879a0', '2:25', 'Where Or When'),
('4fc72eae-848d-44a6-8a6e-7001ee2032c4', '7:27', 'Burning'),
('f9deb694-aca4-4651-9578-99842fa68d14', '2:27', 'Hes Forgotten You'),
('f9deb694-aca4-4651-9578-99842fa68d14', '2:00', 'Right From The Git Go'),
('591c36fd-9ce2-407c-bc44-156f006f9e0c', '2:30', 'Serenata A Malaga'),
('591c36fd-9ce2-407c-bc44-156f006f9e0c', '2:30', 'Antonio Vargas'),
('591c36fd-9ce2-407c-bc44-156f006f9e0c', '2:30', 'Guajira Española'),
('591c36fd-9ce2-407c-bc44-156f006f9e0c', '2:30', 'Jota Aragonesa'),
('591c36fd-9ce2-407c-bc44-156f006f9e0c', '2:30', 'El Piconero'),
('591c36fd-9ce2-407c-bc44-156f006f9e0c', '2:30', 'Triana'),
('591c36fd-9ce2-407c-bc44-156f006f9e0c', '2:30', 'Serenata De Almeria'),
('591c36fd-9ce2-407c-bc44-156f006f9e0c', '2:30', 'Serenata Sevillana'),
('5ad1cb7f-5a3f-4c72-aa34-2263f4019dff', '2:30', 'Midnight Train To Georgia'),
('5ad1cb7f-5a3f-4c72-aa34-2263f4019dff', '2:30', 'So Sad The Song'),
('5ad1cb7f-5a3f-4c72-aa34-2263f4019dff', '2:30', 'Baby Dont Change Your Mind '),
('5ad1cb7f-5a3f-4c72-aa34-2263f4019dff', '2:30', 'Home Is Where The Heart Is'),
('5ad1cb7f-5a3f-4c72-aa34-2263f4019dff', '2:30', 'Nobody But You'),
('5ad1cb7f-5a3f-4c72-aa34-2263f4019dff', '2:30', 'I Feel A Song'),
('5ad1cb7f-5a3f-4c72-aa34-2263f4019dff', '2:30', 'Feel Like Making Love'),
('5ad1cb7f-5a3f-4c72-aa34-2263f4019dff', '2:30', 'Hold On'),
('5ad1cb7f-5a3f-4c72-aa34-2263f4019dff', '2:30', 'Little Bit Of Love'),
('5ad1cb7f-5a3f-4c72-aa34-2263f4019dff', '2:30', 'Try To Remember/The Way We Were'),
('5ad1cb7f-5a3f-4c72-aa34-2263f4019dff', '2:30', 'Come Back And Finish What You Started'),
('5ad1cb7f-5a3f-4c72-aa34-2263f4019dff', '2:30', 'Part Time Love'),
('5ad1cb7f-5a3f-4c72-aa34-2263f4019dff', '2:30', 'Its Better Than Good Time'),
('5ad1cb7f-5a3f-4c72-aa34-2263f4019dff', '2:30', 'Georgia On My Mind'),
('5ad1cb7f-5a3f-4c72-aa34-2263f4019dff', '2:30', 'Make Yours A Happy Home'),
('5ad1cb7f-5a3f-4c72-aa34-2263f4019dff', '2:30', 'Best Thing That Ever Happened To Me'),
('5ad1cb7f-5a3f-4c72-aa34-2263f4019dff', '2:30', 'We Dont Make Each Other Laugh Anymore'),
('5ad1cb7f-5a3f-4c72-aa34-2263f4019dff', '2:30', 'Sorry Doesnt Always Make It Right'),
('b9d9a273-1ddf-403b-becf-eb64a391836c', '2:30', 'ハベル小'),
('b9d9a273-1ddf-403b-becf-eb64a391836c', '2:30', '高はなり節'),
('1bc4c745-5706-4d33-9e00-fc4f115b9e04', '5:10', 'Dream Lover'),
('1bc4c745-5706-4d33-9e00-fc4f115b9e04', '5:16', 'Dreamin'),
('057b4189-c876-484b-a44a-ce04bdce9dbb', '2:30', 'Gamblers Blues'),
('057b4189-c876-484b-a44a-ce04bdce9dbb', '2:30', 'Sweets'),
('057b4189-c876-484b-a44a-ce04bdce9dbb', '2:30', 'Puppet Queen'),
('057b4189-c876-484b-a44a-ce04bdce9dbb', '2:30', 'Playground For Life'),
('057b4189-c876-484b-a44a-ce04bdce9dbb', '2:30', 'For Your Skin'),
('057b4189-c876-484b-a44a-ce04bdce9dbb', '2:30', 'Walking My Own Ground'),
('057b4189-c876-484b-a44a-ce04bdce9dbb', '2:30', 'Dark Meets Light'),
('057b4189-c876-484b-a44a-ce04bdce9dbb', '2:30', 'Sleeping Gun'),
('057b4189-c876-484b-a44a-ce04bdce9dbb', '2:30', 'Over And Over'),
('057b4189-c876-484b-a44a-ce04bdce9dbb', '2:30', 'The Merrygoround'),
('21bd2050-75de-44d3-9e2d-8c8d0124d3de', '2:56', 'Drum Opera'),
('21bd2050-75de-44d3-9e2d-8c8d0124d3de', '4:08', 'Mediate'),
('21bd2050-75de-44d3-9e2d-8c8d0124d3de', '4:21', 'Original Sin'),
('21bd2050-75de-44d3-9e2d-8c8d0124d3de', '3:57', 'Never Tear Us Apart'),
('21bd2050-75de-44d3-9e2d-8c8d0124d3de', '4:08', 'Beautiful Girl'),
('21bd2050-75de-44d3-9e2d-8c8d0124d3de', '3:42', 'New Sensation'),
('21bd2050-75de-44d3-9e2d-8c8d0124d3de', '2:42', 'Just Keep Walking'),
('21bd2050-75de-44d3-9e2d-8c8d0124d3de', '5:49', 'Mystify'),
('21bd2050-75de-44d3-9e2d-8c8d0124d3de', '3:59', 'To Look At You'),
('21bd2050-75de-44d3-9e2d-8c8d0124d3de', '5:11', 'Kick'),
('21bd2050-75de-44d3-9e2d-8c8d0124d3de', '4:16', 'Dont Change'),
('21bd2050-75de-44d3-9e2d-8c8d0124d3de', '4:31', 'The Stairs'),
('2e51f7d7-d9b1-4a0a-a05c-34e3f1e45a18', '2:30', 'The Safar'),
('78c8cbf2-d9e5-477d-aff4-541192bcc4b5', '3:36', 'Rollerblade (Original Edit)'),
('78c8cbf2-d9e5-477d-aff4-541192bcc4b5', '6:08', 'Rollerblade (Original Mix)'),
('78c8cbf2-d9e5-477d-aff4-541192bcc4b5', '8:17', 'Rollerblade (Club 69 Future Mix)'),
('78c8cbf2-d9e5-477d-aff4-541192bcc4b5', '5:41', 'Rollerblade (Oliver Liebs LSG Mix)'),
('f368d7c2-97a4-44d8-b5b1-2ae3ce1ba652', '2:30', 'Pepe El Sabroso'),
('f368d7c2-97a4-44d8-b5b1-2ae3ce1ba652', '2:30', 'Tapiz De Retazos'),
('f368d7c2-97a4-44d8-b5b1-2ae3ce1ba652', '2:30', 'Cumbia Pa Oriente'),
('f368d7c2-97a4-44d8-b5b1-2ae3ce1ba652', '2:30', 'Las Africanas'),
('f368d7c2-97a4-44d8-b5b1-2ae3ce1ba652', '2:30', 'Los Lamentos'),
('f368d7c2-97a4-44d8-b5b1-2ae3ce1ba652', '2:30', 'Mamando Gallo'),
('f368d7c2-97a4-44d8-b5b1-2ae3ce1ba652', '2:30', 'Las Cara Lindas'),
('f368d7c2-97a4-44d8-b5b1-2ae3ce1ba652', '2:30', 'Tu Seras Mi Cumbia Y Yo Tu Mapale'),
('f368d7c2-97a4-44d8-b5b1-2ae3ce1ba652', '2:30', 'Amor Lindo'),
('f368d7c2-97a4-44d8-b5b1-2ae3ce1ba652', '2:30', 'Y De Plata Que?'),
('f368d7c2-97a4-44d8-b5b1-2ae3ce1ba652', '2:30', 'Chapeada Y Morena'),
('f368d7c2-97a4-44d8-b5b1-2ae3ce1ba652', '2:30', 'El Amor'),
('f368d7c2-97a4-44d8-b5b1-2ae3ce1ba652', '2:30', 'Corazon Contento'),
('f368d7c2-97a4-44d8-b5b1-2ae3ce1ba652', '2:30', 'Cumbia De Los Locos'),
('f368d7c2-97a4-44d8-b5b1-2ae3ce1ba652', '2:30', 'El Pasado Ya Paso'),
('f368d7c2-97a4-44d8-b5b1-2ae3ce1ba652', '2:30', 'Otra Vez Contigo'),
('50242658-274f-4c65-b272-b1f03c791706', '3:20', 'Gorak Će Otrov Popiti'),
('50242658-274f-4c65-b272-b1f03c791706', '3:28', 'Ja Ne Žalim Sve Sam Izgubila'),
('50242658-274f-4c65-b272-b1f03c791706', '3:54', 'Ponovo Sam Noćas Tužna'),
('50242658-274f-4c65-b272-b1f03c791706', '3:02', 'Moja Nana Priča Svima'),
('50242658-274f-4c65-b272-b1f03c791706', '2:53', 'Opusti Se, Opusti'),
('50242658-274f-4c65-b272-b1f03c791706', '4:23', 'Ako Se Nekad Umreti Mora'),
('50242658-274f-4c65-b272-b1f03c791706', '3:23', 'U Srce Se Pesma Urezala'),
('50242658-274f-4c65-b272-b1f03c791706', '3:02', 'Nisu Važne Godine'),
('da850deb-c6f9-455b-899b-7b0003eacc8a', '2:30', 'Ichirou & Mamiya'),
('da850deb-c6f9-455b-899b-7b0003eacc8a', '2:30', 'Central Lobby Theme'),
('da850deb-c6f9-455b-899b-7b0003eacc8a', '2:30', 'Eastern Garden Theme'),
('da850deb-c6f9-455b-899b-7b0003eacc8a', '2:30', 'Flooded Basement'),
('da850deb-c6f9-455b-899b-7b0003eacc8a', '2:30', 'Upper Floor Theme'),
('da850deb-c6f9-455b-899b-7b0003eacc8a', '2:30', 'Western Garden'),
('da850deb-c6f9-455b-899b-7b0003eacc8a', '2:30', 'Cavern Theme'),
('da850deb-c6f9-455b-899b-7b0003eacc8a', '2:30', 'Haunted Quarters'),
('da850deb-c6f9-455b-899b-7b0003eacc8a', '2:30', 'Mamiyas Quarters'),
('da850deb-c6f9-455b-899b-7b0003eacc8a', '2:30', 'Help!'),
('da850deb-c6f9-455b-899b-7b0003eacc8a', '2:30', 'Ichirous Death'),
('da850deb-c6f9-455b-899b-7b0003eacc8a', '2:30', 'Fresco'),
('da850deb-c6f9-455b-899b-7b0003eacc8a', '2:30', 'Event Theme'),
('da850deb-c6f9-455b-899b-7b0003eacc8a', '2:30', 'Encounter Theme'),
('da850deb-c6f9-455b-899b-7b0003eacc8a', '2:30', 'Enemy Encounter'),
('da850deb-c6f9-455b-899b-7b0003eacc8a', '2:30', 'Battle Theme'),
('da850deb-c6f9-455b-899b-7b0003eacc8a', '2:30', 'Final Battle Theme'),
('da850deb-c6f9-455b-899b-7b0003eacc8a', '2:30', 'Encounter With Mamiya'),
('da850deb-c6f9-455b-899b-7b0003eacc8a', '2:30', 'Ending Theme'),
('7b312373-252f-45fc-9331-0fcd1756d849', '4:25', 'Voglio Ridere'),
('7b312373-252f-45fc-9331-0fcd1756d849', '3:00', 'Ieri Sera Sognavo Di Te'),
('a1e71964-184b-4194-9a66-1e5a4882809d', '2:30', 'Ricketts Hornpipe'),
('a1e71964-184b-4194-9a66-1e5a4882809d', '2:30', 'Stack Of Barley'),
('a1e71964-184b-4194-9a66-1e5a4882809d', '2:30', 'Fairy Reel'),
('a1e71964-184b-4194-9a66-1e5a4882809d', '2:30', 'ODonnell Abu'),
('e02fc560-d2d3-4068-ab30-badf416cf755', '3:57', 'Mielessäni (In My Mind)'),
('e02fc560-d2d3-4068-ab30-badf416cf755', '4:36', 'I Riden Så (Ye Ride So Carefully)'),
('e02fc560-d2d3-4068-ab30-badf416cf755', '6:04', 'I Was Sorrowful When You Finally Came'),
('e02fc560-d2d3-4068-ab30-badf416cf755', '2:43', 'At Dawn When I Wake Up'),
('e02fc560-d2d3-4068-ab30-badf416cf755', '2:27', 'Wheels'),
('e02fc560-d2d3-4068-ab30-badf416cf755', '4:20', 'Spring'),
('e02fc560-d2d3-4068-ab30-badf416cf755', '2:09', 'Petroskoi'),
('e02fc560-d2d3-4068-ab30-badf416cf755', '5:00', 'Wedding Waltz'),
('e02fc560-d2d3-4068-ab30-badf416cf755', '2:00', 'Six Etudes: Presto'),
('e02fc560-d2d3-4068-ab30-badf416cf755', '5:23', 'Pollati Poro Lullati (Reindeer Lullaby)'),
('e02fc560-d2d3-4068-ab30-badf416cf755', '3:27', 'What Kind Of Song Shall We Sing?'),
('e02fc560-d2d3-4068-ab30-badf416cf755', '2:48', 'Tsihi Tsihi'),
('e02fc560-d2d3-4068-ab30-badf416cf755', '4:53', 'Aquas'),
('e02fc560-d2d3-4068-ab30-badf416cf755', '2:57', 'Bells Of Konevitsa Monastery'),
('e02fc560-d2d3-4068-ab30-badf416cf755', '2:19', 'Ruskie Neitsyt (Brown-haired Maiden)'),
('e02fc560-d2d3-4068-ab30-badf416cf755', '2:59', 'Sorja Poika (Pretty Boy)'),
('e02fc560-d2d3-4068-ab30-badf416cf755', '1:51', 'Carelian Spring'),
('e02fc560-d2d3-4068-ab30-badf416cf755', '3:02', 'Liekkulaulu (Swing Song)'),
('e02fc560-d2d3-4068-ab30-badf416cf755', '5:28', 'Konungen Och Trolkvinnen (The King And The Enchantress)'),
('e02fc560-d2d3-4068-ab30-badf416cf755', '1:33', 'Áillohas'),
('e02fc560-d2d3-4068-ab30-badf416cf755', '3:12', 'Muohtačalmmit (Snowflakes)'),
('f56e9b12-c096-46a2-b85c-8657b216204a', '9:20', 'Surreality (Ruede Hagelstein Dark Dreams Dub)'),
('f56e9b12-c096-46a2-b85c-8657b216204a', '6:29', 'Glowing (Marek Hemmann Remix)'),
('f56e9b12-c096-46a2-b85c-8657b216204a', '4:16', 'My Rose Red'),
('f56e9b12-c096-46a2-b85c-8657b216204a', '9:17', 'Magic Bleep (Negativ Dekadent Re-Bleep)'),
('f56e9b12-c096-46a2-b85c-8657b216204a', '8:32', 'Surreality (Gunjah Remix)'),
('f56e9b12-c096-46a2-b85c-8657b216204a', '6:36', 'Magic Bleep'),
('f56e9b12-c096-46a2-b85c-8657b216204a', '3:30', 'What If'),
('f56e9b12-c096-46a2-b85c-8657b216204a', '4:46', 'Domino'),
('f56e9b12-c096-46a2-b85c-8657b216204a', '6:22', 'Magic Bleep (Chris Von B. Rework)'),
('f56e9b12-c096-46a2-b85c-8657b216204a', '6:07', 'Glowing (Marek Hemmann Dub) '),
('bac93a8b-64a1-4757-9306-fd7e380576fb', '2:30', 'This Is The Time Of The Evening / While Were Young'),
('bac93a8b-64a1-4757-9306-fd7e380576fb', '2:30', 'Medley: You Made Me Love You (I Didnt Want To Do It) / For Me And My Gal / The Trolley Song'),
('bac93a8b-64a1-4757-9306-fd7e380576fb', '2:30', 'A Pretty Girl Milking Her Cow'),
('bac93a8b-64a1-4757-9306-fd7e380576fb', '2:30', 'Rock-A-Bye Your Baby With A Dixie Melody'),
('bac93a8b-64a1-4757-9306-fd7e380576fb', '2:30', 'Happiness Is A Thing Called Joe'),
('bac93a8b-64a1-4757-9306-fd7e380576fb', '2:30', 'Judy At The Palace Medley: Shine On Harvest Moon / Some Of These Days / My Man / I Dont Care'),
('bac93a8b-64a1-4757-9306-fd7e380576fb', '2:30', 'Carolina In The Morning'),
('bac93a8b-64a1-4757-9306-fd7e380576fb', '2:30', 'Danny Boy'),
('bac93a8b-64a1-4757-9306-fd7e380576fb', '2:30', 'After Youve Gone'),
('bac93a8b-64a1-4757-9306-fd7e380576fb', '2:30', 'Over The Rainbow'),
('ceb124e5-37a9-4dd3-b947-7f3c91e8c6e8', '4:42', 'Animals and Nature our Friends'),
('ceb124e5-37a9-4dd3-b947-7f3c91e8c6e8', '4:56', 'Care For Your Animals With Love'),
('ceb124e5-37a9-4dd3-b947-7f3c91e8c6e8', '4:43', 'Carola Greta You And Me For a Brigther Future'),
('ceb124e5-37a9-4dd3-b947-7f3c91e8c6e8', '4:59', 'Green and Fair for People And Nature'),
('ceb124e5-37a9-4dd3-b947-7f3c91e8c6e8', '5:04', 'Green Fair For Justice'),
('ceb124e5-37a9-4dd3-b947-7f3c91e8c6e8', '4:59', 'Green Justice For Future'),
('ceb124e5-37a9-4dd3-b947-7f3c91e8c6e8', '5:07', 'Hear The Call For Justice'),
('ceb124e5-37a9-4dd3-b947-7f3c91e8c6e8', '3:58', 'Love And Solidarity For All Of Us'),
('ceb124e5-37a9-4dd3-b947-7f3c91e8c6e8', '4:59', 'Love And Wisdom To Act For Future'),
('ceb124e5-37a9-4dd3-b947-7f3c91e8c6e8', '4:56', 'Love in Rheinauen'),
('ceb124e5-37a9-4dd3-b947-7f3c91e8c6e8', '4:45', 'Protect The Dignity of All'),
('ceb124e5-37a9-4dd3-b947-7f3c91e8c6e8', '4:45', 'Time To Act For Good'),
('ceb124e5-37a9-4dd3-b947-7f3c91e8c6e8', '4:59', 'United For The Youth And All'),
('ceb124e5-37a9-4dd3-b947-7f3c91e8c6e8', '4:28', 'Young And Old For Justice'),
('b4d80625-027b-4be2-9806-5a7facf55d40', '3:37', 'Mein Verstand'),
('b4d80625-027b-4be2-9806-5a7facf55d40', '3:42', 'Selena'),
('7397aabf-52b4-4f83-ba5e-a1330825edb3', '1:03', 'Feed'),
('7397aabf-52b4-4f83-ba5e-a1330825edb3', '4:38', 'You'),
('7397aabf-52b4-4f83-ba5e-a1330825edb3', '4:25', 'Sons Of Sorrow'),
('7397aabf-52b4-4f83-ba5e-a1330825edb3', '3:53', 'Upside Down'),
('7397aabf-52b4-4f83-ba5e-a1330825edb3', '4:33', 'Awake'),
('7397aabf-52b4-4f83-ba5e-a1330825edb3', '3:01', 'Closer'),
('3fc47375-99f2-4afe-ae44-5725cf1ec945', '4:52', 'Cosa CÈ'),
('3fc47375-99f2-4afe-ae44-5725cf1ec945', '4:22', 'Domani Sì, Adesso No'),
('3fc47375-99f2-4afe-ae44-5725cf1ec945', '4:01', 'Cosa Succede In Città'),
('3fc47375-99f2-4afe-ae44-5725cf1ec945', '5:10', 'Toffee'),
('3fc47375-99f2-4afe-ae44-5725cf1ec945', '3:46', 'Ti Taglio La Gola'),
('3fc47375-99f2-4afe-ae44-5725cf1ec945', '3:50', 'Una Nuova Canzone Per Lei'),
('3fc47375-99f2-4afe-ae44-5725cf1ec945', '3:55', 'TImmagini'),
('3fc47375-99f2-4afe-ae44-5725cf1ec945', '3:44', 'Bolle Di Sapone'),
('3fc47375-99f2-4afe-ae44-5725cf1ec945', '3:37', 'Dormi, Dormi'),
('9ea9f097-bb8d-4025-84ca-2db20f6e8bef', '2:30', 'Sonata (Appassionata) In F Minor. Op. 57 First Movement, Part 1'),
('9ea9f097-bb8d-4025-84ca-2db20f6e8bef', '2:30', 'Sonata (Appassionata) In F Minor. Op. 57 First Movement, Part 2'),
('2de71567-222f-47b6-91ee-07b9a911a2ca', '2:30', 'Drive Alone'),
('2de71567-222f-47b6-91ee-07b9a911a2ca', '2:30', 'Finding Bliss'),
('2de71567-222f-47b6-91ee-07b9a911a2ca', '2:30', 'Take Away The Sad'),
('2de71567-222f-47b6-91ee-07b9a911a2ca', '2:30', 'Dont Stop'),
('2de71567-222f-47b6-91ee-07b9a911a2ca', '2:30', 'My One Belief'),
('2de71567-222f-47b6-91ee-07b9a911a2ca', '2:30', 'Highway Lights'),
('2de71567-222f-47b6-91ee-07b9a911a2ca', '2:30', 'We Could Be'),
('2de71567-222f-47b6-91ee-07b9a911a2ca', '2:30', 'Your Son'),
('2de71567-222f-47b6-91ee-07b9a911a2ca', '2:30', 'Life Without The Fight'),
('2de71567-222f-47b6-91ee-07b9a911a2ca', '2:30', 'As A Ghost'),
('2de71567-222f-47b6-91ee-07b9a911a2ca', '2:30', 'All Well Ever Need'),
('db092ac8-59b2-49db-9be0-be37dc58ac70', '0:43', 'Get Out Of My Sandbox'),
('db092ac8-59b2-49db-9be0-be37dc58ac70', '0:23', 'Invasion Of The Fedora Snatchers'),
('db092ac8-59b2-49db-9be0-be37dc58ac70', '0:54', 'Test Tube Baby'),
('db092ac8-59b2-49db-9be0-be37dc58ac70', '1:19', 'Bill Yourself'),
('55e06e5d-a52e-4125-b221-6d7b70374592', '2:30', 'Fresh-Garbage'),
('55e06e5d-a52e-4125-b221-6d7b70374592', '2:30', 'Uncle Jack'),
('55e06e5d-a52e-4125-b221-6d7b70374592', '2:30', 'Mechanical World'),
('55e06e5d-a52e-4125-b221-6d7b70374592', '2:30', 'Taurus'),
('55e06e5d-a52e-4125-b221-6d7b70374592', '2:30', 'Girl In Your Eye'),
('55e06e5d-a52e-4125-b221-6d7b70374592', '2:30', 'Straight Arrow'),
('55e06e5d-a52e-4125-b221-6d7b70374592', '2:30', 'Topanga Windows'),
('55e06e5d-a52e-4125-b221-6d7b70374592', '2:30', 'Gramophone Man'),
('55e06e5d-a52e-4125-b221-6d7b70374592', '2:30', 'Water Woman'),
('55e06e5d-a52e-4125-b221-6d7b70374592', '2:30', 'The Great Canyon Fire In General'),
('55e06e5d-a52e-4125-b221-6d7b70374592', '2:30', 'Elijah'),
('82548588-1e41-4597-80e3-90fcc0acf8a1', '7:50', 'Winter Mouvement'),
('82548588-1e41-4597-80e3-90fcc0acf8a1', '9:24', 'Crystal Travelling'),
('82548588-1e41-4597-80e3-90fcc0acf8a1', '7:39', 'The Empty Night'),
('82548588-1e41-4597-80e3-90fcc0acf8a1', '17:21', 'Echoing Delight'),
('82548588-1e41-4597-80e3-90fcc0acf8a1', '09:57', 'Narrow Gloom (Part Two)'),
('82548588-1e41-4597-80e3-90fcc0acf8a1', '15:24', 'Glass Splendour'),
('496d33e3-0f34-4eea-80c4-d41fba807f2c', '4:35', 'Nun Komm der Heiden Heiland'),
('496d33e3-0f34-4eea-80c4-d41fba807f2c', '3:55', 'Wir glauben all an Einen Gott'),
('496d33e3-0f34-4eea-80c4-d41fba807f2c', '14:15', 'Toccata and Fugue in D minor (Dorian)'),
('496d33e3-0f34-4eea-80c4-d41fba807f2c', '6:45', 'O Mensch, Bewein Dein Suende Gross'),
('496d33e3-0f34-4eea-80c4-d41fba807f2c', '17:10', 'Toccata and Fugue in F major'),
('531f6b8d-1f26-47e9-be4e-1a123aa33fd8', '2:30', 'She Is Free'),
('531f6b8d-1f26-47e9-be4e-1a123aa33fd8', '2:30', 'Song To No One'),
('531f6b8d-1f26-47e9-be4e-1a123aa33fd8', '2:30', 'How Long Will It Take'),
('531f6b8d-1f26-47e9-be4e-1a123aa33fd8', '2:30', 'Grace (Studio Demo)'),
('531f6b8d-1f26-47e9-be4e-1a123aa33fd8', '2:30', 'Cruel'),
('531f6b8d-1f26-47e9-be4e-1a123aa33fd8', '2:30', 'Satisfied Mind'),
('531f6b8d-1f26-47e9-be4e-1a123aa33fd8', '2:30', 'Hymne À LAmour'),
('531f6b8d-1f26-47e9-be4e-1a123aa33fd8', '2:30', 'Mojo Pin'),
('531f6b8d-1f26-47e9-be4e-1a123aa33fd8', '2:30', 'Malign Fiesta (No Soul)'),
('531f6b8d-1f26-47e9-be4e-1a123aa33fd8', '2:30', 'Harem Man'),
('531f6b8d-1f26-47e9-be4e-1a123aa33fd8', '2:30', 'Grace (Live)'),
('ee53fedb-a077-4e65-8969-f0e659a73bc8', '3:34', 'Every Single Day'),
('ee53fedb-a077-4e65-8969-f0e659a73bc8', '4:20', 'Boulevard Of Broken Dreams'),
('ee53fedb-a077-4e65-8969-f0e659a73bc8', '3:27', 'Everybody'),
('ee53fedb-a077-4e65-8969-f0e659a73bc8', '3:01', 'Maniac'),
('ee53fedb-a077-4e65-8969-f0e659a73bc8', '3:11', 'Lets Get Down'),
('ee53fedb-a077-4e65-8969-f0e659a73bc8', '4:11', 'The Power And The Glory'),
('ee53fedb-a077-4e65-8969-f0e659a73bc8', '3:26', 'Chanson DAmour'),
('ee53fedb-a077-4e65-8969-f0e659a73bc8', '3:48', 'Most Precious Love'),
('ee53fedb-a077-4e65-8969-f0e659a73bc8', '3:41', 'Everytime Youre Feeling Down'),
('ee53fedb-a077-4e65-8969-f0e659a73bc8', '5:32', 'No Surprise'),
('ee53fedb-a077-4e65-8969-f0e659a73bc8', '5:00', 'The Drill'),
('ee53fedb-a077-4e65-8969-f0e659a73bc8', '5:24', 'Muda Na Ora'),
('ee53fedb-a077-4e65-8969-f0e659a73bc8', '3:24', 'I Like It'),
('ee53fedb-a077-4e65-8969-f0e659a73bc8', '4:03', 'You Are For Real'),
('ee53fedb-a077-4e65-8969-f0e659a73bc8', '3:00', 'Hose Sensation'),
('ee53fedb-a077-4e65-8969-f0e659a73bc8', '5:16', 'Interactive'),
('ee53fedb-a077-4e65-8969-f0e659a73bc8', '3:12', 'Happy Days'),
('ee53fedb-a077-4e65-8969-f0e659a73bc8', '3:50', 'Deeper Love'),
('ee53fedb-a077-4e65-8969-f0e659a73bc8', '2:30', 'Bonus Track:'),
('ee53fedb-a077-4e65-8969-f0e659a73bc8', '3:51', 'And Now Relax'),
('4ed6cde0-45eb-4e82-b9f3-d9777eaa3395', '2:30', 'Le Dimanche Matin (Du Film "Le Chanteur De Mexico")'),
('4ed6cde0-45eb-4e82-b9f3-d9777eaa3395', '2:30', 'Oranges, Tabac, Café'),
('004b90af-b5e8-465b-83c5-f95a54f6b665', '1:24', 'A Storytellers Moon (Intro)'),
('004b90af-b5e8-465b-83c5-f95a54f6b665', '3:26', 'State Of The Union Now      '),
('004b90af-b5e8-465b-83c5-f95a54f6b665', '4:14', 'Change Is Coming'),
('004b90af-b5e8-465b-83c5-f95a54f6b665', '3:06', 'Starstruck?'),
('004b90af-b5e8-465b-83c5-f95a54f6b665', '3:03', 'A Heavy Price To Pay'),
('004b90af-b5e8-465b-83c5-f95a54f6b665', '5:38', 'Words Fail Me'),
('004b90af-b5e8-465b-83c5-f95a54f6b665', '3:39', 'Forward Into The Past'),
('004b90af-b5e8-465b-83c5-f95a54f6b665', '0:57', 'Unresolved (Instrumental)'),
('004b90af-b5e8-465b-83c5-f95a54f6b665', '3:08', 'The Queen Of The Moors'),
('004b90af-b5e8-465b-83c5-f95a54f6b665', '5:34', 'Last Summers Rain'),
('004b90af-b5e8-465b-83c5-f95a54f6b665', '2:52', 'The Measure'),
('004b90af-b5e8-465b-83c5-f95a54f6b665', '4:33', 'Borderline'),
('004b90af-b5e8-465b-83c5-f95a54f6b665', '1:35', 'A Storytellers Moon (Outro)'),
('004b90af-b5e8-465b-83c5-f95a54f6b665', '5:45', 'Words Fail Me'),
('8af3744c-1362-4524-bb0e-071934ff912c', '2:30', 'Es Kau Bele (Timor, Indonesia)'),
('8af3744c-1362-4524-bb0e-071934ff912c', '2:30', 'Borlouentu (Venezuela)'),
('8af3744c-1362-4524-bb0e-071934ff912c', '2:30', 'Potong Padi (Indonesia)'),
('8af3744c-1362-4524-bb0e-071934ff912c', '2:30', 'So Aso Inang So (Flores, Indonesia)'),
('8af3744c-1362-4524-bb0e-071934ff912c', '2:30', 'Bolelebo (Timor, Indonesia)'),
('8af3744c-1362-4524-bb0e-071934ff912c', '2:30', 'Mar y Cielo (Mexico)'),
('8af3744c-1362-4524-bb0e-071934ff912c', '2:30', 'Muroae ( Flores, Indonesia)'),
('8af3744c-1362-4524-bb0e-071934ff912c', '2:30', 'Sisi Kole Sili (Flores, Indonesia)'),
('8af3744c-1362-4524-bb0e-071934ff912c', '2:30', 'Yoco (Venezuela)'),
('8af3744c-1362-4524-bb0e-071934ff912c', '2:30', 'Tutu Koda  (Lembata, Indonesia)'),
('8af3744c-1362-4524-bb0e-071934ff912c', '2:30', 'Baila Takirari (Bolivia)'),
('8af3744c-1362-4524-bb0e-071934ff912c', '2:30', 'Ninanoi (Timor, Indonesia)'),
('dcd658b0-c1dc-4a15-8b84-22e1f9268c0f', '2:30', 'Wukkin Party'),
('dcd658b0-c1dc-4a15-8b84-22e1f9268c0f', '2:30', 'D.J. Ride'),
('dcd658b0-c1dc-4a15-8b84-22e1f9268c0f', '2:30', 'Hole It Down'),
('dcd658b0-c1dc-4a15-8b84-22e1f9268c0f', '2:30', 'Dont Bother Me'),
('dcd658b0-c1dc-4a15-8b84-22e1f9268c0f', '2:30', 'The Search'),
('dcd658b0-c1dc-4a15-8b84-22e1f9268c0f', '2:30', 'Back It Up'),
('dcd658b0-c1dc-4a15-8b84-22e1f9268c0f', '2:30', 'Get On Bad'),
('dcd658b0-c1dc-4a15-8b84-22e1f9268c0f', '2:30', 'Speedo'),
('dcd658b0-c1dc-4a15-8b84-22e1f9268c0f', '2:30', '25'),
('dcd658b0-c1dc-4a15-8b84-22e1f9268c0f', '2:30', 'No Behaviour'),
('dcd658b0-c1dc-4a15-8b84-22e1f9268c0f', '2:30', 'Titanic'),
('dcd658b0-c1dc-4a15-8b84-22e1f9268c0f', '2:30', 'Grind Dem'),
('dcd658b0-c1dc-4a15-8b84-22e1f9268c0f', '2:30', 'Up Under Me'),
('dcd658b0-c1dc-4a15-8b84-22e1f9268c0f', '2:30', 'De Pepper Song'),
('dcd658b0-c1dc-4a15-8b84-22e1f9268c0f', '2:30', 'Melt Me Down'),
('dcd658b0-c1dc-4a15-8b84-22e1f9268c0f', '2:30', 'Oil Pumping'),
('83bab565-44de-4867-887f-23ec6d62f8c0', '2:30', 'Gorillaz Glastonbury Festival 2010'),
('83bab565-44de-4867-887f-23ec6d62f8c0', '2:30', 'Orchestral Intro'),
('83bab565-44de-4867-887f-23ec6d62f8c0', '2:30', 'Welcome To The World Of The Plastic Beach'),
('83bab565-44de-4867-887f-23ec6d62f8c0', '2:30', 'Last Living Souls'),
('83bab565-44de-4867-887f-23ec6d62f8c0', '2:30', 'Green World'),
('83bab565-44de-4867-887f-23ec6d62f8c0', '2:30', 'Kids With Guns'),
('83bab565-44de-4867-887f-23ec6d62f8c0', '2:30', 'Stylo'),
('83bab565-44de-4867-887f-23ec6d62f8c0', '2:30', 'White Flag '),
('83bab565-44de-4867-887f-23ec6d62f8c0', '2:30', 'Superfast Jellyfish'),
('83bab565-44de-4867-887f-23ec6d62f8c0', '2:30', 'Dare '),
('83bab565-44de-4867-887f-23ec6d62f8c0', '2:30', 'Glitter Freeze'),
('83bab565-44de-4867-887f-23ec6d62f8c0', '2:30', 'Some Kind Of Nature'),
('83bab565-44de-4867-887f-23ec6d62f8c0', '2:30', 'El Mañana'),
('83bab565-44de-4867-887f-23ec6d62f8c0', '2:30', 'Cloud Of Unknowing'),
('83bab565-44de-4867-887f-23ec6d62f8c0', '2:30', ' Pirate Jet'),
('83bab565-44de-4867-887f-23ec6d62f8c0', '2:30', 'To Binge'),
('83bab565-44de-4867-887f-23ec6d62f8c0', '2:30', 'Fire Coming Out From The Monkeys Head'),
('83bab565-44de-4867-887f-23ec6d62f8c0', '2:30', 'Feel Good Inc.'),
('83bab565-44de-4867-887f-23ec6d62f8c0', '2:30', 'Clint Eastwood '),
('83bab565-44de-4867-887f-23ec6d62f8c0', '2:30', 'On Melancholy Hill'),
('83bab565-44de-4867-887f-23ec6d62f8c0', '2:30', 'Garbage, Beauregard Festival 2012'),
('83bab565-44de-4867-887f-23ec6d62f8c0', '2:30', 'Automatic Systematic Habit '),
('83bab565-44de-4867-887f-23ec6d62f8c0', '2:30', 'I Think Im Paranoid '),
('83bab565-44de-4867-887f-23ec6d62f8c0', '2:30', 'Shut Your Mouth '),
('83bab565-44de-4867-887f-23ec6d62f8c0', '2:30', 'Queer '),
('83bab565-44de-4867-887f-23ec6d62f8c0', '2:30', 'Stupid Girl'),
('83bab565-44de-4867-887f-23ec6d62f8c0', '2:30', 'Why Do You Love Me'),
('83bab565-44de-4867-887f-23ec6d62f8c0', '2:30', 'Control '),
('83bab565-44de-4867-887f-23ec6d62f8c0', '2:30', 'Cherry Lips (Go Baby Go!) '),
('83bab565-44de-4867-887f-23ec6d62f8c0', '2:30', 'Blood For Poppies'),
('83bab565-44de-4867-887f-23ec6d62f8c0', '2:30', 'Special '),
('83bab565-44de-4867-887f-23ec6d62f8c0', '2:30', 'Crush '),
('83bab565-44de-4867-887f-23ec6d62f8c0', '2:30', 'Big Bright World'),
('83bab565-44de-4867-887f-23ec6d62f8c0', '2:30', 'Push It'),
('83bab565-44de-4867-887f-23ec6d62f8c0', '2:30', 'Vow '),
('83bab565-44de-4867-887f-23ec6d62f8c0', '2:30', 'Only Happy When It Rains'),
('b6f92f13-41ad-48dc-83b6-5cc2f4042952', '2:51', 'The Unknown Soldier'),
('b6f92f13-41ad-48dc-83b6-5cc2f4042952', '2:25', 'We Could Be So Good Together '),
('032052e4-1445-48ea-ac4a-da4c91b0f4d4', '2:30', ''),
('032052e4-1445-48ea-ac4a-da4c91b0f4d4', '2:30', ''),
('032052e4-1445-48ea-ac4a-da4c91b0f4d4', '2:30', ''),
('032052e4-1445-48ea-ac4a-da4c91b0f4d4', '2:30', ''),
('2787c802-a0c1-46ca-a05c-1983649e8330', '2:30', 'Side A'),
('2787c802-a0c1-46ca-a05c-1983649e8330', '2:30', 'Discipline (Sacramento)'),
('2787c802-a0c1-46ca-a05c-1983649e8330', '2:30', 'Centurion at the Mall'),
('2787c802-a0c1-46ca-a05c-1983649e8330', '2:30', 'Side B'),
('2787c802-a0c1-46ca-a05c-1983649e8330', '2:30', 'Chad at the Danube'),
('2787c802-a0c1-46ca-a05c-1983649e8330', '2:30', 'Big Wheels'),
('2787c802-a0c1-46ca-a05c-1983649e8330', '2:30', 'Bowel Romp'),
('2787c802-a0c1-46ca-a05c-1983649e8330', '2:30', 'Side C'),
('2787c802-a0c1-46ca-a05c-1983649e8330', '2:30', 'Peer into the Buttocks of Baby Jesus (Its Clean)'),
('2787c802-a0c1-46ca-a05c-1983649e8330', '2:30', 'Get on the Good Foot'),
('2787c802-a0c1-46ca-a05c-1983649e8330', '2:30', 'Okie Doke'),
('2787c802-a0c1-46ca-a05c-1983649e8330', '2:30', 'Side D'),
('2787c802-a0c1-46ca-a05c-1983649e8330', '2:30', 'Ear Destruction Jam'),
('2787c802-a0c1-46ca-a05c-1983649e8330', '2:30', 'Goodnight Jam'),
('77491371-5e34-47fd-ab8a-b7807524d67c', '2:30', 'Umuntu Munthu'),
('77491371-5e34-47fd-ab8a-b7807524d67c', '2:30', 'Tefyo Nalandile'),
('ac847465-1fe7-40ce-b148-8c3318c0d9f2', '2:30', '83z'),
('938f91d1-30b8-4a1c-ac96-95dc8e289732', '2:30', 'Irish Polka'),
('938f91d1-30b8-4a1c-ac96-95dc8e289732', '2:30', 'Medley Of Irish Reels '),
('0f073788-d44c-4680-8110-8e548d611df3', '12:26', 'Konzert G-Dur Für 2 Mandolinen Und ZO'),
('0f073788-d44c-4680-8110-8e548d611df3', '6:36', 'Konzert Nr. II (C-Dur) Für Blockflöte Und ZO'),
('0f073788-d44c-4680-8110-8e548d611df3', '6:32', 'Konzert E-Moll Für 2 Mandolinen Und ZO'),
('0f073788-d44c-4680-8110-8e548d611df3', '10:01', 'Sinfonia Concertante Für Cembalo Und ZO'),
('0f073788-d44c-4680-8110-8e548d611df3', '15:48', 'Konzert F-Dur (Original Für Maultrommel, Gitarre Und Zupf- Oder Streichorchester)'),
('0f073788-d44c-4680-8110-8e548d611df3', '6:06', 'Latin Groove Für ZO Und Percussion'),
('0f073788-d44c-4680-8110-8e548d611df3', '5:19', 'Drink To Me Only'),
('0f073788-d44c-4680-8110-8e548d611df3', '4:22', 'Zupf-Boogie'),
('af47caba-adce-4487-ad6b-8d25d58c3aa5', '12:50', '«Символы», шесть пьес для фортепиано: зов. луч. время. образ. маска. шаги'),
('af47caba-adce-4487-ad6b-8d25d58c3aa5', '8:48', '«Мимолетности», четыре пьесы для скрипки и фортепиано'),
('af47caba-adce-4487-ad6b-8d25d58c3aa5', '24:07', 'Третий квартет для двух скрипок, альта и виолончели'),
('2dc4c859-85ef-4389-872c-f2418284c63a', '2:30', 'La Paloma '),
('2dc4c859-85ef-4389-872c-f2418284c63a', '2:30', 'Destiny'),
('d08c5ea6-e5f7-4992-b221-edd95cdf01c8', '2:30', 'Title'),
('d08c5ea6-e5f7-4992-b221-edd95cdf01c8', '2:30', 'Destruction'),
('d08c5ea6-e5f7-4992-b221-edd95cdf01c8', '2:30', 'Wasteland'),
('d08c5ea6-e5f7-4992-b221-edd95cdf01c8', '2:30', 'Title'),
('d08c5ea6-e5f7-4992-b221-edd95cdf01c8', '2:30', 'Destruction'),
('d08c5ea6-e5f7-4992-b221-edd95cdf01c8', '2:30', 'Wasteland'),
('92bec27f-a7ed-4467-9beb-0ad6c99799a1', '2:30', 'Anger Means'),
('92bec27f-a7ed-4467-9beb-0ad6c99799a1', '2:30', 'Proven Hollow'),
('c151bc58-a460-4c63-9e4d-0222a9b76f77', '2:30', 'Who Is Speaking?'),
('c151bc58-a460-4c63-9e4d-0222a9b76f77', '2:30', 'Dark Oscillations'),
('c151bc58-a460-4c63-9e4d-0222a9b76f77', '2:30', 'Joy'),
('c151bc58-a460-4c63-9e4d-0222a9b76f77', '2:30', 'I Dont Want Children'),
('c151bc58-a460-4c63-9e4d-0222a9b76f77', '2:30', 'Relay Runner'),
('c151bc58-a460-4c63-9e4d-0222a9b76f77', '2:30', 'White Glass'),
('c151bc58-a460-4c63-9e4d-0222a9b76f77', '2:30', 'Sundogs'),
('c151bc58-a460-4c63-9e4d-0222a9b76f77', '2:30', 'Jornada'),
('c151bc58-a460-4c63-9e4d-0222a9b76f77', '2:30', 'Shadow Relief'),
('c151bc58-a460-4c63-9e4d-0222a9b76f77', '2:30', 'Black Willow'),
('a71ed6b5-22a0-4514-9822-8b5e99a7a7b3', '18:29', 'Birth Of Action'),
('a71ed6b5-22a0-4514-9822-8b5e99a7a7b3', '12:51', 'Cycle Circle'),
('a71ed6b5-22a0-4514-9822-8b5e99a7a7b3', '17:32', 'Ode To Workman'),
('a71ed6b5-22a0-4514-9822-8b5e99a7a7b3', '7:33', 'Alone, Alone And Alone'),
('462668c5-37ec-4368-98cf-0283280be582', '2:30', 'Ill Be Home For Christmas'),
('462668c5-37ec-4368-98cf-0283280be582', '2:30', 'Jingle Bells'),
('462668c5-37ec-4368-98cf-0283280be582', '2:30', 'Have Yourself A Merry Little Christmas'),
('462668c5-37ec-4368-98cf-0283280be582', '2:30', 'Santa Claus Is Coming To Town'),
('462668c5-37ec-4368-98cf-0283280be582', '2:30', 'White Christmas'),
('462668c5-37ec-4368-98cf-0283280be582', '2:30', 'Silver Bells'),
('462668c5-37ec-4368-98cf-0283280be582', '2:30', 'I Think You Know What I Want For Christmas'),
('462668c5-37ec-4368-98cf-0283280be582', '2:30', 'The Little Drummer Boy'),
('462668c5-37ec-4368-98cf-0283280be582', '2:30', 'Hes The Little Boy That Santa Claus Forgot'),
('462668c5-37ec-4368-98cf-0283280be582', '2:30', 'Silent Night'),
('462668c5-37ec-4368-98cf-0283280be582', '2:30', 'Das Christkind Kennt Sich Nicht Mehr Aus'),
('462668c5-37ec-4368-98cf-0283280be582', '2:30', 'Es Wird Scho Glei Dumpa'),
('462668c5-37ec-4368-98cf-0283280be582', '2:30', 'Auld Lang Syne'),
('462668c5-37ec-4368-98cf-0283280be582', '2:30', 'Stille Nacht'),
('3a96bb0d-9d0f-434f-bf97-a60c51bf45bd', '4:27', 'Nebraska'),
('3a96bb0d-9d0f-434f-bf97-a60c51bf45bd', '3:54', 'Atlantic City'),
('3a96bb0d-9d0f-434f-bf97-a60c51bf45bd', '4:03', 'Mansion On The Hill'),
('3a96bb0d-9d0f-434f-bf97-a60c51bf45bd', '3:38', 'Johnny 99'),
('3a96bb0d-9d0f-434f-bf97-a60c51bf45bd', '5:39', 'Highway Patrolman'),
('3a96bb0d-9d0f-434f-bf97-a60c51bf45bd', '3:15', 'State Trooper'),
('3a96bb0d-9d0f-434f-bf97-a60c51bf45bd', '3:06', 'Used Cars'),
('3a96bb0d-9d0f-434f-bf97-a60c51bf45bd', '2:53', 'Open All Night'),
('3a96bb0d-9d0f-434f-bf97-a60c51bf45bd', '5:03', 'My Fathers House'),
('3a96bb0d-9d0f-434f-bf97-a60c51bf45bd', '4:11', 'Reason To Believe'),
('720237f6-bc0e-4eed-97b7-56efb7eff01a', '3:43', 'I Fucking Love Nichijou!!!'),
('27e90d8a-05b5-4451-92f4-61887fcd491d', '2:07', 'Square One'),
('27e90d8a-05b5-4451-92f4-61887fcd491d', '3:30', 'Divide And Dissolve'),
('27e90d8a-05b5-4451-92f4-61887fcd491d', '2:43', 'Andalucia'),
('27e90d8a-05b5-4451-92f4-61887fcd491d', '5:17', 'Hold Her Hand Hard'),
('27e90d8a-05b5-4451-92f4-61887fcd491d', '2:20', 'Warm Waves'),
('27e90d8a-05b5-4451-92f4-61887fcd491d', '2:35', 'In The Clear'),
('7ad38b1c-ac71-46d9-8470-d71d8a2dd3b8', '3:20', 'Garagem'),
('7ad38b1c-ac71-46d9-8470-d71d8a2dd3b8', '1:45', 'Tribe'),
('7ad38b1c-ac71-46d9-8470-d71d8a2dd3b8', '3:56', 'Cara De Luna'),
('7ad38b1c-ac71-46d9-8470-d71d8a2dd3b8', '3:42', 'Sleepy Lagoon'),
('7ad38b1c-ac71-46d9-8470-d71d8a2dd3b8', '3:58', 'Soulful Night'),
('7ad38b1c-ac71-46d9-8470-d71d8a2dd3b8', '3:50', 'Red With Anger'),
('7ad38b1c-ac71-46d9-8470-d71d8a2dd3b8', '3:28', 'Tie Up Your Raft'),
('7ad38b1c-ac71-46d9-8470-d71d8a2dd3b8', '3:24', 'Weve Gone Off Chocolate'),
('7ad38b1c-ac71-46d9-8470-d71d8a2dd3b8', '11:20', 'Orchestral Family'),
('7ad38b1c-ac71-46d9-8470-d71d8a2dd3b8', '3:34', 'Super Sax'),
('7ad38b1c-ac71-46d9-8470-d71d8a2dd3b8', '2:16', 'Keyboard Of 60s And 70s'),
('24eaa20f-4691-4817-a530-d6c18c6c5bdf', '2:30', 'Bollywood Apologetics'),
('24eaa20f-4691-4817-a530-d6c18c6c5bdf', '2:30', 'Ominous 80'),
('24eaa20f-4691-4817-a530-d6c18c6c5bdf', '2:30', 'Always A Last Time'),
('24eaa20f-4691-4817-a530-d6c18c6c5bdf', '2:30', 'Is This Real Life, Jesus Christ'),
('24eaa20f-4691-4817-a530-d6c18c6c5bdf', '2:30', 'Always Hurt'),
('24eaa20f-4691-4817-a530-d6c18c6c5bdf', '2:30', 'Vulnerable'),
('24eaa20f-4691-4817-a530-d6c18c6c5bdf', '2:30', 'Sleep Apneac'),
('24eaa20f-4691-4817-a530-d6c18c6c5bdf', '2:30', 'Choir Of Assholes/You Think Itll Make You Happy But It Wont'),
('24eaa20f-4691-4817-a530-d6c18c6c5bdf', '2:30', 'Twinkling'),
('cbc9ca75-13dd-45b1-9e3c-9c0831a4067a', '3:12', 'Stop Pretending'),
('a3232896-86a4-4549-b7fa-0e48b9da5d24', '5:01', 'Untitled'),
('a3232896-86a4-4549-b7fa-0e48b9da5d24', '6:56', 'Untitled'),
('a3232896-86a4-4549-b7fa-0e48b9da5d24', '4:30', 'Untitled'),
('a3232896-86a4-4549-b7fa-0e48b9da5d24', '4:28', 'Untitled'),
('a3232896-86a4-4549-b7fa-0e48b9da5d24', '4:10', 'Untitled'),
('a3232896-86a4-4549-b7fa-0e48b9da5d24', '4:14', 'Untitled'),
('a3232896-86a4-4549-b7fa-0e48b9da5d24', '4:29', 'Untitled'),
('a3232896-86a4-4549-b7fa-0e48b9da5d24', '5:43', 'Untitled'),
('a3232896-86a4-4549-b7fa-0e48b9da5d24', '4:27', 'Untitled'),
('a3232896-86a4-4549-b7fa-0e48b9da5d24', '4:49', 'Untitled'),
('a3232896-86a4-4549-b7fa-0e48b9da5d24', '5:56', 'Untitled'),
('a3232896-86a4-4549-b7fa-0e48b9da5d24', '4:59', 'Untitled'),
('a3232896-86a4-4549-b7fa-0e48b9da5d24', '3:59', 'Untitled'),
('a3232896-86a4-4549-b7fa-0e48b9da5d24', '6:56', 'Untitled'),
('a3232896-86a4-4549-b7fa-0e48b9da5d24', '7:14', 'Untitled'),
('a3232896-86a4-4549-b7fa-0e48b9da5d24', '3:29', 'Untitled'),
('a3232896-86a4-4549-b7fa-0e48b9da5d24', '6:16', 'Untitled'),
('a3232896-86a4-4549-b7fa-0e48b9da5d24', '3:54', 'Untitled'),
('a3232896-86a4-4549-b7fa-0e48b9da5d24', '6:20', 'Untitled'),
('a3232896-86a4-4549-b7fa-0e48b9da5d24', '5:29', 'Untitled'),
('a3232896-86a4-4549-b7fa-0e48b9da5d24', '4:29', 'Untitled'),
('a3232896-86a4-4549-b7fa-0e48b9da5d24', '6:18', 'Untitled'),
('a3232896-86a4-4549-b7fa-0e48b9da5d24', '4:10', 'Untitled'),
('a3232896-86a4-4549-b7fa-0e48b9da5d24', '4:22', 'Untitled'),
('a3232896-86a4-4549-b7fa-0e48b9da5d24', '3:43', 'Untitled'),
('a3232896-86a4-4549-b7fa-0e48b9da5d24', '3:09', 'Untitled'),
('a3232896-86a4-4549-b7fa-0e48b9da5d24', '3:46', 'Untitled'),
('a3232896-86a4-4549-b7fa-0e48b9da5d24', '4:51', 'Untitled'),
('a3232896-86a4-4549-b7fa-0e48b9da5d24', '4:29', 'Untitled'),
('a3232896-86a4-4549-b7fa-0e48b9da5d24', '5:45', 'Untitled'),
('a3232896-86a4-4549-b7fa-0e48b9da5d24', '3:50', 'Untitled'),
('a3232896-86a4-4549-b7fa-0e48b9da5d24', '3:35', 'Untitled'),
('a3232896-86a4-4549-b7fa-0e48b9da5d24', '5:01', 'Untitled'),
('a3232896-86a4-4549-b7fa-0e48b9da5d24', '4:40', 'Untitled'),
('a3232896-86a4-4549-b7fa-0e48b9da5d24', '2:55', 'Untitled'),
('a3232896-86a4-4549-b7fa-0e48b9da5d24', '3:01', 'Untitled'),
('a3232896-86a4-4549-b7fa-0e48b9da5d24', '5:37', 'Untitled'),
('d9b2b83d-a800-4d83-95dd-a83694344890', '2:45', 'Vendredi Mobsède = Friday On My Mind'),
('d9b2b83d-a800-4d83-95dd-a83694344890', '2:37', 'Jai Cru À Mon Rêve = Im A Believer'),
('d9b2b83d-a800-4d83-95dd-a83694344890', '3:15', 'Il A Suffi Dun Jour'),
('d9b2b83d-a800-4d83-95dd-a83694344890', '2:00', 'Je Devine La Vérité = I Got The Feelin'),
('e8f79d03-c93f-43be-9f00-54a238abbc53', '2:30', 'Listen To The Music'),
('e8f79d03-c93f-43be-9f00-54a238abbc53', '2:30', 'Still The One'),
('e8f79d03-c93f-43be-9f00-54a238abbc53', '2:30', 'December, 1963 (Oh What A Night)'),
('e8f79d03-c93f-43be-9f00-54a238abbc53', '2:30', 'You Are The Woman'),
('e8f79d03-c93f-43be-9f00-54a238abbc53', '2:30', 'Summer Breeze'),
('e8f79d03-c93f-43be-9f00-54a238abbc53', '2:30', 'Id Really Love To See You Tonight'),
('e8f79d03-c93f-43be-9f00-54a238abbc53', '2:30', 'Cats In The Cradle'),
('e8f79d03-c93f-43be-9f00-54a238abbc53', '2:30', 'Pick Up The Pieces'),
('e8f79d03-c93f-43be-9f00-54a238abbc53', '2:30', 'Hello Its Me'),
('e8f79d03-c93f-43be-9f00-54a238abbc53', '2:30', 'Then Came You'),
('e8f79d03-c93f-43be-9f00-54a238abbc53', '2:30', 'You Make Me feel like Dancing'),
('e8f79d03-c93f-43be-9f00-54a238abbc53', '2:30', 'I Got A Name'),
('e8f79d03-c93f-43be-9f00-54a238abbc53', '2:30', 'Ride Captain Ride'),
('e8f79d03-c93f-43be-9f00-54a238abbc53', '2:30', 'The Lion Sleeps Tonight'),
('e8f79d03-c93f-43be-9f00-54a238abbc53', '2:30', 'Dream Weaver'),
('9c1245c6-827f-4059-a878-914fc7ae0cac', '2:30', 'On Spot'),
('9c1245c6-827f-4059-a878-914fc7ae0cac', '2:30', 'Revenge Of September 11'),
('42cf1b28-744e-4e7f-9130-9d342b9a5a62', '2:55', 'Give Me My Drugs (Original Mix)'),
('42cf1b28-744e-4e7f-9130-9d342b9a5a62', '3:30', 'Give Me My Drugs (Extended)'),
('1ae1124b-69c7-47d1-9360-ed4a97a107e2', '04:26', 'Shattered'),
('f7463fc8-7234-4e48-90fd-7e9a25c4cfc2', '2:30', 'Uno'),
('f7463fc8-7234-4e48-90fd-7e9a25c4cfc2', '2:30', 'Stelle Cadenti'),
('f7463fc8-7234-4e48-90fd-7e9a25c4cfc2', '2:30', 'Un Milione di Cose Da Dirti'),
('f7463fc8-7234-4e48-90fd-7e9a25c4cfc2', '2:30', 'Il Destino Universale'),
('f7463fc8-7234-4e48-90fd-7e9a25c4cfc2', '2:30', 'Nina E Sara'),
('f7463fc8-7234-4e48-90fd-7e9a25c4cfc2', '2:30', 'No Satisfaction'),
('f7463fc8-7234-4e48-90fd-7e9a25c4cfc2', '2:30', 'Non Bastano Le Mani'),
('f7463fc8-7234-4e48-90fd-7e9a25c4cfc2', '2:30', 'Un Altro Sole'),
('f7463fc8-7234-4e48-90fd-7e9a25c4cfc2', '2:30', 'Gli Invisibili'),
('f7463fc8-7234-4e48-90fd-7e9a25c4cfc2', '2:30', 'Vita Da Fenomeni'),
('f7463fc8-7234-4e48-90fd-7e9a25c4cfc2', '2:30', 'Un Po Di Pace'),
('096bb824-0339-4f78-891a-2572c95dd32e', '2:48', 'The Ten Commandments'),
('096bb824-0339-4f78-891a-2572c95dd32e', '2:42', 'With You I Am'),
('096bb824-0339-4f78-891a-2572c95dd32e', '2:15', 'Gloria'),
('096bb824-0339-4f78-891a-2572c95dd32e', '3:32', 'Father I Put My Life In Your Hands'),
('096bb824-0339-4f78-891a-2572c95dd32e', '1:54', 'Take My Hand'),
('096bb824-0339-4f78-891a-2572c95dd32e', '2:42', 'The Lords Prayer'),
('096bb824-0339-4f78-891a-2572c95dd32e', '2:56', 'Lamb Of God'),
('096bb824-0339-4f78-891a-2572c95dd32e', '1:49', 'Keep Me Safe'),
('096bb824-0339-4f78-891a-2572c95dd32e', '2:46', 'The Earth Is Filled'),
('096bb824-0339-4f78-891a-2572c95dd32e', '2:47', 'Hold On'),
('096bb824-0339-4f78-891a-2572c95dd32e', '2:29', 'God My God'),
('096bb824-0339-4f78-891a-2572c95dd32e', '4:49', 'He Is King'),
('3a1aa354-d92e-409a-914c-23ffc86d34c3', '2:30', 'Side A'),
('3a1aa354-d92e-409a-914c-23ffc86d34c3', '1:54', 'Intro'),
('3a1aa354-d92e-409a-914c-23ffc86d34c3', '3:03', 'King Of Kingz'),
('3a1aa354-d92e-409a-914c-23ffc86d34c3', '2:52', 'Superheroes'),
('3a1aa354-d92e-409a-914c-23ffc86d34c3', '3:06', 'Arschfick'),
('3a1aa354-d92e-409a-914c-23ffc86d34c3', '4:34', 'Ich Hab Euch Nicht Vergessen'),
('3a1aa354-d92e-409a-914c-23ffc86d34c3', '3:33', 'Nutte Bounce'),
('3a1aa354-d92e-409a-914c-23ffc86d34c3', '2:45', 'Fick Rap'),
('3a1aa354-d92e-409a-914c-23ffc86d34c3', '2:55', 'MittelfingAH'),
('3a1aa354-d92e-409a-914c-23ffc86d34c3', '2:30', 'Side B'),
('3a1aa354-d92e-409a-914c-23ffc86d34c3', '3:51', 'Schwarze Seite'),
('3a1aa354-d92e-409a-914c-23ffc86d34c3', '3:26', 'Wie Ein Engel'),
('3a1aa354-d92e-409a-914c-23ffc86d34c3', '4:02', 'Pit Bull'),
('3a1aa354-d92e-409a-914c-23ffc86d34c3', '2:50', 'Kalter Krieg'),
('3a1aa354-d92e-409a-914c-23ffc86d34c3', '3:35', 'Mit Dem Schwanz In Der Hand'),
('3a1aa354-d92e-409a-914c-23ffc86d34c3', '3:11', 'Hast Du Mut?'),
('3a1aa354-d92e-409a-914c-23ffc86d34c3', '1:44', 'Outro'),
('3a1aa354-d92e-409a-914c-23ffc86d34c3', '2:18', 'Vack You'),
('33f560f5-f6c5-4bc4-9702-c73ef0ee2119', '2:05', 'You Dont Know What Lonesome Is'),
('33f560f5-f6c5-4bc4-9702-c73ef0ee2119', '1:52', 'Love, Where Are You?'),
('c8f9405c-6ba4-4bef-ace3-bb260dcca947', '2:10', 'Dont Ask A Lady'),
('c8f9405c-6ba4-4bef-ace3-bb260dcca947', '5:00', 'Old Friend / In A Simple Way'),
('c8f9405c-6ba4-4bef-ace3-bb260dcca947', '3:00', 'Someone'),
('c8f9405c-6ba4-4bef-ace3-bb260dcca947', '2:25', 'When Youre Smiling'),
('c8f9405c-6ba4-4bef-ace3-bb260dcca947', '3:00', 'I Wanna Be Around'),
('c8f9405c-6ba4-4bef-ace3-bb260dcca947', '3:00', 'Wherever He Aint'),
('c8f9405c-6ba4-4bef-ace3-bb260dcca947', '3:20', 'Dear Tom'),
('c8f9405c-6ba4-4bef-ace3-bb260dcca947', '2:25', 'Its My Party'),
('c8f9405c-6ba4-4bef-ace3-bb260dcca947', '4:10', 'Fifty Percent'),
('761f3744-c4a7-401c-87bb-e0c4b259cbe2', '2:30', 'I Had A Dream'),
('761f3744-c4a7-401c-87bb-e0c4b259cbe2', '2:30', 'Going Up The Country'),
('761f3744-c4a7-401c-87bb-e0c4b259cbe2', '2:30', 'Stage Announcements'),
('761f3744-c4a7-401c-87bb-e0c4b259cbe2', '2:30', 'Freedom'),
('761f3744-c4a7-401c-87bb-e0c4b259cbe2', '2:30', 'Rock & Soul Music'),
('761f3744-c4a7-401c-87bb-e0c4b259cbe2', '2:30', 'Coming Into Los Angeles'),
('761f3744-c4a7-401c-87bb-e0c4b259cbe2', '2:30', 'At The Hop'),
('761f3744-c4a7-401c-87bb-e0c4b259cbe2', '2:30', 'The Fish Cheer'),
('761f3744-c4a7-401c-87bb-e0c4b259cbe2', '2:30', 'Drug Store Truck Drivin Man'),
('761f3744-c4a7-401c-87bb-e0c4b259cbe2', '2:30', 'Joe Hill'),
('761f3744-c4a7-401c-87bb-e0c4b259cbe2', '2:30', 'Stage Announcements'),
('761f3744-c4a7-401c-87bb-e0c4b259cbe2', '2:30', 'Suite: Judy Blue Eyes'),
('761f3744-c4a7-401c-87bb-e0c4b259cbe2', '2:30', 'Sea Of Madness'),
('761f3744-c4a7-401c-87bb-e0c4b259cbe2', '2:30', 'Wooden Ships'),
('761f3744-c4a7-401c-87bb-e0c4b259cbe2', '2:30', 'Were Not Gonna Take It'),
('761f3744-c4a7-401c-87bb-e0c4b259cbe2', '2:30', 'Stage Announcements'),
('761f3744-c4a7-401c-87bb-e0c4b259cbe2', '2:30', 'With A Little Help From My Friends'),
('761f3744-c4a7-401c-87bb-e0c4b259cbe2', '2:30', 'Rainstorm, Crowd Sounds, Announcements And General Hysteria'),
('761f3744-c4a7-401c-87bb-e0c4b259cbe2', '2:30', 'Crowd Rain Chant'),
('761f3744-c4a7-401c-87bb-e0c4b259cbe2', '2:30', 'Soul Sacrifice'),
('761f3744-c4a7-401c-87bb-e0c4b259cbe2', '2:30', 'Stage Announcements'),
('761f3744-c4a7-401c-87bb-e0c4b259cbe2', '2:30', 'Im Going Home'),
('761f3744-c4a7-401c-87bb-e0c4b259cbe2', '2:30', 'Volunteers'),
('761f3744-c4a7-401c-87bb-e0c4b259cbe2', '2:30', 'Untitled'),
('761f3744-c4a7-401c-87bb-e0c4b259cbe2', '2:30', 'Medley: Dance To The Music'),
('761f3744-c4a7-401c-87bb-e0c4b259cbe2', '2:30', 'Music Lover'),
('761f3744-c4a7-401c-87bb-e0c4b259cbe2', '2:30', 'I Want To Take You Higher'),
('761f3744-c4a7-401c-87bb-e0c4b259cbe2', '2:30', 'Rainbows All Over Your Blues'),
('761f3744-c4a7-401c-87bb-e0c4b259cbe2', '2:30', 'Love March'),
('761f3744-c4a7-401c-87bb-e0c4b259cbe2', '2:30', 'Star Spangled Banner'),
('761f3744-c4a7-401c-87bb-e0c4b259cbe2', '2:30', 'Purple Haze & Instrumental Solo'),
('9070500a-0195-4631-a1d2-e71e666e026c', '4:22', 'Soul Years'),
('9070500a-0195-4631-a1d2-e71e666e026c', '4:50', 'King Of The Hypocrites'),
('9070500a-0195-4631-a1d2-e71e666e026c', '4:46', 'Diamond Avenue'),
('9070500a-0195-4631-a1d2-e71e666e026c', '4:22', 'This Little Town'),
('9070500a-0195-4631-a1d2-e71e666e026c', '4:31', 'On Fire'),
('9070500a-0195-4631-a1d2-e71e666e026c', '5:05', 'Heaven And Earth'),
('9070500a-0195-4631-a1d2-e71e666e026c', '5:21', 'Love Shines'),
('9070500a-0195-4631-a1d2-e71e666e026c', '4:28', 'Party Town'),
('9070500a-0195-4631-a1d2-e71e666e026c', '4:42', 'Mr. Reed'),
('9070500a-0195-4631-a1d2-e71e666e026c', '4:04', 'Fashion Bomb'),
('9070500a-0195-4631-a1d2-e71e666e026c', '4:23', 'Jack Talking'),
('9070500a-0195-4631-a1d2-e71e666e026c', '5:17', 'Hey Johnny'),
('9070500a-0195-4631-a1d2-e71e666e026c', '5:41', 'The Devils Just Been Using You'),
('9070500a-0195-4631-a1d2-e71e666e026c', '6:05', 'Spiritual Love'),
('9070500a-0195-4631-a1d2-e71e666e026c', '2:30', 'Bonus Tracks For Japan'),
('9070500a-0195-4631-a1d2-e71e666e026c', '5:41', 'Victims Of Fame'),
('9070500a-0195-4631-a1d2-e71e666e026c', '5:04', 'Marianne'),
('f8528dc2-c950-45e6-8bba-54aceb6bd270', '2:25', 'Sweet Georgia Brown'),
('f8528dc2-c950-45e6-8bba-54aceb6bd270', '1:52', 'Yes Sir Thats My Baby'),
('f8528dc2-c950-45e6-8bba-54aceb6bd270', '2:59', 'On The Sunny Side Of The Street'),
('f8528dc2-c950-45e6-8bba-54aceb6bd270', '1:58', 'Paper Moon'),
('f8528dc2-c950-45e6-8bba-54aceb6bd270', '3:59', 'Body And Soul'),
('f8528dc2-c950-45e6-8bba-54aceb6bd270', '1:59', 'Tea For Two'),
('f8528dc2-c950-45e6-8bba-54aceb6bd270', '2:44', 'Sweet Lorraine'),
('f8528dc2-c950-45e6-8bba-54aceb6bd270', '3:42', 'Old Piano Plays The Blues'),
('f8528dc2-c950-45e6-8bba-54aceb6bd270', '3:26', 'Dont Cry, Cry Baby'),
('f8528dc2-c950-45e6-8bba-54aceb6bd270', '2:42', 'If You Cant Smile And Say Yes'),
('f8528dc2-c950-45e6-8bba-54aceb6bd270', '2:01', 'Miss Thing'),
('f8528dc2-c950-45e6-8bba-54aceb6bd270', '4:40', 'Nat Meets June'),
('f8528dc2-c950-45e6-8bba-54aceb6bd270', '3:12', 'Blues'),
('f8528dc2-c950-45e6-8bba-54aceb6bd270', '3:24', 'Satchel Mouth Baby'),
('f8528dc2-c950-45e6-8bba-54aceb6bd270', '3:59', 'Coles Bop Blues'),
('f8528dc2-c950-45e6-8bba-54aceb6bd270', '2:31', 'Last But Not Least'),
('f8528dc2-c950-45e6-8bba-54aceb6bd270', '4:14', 'The Trouble With Me Is You'),
('f8528dc2-c950-45e6-8bba-54aceb6bd270', '2:20', 'The Greatest Inventor'),
('f8528dc2-c950-45e6-8bba-54aceb6bd270', '2:28', 'Firm Fram Sauce'),
('f8528dc2-c950-45e6-8bba-54aceb6bd270', '1:45', 'Im Lost'),
('3842d4c6-3f92-4a37-9421-b6e8e73df1d4', '8:36', 'Forgiven'),
('3842d4c6-3f92-4a37-9421-b6e8e73df1d4', '7:41', 'Prayer'),
('0a70b181-07d0-4bd5-a563-16e24c030912', '2:30', 'Mä Luoksesi Käyn'),
('0a70b181-07d0-4bd5-a563-16e24c030912', '2:30', 'Olenko Kerran Taivaassa'),
('0a70b181-07d0-4bd5-a563-16e24c030912', '2:30', 'Synnit Poissa'),
('0a70b181-07d0-4bd5-a563-16e24c030912', '2:30', 'Herra Kuinka Puhdistun'),
('dca6c2d4-eddd-4c3b-bc4d-686e6abd96ba', '2:30', 'Peter The Image'),
('dca6c2d4-eddd-4c3b-bc4d-686e6abd96ba', '2:30', 'Living Room'),
('dca6c2d4-eddd-4c3b-bc4d-686e6abd96ba', '2:30', 'String'),
('dca6c2d4-eddd-4c3b-bc4d-686e6abd96ba', '2:30', 'Factory Work'),
('dca6c2d4-eddd-4c3b-bc4d-686e6abd96ba', '2:30', 'For What Its Worth'),
('dca6c2d4-eddd-4c3b-bc4d-686e6abd96ba', '2:30', 'Instant This/Instant That'),
('dca6c2d4-eddd-4c3b-bc4d-686e6abd96ba', '2:30', 'Slow Boat'),
('dca6c2d4-eddd-4c3b-bc4d-686e6abd96ba', '2:30', 'Shards'),
('dca6c2d4-eddd-4c3b-bc4d-686e6abd96ba', '2:30', 'Airplane Head'),
('dca6c2d4-eddd-4c3b-bc4d-686e6abd96ba', '2:30', 'Young Men'),
('dca6c2d4-eddd-4c3b-bc4d-686e6abd96ba', '2:30', 'Patterns For Living'),
('dca6c2d4-eddd-4c3b-bc4d-686e6abd96ba', '2:30', 'Weekend'),
('dca6c2d4-eddd-4c3b-bc4d-686e6abd96ba', '2:30', 'Monopole'),
('dca6c2d4-eddd-4c3b-bc4d-686e6abd96ba', '2:30', 'Spearhead'),
('dca6c2d4-eddd-4c3b-bc4d-686e6abd96ba', '2:30', 'Monofunk'),
('dca6c2d4-eddd-4c3b-bc4d-686e6abd96ba', '2:30', 'Steady Job'),
('dca6c2d4-eddd-4c3b-bc4d-686e6abd96ba', '2:30', 'Rebound'),
('dca6c2d4-eddd-4c3b-bc4d-686e6abd96ba', '2:30', 'Boys Life'),
('dca6c2d4-eddd-4c3b-bc4d-686e6abd96ba', '2:30', 'Flesh Kingdom'),
('dca6c2d4-eddd-4c3b-bc4d-686e6abd96ba', '2:30', 'We Dont Have To Lie'),
('dca6c2d4-eddd-4c3b-bc4d-686e6abd96ba', '2:30', 'How Cruel'),
('ea7a9c2c-f8df-44d8-9d0c-da2e2335bc9e', '3:18', 'Musketiere'),
('ec10d4b5-a7e1-4e18-bc47-77594541b54f', '2:30', 'Sprites'),
('ec10d4b5-a7e1-4e18-bc47-77594541b54f', '2:30', 'Just Smile'),
('ec10d4b5-a7e1-4e18-bc47-77594541b54f', '2:30', 'Different Pages'),
('ec10d4b5-a7e1-4e18-bc47-77594541b54f', '2:30', 'Addiction'),
('ec10d4b5-a7e1-4e18-bc47-77594541b54f', '2:30', 'Naughty Angel'),
('ec10d4b5-a7e1-4e18-bc47-77594541b54f', '2:30', 'Rainfall'),
('ec10d4b5-a7e1-4e18-bc47-77594541b54f', '2:30', 'Dawn'),
('ec10d4b5-a7e1-4e18-bc47-77594541b54f', '2:30', 'Insomnia'),
('ec10d4b5-a7e1-4e18-bc47-77594541b54f', '2:30', 'Realization'),
('ec10d4b5-a7e1-4e18-bc47-77594541b54f', '2:30', 'Fading & Ascending'),
('3e32f9e4-1712-4453-9d78-099280e97e82', '2:13', '私とあなたの関係に於いて、私は私自身についてベッドの上で考察する= In My Relationship With You, I Think About Myself On The Bed (Panpot Version)'),
('3e32f9e4-1712-4453-9d78-099280e97e82', '6:12', '原始の愛 = Primitive Love (Delayed Version)'),
('3e32f9e4-1712-4453-9d78-099280e97e82', '2:23', '旅立ち = Tabidachi/ Start On A Journey'),
('3e32f9e4-1712-4453-9d78-099280e97e82', '5:23', 'Sound LSD #.SS05/7.83HZ (For Radio Mix)'),
('3e32f9e4-1712-4453-9d78-099280e97e82', '3:23', 'Eco-Loocation (Stargazer Version)'),
('3e32f9e4-1712-4453-9d78-099280e97e82', '0:50', 'アンクルンの唄 = Sing An Anklungs (Edit)'),
('3e32f9e4-1712-4453-9d78-099280e97e82', '4:33', 'ライラックの弦 = Lilac Strings (First Version)'),
('3e32f9e4-1712-4453-9d78-099280e97e82', '4:06', '[Java] Dance #2. “Relaxed”'),
('3e32f9e4-1712-4453-9d78-099280e97e82', '3:05', 'Nanpū (First 1992 Version)'),
('3e32f9e4-1712-4453-9d78-099280e97e82', '4:07', '博物館の子供達 = Children In The Museum (Original Nov. 1991 Mix)'),
('3e32f9e4-1712-4453-9d78-099280e97e82', '11:37', 'ニケの小舟 = Nicea ’N Bark'),
('3e32f9e4-1712-4453-9d78-099280e97e82', '7:58', 'Yebisu/Yellow #2.'),
('3e32f9e4-1712-4453-9d78-099280e97e82', '1:20', 'Yorokobi-No-Koe'),
('3e32f9e4-1712-4453-9d78-099280e97e82', '5:13', 'エンドルフィンのゆく先 = Destination of Endorphins (Original Edit)'),
('3e32f9e4-1712-4453-9d78-099280e97e82', '9:24', '電子ニューロン回路の舞踏 = Dance Of Electronic Neuron Circuits (Third Mix)'),
('93adc3da-868c-485f-b5e0-bd4206668133', '4:57', 'Face Of A Stranger'),
('93adc3da-868c-485f-b5e0-bd4206668133', '5:30', 'Every Heart Is Burning'),
('93adc3da-868c-485f-b5e0-bd4206668133', '4:57', 'Where The Angels Fly'),
('9608a613-a760-44cf-b356-166bc255b86a', '3:47', 'Posun času'),
('9608a613-a760-44cf-b356-166bc255b86a', '3:15', 'Mech'),
('9608a613-a760-44cf-b356-166bc255b86a', '5:29', 'Walk'),
('9608a613-a760-44cf-b356-166bc255b86a', '3:10', 'Obzor'),
('9608a613-a760-44cf-b356-166bc255b86a', '3:11', 'Kapesník'),
('9608a613-a760-44cf-b356-166bc255b86a', '5:44', 'Karate'),
('9608a613-a760-44cf-b356-166bc255b86a', '2:46', 'Čidlo'),
('9608a613-a760-44cf-b356-166bc255b86a', '4:14', 'Dreams'),
('9608a613-a760-44cf-b356-166bc255b86a', '3:15', 'Výmol'),
('3785b7b4-5531-4444-b4b7-1c8333d019b0', '2:30', 'Memories Of A Dream'),
('3785b7b4-5531-4444-b4b7-1c8333d019b0', '2:30', 'Memories Of A Dream'),
('a171a7cc-9fdf-4970-9562-5b9173a56ae4', '0:36', 'Welcome_back'),
('a171a7cc-9fdf-4970-9562-5b9173a56ae4', '0:34', 'Watching'),
('a171a7cc-9fdf-4970-9562-5b9173a56ae4', '0:29', 'Please_leave_me'),
('a171a7cc-9fdf-4970-9562-5b9173a56ae4', '0:36', 'As_i_roam'),
('a171a7cc-9fdf-4970-9562-5b9173a56ae4', '0:30', 'It_seems_different'),
('a171a7cc-9fdf-4970-9562-5b9173a56ae4', '0:51', 'But_nothing_has_changed'),
('a171a7cc-9fdf-4970-9562-5b9173a56ae4', '0:33', 'I_belong_here'),
('a171a7cc-9fdf-4970-9562-5b9173a56ae4', '0:43', 'But_i_dont_feel_safe'),
('a171a7cc-9fdf-4970-9562-5b9173a56ae4', '0:38', 'I_dont_want_to_leave'),
('a171a7cc-9fdf-4970-9562-5b9173a56ae4', '0:44', 'But_i_have_to'),
('2ea98f77-2578-4de7-9af0-2096104ddbff', '2:30', 'Bericht Zum Album Mit O-Tönen / Mit Musik'),
('2ea98f77-2578-4de7-9af0-2096104ddbff', '2:30', 'Bericht Zum Album Mit O-Tönen / Ohne Musik'),
('2ea98f77-2578-4de7-9af0-2096104ddbff', '2:30', '"Die Wahrheit Übers Kornfeld"'),
('2ea98f77-2578-4de7-9af0-2096104ddbff', '2:30', 'Stefans Lieblingswitz Mit Verpackung'),
('2ea98f77-2578-4de7-9af0-2096104ddbff', '2:30', 'Bürger Lars Dietrich - Beats Unplugged'),
('2ea98f77-2578-4de7-9af0-2096104ddbff', '2:30', 'Interview Statements Stefan Raab: Über Vogts Reaktionen'),
('2ea98f77-2578-4de7-9af0-2096104ddbff', '2:30', 'Interview Statements Stefan Raab: Über Vogts Und Raab'),
('2ea98f77-2578-4de7-9af0-2096104ddbff', '2:30', 'Interview Statements Stefan Raab: Zu Den "Drei Kleinen Schweinchen"'),
('2ea98f77-2578-4de7-9af0-2096104ddbff', '2:30', 'Interview Statements Stefan Raab: Zu "Ricky King"'),
('2ea98f77-2578-4de7-9af0-2096104ddbff', '2:30', 'Interview Statements Stefan Raab: Zu "Franz Lambert"'),
('2ea98f77-2578-4de7-9af0-2096104ddbff', '2:30', 'Interview Statements Stefan Raab: Zu "Frauen"'),
('2ea98f77-2578-4de7-9af0-2096104ddbff', '2:30', 'Interview Statements Stefan Raab: Zu "Seit Ich Dich Traf"'),
('2ea98f77-2578-4de7-9af0-2096104ddbff', '2:30', 'Interview Statements Stefan Raab: Zu "Hans Meiser"'),
('2ea98f77-2578-4de7-9af0-2096104ddbff', '2:30', 'Interview Statements Stefan Raab: Zum Neuen Album "Raab"'),
('2ea98f77-2578-4de7-9af0-2096104ddbff', '2:30', 'Interview Statements Stefan Raab: Zur Produktion'),
('2ea98f77-2578-4de7-9af0-2096104ddbff', '2:30', 'Interview Statements Stefan Raab: Zu Inspirationen'),
('2ea98f77-2578-4de7-9af0-2096104ddbff', '2:30', 'Interview Statements Stefan Raab: Zur Karriere'),
('2ea98f77-2578-4de7-9af0-2096104ddbff', '2:30', 'Interview Statements Stefan Raab: Der Musikalische Autodidakt'),
('2ea98f77-2578-4de7-9af0-2096104ddbff', '2:30', 'Interview Statements Stefan Raab: 3 Fragen - 3 Antworten'),
('2ea98f77-2578-4de7-9af0-2096104ddbff', '2:30', 'Interview Statements Stefan Raab: Der "Alternde" TV-Star'),
('2ea98f77-2578-4de7-9af0-2096104ddbff', '2:30', 'Interview-Statement Bürger Lars Dietrich: Zum "Kornfeld"'),
('2ea98f77-2578-4de7-9af0-2096104ddbff', '2:30', 'Interview-Statement Jürgen Drews: Im "Kornfeld"'),
('2ea98f77-2578-4de7-9af0-2096104ddbff', '2:30', 'Promo 1 - Unplugged'),
('2ea98f77-2578-4de7-9af0-2096104ddbff', '2:30', 'Promo 2 - Unplugged'),
('4a1070bf-aa87-4bc0-b1ea-5d5cc966966e', '4:18', 'Walking In Memphis'),
('4a1070bf-aa87-4bc0-b1ea-5d5cc966966e', '4:10', 'Ghost Train'),
('4a1070bf-aa87-4bc0-b1ea-5d5cc966966e', '4:38', 'Silver Thunderbird'),
('4a1070bf-aa87-4bc0-b1ea-5d5cc966966e', '5:08', 'Dig Down Deep'),
('4a1070bf-aa87-4bc0-b1ea-5d5cc966966e', '4:00', 'Walk On Water'),
('4a1070bf-aa87-4bc0-b1ea-5d5cc966966e', '3:22', 'Miles Away'),
('4a1070bf-aa87-4bc0-b1ea-5d5cc966966e', '5:31', 'Saving The Best For Last'),
('4a1070bf-aa87-4bc0-b1ea-5d5cc966966e', '2:46', 'Strangers In A Car'),
('4a1070bf-aa87-4bc0-b1ea-5d5cc966966e', '3:05', '29 Ways'),
('4a1070bf-aa87-4bc0-b1ea-5d5cc966966e', '4:18', 'Perfect Love'),
('4a1070bf-aa87-4bc0-b1ea-5d5cc966966e', '4:09', 'True Companion'),
('780a6f47-d4bd-4224-9434-d2a54bdf48cb', '2:30', 'Style Wars (Pressure Rise Mix)'),
('780a6f47-d4bd-4224-9434-d2a54bdf48cb', '2:30', 'Style Wars (Psion Mix)'),
('b214346c-1756-44c3-90a9-f3d074556f1f', '15:53', 'Brad'),
('b214346c-1756-44c3-90a9-f3d074556f1f', '8:29', 'Iarba Fiarelor'),
('b214346c-1756-44c3-90a9-f3d074556f1f', '6:59', 'Obrăzar'),
('b214346c-1756-44c3-90a9-f3d074556f1f', '7:59', 'Tinerețe Fără Bătrânețe'),
('b214346c-1756-44c3-90a9-f3d074556f1f', '11:39', ' Toacă Din Cer'),
('b214346c-1756-44c3-90a9-f3d074556f1f', '15:59', 'Brad (Uncut Version)'),
('b214346c-1756-44c3-90a9-f3d074556f1f', '5:08', 'Brad (Single Edit)'),
('fd6b8e47-299d-4266-ade9-6d73a324bf90', '3:39', 'This Calling'),
('fd6b8e47-299d-4266-ade9-6d73a324bf90', '3:30', 'Not Alone'),
('fd6b8e47-299d-4266-ade9-6d73a324bf90', '3:14', 'It Dwells In Me'),
('fd6b8e47-299d-4266-ade9-6d73a324bf90', '3:47', 'We Stand'),
('fd6b8e47-299d-4266-ade9-6d73a324bf90', '3:40', 'Whispers (I Hear Your)'),
('fd6b8e47-299d-4266-ade9-6d73a324bf90', '4:06', 'The Weak Willed'),
('fd6b8e47-299d-4266-ade9-6d73a324bf90', '3:23', 'Six'),
('fd6b8e47-299d-4266-ade9-6d73a324bf90', '3:07', 'Become The Catalyst'),
('fd6b8e47-299d-4266-ade9-6d73a324bf90', '3:34', 'The Air That I Breathe'),
('fd6b8e47-299d-4266-ade9-6d73a324bf90', '3:23', 'Empty Inside'),
('fd6b8e47-299d-4266-ade9-6d73a324bf90', '3:42', 'Indictment'),
('42818df9-15c4-48d3-97a5-995b32c690dd', '2:30', 'Songs Of Milarepa'),
('42818df9-15c4-48d3-97a5-995b32c690dd', '2:30', 'Three Songs For Baritone & Piano'),
('8cd643b1-e331-4a43-8954-543d244f8616', '2:30', 'Night And Day'),
('8cd643b1-e331-4a43-8954-543d244f8616', '4:00', 'Another World'),
('8cd643b1-e331-4a43-8954-543d244f8616', '4:08', 'Chinatown'),
('8cd643b1-e331-4a43-8954-543d244f8616', '3:45', 'T.V. Age'),
('8cd643b1-e331-4a43-8954-543d244f8616', '3:52', 'Target'),
('8cd643b1-e331-4a43-8954-543d244f8616', '4:34', 'Steppin Out'),
('8cd643b1-e331-4a43-8954-543d244f8616', '4:57', 'Breaking Us In Two'),
('8cd643b1-e331-4a43-8954-543d244f8616', '6:06', 'Cancer'),
('8cd643b1-e331-4a43-8954-543d244f8616', '4:05', 'Real Men'),
('8cd643b1-e331-4a43-8954-543d244f8616', '7:13', 'A Slow Song'),
('8cd643b1-e331-4a43-8954-543d244f8616', '2:30', 'Night And Day - Joe Jacksons Original Demos'),
('8cd643b1-e331-4a43-8954-543d244f8616', '4:14', 'Steppin Out'),
('8cd643b1-e331-4a43-8954-543d244f8616', '3:05', 'Chinatown'),
('8cd643b1-e331-4a43-8954-543d244f8616', '3:56', 'Breaking Us In Two'),
('8cd643b1-e331-4a43-8954-543d244f8616', '4:23', 'Cancer'),
('8cd643b1-e331-4a43-8954-543d244f8616', '4:20', 'Real Men'),
('8cd643b1-e331-4a43-8954-543d244f8616', '4:11', 'Target'),
('8cd643b1-e331-4a43-8954-543d244f8616', '2:30', 'Tracks From Mikes Murder Soundtrack'),
('8cd643b1-e331-4a43-8954-543d244f8616', '4:38', 'Cosmopolitan'),
('8cd643b1-e331-4a43-8954-543d244f8616', '3:02', '1-2-3 Go (This Towns A Fairground)'),
('8cd643b1-e331-4a43-8954-543d244f8616', '3:33', 'Laundromat Monday'),
('8cd643b1-e331-4a43-8954-543d244f8616', '4:46', 'Memphis'),
('8cd643b1-e331-4a43-8954-543d244f8616', '4:28', 'Moonlight'),
('8cd643b1-e331-4a43-8954-543d244f8616', '2:30', 'Live Tracks From Joe Jackson Live 1980/86'),
('8cd643b1-e331-4a43-8954-543d244f8616', '5:07', 'On Your Radio'),
('8cd643b1-e331-4a43-8954-543d244f8616', '7:44', 'Fools In Love'),
('8cd643b1-e331-4a43-8954-543d244f8616', '8:26', 'Cancer'),
('8cd643b1-e331-4a43-8954-543d244f8616', '4:43', 'Is She Really Going Out With Him (A Cappella Version)'),
('8cd643b1-e331-4a43-8954-543d244f8616', '4:29', 'Look Sharp!'),
('a1f43007-cede-4ba6-bbe2-2c813bd4a760', '2:30', '最高の一日 ～One Day～'),
('a1f43007-cede-4ba6-bbe2-2c813bd4a760', '2:30', '最高の一日 ～One Day～（オリジナル・カラオケ）'),
('a1f43007-cede-4ba6-bbe2-2c813bd4a760', '2:30', '半分恋人'),
('a1f43007-cede-4ba6-bbe2-2c813bd4a760', '2:30', '半分恋人（オリジナル・カラオケ）'),
('96360f5c-906b-4ecc-8c79-8fdf24cbe38d', '2:30', 'Prelude: Climbing, Striving, Fighting, Praying'),
('96360f5c-906b-4ecc-8c79-8fdf24cbe38d', '2:30', 'Chosen Vessel'),
('96360f5c-906b-4ecc-8c79-8fdf24cbe38d', '2:30', 'You Are Worthy'),
('96360f5c-906b-4ecc-8c79-8fdf24cbe38d', '2:30', 'The Answer'),
('96360f5c-906b-4ecc-8c79-8fdf24cbe38d', '2:30', 'Keep On Moving'),
('96360f5c-906b-4ecc-8c79-8fdf24cbe38d', '2:30', 'Just Ask'),
('96360f5c-906b-4ecc-8c79-8fdf24cbe38d', '2:30', 'I’m Not Tired Yet'),
('96360f5c-906b-4ecc-8c79-8fdf24cbe38d', '2:30', 'Interlude: A Crown For Me'),
('96360f5c-906b-4ecc-8c79-8fdf24cbe38d', '2:30', 'Here I Am'),
('96360f5c-906b-4ecc-8c79-8fdf24cbe38d', '2:30', 'Yes Lord'),
('96360f5c-906b-4ecc-8c79-8fdf24cbe38d', '2:30', 'Beyond The Glory'),
('96360f5c-906b-4ecc-8c79-8fdf24cbe38d', '2:30', 'Who Can Be Against Me'),
('96360f5c-906b-4ecc-8c79-8fdf24cbe38d', '2:30', 'Thank You Lord'),
('96360f5c-906b-4ecc-8c79-8fdf24cbe38d', '2:30', 'It’s Alright'),
('96360f5c-906b-4ecc-8c79-8fdf24cbe38d', '2:30', 'Everlasting Love'),
('0b4294da-a717-4fff-af8c-a74fc62260ea', '4:03', 'Inner Wisdom'),
('0b4294da-a717-4fff-af8c-a74fc62260ea', '3:10', 'Wreck'),
('0b4294da-a717-4fff-af8c-a74fc62260ea', '1:59', 'Brush My Hair (And Tell Me That You Love Me)'),
('0b4294da-a717-4fff-af8c-a74fc62260ea', '3:15', 'Stand'),
('0b4294da-a717-4fff-af8c-a74fc62260ea', '1:24', 'I'),
('0b4294da-a717-4fff-af8c-a74fc62260ea', '2:36', 'She'),
('0b4294da-a717-4fff-af8c-a74fc62260ea', '2:06', 'Voices'),
('0b4294da-a717-4fff-af8c-a74fc62260ea', '3:08', 'Sticky Sweet'),
('0b4294da-a717-4fff-af8c-a74fc62260ea', '3:12', 'Im A Good Friend'),
('0b4294da-a717-4fff-af8c-a74fc62260ea', '1:19', 'II'),
('0b4294da-a717-4fff-af8c-a74fc62260ea', '5:08', 'Journey'),
('9f010b87-0257-4bf2-a64b-b6fea3e6b839', '20:18', 'Á Annan Veg Pt1'),
('9f010b87-0257-4bf2-a64b-b6fea3e6b839', '20:39', 'Á Annan Veg Pt2'),
('9f010b87-0257-4bf2-a64b-b6fea3e6b839', '19:01', 'Á Annan Veg Pt3'),
('9f010b87-0257-4bf2-a64b-b6fea3e6b839', '20:36', 'Á Annan Veg Pt4'),
('b3d53e71-1626-4b3e-964e-392fb7ee1d22', '2:30', 'How Many Times (Remarkable) (Album)'),
('b3d53e71-1626-4b3e-964e-392fb7ee1d22', '2:30', 'How Many Times (Remarkable) (Radio)'),
('b3d53e71-1626-4b3e-964e-392fb7ee1d22', '2:30', 'How Many Times (Remarkable) (Instrumental)'),
('b3d53e71-1626-4b3e-964e-392fb7ee1d22', '2:30', 'Get Fresh (Do The Beat Box) (Radio)'),
('b3d53e71-1626-4b3e-964e-392fb7ee1d22', '2:30', 'Get Fresh (Do The Beat Box) (Instrumental)'),
('f5d5d3dc-b202-4c3d-bed6-41b947c81614', '6:18', 'Desolation (Exolight Extended Remix)'),
('f5d5d3dc-b202-4c3d-bed6-41b947c81614', '3:32', 'Desolation (Exolight Remix)'),
('aa8df3f9-4c85-42e0-9e22-3f7fbd595d27', '2:30', 'Asturias (Preludio)'),
('aa8df3f9-4c85-42e0-9e22-3f7fbd595d27', '2:30', 'Danza del Terror (de "El amor brujo")'),
('aa8df3f9-4c85-42e0-9e22-3f7fbd595d27', '2:30', 'Pavana-Capricho'),
('5191d696-7c91-43b2-a055-9429f3025ada', '4:00', 'Bringers Of Blasphemy'),
('5191d696-7c91-43b2-a055-9429f3025ada', '3:36', 'In Mortal Confinement '),
('5191d696-7c91-43b2-a055-9429f3025ada', '3:51', 'The Brutal Path (Straight To Hell)'),
('5191d696-7c91-43b2-a055-9429f3025ada', '3:58', 'Remain The Same Again'),
('5191d696-7c91-43b2-a055-9429f3025ada', '3:14', 'The Obsessive & The Deranged'),
('5191d696-7c91-43b2-a055-9429f3025ada', '3:53', 'The Moribund Saints'),
('5191d696-7c91-43b2-a055-9429f3025ada', '4:19', 'When Madness Has Taken Control'),
('5191d696-7c91-43b2-a055-9429f3025ada', '3:19', 'In The Reign Of Gore'),
('5191d696-7c91-43b2-a055-9429f3025ada', '3:45', 'Transcending To Persist'),
('81d47cb7-3622-449f-b7d8-4433d631371d', '2:30', 'Abertura, Party'),
('81d47cb7-3622-449f-b7d8-4433d631371d', '2:30', 'Honey Hush'),
('81d47cb7-3622-449f-b7d8-4433d631371d', '2:30', 'Blue Jean Bop'),
('81d47cb7-3622-449f-b7d8-4433d631371d', '2:30', 'Brown Eyed Handsome Man'),
('81d47cb7-3622-449f-b7d8-4433d631371d', '2:30', 'Fabulous'),
('81d47cb7-3622-449f-b7d8-4433d631371d', '2:30', 'What It Is'),
('81d47cb7-3622-449f-b7d8-4433d631371d', '2:30', 'Lonesome Town'),
('81d47cb7-3622-449f-b7d8-4433d631371d', '2:30', 'Twenty Flight Rock'),
('81d47cb7-3622-449f-b7d8-4433d631371d', '2:30', 'No Other Baby'),
('81d47cb7-3622-449f-b7d8-4433d631371d', '2:30', 'Try Not To Cry'),
('81d47cb7-3622-449f-b7d8-4433d631371d', '2:30', 'Shake A Hand'),
('81d47cb7-3622-449f-b7d8-4433d631371d', '2:30', 'All Shook Up'),
('81d47cb7-3622-449f-b7d8-4433d631371d', '2:30', 'I Saw Her Standing There'),
('81d47cb7-3622-449f-b7d8-4433d631371d', '2:30', 'Party'),
('6c138a24-bd53-4d73-abf8-2e6b643bfbb9', '5:37', 'Apocolyptic Kitchen'),
('6c138a24-bd53-4d73-abf8-2e6b643bfbb9', '4:16', 'Fire In The Gazizzle'),
('6c138a24-bd53-4d73-abf8-2e6b643bfbb9', '3:42', 'Laddle Nits'),
('6c138a24-bd53-4d73-abf8-2e6b643bfbb9', '2:15', 'Steppen Cat'),
('6c138a24-bd53-4d73-abf8-2e6b643bfbb9', '3:02', 'Earthmoving'),
('6c138a24-bd53-4d73-abf8-2e6b643bfbb9', '4:21', 'Band. Unproduced.'),
('6c138a24-bd53-4d73-abf8-2e6b643bfbb9', '7:10', 'Its Three Inches From'),
('6c138a24-bd53-4d73-abf8-2e6b643bfbb9', '4:24', 'Untitled Baby');

insert into product_artistids (product_productid, artistid) values
('140bde05-0858-4bc8-8939-a657523f6a27', 'e0953779-b0a0-4a80-bd5b-e8f8a980d98e'),
('e2af5378-b483-44e6-9369-5a0a61ccd815', '741dd99b-0d6a-4581-8b7c-ba2636c16607'),
('fc103a09-c92e-4608-a8d6-970ea29a247f', 'bbb0784e-9d17-4ea8-991a-d23ab308ab33'),
('36e5f38a-f7cf-4bee-8bcf-3a407d06370e', 'f20ff564-6f3e-498a-9d41-a9bf31f18765'),
('0b424de4-4763-4719-a448-f941af1cfd79', 'c19f5d57-138f-42a1-9a0a-f176d7e4fe9d'),
('f86007bd-1335-46eb-9d61-b9945d874915', '7b127f67-b31d-4ed5-948a-92d22b48c907'),
('f5121df1-b337-4290-aaee-fdbd3b3bb0ab', 'ef1c413e-5702-47df-bd91-2e25d86e335d'),
('8e056b7e-cc31-4426-956b-edeaff779a71', '88bf90c9-35de-486c-8fd6-9a62510636d1'),
('8bffe3df-4377-4a11-8614-6e275f3da1ad', 'cbd7fd01-a1ea-4e36-a684-4c8867daa5ba'),
('8bffe3df-4377-4a11-8614-6e275f3da1ad', '9d42a5c5-3aa0-4294-b83f-74b34ed84cc9'),
('18d221c4-bdee-4f6b-a0ae-29fa8568083a', '9183d3fe-0514-4500-ae78-79443952022b'),
('0e309ea0-0f63-4388-889a-499471b4ff04', 'e0a4cd1e-2c60-4490-97a1-87592f9c6326'),
('98d472ac-6133-40f9-971f-5b2217da4f96', '98e0b517-6917-420b-9747-9e9648933a50'),
('6e74e2c1-6b80-4f98-9353-7cde14817c0c', '715b77df-8b55-4d43-bebd-55bb35a2c81b'),
('6e74e2c1-6b80-4f98-9353-7cde14817c0c', 'f03ce55b-93c3-430c-93c7-cb0c056641a1'),
('6e74e2c1-6b80-4f98-9353-7cde14817c0c', 'c33faf47-aa21-4cf5-a42a-8705b1a118bf'),
('39059c8e-501d-47fc-a72d-b1772c748fe4', 'd6b8cded-2467-4548-b181-67e7fded2627'),
('096b0d74-cb19-4247-936d-ff87debab63e', '661bff1e-b278-4f97-bdae-405f7dcf4490'),
('da5d5176-ae14-4fb2-ba4b-cbf9e1558df5', '7611f3b2-bcd4-4d01-9925-cb4ada1bef62'),
('474d082c-248c-4ad2-abf6-0ee93d202192', '51834e79-6926-437f-a80c-5df95cbdb9b0'),
('a8818754-3824-454c-9db6-dcfeaf4d42bb', 'dce151c3-0a3d-46fc-91b7-c483758fafe7'),
('b267ba2d-0369-48bf-a872-27fa564588d7', '521030ad-3149-4f53-826c-e986dcdd75a8'),
('6c911a7a-6a23-4bf8-b12d-ed06b4ad40ca', '52cd1b18-4ad2-4089-92af-1e50f5f258fc'),
('93ffa27f-5aa1-41e1-8d5e-24118c6913f4', '7495a374-2ddb-4969-b01c-b7100b615535'),
('91e0de83-04f8-411c-b17f-0f3035a9398a', 'b6e87395-d735-488f-955c-1b507ead70d7'),
('52400645-a0db-4b03-830c-270a4e4a3762', '1964fa39-750f-4e9f-aa99-ed039b90392b'),
('e68d4023-1297-461b-b930-9f26a920599a', '58a8f4f5-8bd3-492f-9fa7-e54fb9b38720'),
('35898bf2-8c0e-4343-9e9c-4dd981ce06af', '3989be40-1609-4385-894b-d0a5888b80ea'),
('99c32d1c-2316-4fe3-87a4-6ac575815189', 'e86a80a5-e791-45f5-8e9c-41f5e183bc39'),
('02656dc2-3809-4b12-9ad8-6125e94e455e', 'a70aadbb-6b8b-494a-b742-3937326805cb'),
('7ccab5b1-d191-4aab-9b98-4c2b7e573b3f', 'c019d1ec-8da7-48e4-ba74-4082202361c5'),
('7ccab5b1-d191-4aab-9b98-4c2b7e573b3f', '17f11afd-cf5f-4f7c-a1ae-1f579bb6fcfd'),
('8d564d2e-1e12-4267-8236-0886b2950aa7', 'b9f07d61-2917-460b-a104-196247756728'),
('1fd33260-5f2c-4fd4-ad2c-2221377f3a44', '0eb925a5-774f-4e6a-9e77-5db71458d090'),
('04674a25-380a-460e-860d-d07b8f1ff2d5', '03f27b23-5cdf-4107-ad77-c0a60b52ffd4'),
('a0a7e474-9c0a-4c2c-bdac-cb02801ffde2', 'b1916804-ad6a-49cf-8bf0-8af2eaaa2abb'),
('13d89805-1213-4fb3-b4d1-3a054df910c3', 'a73fe77b-5705-4c9f-9a46-4f00182970a9'),
('29e3e99c-f1cc-4797-9333-dd42561b357d', 'ccdfe404-3e9c-4dc5-acf6-22d9175d4ed7'),
('f4464cdf-d4f6-46bf-b571-4b686a3a065c', '5ef9ae4a-bc0d-467f-801d-3908118fed35'),
('72ebf33a-9112-4e0b-ba76-a4bc845de9c6', '8e3c41ad-df54-4ba5-8475-24e12661088a'),
('117f1d8d-5e63-4b54-8548-68ce0f3429a5', '054b2b8e-48a3-46d4-aa82-087e9e071be7'),
('65ead489-6030-4925-aadd-60cbefd1a4ac', 'ea1de351-b850-4fa5-8e9e-de00ff5013e2'),
('29950661-bc4f-4b35-82ec-a528930ff105', '8b901316-af30-4ec6-a93c-195e7cf477ce'),
('57f764d9-9a67-4ab3-ad83-c620d39a6c31', '9c06882b-b4b7-441b-b36c-d6a6258cfd13'),
('c6dd1813-ef90-4ed7-8c99-bacb8b62f402', '096b8272-a0c9-45bc-b74b-5753f3116f9c'),
('f323b4e2-ba0f-4e09-898f-dc1b5bd51210', '28ccbe71-2d8b-4ba8-b23a-8d58197cb27f'),
('a8b48873-5aba-48a8-b83c-d502db62948d', '48043876-c33b-405e-9616-4a8ca8a5eb73'),
('43583547-f54e-44c7-82a8-7c23505b07f6', 'a0bc2c31-485d-4979-b6af-4b79c9ac24e5'),
('ea175b27-940a-4eb1-bd05-91425c358ada', 'd3f3cd3b-a6c9-45d0-8267-14d091c7a05e'),
('ea175b27-940a-4eb1-bd05-91425c358ada', '2a67e1ca-3d5e-4e34-a5dd-cc0664a35276'),
('f223b83d-541e-4a8b-996a-076bcbbc3021', '52f9529d-8061-4efb-8bc1-e2f9709214e9'),
('aabb44b6-4fe7-4942-82a7-6bd7a74a7497', 'd0ad728d-e8e7-44e8-812c-78bb8e3e2a7a'),
('9ca4c552-2abc-4b71-813a-9285158930fe', '9744e840-085c-4e4a-b5a5-df35c43e06da'),
('bdc837a8-def5-4f21-bd75-e30b6e9ce9d8', 'cf477062-b390-4260-a7ab-93fe64ad7461'),
('f9fe65e0-c4e3-4889-98d4-9c787564f4e2', '0bbecad6-d3a1-4e27-9f69-b3791c43248e'),
('6ff705ba-6517-4565-878b-759d0ae78d3c', 'c52eecf1-b007-4b8f-a9eb-08fe184ed138'),
('f72f1aca-3233-421a-86b4-367a1764fa82', 'ab19ebf9-e864-4435-bf1d-4932de2e6036'),
('54676448-f1ff-4573-a70b-0baa1a06abc7', '23fb9486-fe52-4ffe-b2bd-96882fecedd0'),
('2cdcf2e2-6d4a-4f4a-b6c8-845a682de750', 'b442de78-f0df-4a66-b0e7-d2541f56670c'),
('757f2092-9421-4756-afcd-fd60ed7bc2b8', '41b21578-1db8-49dc-b8af-6eb463711dc0'),
('a5030a41-2b1d-4068-9bc2-770ee078761d', '7d51f5be-7c1d-4d47-8c37-4133b965b2b1'),
('a5030a41-2b1d-4068-9bc2-770ee078761d', 'c88efe5e-46d1-436b-b5c7-08a6089b5bbc'),
('d740be41-7012-4d8b-a55d-2114f8166bca', '34173d29-33c1-4622-a0a0-42b28423a3a3'),
('46c8d9b6-c7c8-44c2-8e91-664b109e2503', '6b580b23-9686-4249-a85c-e8dee85d2470'),
('d887ab38-3cb5-4491-b634-de3d29cf1a93', '3d4e7a46-a070-4956-8c33-d38064d8bf79'),
('f9626dd3-87dd-4b35-b738-9cf473b919c8', 'c971da9b-a960-4bf4-81c7-9134cf53e98c'),
('97cb211d-6cc3-4469-a60c-a2127cae22af', '05e78460-8dc9-4ab2-a38a-1ffadb282add'),
('7800209c-9a38-498e-8514-75dd38164ec5', 'e87db847-1d10-454e-9b7c-8be459ff2283'),
('429f3d6c-9cb1-4b63-a030-e1fdfbb9ab0d', '5709ba50-dd36-4e4e-b00f-ae0256191bf2'),
('ecf25433-9798-4db4-82d5-f15e9901627c', 'eafe3103-e809-4d38-a71d-4367fc979003'),
('1a7a0f9d-5abf-437a-8652-f6b18b2b0532', 'c335fd19-b389-4d0c-bde1-1605485fc11e'),
('ddf81ac1-4519-4286-862c-ff097c5e4bf9', '3d5feb96-2131-4064-ade2-37209ed8c46c'),
('c20b304f-2aa7-4335-bc87-39613157bbc4', '66dab173-4614-4da3-bc74-e7a3c359016d'),
('18a65d1a-bca0-42c2-ac35-ca1be871ddd4', '4d501084-9d88-4079-a2e4-68b458bb80e6'),
('18a65d1a-bca0-42c2-ac35-ca1be871ddd4', '41750769-e360-4c96-9f00-3f126b71a54e'),
('de126ddc-edb9-4692-a76d-3410dd4ec3cc', '93dc7cc6-0ae0-4563-b822-5baa805106a2'),
('55b50722-08e6-4484-8a61-09ddb274705a', '4983730b-1dbe-496e-81c8-62b570bda689'),
('6ebca75f-33aa-444e-bd1a-be0a3d0aed22', '3b1351ce-9dfb-4776-9539-49f56b1f4c62'),
('bcd0b5b5-cba2-4c46-8534-90a432bcc361', 'c7a26d38-28f3-47a0-8bde-8b135779b61c'),
('68085960-3389-40f9-9004-a4abafcd163d', '8cd30fac-a8ac-42a2-872d-359b5d264b36'),
('06b87389-55a4-4607-9e49-23f8f0f68be3', '88616a91-7551-48c0-91ee-c5dd059cbfd3'),
('1d9dcba1-74c4-4ce1-8641-0679875d2e1b', '48c77e6e-3f51-4155-a58a-c079c411a564'),
('3f1ff452-3ac0-4380-af19-6e910977b319', '862650b5-d3c2-413d-a94d-328792d00b73'),
('e2fff065-32b8-4c84-83d7-1b62263a05f8', '7c994375-02cf-46ee-bb24-1a1e48a218e3'),
('afcc2716-7e13-41ec-88b9-75fb4c627845', '1b54a568-1421-44bd-ad0b-7894c1daf7d6'),
('fdbc0276-98c8-409c-98ef-507f7c4c91af', '9e82c41b-4f11-4391-a8a3-15205ae3b111'),
('8981de9e-b038-4bee-a6cc-8320e1adad32', '3973ae57-833a-48e3-a534-a08b2ecda0b7'),
('f615a6d0-3ef6-4e40-acf1-fbc92cf2c25a', '1e5f4960-730c-4bfe-b880-36491276a0da'),
('9f9e7be1-5512-44b9-a7c1-cbbcb6b14bd8', '0230607e-bb32-4dbc-a478-49e54473fd15'),
('b3d8869e-e31f-4c77-a7ab-2726b5776964', '66f0dd50-cd08-42f3-95ad-d0cf5f198771'),
('6b6f188a-08fe-41f0-8c0b-d2706676a4b9', '9b8e26e7-eb97-458f-95a3-7b434c332b02'),
('c431a6d8-cc26-4023-8a21-175a29bbaaba', 'c0de249a-1a18-4d2d-9d68-670054da7a5f'),
('b3c7b33e-880b-422b-87b0-7b6c346f2890', 'f8463110-c91f-440d-8a99-5e3f785031b3'),
('9c4b34a9-a3f3-4956-829a-27e1d9a8fee3', '50ecb388-dec1-4a52-b8d0-97f5deedd8e9'),
('bfaa8889-644f-49b8-b32c-1bc6f8d0d56a', '91728255-a6a0-413d-a1f7-8015924ee319'),
('bb2fcfaf-f9fc-48cd-a73a-bc028938ac8b', 'f984cb02-595b-46a0-93c6-eb77808302b8'),
('419a7a59-a7dc-47f8-82d5-523a1c70f07d', '5e324a4c-f046-46ab-a6de-a97ae61e9a62'),
('9346c598-d5e7-4c71-9750-1f56adf2ba6f', '6b5ad730-2ad8-4ba6-9fbd-c74f6b99c7c9'),
('ac5bd5d6-b614-49fb-a0af-78db1e4c2429', 'ae7625b1-7b62-4c91-86c2-f3c1449d5ee7'),
('edd26b9e-138f-4863-808e-1976f089252b', '0008b62e-6f89-4923-8742-e67ab3018b63'),
('045a7218-5fb7-4832-9464-8106511bbf40', '76dcb698-6055-4bf0-9cab-fd5b3b4a05b9'),
('785adb0c-dd97-4158-8e35-3f167bd88d51', '013f64c2-1d51-45ab-a0e6-36793d2159d1'),
('4e14f596-3573-44b1-ace2-ed635f3def42', 'ff834b7e-9c0b-4fdc-b324-74f849d59973'),
('00797822-3eff-4594-b556-3d1624fbcd4b', '8d9acd14-1cc2-46d8-b375-1c452279960f'),
('bce74b9e-853b-4bff-ab0b-2448424a8b6e', 'b03149ae-c3ca-40db-8729-b5e1ef8d130b'),
('601404e8-d18c-4c1d-b497-1e6b93be306d', '5e868914-cbdf-4f17-8597-27bf8786eb8b'),
('601404e8-d18c-4c1d-b497-1e6b93be306d', '03d85b90-99f3-4dc5-bed1-620e2884f18d'),
('601404e8-d18c-4c1d-b497-1e6b93be306d', '2b931f49-6496-4359-a79c-bb2f41775165'),
('601404e8-d18c-4c1d-b497-1e6b93be306d', '6d4dec91-812c-4641-ab05-5bf71d5d84a0'),
('85464130-d080-4e7e-a904-3b47942bf6d4', '78111779-d5ed-4310-859d-03363e1d7897'),
('1434e096-577b-4ee7-9b32-8a0c5040ae50', '7ba611b1-7930-4757-9e96-d4c26e583ba0'),
('c118bdaa-6e0b-43ce-af77-92eb0725dc8a', 'f671e45c-5e1f-4bb8-9c7e-4dc180c4e6be'),
('bbc9def6-e349-4661-a43f-ced248ccbb3a', '3c1960ff-234d-4767-bce7-e7d6b0159992'),
('b91ceae8-84b1-4298-b7c1-bfe2add3a805', '7ea4e4c0-dd62-48c2-916e-f12275be4eb0'),
('601b43ee-150c-4cad-9ecd-8e19ab6585bd', '2b46d392-d533-4652-ba79-177ce9e6bb6f'),
('6e40db66-60a7-4654-9c51-a4010d02a7b0', '403ab5e3-b81c-401a-8918-7a5c75babb54'),
('6e40db66-60a7-4654-9c51-a4010d02a7b0', '7a94d00e-4f06-4642-b8ed-931a076e5122'),
('300dd83d-9e7d-4224-aa73-d8b1e0f89248', 'ce097249-92a1-4336-b031-323912b4379c'),
('b6b8dc38-9db6-4eb7-a824-74fc218817e0', '3679dd62-57f2-4019-835d-2746321dd98b'),
('4ef9cafb-8151-4a92-a238-960b53dd16ba', '52dbdeed-f10d-4528-94a7-64db610502ba'),
('ced0a587-70f9-42e1-a0cb-7b403d065b75', '9de6aa3b-43b9-4672-b77d-cce6b80934a2'),
('41add66a-1119-4d46-8fae-b48cc324c84b', '37ee7d54-dadf-411a-b2e1-e4eff7186862'),
('41add66a-1119-4d46-8fae-b48cc324c84b', '19344ff6-3774-4790-99a8-b4b251b166cf'),
('41add66a-1119-4d46-8fae-b48cc324c84b', '8d72bbf2-7b4b-42a3-96a4-2cd774e37fa3'),
('41add66a-1119-4d46-8fae-b48cc324c84b', 'fc34c213-0a72-472e-b703-2362b6069f93'),
('336a4a0d-3bee-4cf3-a8c9-162ca48c797c', '4c20e0fa-21bf-462b-8892-d43ea99720a3'),
('f3ff713d-b853-4e21-950e-083eea58ecd7', '8f01409c-7888-498e-9cab-922a525d1bab'),
('cd604d5e-6586-4dd4-9809-c62e6e6e8586', '72b506b3-1479-4d2b-828d-7143fb8a823f'),
('418ad0ae-3ffc-44f9-b114-661cf465f791', '590133f2-e7f2-4b28-958c-0aa7c1640866'),
('b4c57f3f-c6f9-4c0e-af9b-8716babf8714', '9d464c96-41f3-4b10-add1-66a4fff6fcc0'),
('db5a1377-b276-4dc2-a104-ca0cb9ed82b5', '798bea3c-bf34-4b6b-85a3-e1ebadaa3d0e'),
('36aaf4f5-b2a9-4be1-b2ea-e6c847867ff0', 'd373fbb0-cf32-4c75-b55e-95b89394e2b8'),
('8837c616-8649-421d-b812-ff61175c4bf6', '263fb879-a6a6-4f49-a9ab-39494080dae3'),
('6245f713-08b7-425b-97e9-cb3156c0f019', 'ab5ae8f6-6ba6-48e9-893f-a42af1d5d9b9'),
('46422095-ea2b-4056-b52f-46f77d934297', '51b745c5-5438-483b-a387-c5b8a5524a9e'),
('a80a550f-dc1d-45ac-b824-9630209d4035', '3bb6a909-7769-4ff6-b5dc-3312fb8b095b'),
('17a62d8d-8235-4b89-aa6a-dccc5216fa6a', '1e5d54fb-4122-4800-881e-c8e588efd623'),
('55fe27d8-fb2f-4c29-95a1-6ab8673a557a', '9a60279d-23f0-433c-9d8d-f20c5c181c6e'),
('67b99ae0-dcfa-4f0d-b133-8a286ec00a9e', '69c46dc7-913a-467c-a9f0-fe600d3c4871'),
('b868e7e5-14d5-4f71-940b-632df89692b8', '61d81dd2-e268-46bc-b014-257f2c4d99ec'),
('dd5ae385-df3f-42a7-8abd-fd0a16b3235b', '45234a4f-4caa-431d-b5cf-f231eb55213d'),
('ef481700-bd71-4c80-ba6c-b23bbc83e662', 'a7f9daca-5c5f-49da-9afc-1c24067e72c8'),
('2a037e26-fae2-4b1b-9198-3e7eb925778f', 'f1ba1d2d-d737-4953-a342-7e4b2bb0b003'),
('2a037e26-fae2-4b1b-9198-3e7eb925778f', 'fa62c1ad-365a-4f7b-8935-062dbcf0227f'),
('077aea6a-ad45-4f8e-b41a-f442c822670a', '1c6aa020-3609-4bb4-9a4d-7e1369350b67'),
('856aff14-853f-44ad-8644-472ba8bfc0c4', 'f49d8fb4-2a2a-4684-9a64-91d59d06bdff'),
('badfdf2f-b51a-49b4-b12b-8885e8f66bf8', '5986d0c8-9854-419b-bedc-e7e675b4662b'),
('eb8d20a2-34f0-4746-95bd-88471f760f50', '0abb4c83-c6b9-4331-89d4-e6127ff10dd0'),
('eb8d20a2-34f0-4746-95bd-88471f760f50', '8f83f2eb-d8a4-488a-95d4-9001233c4280'),
('b98b3694-7cfe-4be5-97fd-4621ec05c7f5', 'b97b1dfc-1cbb-4138-ad6f-81f8759117d1'),
('7fec5bf5-f7b2-4d56-8c2f-5cc656c4770c', '5917c419-722d-4389-aca5-ab7d42213678'),
('51e656db-3b95-47bd-a044-f24365247f9d', '766ce453-c138-4d99-9d97-b50c97c4e7c6'),
('417dbb1e-257c-4ab5-b839-63dda76f1cf7', '56b61034-cb45-4f34-a025-5b39c5b0cfca'),
('05ca7745-f12e-43d8-bd8d-03b9266b9543', '89209e12-1df0-4eeb-b4b6-2be5fb42c098'),
('7626110c-c53f-4bc2-906b-2ec8ca6eaeb6', 'fc67c850-8895-4f69-bb8d-1ca484973b89'),
('0d57206e-4f6a-4ea2-9cc7-513274ee8fb6', '593c12ce-8c66-40d6-bca2-b155b3851434'),
('d8fb116d-9474-4ce8-a506-ab3d39feafa0', 'e66ba8b2-92d9-4152-9f70-1c8a741ab4e8'),
('116a7b77-3e81-45ce-85f8-32375b80b450', '0f7bdfbf-43d0-4b1c-ba80-f404b35e4df6'),
('44acbda7-1c41-471b-8e72-b40461c30869', 'd2c843fe-6ea5-43ba-8911-ce4fec2d0126'),
('e8ed685c-b207-433c-a93e-9efe6d276806', '458780cb-ef7d-4ba2-a31b-dc401eb3c3a8'),
('b5c7c1ff-bcf3-4579-a45a-d0e5f667ffb8', '285ed775-3a42-44c1-819a-fdcc94e566ab'),
('6305a867-37a2-4f7b-9fee-ac61c0ef5009', '4e9ebaab-1da1-42a7-af58-9852df369fce'),
('6305a867-37a2-4f7b-9fee-ac61c0ef5009', '72013862-6124-4ead-8e87-ee1a6c0a0e76'),
('09e260b5-6aab-4af4-835f-f33b8119c812', 'fafacff8-5228-4078-986e-5443a040e471'),
('0489a00b-0080-47e1-85b9-14448f1f7e28', '484afede-14bb-4ad2-b494-0c8cbf5f3ce0'),
('0f9e855d-e189-4d33-8e5d-b78fe33bf78b', 'b48625e7-e2d7-4fa5-b3fc-0f705594666e'),
('a379abdd-2009-41d0-bc75-8b5a2324e9c7', 'aa1c8906-0001-4e56-9ae1-1898e7200d15'),
('7f0bebc3-baf2-434b-8b57-025f9711ca92', '009bf3aa-9b3c-4cc4-b8f3-930e42e63227'),
('16731765-729c-4bc3-89a3-41cb58f70065', 'dca58d92-8048-4caa-ae05-19ecca827005'),
('196a3a89-6f81-4d28-b0e4-9d9e6c1ca3ac', '7e5aa348-7fc8-4ef6-991d-e7b38aedecc4'),
('04df4a08-186f-4b4b-81a8-370b1dd76c99', '4279df3c-ebbd-46d8-b8e0-b82911d4a5ce'),
('cb0f5308-a569-417c-ac51-db080a69cc17', 'f7ba8eac-fe20-4aec-a041-f8eb943e7673'),
('6e808bbe-e84b-4583-84b5-57532e73593d', '46b3c32e-5d1c-4ffa-86d4-d4ea06da6d16'),
('5bed5fcb-79eb-45eb-9296-993d465f54aa', '5f561ab8-5f11-4327-887d-a269a41787dc'),
('4e0ee5c5-dd8a-419c-b538-6fb4b9e52a75', '4bf7ecb7-d5f1-466f-8e6f-2947a5c09114'),
('c398c1ef-031c-49a4-a6fc-1441fdabf64c', '6a81fb6e-eccf-45c2-8729-64c6985cfc45'),
('8c14a36e-c8c3-46ec-8e3f-fb30e198b222', '7c85cf22-4dc8-4ade-be6d-a7010293ebab'),
('d5cb2c40-40b4-4925-a591-1d9168ec9fa8', '9782581a-b9f8-4f4d-ae13-888dbf1285a9'),
('ff4b8b59-6580-41b2-b291-b5fca87b630b', 'd080ab7d-5069-4cf2-a248-f08ac82ed37b'),
('bbd6dce8-c4f4-4a89-bc5d-3e258ea7108b', 'afbf7d45-d904-44c3-9a2f-7baf111b0aa1'),
('82abbe9f-1da1-4bc0-b0d2-b68191c1a234', 'ed943142-2b38-43a9-a81e-4b5f21910a1a'),
('d567ec29-bc6a-442c-8980-a4f2158dd70c', '61ad3227-5cb3-4c47-91a2-7c9257dd9ce6'),
('cb136de0-1cea-47da-b0c4-183ac1ae8f15', '7d3a08c2-bb07-4d93-8110-cb10e879661e'),
('13ce8645-9799-455a-812b-773178095d6a', '923bcbbc-f450-4fa2-8f51-7b5b8d37d8c5'),
('9070fa8b-85e9-4077-93b4-da8016a6152e', '3f9a9b49-c78a-4fcd-a804-d212cb9edf40'),
('9070fa8b-85e9-4077-93b4-da8016a6152e', '187f2573-f160-42af-b822-539f98222f07'),
('25a97525-0c56-4fb6-b094-109bc4337658', '416ddcb1-5f6c-4fa0-a972-58f197069819'),
('8415d1f5-2201-4e0f-a031-3ce9a4a39253', '1308dfae-b156-46d6-a795-9216d4098f76'),
('21aa49cf-0c4e-4aaa-9f46-79631697f0b7', 'aca8d484-9b80-402c-9100-d472927a11e6'),
('f0d057b1-ba20-4925-8a91-55ad8bd91f1f', 'ece12588-9f5a-476f-aacf-c483cb095b1b'),
('d454e0fe-4964-4170-a65c-81e2ddd7c85b', '9430a783-f24c-4802-8b51-592b64a5845b'),
('8abe0b26-9581-45b8-856e-27e26a09ad0f', 'c20a4dbe-6a98-455b-a236-976a39f8bfbb'),
('331176a1-9c1b-4421-980f-9f3ef3165a30', '3ed3127b-79d6-43a1-8df9-6e7b20558580'),
('d1522fc8-01e1-458a-9ff7-67456e069b2e', 'af613db7-603a-4113-b4ce-c3ead305417d'),
('cdc80b5a-56bf-4900-93a0-a10922ff172c', '65f22d71-4198-4f09-9d5d-d24aca3e8ec1'),
('5fe830c3-3ab5-4d0d-9f13-57e8e7cf7e0c', '3816b675-415a-40f5-bc6c-7c72eac800fb'),
('77a4845c-d0c9-40a8-bfc8-049d6b5a6b13', '7035af11-9dcc-4b80-8049-2a53f2fdeb3b'),
('41c79c34-96b3-4d4e-9342-95f94a37f494', '5ba912c9-87ba-454b-aee2-c07f676ee2cd'),
('679d3f0a-c968-4948-8a75-791366071343', 'f5c35a2c-0b3a-4298-bf35-4c68bfa79146'),
('2c7f97cc-fd73-4f89-b3ca-455889690bbd', '5dfe305d-f364-4f44-bb2a-85ddd65f1dcc'),
('df394b7a-7a44-49d4-8f4e-22a66305db50', 'dd664c8b-eef6-429e-80f6-b444ef1098c9'),
('49d02577-672e-4a87-9a73-5ccf8320bb3d', 'a42fcbec-3ec4-433b-9f62-2183d0211e1e'),
('a40ec9d3-39ba-455b-8b2f-f3643f78f4ad', 'b52d2c1b-ab41-46b4-baf6-46a6758b47b8'),
('528357d1-366b-4ba7-9d66-32f5ae844921', 'ee754d93-29c1-48b2-9570-c6ae7cfae9cb'),
('3e5d385e-13b8-4905-ba92-b547e7a20330', '39f6ccb2-6846-443a-93a3-f20c5a56878b'),
('85cc3b59-c028-46bb-879b-178376528874', 'd622593e-78c9-4b54-9357-2377f6411418'),
('31505789-0c37-451d-b6a4-1dcc37bc7c66', '6f87b30f-72bf-4bed-9ad0-37380ee4204f'),
('e9e74756-a122-4890-9851-c289d486cf12', '2d484907-4d2d-4d4c-ba4f-cb1bc868c070'),
('e9e74756-a122-4890-9851-c289d486cf12', 'f55c5a35-b3d1-4dad-a480-7003c4b74412'),
('e9e74756-a122-4890-9851-c289d486cf12', 'a1427406-3332-4c4b-ba20-cf54f199ed46'),
('6ee040ee-7c2a-43fd-92b5-a27279314fe4', '4428cd07-7186-4a9b-b442-b97d23c674d8'),
('ec41d9bb-067a-4231-a6e1-28dae29dc00a', '99dc45a2-acdd-41e1-8243-4f22def41521'),
('5d929f51-6a6c-4adc-b00b-e2b13f2718c0', '3df07d7d-3a0f-4828-81fd-087c664e0cbc'),
('5d929f51-6a6c-4adc-b00b-e2b13f2718c0', '7af92944-1d9d-4abf-b301-db06594b7545'),
('126cbb31-24af-48aa-9a09-dcbaede2e81b', '461ed08a-9a5e-4c03-b471-534d11b6d6ff'),
('d91ae29e-9fdf-4b4d-a295-2de8ef6f5bf9', '47772e85-e96c-4aac-b0fb-b4606d5b8082'),
('8ad71bcc-8ca9-4b9a-a9db-cc0b27c25299', '2700b8ea-9c8c-4162-be48-617ba0b64a81'),
('d0979d37-58ef-41bc-b7bb-25d122547743', '15c79928-f81e-412f-b8d9-ef2a64addf2b'),
('1d73b26a-e0fe-4ec3-bfea-f04729418b27', 'f2d6676c-9c19-45ad-9377-4cc4c51c90ad'),
('88e32eee-db5e-47f3-8931-e8b6f5bb4672', 'f640c2c8-6d68-4f3b-ad63-f0be7da5546e'),
('0cf0e803-f0f6-4d6a-9b72-7826ad935c01', 'b3da029a-0bc2-4b7e-add9-a4523a5d41a5'),
('d4326d45-c56f-4b6e-a778-c249c06f61f6', '96868022-19bf-491d-a0cf-1fec96e3fde5'),
('0d61ceb5-0cda-4776-83be-deae6382f0e8', '4aaa011b-8dde-4397-a676-65c171ec2f1d'),
('f82c549b-bb9f-413b-9831-28d8052607b6', 'a2982f52-d597-494f-a38f-3ae0b40e5886'),
('b7f09dbe-3ae5-44b0-93fc-2277ae98ae9f', '86a6d6dc-fb86-4ea8-bc48-113a4402374d'),
('1e140b9e-6c6d-4c2e-b837-c6b9956becb3', 'd6769242-a2e1-444a-812c-2f52af2b3eed'),
('4aee0b60-5ab1-4eb5-b04f-354639cf7793', '6420ac70-bbaa-403c-827a-fc1afc3dcf74'),
('5f5a96bc-b417-45ac-8063-b8b43b0ac62e', 'add07cc1-4623-4125-b50d-1b331c67c2d0'),
('dba2af40-ee01-449f-b9d7-9ea1f9e05f85', 'cf6ed7b8-8e7a-43c2-a490-e9913292ce3f'),
('dba2af40-ee01-449f-b9d7-9ea1f9e05f85', 'fdca7c0d-d787-4fcc-81cb-8447c95b9de3'),
('dce6ff3b-c6e6-4d7f-b2f5-090f89efb313', '8c0e7719-c3d0-4835-ad5b-b4f9f8e5bcd1'),
('27cab04d-baf6-42b9-97f4-240728277e84', 'b78a85db-8dfc-4df6-942b-5777bb1deb67'),
('ad116651-e93f-474b-8d3b-e2c52f068793', 'f365102a-990a-4030-a4a2-27330273f3c4'),
('d34ba4a4-8c9b-432e-be7d-d7132cd32e69', '410f9db4-eb72-4e64-a887-4c752aa62d0e'),
('5342ab69-d5a5-4066-be3e-142acc813151', '3922f31f-5e19-487a-b1c7-6630202c71dd'),
('5342ab69-d5a5-4066-be3e-142acc813151', 'eed61301-b78e-47ff-a579-f03d192c3e1f'),
('99ac6910-800d-4170-b687-f2c29341a205', 'c65c07de-0e6b-4e21-828d-19547308640b'),
('950de2c0-12a8-4808-8a5a-0c3527b5a478', 'f9a8bf89-9492-4c94-8922-3298a483ec82'),
('55fbe9cb-5d4a-4f7a-b87b-8863f9d8c9ff', '81e73633-14d2-46dd-876b-e42b55e67669'),
('dd519d2c-95a4-4775-b5cc-60001f9a085d', '4dd586e5-02de-4079-b6f8-b201c456ac2e'),
('987ef6d6-45ac-46a4-b9e9-48ee67e67908', 'a3a9a4f9-dc2c-4fe9-889f-7bda78b818e4'),
('987ef6d6-45ac-46a4-b9e9-48ee67e67908', '27590fc7-48a9-4ed7-a01b-c38b84a2e4ab'),
('987ef6d6-45ac-46a4-b9e9-48ee67e67908', '12766fef-5c2b-41e7-8a4e-ea2b42248e2c'),
('2d408fea-ba92-4879-8edd-ef9eef1f989f', '204ce634-729b-4da5-a78f-a91e2b7e3558'),
('81599727-40c6-4166-9fd9-da12779a5eb3', '9f3fe882-40e2-478b-bcf0-e2197a5cd63f'),
('f16097cd-09da-4869-ba27-abe7ad003494', 'a976afda-9ab7-4bbe-b35a-02497922cd49'),
('6da324bb-5141-4e3b-98fd-88bc7a1993ee', '2058ef8e-2eb6-4680-a090-9d53bd394c1c'),
('466fb94b-6eca-475b-8448-30c73262f76d', '5bbba489-dcb6-4755-b98b-41b03b90b8d8'),
('a8eb0c5c-9b6a-4f6f-96b2-ff0ffe78134b', '15c557a2-2546-48ad-be91-12f272366fa4'),
('fe2a4f45-cc26-49b9-b2c1-3c5b76614dc7', '8e02e2b3-27a1-45c8-9970-bfa76561bbd2'),
('3277a246-c188-409a-ae43-fbd8c557d603', '6923b56f-a7cd-4ae6-a98b-8401fa0f3e5b'),
('cd1365dd-cf4f-4233-8ff9-daa1756097fb', '855626cd-2d5a-48ac-acfc-c2a0c414ea5d'),
('cd1365dd-cf4f-4233-8ff9-daa1756097fb', '705ad84a-fc97-4d0f-bc3e-aaac3f37582c'),
('337a7412-3c67-4663-920e-11190fab8d16', 'c45e0b07-a976-434c-8624-83b92b1d3b7b'),
('e24b00d9-3d22-4bf7-adb0-896048cd4a2f', '198de7e3-5d37-4e5a-9c45-b31231482a9e'),
('f5f98f40-24a6-49a0-b175-f25c591a9977', '2c8dc76e-1bba-4de2-b4e8-db02fac5fc12'),
('bbe8fd9c-e2a6-4130-9903-26d961c1280b', '158d1736-fef2-4f97-af4c-436517bf550a'),
('5e907143-fe61-4371-8e8c-53b7816152c5', 'f0ea13fc-b097-4eb9-a1ca-433ea6b0feca'),
('5bd02d22-ff12-4b82-96e0-3b2a33451dd3', '4a5f33cc-db7f-4238-b337-dc11ffdbcc86'),
('8901c92a-65a8-4ac4-9b72-275c24537a6f', '675778b2-30c1-4dea-aaeb-bd1e29cff24f'),
('8901c92a-65a8-4ac4-9b72-275c24537a6f', '57c9a4c7-10b1-4325-ae61-9645a9360a3b'),
('8901c92a-65a8-4ac4-9b72-275c24537a6f', 'bcc7b10e-3084-4541-a68e-66f37bd5f19d'),
('9ad248d2-532c-48b5-b23f-f9634bd7a98e', '9408592a-696f-49f4-9741-c19b7a08552b'),
('c34aed01-9953-4a6c-89fd-c536a284a490', 'd94c2ec4-7b77-4f41-88ca-afca5e255f56'),
('529ca601-5183-43a9-8e65-5a6390ee9574', '7838b007-5677-49f4-8519-65f52922f7b6'),
('752ed159-3089-4acf-aefb-1cd86c33c100', 'c705fadf-b64e-4f96-830f-8bc0cad00c3a'),
('5d1b5e1c-890a-424d-a7cc-ce0e4010840e', 'c84836df-4ae4-4ce4-bbf1-39ee74607484'),
('bd442866-a821-41b8-8a8e-99717d3776ce', '2cb2679c-a2bd-4549-86ee-dcfaf9746d7a'),
('555f51ba-7ac1-41eb-ac60-77b06c7201c3', '1e5f39ed-1016-4916-aad9-65bf7a056d4f'),
('85f876f6-63ce-4490-a685-cbb22430053a', 'a0e26e44-0a1e-456a-96b0-b0b346c165de'),
('18e27a0b-9858-4e82-a509-67c50412aa64', 'c1469e5c-1554-4178-b348-d93a8d57ad75'),
('18e27a0b-9858-4e82-a509-67c50412aa64', '4bf17ed8-53cc-446f-b51b-4ce56a4bf520'),
('7a404cc0-2345-4e5b-92f7-5e16b132dbdb', '713d71e7-9423-4475-beaa-c8d7711b07a2'),
('a1b28d21-c7b4-4fa6-b36c-5075de200324', '98ce8e99-54e9-4ed1-bb97-7c28544a668f'),
('bf94b566-96b7-49ab-b803-f67d65ec90cd', 'd130bbbf-6e51-4460-a5f0-fa924ecfd431'),
('94daeab6-9ab6-4536-b448-0a53ada0efd3', 'e48efc91-d033-49da-93dd-f6b2ad50ac54'),
('a3beb099-c0d0-4afd-a097-99db60db3700', 'c31dd6e5-c927-4e85-b0f8-94496dba01d4'),
('a3beb099-c0d0-4afd-a097-99db60db3700', '863291a5-83ea-4966-be47-5065cfcbe264'),
('8e8f3523-1990-48f2-b901-13496640bd07', '80ce60cc-2020-4f14-a3c5-53efd97ae068'),
('ab0ba89c-d432-4579-a48f-c3e5c283a9f2', '119cac6c-5151-45b0-81f0-5426d3e3f7cf'),
('6244e6d2-8dc3-453f-8bea-cfa511df1f35', '796e1db2-66ff-4190-b8a6-5133fb4f259d'),
('038e3dbe-1915-4035-bff6-7e7891a0b650', '024851cd-24da-439b-9a4b-63161d4d735e'),
('f5c6dfe2-69d2-46fe-8b6c-ffca3751e4a3', 'f74a244d-995a-46c4-bf9e-b2041d3f5209'),
('f5c6dfe2-69d2-46fe-8b6c-ffca3751e4a3', '557cdee3-a406-4253-bb47-c61c57f5f9e3'),
('d6e0393b-674d-4b28-a37c-ef518b45495b', 'c3dc418c-4f39-44ec-9af6-9b112ca9f2a1'),
('d6e0393b-674d-4b28-a37c-ef518b45495b', 'f70617d1-66ec-4333-a6e7-ca976a4c28fb'),
('b3297ea0-91b4-4536-8a1a-784ca75ff4bb', '108cbeb8-2c8b-490c-9ee1-d778677ae57d'),
('596f779f-c0da-4a62-8036-a9eb54374ad0', '04fcff36-87c8-4a08-ad97-264c2534d0c5'),
('03709882-5974-47b3-94f5-00ff96ce5256', '4b740359-33a6-4536-9b31-4f21ada2e24d'),
('723a93c1-3a03-4492-9600-d9dfc3951bff', '5227c33a-b076-461c-87eb-4c0ecdc25bc9'),
('1fc6d88d-0553-4f6a-bd3f-0a7782bcdc9e', '3f7804dc-e0ef-4504-a100-b2bbbe04c48d'),
('2942aa7d-9d34-4fd2-a0d4-00aee8b6ee5c', 'cfc745d5-c1e0-462f-8115-3b50678b1664'),
('26c4bc07-3ec7-42a6-bca2-a8201b8f4b62', '53d65b5e-28ad-4154-b9c9-4f7d3cd0a422'),
('71eb0b1e-406f-4f80-b185-a74df3f879a0', 'b6ce408c-61bf-41fc-bdd5-722f545cb47d'),
('4fc72eae-848d-44a6-8a6e-7001ee2032c4', 'c0692e9a-7115-4d83-9e87-6dc23d204fba'),
('f9deb694-aca4-4651-9578-99842fa68d14', 'f478821e-85b2-4b15-ba32-5549b42c267e'),
('591c36fd-9ce2-407c-bc44-156f006f9e0c', 'a8ba9164-cc32-424d-a31c-9de2ab34e3e3'),
('5ad1cb7f-5a3f-4c72-aa34-2263f4019dff', '209307a8-3542-4db4-bb33-b57949d3eee8'),
('b9d9a273-1ddf-403b-becf-eb64a391836c', 'fe03a00f-9e2d-4f7e-9f16-ae93e8d67927'),
('b9d9a273-1ddf-403b-becf-eb64a391836c', '8a586685-b72e-40ad-b089-98a01c2448e2'),
('1bc4c745-5706-4d33-9e00-fc4f115b9e04', 'b11ee4e2-fc56-487c-9486-0a00a2261e79'),
('1bc4c745-5706-4d33-9e00-fc4f115b9e04', 'fbb07d98-2eb8-46d8-926f-fa8302cf0143'),
('1bc4c745-5706-4d33-9e00-fc4f115b9e04', '4ca73e7a-a437-4bc9-bb3b-fd674cf9a674'),
('057b4189-c876-484b-a44a-ce04bdce9dbb', '7b44b854-c36d-4a07-853e-2e3b521af4f8'),
('21bd2050-75de-44d3-9e2d-8c8d0124d3de', '9448f3bd-c5d2-4230-954a-7e40e7c09cc5'),
('2e51f7d7-d9b1-4a0a-a05c-34e3f1e45a18', 'ffffd872-bbd2-4490-bafd-b77bce0c0f01'),
('78c8cbf2-d9e5-477d-aff4-541192bcc4b5', '610995e8-a0a5-4e4d-aad8-9afa79641316'),
('f368d7c2-97a4-44d8-b5b1-2ae3ce1ba652', 'e54f0f0b-64c6-496a-aea5-327228a753cb'),
('50242658-274f-4c65-b272-b1f03c791706', '41282294-c0c2-43d7-bbe3-5613007ddc91'),
('da850deb-c6f9-455b-899b-7b0003eacc8a', '2a14704a-2be4-4dc5-91f2-1b2e3ad3758a'),
('7b312373-252f-45fc-9331-0fcd1756d849', 'cd014cb4-942f-4de5-a92d-226173e116cd'),
('a1e71964-184b-4194-9a66-1e5a4882809d', '0a3d9d38-c4c5-491a-b280-0517b8ac762b'),
('e02fc560-d2d3-4068-ab30-badf416cf755', '768575ff-f2ba-4309-9d50-66441b80cf76'),
('f56e9b12-c096-46a2-b85c-8657b216204a', '6b7e49be-98bf-4c5c-97d4-19e338997d2e'),
('bac93a8b-64a1-4757-9306-fd7e380576fb', '2c92181f-eab6-45c0-8dd7-d1615af19da4'),
('ceb124e5-37a9-4dd3-b947-7f3c91e8c6e8', '8cdcd52f-3e38-4529-9070-442d1e3035e9'),
('b4d80625-027b-4be2-9806-5a7facf55d40', '27df2cf1-2eb6-4601-92b7-87f9419fbb26'),
('7397aabf-52b4-4f83-ba5e-a1330825edb3', '44febd0d-5ef7-4a95-9b5d-d770140ed6fb'),
('3fc47375-99f2-4afe-ae44-5725cf1ec945', 'de20ac61-6f32-40dd-a9de-f67dc57f9591'),
('9ea9f097-bb8d-4025-84ca-2db20f6e8bef', 'b91ceaae-c32e-43be-85c1-7a143c198aa2'),
('2de71567-222f-47b6-91ee-07b9a911a2ca', 'dcfef390-fcd4-48d0-923d-0c2318c2cbe1'),
('db092ac8-59b2-49db-9be0-be37dc58ac70', 'b9d399e6-c235-497e-a1df-233b30cbe61a'),
('55e06e5d-a52e-4125-b221-6d7b70374592', '27a430ad-f255-44f5-a0f3-57168c11340d'),
('82548588-1e41-4597-80e3-90fcc0acf8a1', 'a0a7c4dc-c3ae-4951-ba75-d43bee8c7a78'),
('496d33e3-0f34-4eea-80c4-d41fba807f2c', 'be305ec3-4e2a-47cb-8de3-fd20f7e96303'),
('531f6b8d-1f26-47e9-be4e-1a123aa33fd8', 'cf4d24a7-516d-4769-94c8-c684bf0aaf05'),
('531f6b8d-1f26-47e9-be4e-1a123aa33fd8', '8c33b3b5-3f16-42fd-80dd-c6ba8764f844'),
('ee53fedb-a077-4e65-8969-f0e659a73bc8', '5dc79be1-b43c-4a27-be30-3525501845e4'),
('4ed6cde0-45eb-4e82-b9f3-d9777eaa3395', 'e51892d4-2980-4952-8169-4c7ea2534180'),
('004b90af-b5e8-465b-83c5-f95a54f6b665', '7179f6a2-d04b-488c-94f4-d179fdf06c6d'),
('8af3744c-1362-4524-bb0e-071934ff912c', '142035c3-8fa3-41d8-b649-f86ad98fe82a'),
('8af3744c-1362-4524-bb0e-071934ff912c', '4a1035d5-a7b2-40dd-829c-5a041bfc8e2a'),
('8af3744c-1362-4524-bb0e-071934ff912c', 'd0c71ffe-3886-4ff9-9fb5-36df3f9b767d'),
('8af3744c-1362-4524-bb0e-071934ff912c', 'a5b8f733-3e2b-4c2c-9463-0046c1ecd9dd'),
('8af3744c-1362-4524-bb0e-071934ff912c', '3f2858b8-8382-4d6a-a467-52f866a9ba38'),
('8af3744c-1362-4524-bb0e-071934ff912c', '353834a8-f200-4b8e-a6c0-fd6d121e79ac'),
('8af3744c-1362-4524-bb0e-071934ff912c', '6fd85eee-32e1-45ee-9fb2-20509b720a29'),
('8af3744c-1362-4524-bb0e-071934ff912c', 'acdb19e4-8f6c-4e78-93ae-1a86035117e1'),
('dcd658b0-c1dc-4a15-8b84-22e1f9268c0f', 'c93bbde1-0850-464c-a584-44cd6624b94b'),
('dcd658b0-c1dc-4a15-8b84-22e1f9268c0f', '753c3182-6a3a-45cb-984a-148551057bce'),
('dcd658b0-c1dc-4a15-8b84-22e1f9268c0f', '034b8e3a-2db0-4d19-af66-771c1fc9a549'),
('83bab565-44de-4867-887f-23ec6d62f8c0', 'bea63f1e-9a79-470f-89a7-8367be1ca161'),
('83bab565-44de-4867-887f-23ec6d62f8c0', '066df80b-005f-4378-9a14-55f9d0a67350'),
('b6f92f13-41ad-48dc-83b6-5cc2f4042952', '41dbb879-25ee-4bcc-84f1-8724c9535c96'),
('2787c802-a0c1-46ca-a05c-1983649e8330', 'c1b49b1f-5fd1-41d3-9df7-560419d7432f'),
('77491371-5e34-47fd-ab8a-b7807524d67c', '4255ff9f-ee62-41e0-8265-cbc33dea55b0'),
('ac847465-1fe7-40ce-b148-8c3318c0d9f2', 'bb04c691-d5fe-439c-9202-97bbb11efe21'),
('938f91d1-30b8-4a1c-ac96-95dc8e289732', 'da38b58e-81c0-456c-b140-33c47892459c'),
('938f91d1-30b8-4a1c-ac96-95dc8e289732', '483499fb-1a8c-4fa4-abd2-9641e7cb0ede'),
('0f073788-d44c-4680-8110-8e548d611df3', '0a097d0d-a861-4e07-8359-15450a516f64'),
('0f073788-d44c-4680-8110-8e548d611df3', 'adff9052-0a6e-436b-82be-536e85924241'),
('af47caba-adce-4487-ad6b-8d25d58c3aa5', '9420e623-d513-4bd4-b8d7-41be3602180c'),
('2dc4c859-85ef-4389-872c-f2418284c63a', 'ced90297-7795-40ff-94fc-eb461c321b3c'),
('d08c5ea6-e5f7-4992-b221-edd95cdf01c8', '41eb6a3e-b218-4424-81c8-2eeef6e88058'),
('92bec27f-a7ed-4467-9beb-0ad6c99799a1', '71637732-f20d-4c29-8665-9b3e4b0b6899'),
('c151bc58-a460-4c63-9e4d-0222a9b76f77', '9d6533d7-3ef7-4689-860d-6897e35d034d'),
('a71ed6b5-22a0-4514-9822-8b5e99a7a7b3', '36467cb7-29d6-45ca-95cb-c0a8b569b31b'),
('462668c5-37ec-4368-98cf-0283280be582', '0135ad09-2f15-449c-8468-9cac67a2116d'),
('3a96bb0d-9d0f-434f-bf97-a60c51bf45bd', '5e47df2c-a6d1-486a-a74e-fbb64a398e9c'),
('720237f6-bc0e-4eed-97b7-56efb7eff01a', 'af64bbc9-1e01-404f-b2b2-266f367aae53'),
('27e90d8a-05b5-4451-92f4-61887fcd491d', '1c81ba2a-7fbe-43c5-8019-79ff6f628e69'),
('7ad38b1c-ac71-46d9-8470-d71d8a2dd3b8', '0264ef69-7cae-4b7d-b23c-59271ebb5593'),
('24eaa20f-4691-4817-a530-d6c18c6c5bdf', '7bbee6fa-84ac-427b-bfff-13c180721875'),
('cbc9ca75-13dd-45b1-9e3c-9c0831a4067a', 'cea2ec70-ccdd-4f8f-bea0-92d53a113f03'),
('a3232896-86a4-4549-b7fa-0e48b9da5d24', '61fc0f42-0b25-416f-8f1d-cbedf58c40ea'),
('a3232896-86a4-4549-b7fa-0e48b9da5d24', '6fd107d0-4fd4-44b0-9a3c-8e5353352a00'),
('d9b2b83d-a800-4d83-95dd-a83694344890', '0591212d-ef8c-48fa-af0a-952cbdcacb7a'),
('e8f79d03-c93f-43be-9f00-54a238abbc53', '53f54bc9-e7eb-438b-a337-8391966890e7'),
('9c1245c6-827f-4059-a878-914fc7ae0cac', 'db3eeb81-8a1d-485b-9803-9cd593ae89b3'),
('9c1245c6-827f-4059-a878-914fc7ae0cac', '4c106eff-0a6a-4aa1-90d0-43e2bd2c3e9c'),
('9c1245c6-827f-4059-a878-914fc7ae0cac', '164d1dcc-7547-4593-9707-8000abea02bc'),
('9c1245c6-827f-4059-a878-914fc7ae0cac', '94b599ad-4c40-4de8-a6ee-d6cb03663d51'),
('9c1245c6-827f-4059-a878-914fc7ae0cac', '88911fef-b3fa-4f46-8e3d-02e77da0ba03'),
('42cf1b28-744e-4e7f-9130-9d342b9a5a62', 'cee365fd-6300-40a1-b393-3e4c48f34613'),
('42cf1b28-744e-4e7f-9130-9d342b9a5a62', '98bd12b5-f3c8-4fca-a7bb-5b24df4092f1'),
('42cf1b28-744e-4e7f-9130-9d342b9a5a62', 'af29b571-b9c3-4642-9f70-258089ac0380'),
('1ae1124b-69c7-47d1-9360-ed4a97a107e2', 'f90aa3c6-d074-4c3d-b6e3-98fdbd569f37'),
('f7463fc8-7234-4e48-90fd-7e9a25c4cfc2', '4edc0f5b-124a-4fb1-80fd-a2cd8a94f208'),
('096bb824-0339-4f78-891a-2572c95dd32e', 'a4914452-854a-4594-96d6-a270f2c7af76'),
('3a1aa354-d92e-409a-914c-23ffc86d34c3', '2dfe4f56-4d84-4148-81bd-f657ff294fdb'),
('33f560f5-f6c5-4bc4-9702-c73ef0ee2119', '56921b38-55b8-4616-957f-353efa3f9942'),
('c8f9405c-6ba4-4bef-ace3-bb260dcca947', 'ae4efd2c-b54d-465a-b267-c13f2153c6bb'),
('761f3744-c4a7-401c-87bb-e0c4b259cbe2', '5e7e72c8-5b80-4261-bc77-9d53486529aa'),
('9070500a-0195-4631-a1d2-e71e666e026c', '7d8e2600-94aa-4ef9-8874-f7d8050ceee8'),
('f8528dc2-c950-45e6-8bba-54aceb6bd270', '8d13151d-f071-4c3d-b21d-9f11d416a796'),
('3842d4c6-3f92-4a37-9421-b6e8e73df1d4', '90e4abc5-e605-49a2-b614-fbb6f08d76d0'),
('0a70b181-07d0-4bd5-a563-16e24c030912', '79b015e2-ce38-423b-a168-3328af2b11b0'),
('dca6c2d4-eddd-4c3b-bc4d-686e6abd96ba', 'f9b95b85-4339-451f-97f0-a4ceeb3029d8'),
('ea7a9c2c-f8df-44d8-9d0c-da2e2335bc9e', '0c0e9435-3e17-47cf-8e32-670a6cad4b15'),
('ec10d4b5-a7e1-4e18-bc47-77594541b54f', 'a13b342f-99a6-4333-acb9-215f67ea2365'),
('3e32f9e4-1712-4453-9d78-099280e97e82', '75a5ed99-da49-4f86-8730-9e8ea56e01bb'),
('93adc3da-868c-485f-b5e0-bd4206668133', 'e52ff0e6-6cc2-4e7c-85c6-e660b6a23569'),
('9608a613-a760-44cf-b356-166bc255b86a', 'ef3ef0cf-d265-42ec-ac1c-474a8b9ddace'),
('3785b7b4-5531-4444-b4b7-1c8333d019b0', '5dee5325-7ae9-441c-9b13-5c51d5cd53fe'),
('a171a7cc-9fdf-4970-9562-5b9173a56ae4', 'b6d6d1be-419c-477e-81ba-7503c954b5a9'),
('2ea98f77-2578-4de7-9af0-2096104ddbff', '99252597-f49b-46c2-9dab-6ab8b5538d20'),
('4a1070bf-aa87-4bc0-b1ea-5d5cc966966e', '19eeff8f-fc3d-4df3-a468-421ea9328a41'),
('780a6f47-d4bd-4224-9434-d2a54bdf48cb', '4f79e5ac-9d95-4c4c-a086-ffa5688ea13f'),
('b214346c-1756-44c3-90a9-f3d074556f1f', 'e233239f-1a3d-4c25-a167-97573cccf927'),
('fd6b8e47-299d-4266-ade9-6d73a324bf90', '58a3f24c-0e55-4cfa-87fe-6f656dff152c'),
('42818df9-15c4-48d3-97a5-995b32c690dd', 'd21238ff-b273-4045-8f68-5d973ded87f8'),
('42818df9-15c4-48d3-97a5-995b32c690dd', '47213f47-5c23-4429-a7cd-86d84020fb2a'),
('42818df9-15c4-48d3-97a5-995b32c690dd', 'fd63c690-3e61-45f1-82f4-bb58a9f4eef4'),
('8cd643b1-e331-4a43-8954-543d244f8616', '2e1c0094-3b42-4453-852e-b57985592c8e'),
('a1f43007-cede-4ba6-bbe2-2c813bd4a760', 'f4a24fb8-2049-4ccf-9581-6ddd0950f5cc'),
('96360f5c-906b-4ecc-8c79-8fdf24cbe38d', 'ecd1aa95-c4af-4d34-8978-6c4b86caabca'),
('0b4294da-a717-4fff-af8c-a74fc62260ea', '87fa743d-ef6b-4720-b295-6c4fffd8d569'),
('9f010b87-0257-4bf2-a64b-b6fea3e6b839', '3d332900-11c3-4d32-8b32-c84f6432cfe7'),
('b3d53e71-1626-4b3e-964e-392fb7ee1d22', 'fc836ec5-afb9-419c-b61c-dbec865c8460'),
('f5d5d3dc-b202-4c3d-bed6-41b947c81614', 'a9507442-767a-47d4-a745-47c57dac1829'),
('f5d5d3dc-b202-4c3d-bed6-41b947c81614', '7d19f0f5-6839-4bb5-bd45-451211ae4ae9'),
('aa8df3f9-4c85-42e0-9e22-3f7fbd595d27', '13970c16-10a3-4b3a-a08c-a961fb9b9630'),
('5191d696-7c91-43b2-a055-9429f3025ada', 'e32a4cfc-1141-4630-bd76-3732129ee901'),
('81d47cb7-3622-449f-b7d8-4433d631371d', '9efc03f6-8b6b-41fe-b793-a3aa568cb05d'),
('6c138a24-bd53-4d73-abf8-2e6b643bfbb9', '505af205-e755-48fd-9a0f-2fcc90cd0f21');

insert into artist (artistid, artistname, countryoforigin) values
('e0953779-b0a0-4a80-bd5b-e8f8a980d98e', 'The Persuader', 'Sweden'),
('741dd99b-0d6a-4581-8b7c-ba2636c16607', 'Techno Grooves', 'Belgium'),
('bbb0784e-9d17-4ea8-991a-d23ab308ab33', 'Various', 'UK & Ireland'),
('f20ff564-6f3e-498a-9d41-a9bf31f18765', 'Basic Cell', 'Germany'),
('c19f5d57-138f-42a1-9a0a-f176d7e4fe9d', 'Bassbin Twins', 'US'),
('7b127f67-b31d-4ed5-948a-92d22b48c907', 'Skeeme', 'Italy'),
('ef1c413e-5702-47df-bd91-2e25d86e335d', 'Ludacris', 'UK'),
('88bf90c9-35de-486c-8fd6-9a62510636d1', 'Rip Van Hippy', 'Australia'),
('cbd7fd01-a1ea-4e36-a684-4c8867daa5ba', 'MSD (2)', 'France'),
('9d42a5c5-3aa0-4294-b83f-74b34ed84cc9', 'FKY', 'France'),
('9183d3fe-0514-4500-ae78-79443952022b', 'M-Zone', 'UK'),
('e0a4cd1e-2c60-4490-97a1-87592f9c6326', 'Joshua', 'US'),
('98e0b517-6917-420b-9747-9e9648933a50', 'Acrisio & Romagnoli', 'Italy'),
('715b77df-8b55-4d43-bebd-55bb35a2c81b', 'Koto', 'Netherlands'),
('f03ce55b-93c3-430c-93c7-cb0c056641a1', 'Cyber People', 'Netherlands'),
('c33faf47-aa21-4cf5-a42a-8705b1a118bf', 'Proxyon', 'Netherlands'),
('d6b8cded-2467-4548-b181-67e7fded2627', 'Various', 'Taiwan'),
('661bff1e-b278-4f97-bdae-405f7dcf4490', 'Aries', 'UK'),
('7611f3b2-bcd4-4d01-9925-cb4ada1bef62', 'Carrion Commandos', 'US'),
('51834e79-6926-437f-a80c-5df95cbdb9b0', 'Surgery (2)', 'US'),
('dce151c3-0a3d-46fc-91b7-c483758fafe7', 'Peter Murphy', 'UK'),
('521030ad-3149-4f53-826c-e986dcdd75a8', 'Martine', 'France'),
('52cd1b18-4ad2-4089-92af-1e50f5f258fc', 'America (2)', 'US'),
('7495a374-2ddb-4969-b01c-b7100b615535', 'Erasure', 'Spain'),
('b6e87395-d735-488f-955c-1b507ead70d7', 'The Original Lee Love', 'US'),
('1964fa39-750f-4e9f-aa99-ed039b90392b', 'Various', 'France'),
('58a8f4f5-8bd3-492f-9fa7-e54fb9b38720', 'Manic Street Preachers', 'UK'),
('3989be40-1609-4385-894b-d0a5888b80ea', 'Caroliner', 'US'),
('e86a80a5-e791-45f5-8e9c-41f5e183bc39', 'The Paul Butterfield Blues Band', 'Europe'),
('a70aadbb-6b8b-494a-b742-3937326805cb', 'Ivica Šerfezi', 'Yugoslavia'),
('c019d1ec-8da7-48e4-ba74-4082202361c5', 'Happy Toons (2)', 'US'),
('17f11afd-cf5f-4f7c-a1ae-1f579bb6fcfd', 'Dead Fink', 'US'),
('b9f07d61-2917-460b-a104-196247756728', 'Maelstrom (12)', 'Belgium'),
('0eb925a5-774f-4e6a-9e77-5db71458d090', 'LL Cool J', 'UK'),
('03f27b23-5cdf-4107-ad77-c0a60b52ffd4', 'The Rolling Stones', 'Yugoslavia'),
('b1916804-ad6a-49cf-8bf0-8af2eaaa2abb', 'Roctum', 'Finland'),
('a73fe77b-5705-4c9f-9a46-4f00182970a9', 'Robert Plant', 'Europe'),
('ccdfe404-3e9c-4dc5-acf6-22d9175d4ed7', 'The Righteous Brothers', 'Canada'),
('5ef9ae4a-bc0d-467f-801d-3908118fed35', 'Ellery Cowles', 'US'),
('8e3c41ad-df54-4ba5-8475-24e12661088a', 'Evilion', 'Finland'),
('054b2b8e-48a3-46d4-aa82-087e9e071be7', 'Smartyz', 'Canada'),
('ea1de351-b850-4fa5-8e9e-de00ff5013e2', 'Mr. James Barth & A.D.', 'Sweden'),
('8b901316-af30-4ec6-a93c-195e7cf477ce', 'Brian Hyland', 'US'),
('9c06882b-b4b7-441b-b36c-d6a6258cfd13', 'Lawrie Immersion', 'UK'),
('096b8272-a0c9-45bc-b74b-5753f3116f9c', 'The Doors', 'Israel'),
('28ccbe71-2d8b-4ba8-b23a-8d58197cb27f', 'Black Light Orchestra', 'Netherlands'),
('48043876-c33b-405e-9616-4a8ca8a5eb73', 'Reed Miller', 'US'),
('a0bc2c31-485d-4979-b6af-4b79c9ac24e5', 'Emil Viklický', 'Czech Republic'),
('d3f3cd3b-a6c9-45d0-8267-14d091c7a05e', 'Mizar (3)', 'Macedonia'),
('2a67e1ca-3d5e-4e34-a5dd-cc0664a35276', 'Harmosini', 'Macedonia'),
('52f9529d-8061-4efb-8bc1-e2f9709214e9', 'Toxic Holocaust', 'Belarus'),
('d0ad728d-e8e7-44e8-812c-78bb8e3e2a7a', 'VO.I.D', 'Czech Republic'),
('9744e840-085c-4e4a-b5a5-df35c43e06da', 'Milanka Aranđelović', 'Yugoslavia'),
('cf477062-b390-4260-a7ab-93fe64ad7461', 'Majek Fashek', 'US'),
('0bbecad6-d3a1-4e27-9f69-b3791c43248e', 'Pearl Schwartz', 'US'),
('c52eecf1-b007-4b8f-a9eb-08fe184ed138', 'Carrie Underwood', 'US'),
('ab19ebf9-e864-4435-bf1d-4932de2e6036', 'DJ Green Lantern', 'US'),
('23fb9486-fe52-4ffe-b2bd-96882fecedd0', 'Reflected Illusions', 'Canada'),
('b442de78-f0df-4a66-b0e7-d2541f56670c', 'Joy Division', 'Europe'),
('41b21578-1db8-49dc-b8af-6eb463711dc0', 'Da Youngstas', 'US'),
('7d51f5be-7c1d-4d47-8c37-4133b965b2b1', 'Kate Bush', 'France'),
('c88efe5e-46d1-436b-b5c7-08a6089b5bbc', 'Larry Adler', 'France'),
('34173d29-33c1-4622-a0a0-42b28423a3a3', 'Hi-Five', 'UK'),
('6b580b23-9686-4249-a85c-e8dee85d2470', 'Neil Diamond', 'Japan'),
('3d4e7a46-a070-4956-8c33-d38064d8bf79', 'Better Dead Than Red', 'US'),
('c971da9b-a960-4bf4-81c7-9134cf53e98c', 'David "Fathead" Newman', 'US'),
('05e78460-8dc9-4ab2-a38a-1ffadb282add', 'Sade', 'Canada'),
('e87db847-1d10-454e-9b7c-8be459ff2283', 'Pinball (2)', 'Germany'),
('5709ba50-dd36-4e4e-b00f-ae0256191bf2', 'KRS-One', 'US'),
('eafe3103-e809-4d38-a71d-4367fc979003', 'The Short N Curlies', 'Germany'),
('c335fd19-b389-4d0c-bde1-1605485fc11e', 'Erol Evgin', 'Turkey'),
('3d5feb96-2131-4064-ade2-37209ed8c46c', 'Steaming Satellites', 'Austria'),
('66dab173-4614-4da3-bc74-e7a3c359016d', 'Johnnie Ray', 'Germany'),
('4d501084-9d88-4079-a2e4-68b458bb80e6', 'The Nackers', 'Spain'),
('41750769-e360-4c96-9f00-3f126b71a54e', 'The Ultra Twist', 'Spain'),
('93dc7cc6-0ae0-4563-b822-5baa805106a2', 'oneUP', 'UK'),
('4983730b-1dbe-496e-81c8-62b570bda689', 'Paronator', 'UK'),
('3b1351ce-9dfb-4776-9539-49f56b1f4c62', 'Bertus Staigerpaip', 'Netherlands'),
('c7a26d38-28f3-47a0-8bde-8b135779b61c', 'War', 'Denmark'),
('8cd30fac-a8ac-42a2-872d-359b5d264b36', 'Michael Jackson', 'Italy'),
('88616a91-7551-48c0-91ee-c5dd059cbfd3', 'Robert Johnson (21)', 'Germany'),
('48c77e6e-3f51-4155-a58a-c079c411a564', 'Dean Friedman', 'Canada'),
('862650b5-d3c2-413d-a94d-328792d00b73', 'Greenlight The Bombers', 'US'),
('7c994375-02cf-46ee-bb24-1a1e48a218e3', 'Sicbay', 'US'),
('1b54a568-1421-44bd-ad0b-7894c1daf7d6', 'Hardline Inc.', 'US'),
('9e82c41b-4f11-4391-a8a3-15205ae3b111', 'Nilton Joao', 'Mexico'),
('3973ae57-833a-48e3-a534-a08b2ecda0b7', 'The Motors', 'UK'),
('1e5f4960-730c-4bfe-b880-36491276a0da', 'Various', 'UK'),
('0230607e-bb32-4dbc-a478-49e54473fd15', 'Louis Armstrong And His All-Stars', 'France'),
('66f0dd50-cd08-42f3-95ad-d0cf5f198771', 'The Orlons', 'UK'),
('9b8e26e7-eb97-458f-95a3-7b434c332b02', 'Jimmy Eat World', 'Germany'),
('c0de249a-1a18-4d2d-9d68-670054da7a5f', 'Rasta Bigoud', 'France'),
('f8463110-c91f-440d-8a99-5e3f785031b3', 'Tina Stenberg', 'Sweden'),
('50ecb388-dec1-4a52-b8d0-97f5deedd8e9', 'Javier Logares', 'Germany'),
('91728255-a6a0-413d-a1f7-8015924ee319', 'The S.P.Ms', 'Jamaica'),
('f984cb02-595b-46a0-93c6-eb77808302b8', 'The Beatles', 'None'),
('5e324a4c-f046-46ab-a6de-a97ae61e9a62', 'VI', 'France'),
('6b5ad730-2ad8-4ba6-9fbd-c74f6b99c7c9', 'The Whispers', 'US'),
('ae7625b1-7b62-4c91-86c2-f3c1449d5ee7', 'Бим-Бом', 'Russia'),
('0008b62e-6f89-4923-8742-e67ab3018b63', 'Davide Dalli Cardillo', 'Germany'),
('76dcb698-6055-4bf0-9cab-fd5b3b4a05b9', 'Heidi Montag', 'None'),
('013f64c2-1d51-45ab-a0e6-36793d2159d1', 'Capercaillie', 'UK'),
('ff834b7e-9c0b-4fdc-b324-74f849d59973', 'Iva Zanicchi', 'Italy'),
('8d9acd14-1cc2-46d8-b375-1c452279960f', 'ABBA', 'UK'),
('b03149ae-c3ca-40db-8729-b5e1ef8d130b', 'Os Pescadores', 'Germany'),
('5e868914-cbdf-4f17-8597-27bf8786eb8b', 'The Furious Five', 'Canada'),
('03d85b90-99f3-4dc5-bed1-620e2884f18d', 'Cowboy', 'Canada'),
('2b931f49-6496-4359-a79c-bb2f41775165', 'Melle Mel', 'Canada'),
('6d4dec91-812c-4641-ab05-5bf71d5d84a0', 'Scorpio (3)', 'Canada'),
('78111779-d5ed-4310-859d-03363e1d7897', 'Anthrax', 'US'),
('7ba611b1-7930-4757-9e96-d4c26e583ba0', 'Royal Hunt', 'South Korea'),
('f671e45c-5e1f-4bb8-9c7e-4dc180c4e6be', 'Pennywise', 'Russia'),
('3c1960ff-234d-4767-bce7-e7d6b0159992', 'David Bisbal', 'Spain'),
('7ea4e4c0-dd62-48c2-916e-f12275be4eb0', 'The Pretenders', 'US'),
('2b46d392-d533-4652-ba79-177ce9e6bb6f', 'Turbo Belly', 'None'),
('403ab5e3-b81c-401a-8918-7a5c75babb54', 'EDU', 'Sweden'),
('7a94d00e-4f06-4642-b8ed-931a076e5122', 'Kristoffer Ljungberg', 'Sweden'),
('ce097249-92a1-4336-b031-323912b4379c', 'Occult Vomit', 'France'),
('3679dd62-57f2-4019-835d-2746321dd98b', 'Send (2)', 'UK'),
('52dbdeed-f10d-4528-94a7-64db610502ba', 'State Azure', 'UK'),
('9de6aa3b-43b9-4672-b77d-cce6b80934a2', 'Le Ragazze Cin Cin', 'Italy'),
('37ee7d54-dadf-411a-b2e1-e4eff7186862', 'Francesco Durante', 'Netherlands'),
('19344ff6-3774-4790-99a8-b4b251b166cf', 'Antonio Vivaldi', 'Netherlands'),
('8d72bbf2-7b4b-42a3-96a4-2cd774e37fa3', 'Francesco Manfredini', 'Netherlands'),
('fc34c213-0a72-472e-b703-2362b6069f93', 'I Musici', 'Netherlands'),
('4c20e0fa-21bf-462b-8892-d43ea99720a3', 'Prince', 'Canada'),
('8f01409c-7888-498e-9cab-922a525d1bab', 'Android', 'UK'),
('72b506b3-1479-4d2b-828d-7143fb8a823f', 'Diana Rowan', 'US'),
('590133f2-e7f2-4b28-958c-0aa7c1640866', 'Various', 'Germany'),
('9d464c96-41f3-4b10-add1-66a4fff6fcc0', 'Oliver Shanti & Friends', 'Switzerland'),
('798bea3c-bf34-4b6b-85a3-e1ebadaa3d0e', 'Elvis Costello', 'Germany'),
('d373fbb0-cf32-4c75-b55e-95b89394e2b8', 'Ustad Idd Mohd. Ajmeri', 'US'),
('263fb879-a6a6-4f49-a9ab-39494080dae3', 'The Younghearts', 'US'),
('ab5ae8f6-6ba6-48e9-893f-a42af1d5d9b9', 'Various', 'Europe'),
('51b745c5-5438-483b-a387-c5b8a5524a9e', 'Various', 'US'),
('3bb6a909-7769-4ff6-b5dc-3312fb8b095b', 'T-Js', 'US'),
('1e5d54fb-4122-4800-881e-c8e588efd623', 'Nekrofilth', 'Czech Republic'),
('9a60279d-23f0-433c-9d8d-f20c5c181c6e', 'Bert H', 'Netherlands'),
('69c46dc7-913a-467c-a9f0-fe600d3c4871', 'Saara Aalto', 'Finland'),
('61d81dd2-e268-46bc-b014-257f2c4d99ec', 'The Moody Blues', 'Russia'),
('45234a4f-4caa-431d-b5cf-f231eb55213d', 'M. E.', 'US'),
('a7f9daca-5c5f-49da-9afc-1c24067e72c8', 'Vinicio Capossela', 'Italy'),
('f1ba1d2d-d737-4953-a342-7e4b2bb0b003', 'Roy Clark', 'Canada'),
('fa62c1ad-365a-4f7b-8935-062dbcf0227f', 'Buck Trent', 'Canada'),
('1c6aa020-3609-4bb4-9a4d-7e1369350b67', 'Bigger Thomas', 'US'),
('f49d8fb4-2a2a-4684-9a64-91d59d06bdff', 'Smak (3)', 'Yugoslavia'),
('5986d0c8-9854-419b-bedc-e7e675b4662b', 'Les Musclés', 'France'),
('0abb4c83-c6b9-4331-89d4-e6127ff10dd0', 'Vomito Social', 'Mexico'),
('8f83f2eb-d8a4-488a-95d4-9001233c4280', 'Vomito', 'Mexico'),
('b97b1dfc-1cbb-4138-ad6f-81f8759117d1', 'María Jiménez', 'Spain'),
('5917c419-722d-4389-aca5-ab7d42213678', 'Dan Hicks And His Hot Licks', 'US'),
('766ce453-c138-4d99-9d97-b50c97c4e7c6', 'Talking Heads', 'UK'),
('56b61034-cb45-4f34-a025-5b39c5b0cfca', 'François Guierre', 'France'),
('89209e12-1df0-4eeb-b4b6-2be5fb42c098', 'Rik And The Pigs', 'US'),
('fc67c850-8895-4f69-bb8d-1ca484973b89', 'Various', 'France'),
('593c12ce-8c66-40d6-bca2-b155b3851434', 'Pugwash (2)', 'Ireland'),
('e66ba8b2-92d9-4152-9f70-1c8a741ab4e8', 'Can', 'UK'),
('0f7bdfbf-43d0-4b1c-ba80-f404b35e4df6', 'Goblin Rebirth', 'US'),
('d2c843fe-6ea5-43ba-8911-ce4fec2d0126', 'The Hollow Points', 'US'),
('458780cb-ef7d-4ba2-a31b-dc401eb3c3a8', 'Sebastian Santa Maria', 'Chile'),
('285ed775-3a42-44c1-819a-fdcc94e566ab', 'Rama (3)', 'US'),
('4e9ebaab-1da1-42a7-af58-9852df369fce', 'The Box (13)', 'Italy'),
('72013862-6124-4ead-8e87-ee1a6c0a0e76', 'Corinne (4)', 'Italy'),
('fafacff8-5228-4078-986e-5443a040e471', 'Ti Plume', 'Haiti'),
('484afede-14bb-4ad2-b494-0c8cbf5f3ce0', 'Columbia Records', 'US'),
('b48625e7-e2d7-4fa5-b3fc-0f705594666e', 'Mercury Rev', 'Europe'),
('aa1c8906-0001-4e56-9ae1-1898e7200d15', 'DJ Hostyl', 'None'),
('009bf3aa-9b3c-4cc4-b8f3-930e42e63227', 'Dödens Dal', 'Sweden'),
('dca58d92-8048-4caa-ae05-19ecca827005', 'David McWilliams', 'Israel'),
('7e5aa348-7fc8-4ef6-991d-e7b38aedecc4', 'Oui 3', 'UK'),
('4279df3c-ebbd-46d8-b8e0-b82911d4a5ce', 'Scooter', 'Russia'),
('f7ba8eac-fe20-4aec-a041-f8eb943e7673', 'Jimmy Witherspoon', 'US'),
('46b3c32e-5d1c-4ffa-86d4-d4ea06da6d16', 'Fab Gayraud', 'Ireland'),
('5f561ab8-5f11-4327-887d-a269a41787dc', 'Toto', 'US'),
('4bf7ecb7-d5f1-466f-8e6f-2947a5c09114', 'Fake?', 'Japan'),
('6a81fb6e-eccf-45c2-8729-64c6985cfc45', 'Bert Cleys', 'Belgium'),
('7c85cf22-4dc8-4ade-be6d-a7010293ebab', 'José Feliciano', 'Spain'),
('9782581a-b9f8-4f4d-ae13-888dbf1285a9', 'さくらでんぶ', 'Japan'),
('d080ab7d-5069-4cf2-a248-f08ac82ed37b', 'Billy Brown (8)', 'Australia'),
('afbf7d45-d904-44c3-9a2f-7baf111b0aa1', 'Nat King Cole', 'Denmark'),
('ed943142-2b38-43a9-a81e-4b5f21910a1a', 'Alfonso Muchacho', 'UK'),
('61ad3227-5cb3-4c47-91a2-7c9257dd9ce6', 'Slava Flash', 'Ukraine'),
('7d3a08c2-bb07-4d93-8110-cb10e879661e', 'Bédouins', 'US'),
('923bcbbc-f450-4fa2-8f51-7b5b8d37d8c5', 'Wintersleep', 'US'),
('3f9a9b49-c78a-4fcd-a804-d212cb9edf40', 'Eric Weissberg', 'France'),
('187f2573-f160-42af-b822-539f98222f07', 'Steve Mandell', 'France'),
('416ddcb1-5f6c-4fa0-a972-58f197069819', 'Tony Bennett', 'Netherlands'),
('1308dfae-b156-46d6-a795-9216d4098f76', 'The Pretenders', 'US'),
('aca8d484-9b80-402c-9100-d472927a11e6', 'Chriss Argelies', 'France'),
('ece12588-9f5a-476f-aacf-c483cb095b1b', 'Danny Chilean', 'Chile'),
('9430a783-f24c-4802-8b51-592b64a5845b', 'Inouwee', 'Europe'),
('c20a4dbe-6a98-455b-a236-976a39f8bfbb', 'The Stanley Clarke Band', 'US'),
('3ed3127b-79d6-43a1-8df9-6e7b20558580', 'Johann Adolf Hasse', 'Italy'),
('af613db7-603a-4113-b4ce-c3ead305417d', 'St. Thomas - St. Catherine Concert Band', 'US'),
('65f22d71-4198-4f09-9d5d-d24aca3e8ec1', 'Έλενα Γιαννακάκη', 'Greece'),
('3816b675-415a-40f5-bc6c-7c72eac800fb', 'Various', 'US'),
('7035af11-9dcc-4b80-8049-2a53f2fdeb3b', 'しうやP', 'Japan'),
('5ba912c9-87ba-454b-aee2-c07f676ee2cd', 'Yalın', 'None'),
('f5c35a2c-0b3a-4298-bf35-4c68bfa79146', 'Cliff Richard', 'UK'),
('5dfe305d-f364-4f44-bb2a-85ddd65f1dcc', 'Creedence Clearwater Revival', 'US'),
('dd664c8b-eef6-429e-80f6-b444ef1098c9', 'Tazenda', 'Italy'),
('a42fcbec-3ec4-433b-9f62-2183d0211e1e', 'Procol Harum', 'Russia'),
('b52d2c1b-ab41-46b4-baf6-46a6758b47b8', 'Gastropode', 'Czech Republic'),
('ee754d93-29c1-48b2-9570-c6ae7cfae9cb', 'Самуил Фурер', 'USSR'),
('39f6ccb2-6846-443a-93a3-f20c5a56878b', 'The Garnets', 'Belgium'),
('d622593e-78c9-4b54-9357-2377f6411418', 'Various', 'Bolivia'),
('6f87b30f-72bf-4bed-9ad0-37380ee4204f', 'Sir Bumpin', 'US'),
('2d484907-4d2d-4d4c-ba4f-cb1bc868c070', 'Leonardo Vinci', 'France'),
('f55c5a35-b3d1-4dad-a480-7003c4b74412', 'Cappella Della Pietà De Turchini', 'France'),
('a1427406-3332-4c4b-ba20-cf54f199ed46', 'Antonio Florio', 'France'),
('4428cd07-7186-4a9b-b442-b97d23c674d8', 'Rumble Dogs', 'Switzerland'),
('99dc45a2-acdd-41e1-8243-4f22def41521', 'Janes Kalšek Und Sein Oberkrainer Sextett', 'Germany'),
('3df07d7d-3a0f-4828-81fd-087c664e0cbc', 'Divorce Ring', 'Spain'),
('7af92944-1d9d-4abf-b301-db06594b7545', 'EQUALITYISAFALSEGOD', 'Spain'),
('461ed08a-9a5e-4c03-b471-534d11b6d6ff', 'The Kontroversy', 'US'),
('47772e85-e96c-4aac-b0fb-b4606d5b8082', 'Petra (9)', 'US'),
('2700b8ea-9c8c-4162-be48-617ba0b64a81', 'Cleopatra', 'Japan'),
('15c79928-f81e-412f-b8d9-ef2a64addf2b', 'Ray Conniff And His Orchestra & Chorus', 'Canada'),
('f2d6676c-9c19-45ad-9377-4cc4c51c90ad', 'Sister Mary (2)', 'Canada'),
('f640c2c8-6d68-4f3b-ad63-f0be7da5546e', 'Bette Midler', 'Germany'),
('b3da029a-0bc2-4b7e-add9-a4523a5d41a5', 'Various', 'US'),
('96868022-19bf-491d-a0cf-1fec96e3fde5', 'Beaver & Krause', 'US'),
('4aaa011b-8dde-4397-a676-65c171ec2f1d', 'Duke Ellington', 'Italy'),
('a2982f52-d597-494f-a38f-3ae0b40e5886', 'Deicidas', 'Spain'),
('86a6d6dc-fb86-4ea8-bc48-113a4402374d', 'Reinhard Mey', 'Germany'),
('d6769242-a2e1-444a-812c-2f52af2b3eed', 'Luke Sital-Singh', 'UK'),
('6420ac70-bbaa-403c-827a-fc1afc3dcf74', 'Led Zeppelin', 'Mexico'),
('add07cc1-4623-4125-b50d-1b331c67c2d0', 'Overlord (16)', 'Germany'),
('cf6ed7b8-8e7a-43c2-a490-e9913292ce3f', 'Tom Staar', 'Netherlands'),
('fdca7c0d-d787-4fcc-81cb-8447c95b9de3', 'Corey James', 'Netherlands'),
('8c0e7719-c3d0-4835-ad5b-b4f9f8e5bcd1', 'Fastbacks', 'Germany'),
('b78a85db-8dfc-4df6-942b-5777bb1deb67', 'Richard Butler (7)', 'UK'),
('f365102a-990a-4030-a4a2-27330273f3c4', 'Good Advices', 'US'),
('410f9db4-eb72-4e64-a887-4c752aa62d0e', 'Super Ensemble Webert Sicot', 'Haiti'),
('3922f31f-5e19-487a-b1c7-6630202c71dd', 'เย็นจิตร พรเทวี', 'Thailand'),
('eed61301-b78e-47ff-a579-f03d192c3e1f', 'นพเกล้า ดาวดวงเด่น', 'Thailand'),
('c65c07de-0e6b-4e21-828d-19547308640b', 'Prong', 'UK'),
('f9a8bf89-9492-4c94-8922-3298a483ec82', 'Dimitri From Paris', 'UK'),
('81e73633-14d2-46dd-876b-e42b55e67669', 'Yin And Yan', 'New Zealand'),
('4dd586e5-02de-4079-b6f8-b201c456ac2e', 'BGR (BeatGrooveRhythm)', 'Italy'),
('a3a9a4f9-dc2c-4fe9-889f-7bda78b818e4', 'Bounty Killer', 'US'),
('27590fc7-48a9-4ed7-a01b-c38b84a2e4ab', 'Mobb Deep', 'US'),
('12766fef-5c2b-41e7-8a4e-ea2b42248e2c', 'Big Noyd', 'US'),
('204ce634-729b-4da5-a78f-a91e2b7e3558', 'Farmer', 'Jamaica'),
('9f3fe882-40e2-478b-bcf0-e2197a5cd63f', 'Various', 'Europe'),
('a976afda-9ab7-4bbe-b35a-02497922cd49', 'Level 42', 'UK'),
('2058ef8e-2eb6-4680-a090-9d53bd394c1c', 'Fuzz (11)', 'US'),
('5bbba489-dcb6-4755-b98b-41b03b90b8d8', 'Steve Laury', 'US'),
('15c557a2-2546-48ad-be91-12f272366fa4', 'Spiral Staircase (2)', 'Portugal'),
('8e02e2b3-27a1-45c8-9970-bfa76561bbd2', 'Blue Capris', 'Germany'),
('6923b56f-a7cd-4ae6-a98b-8401fa0f3e5b', 'Chicory Tip', 'Italy'),
('855626cd-2d5a-48ac-acfc-c2a0c414ea5d', 'Jutta Hipp', 'Japan'),
('705ad84a-fc97-4d0f-bc3e-aaac3f37582c', 'Zoot Sims', 'Japan'),
('c45e0b07-a976-434c-8624-83b92b1d3b7b', 'Dalida', 'Germany'),
('198de7e3-5d37-4e5a-9c45-b31231482a9e', 'Bébé DOr', 'US'),
('2c8dc76e-1bba-4de2-b4e8-db02fac5fc12', 'Elton John', 'Canada'),
('158d1736-fef2-4f97-af4c-436517bf550a', 'GAMESHARK™', 'France'),
('f0ea13fc-b097-4eb9-a1ca-433ea6b0feca', 'Various', 'US'),
('4a5f33cc-db7f-4238-b337-dc11ffdbcc86', 'Alfons Bauer Und Seine Almdudler', 'Germany'),
('675778b2-30c1-4dea-aaeb-bd1e29cff24f', 'Gustav Mahler', 'US'),
('57c9a4c7-10b1-4325-ae61-9645a9360a3b', 'The London Symphony Orchestra', 'US'),
('bcc7b10e-3084-4541-a68e-66f37bd5f19d', 'Gilbert Kaplan', 'US'),
('9408592a-696f-49f4-9741-c19b7a08552b', 'The Masters School Glee Club / The Dobbs Sixteen', 'US'),
('d94c2ec4-7b77-4f41-88ca-afca5e255f56', 'Pete Rodriguez', 'US'),
('7838b007-5677-49f4-8519-65f52922f7b6', 'Jo Ann Castle', 'US'),
('c705fadf-b64e-4f96-830f-8bc0cad00c3a', 'Arsenal', 'Belgium'),
('c84836df-4ae4-4ce4-bbf1-39ee74607484', 'Paul Simon', 'Taiwan'),
('2cb2679c-a2bd-4549-86ee-dcfaf9746d7a', 'Sonny West (2)', 'US'),
('1e5f39ed-1016-4916-aad9-65bf7a056d4f', 'Herbert Léonard', 'France'),
('a0e26e44-0a1e-456a-96b0-b0b346c165de', 'Joy Bryan', 'Japan'),
('c1469e5c-1554-4178-b348-d93a8d57ad75', 'Cal Tjader', 'Japan'),
('4bf17ed8-53cc-446f-b51b-4ce56a4bf520', 'Eddie Palmieri', 'Japan'),
('713d71e7-9423-4475-beaa-c8d7711b07a2', 'Sextet Of The Rhythm Club Of London', 'US'),
('98ce8e99-54e9-4ed1-bb97-7c28544a668f', 'Robert Schumann', 'UK & Europe'),
('d130bbbf-6e51-4460-a5f0-fa924ecfd431', 'Pow-Wow (2)', 'Italy'),
('e48efc91-d033-49da-93dd-f6b2ad50ac54', 'Erasure', 'Malaysia'),
('c31dd6e5-c927-4e85-b0f8-94496dba01d4', 'De Marinierskapel der Koninklijke Marine', 'Netherlands'),
('863291a5-83ea-4966-be47-5065cfcbe264', 'Gert Buitenhuis', 'Netherlands'),
('80ce60cc-2020-4f14-a3c5-53efd97ae068', 'Hardfrost', 'Germany'),
('119cac6c-5151-45b0-81f0-5426d3e3f7cf', 'Four Tops', 'Germany'),
('796e1db2-66ff-4190-b8a6-5133fb4f259d', 'Rainforest (4)', 'Mexico'),
('024851cd-24da-439b-9a4b-63161d4d735e', 'Lucinha Lyra', 'Brazil'),
('f74a244d-995a-46c4-bf9e-b2041d3f5209', 'Ove Sprogøe', 'Denmark'),
('557cdee3-a406-4253-bb47-c61c57f5f9e3', 'Dirch Passer', 'Denmark'),
('c3dc418c-4f39-44ec-9af6-9b112ca9f2a1', 'Menir Moeda', 'Dutch East Indies'),
('f70617d1-66ec-4333-a6e7-ca976a4c28fb', 'Iboek', 'Dutch East Indies'),
('108cbeb8-2c8b-490c-9ee1-d778677ae57d', 'Andrea Marcelli', 'US'),
('04fcff36-87c8-4a08-ad97-264c2534d0c5', 'Patti Page', 'Germany'),
('4b740359-33a6-4536-9b31-4f21ada2e24d', 'Barbra Streisand', 'US'),
('5227c33a-b076-461c-87eb-4c0ecdc25bc9', 'Raw In Sect', 'Greece'),
('3f7804dc-e0ef-4504-a100-b2bbbe04c48d', 'Sam Mensch', 'US'),
('cfc745d5-c1e0-462f-8115-3b50678b1664', 'Ken Dixon', 'US'),
('53d65b5e-28ad-4154-b9c9-4f7d3cd0a422', 'Celio González', 'Mexico'),
('b6ce408c-61bf-41fc-bdd5-722f545cb47d', 'Frank Sinatra', 'Europe'),
('c0692e9a-7115-4d83-9e87-6dc23d204fba', 'Mario Ochoa', 'UK'),
('f478821e-85b2-4b15-ba32-5549b42c267e', 'The Cleftones', 'US'),
('a8ba9164-cc32-424d-a31c-9de2ab34e3e3', 'Pepe De Almeria', 'Spain'),
('209307a8-3542-4db4-bb33-b57949d3eee8', 'Gladys Knight And The Pips', 'France'),
('fe03a00f-9e2d-4f7e-9f16-ae93e8d67927', '喜納昌永', 'Japan'),
('8a586685-b72e-40ad-b089-98a01c2448e2', '稲嶺八重子', 'Japan'),
('b11ee4e2-fc56-487c-9486-0a00a2261e79', 'Larry Oliver', 'US'),
('fbb07d98-2eb8-46d8-926f-fa8302cf0143', 'Jahmel', 'US'),
('4ca73e7a-a437-4bc9-bb3b-fd674cf9a674', 'The Rhythm Factory', 'US'),
('7b44b854-c36d-4a07-853e-2e3b521af4f8', 'Glyder', 'Europe'),
('9448f3bd-c5d2-4230-954a-7e40e7c09cc5', 'INXS', 'France'),
('ffffd872-bbd2-4490-bafd-b77bce0c0f01', 'Jade', 'None'),
('610995e8-a0a5-4e4d-aad8-9afa79641316', 'Movin Melodies', 'UK'),
('e54f0f0b-64c6-496a-aea5-327228a753cb', 'Lisandro Meza', 'UK'),
('41282294-c0c2-43d7-bbe3-5613007ddc91', 'Anđela Anđelić', 'Yugoslavia'),
('2a14704a-2be4-4dc5-91f2-1b2e3ad3758a', 'Junko Tamiya', 'US'),
('cd014cb4-942f-4de5-a92d-226173e116cd', 'Nomadi', 'Italy'),
('0a3d9d38-c4c5-491a-b280-0517b8ac762b', 'James OFlynn And His Orchestra', 'Ireland'),
('768575ff-f2ba-4309-9d50-66441b80cf76', 'Various', 'Finland'),
('6b7e49be-98bf-4c5c-97d4-19e338997d2e', 'Various', 'Germany'),
('2c92181f-eab6-45c0-8dd7-d1615af19da4', 'Judy Garland', 'New Zealand'),
('8cdcd52f-3e38-4529-9070-442d1e3035e9', 'Andreas Klamm', 'Germany'),
('27df2cf1-2eb6-4601-92b7-87f9419fbb26', 'Konstantin Unwohl', 'Germany'),
('44febd0d-5ef7-4a95-9b5d-d770140ed6fb', 'Kjurr', 'None'),
('de20ac61-6f32-40dd-a9de-f67dc57f9591', 'Vasco Rossi', 'Italy'),
('b91ceaae-c32e-43be-85c1-7a143c198aa2', 'Frederic Lamond', 'UK'),
('dcfef390-fcd4-48d0-923d-0c2318c2cbe1', 'Seth Anderson', 'USA & Canada'),
('b9d399e6-c235-497e-a1df-233b30cbe61a', 'xCUNTKICKERx', 'US'),
('27a430ad-f255-44f5-a0f3-57168c11340d', 'Spirit (8)', 'US'),
('a0a7c4dc-c3ae-4951-ba75-d43bee8c7a78', 'Vidna Obmana', 'Belgium'),
('be305ec3-4e2a-47cb-8de3-fd20f7e96303', 'Marcel Dupré', 'US'),
('cf4d24a7-516d-4769-94c8-c684bf0aaf05', 'Jeff Buckley', 'UK'),
('8c33b3b5-3f16-42fd-80dd-c6ba8764f844', 'Gary Lucas', 'UK'),
('5dc79be1-b43c-4a27-be30-3525501845e4', 'Francesco Castelli', 'Italy'),
('e51892d4-2980-4952-8169-4c7ea2534180', 'Annie Cordy', 'France'),
('7179f6a2-d04b-488c-94f4-d179fdf06c6d', 'Skyclad', 'Japan'),
('142035c3-8fa3-41d8-b649-f86ad98fe82a', 'Thoby Mutis', 'Indonesia'),
('4a1035d5-a7b2-40dd-829c-5a041bfc8e2a', 'Carlos Blanco Fadol', 'Indonesia'),
('d0c71ffe-3886-4ff9-9fb5-36df3f9b767d', 'Eva Manso', 'Indonesia'),
('a5b8f733-3e2b-4c2c-9463-0046c1ecd9dd', 'Gilang Ramadhan', 'Indonesia'),
('3f2858b8-8382-4d6a-a467-52f866a9ba38', 'Adi Darmawan', 'Indonesia'),
('353834a8-f200-4b8e-a6c0-fd6d121e79ac', 'John Keiff', 'Indonesia'),
('6fd85eee-32e1-45ee-9fb2-20509b720a29', 'Ivan Nestorman', 'Indonesia'),
('acdb19e4-8f6c-4e78-93ae-1a86035117e1', 'Naringgo Singers', 'Indonesia'),
('c93bbde1-0850-464c-a584-44cd6624b94b', 'Strakers Rebels Orchestra', 'US'),
('753c3182-6a3a-45cb-984a-148551057bce', 'Designer (3)', 'US'),
('034b8e3a-2db0-4d19-af66-771c1fc9a549', 'Wendy Mitchell (2)', 'US'),
('bea63f1e-9a79-470f-89a7-8367be1ca161', 'Gorillaz', 'Brazil'),
('066df80b-005f-4378-9a14-55f9d0a67350', 'Garbage', 'Brazil'),
('41dbb879-25ee-4bcc-84f1-8724c9535c96', 'The Doors', 'Sweden'),
('c1b49b1f-5fd1-41d3-9df7-560419d7432f', 'Repressive Proteins', 'US'),
('4255ff9f-ee62-41e0-8265-cbc33dea55b0', 'Teddy Chilambe', 'Zambia'),
('bb04c691-d5fe-439c-9202-97bbb11efe21', 'Heman (3)', 'South Korea'),
('da38b58e-81c0-456c-b140-33c47892459c', 'Tom Ennis', 'US'),
('483499fb-1a8c-4fa4-abd2-9641e7cb0ede', 'John Garridy', 'US'),
('0a097d0d-a861-4e07-8359-15450a516f64', 'Saiten-Ensemble Steglitz', 'Germany'),
('adff9052-0a6e-436b-82be-536e85924241', 'Wolfgang Jentzsch', 'Germany'),
('9420e623-d513-4bd4-b8d7-41be3602180c', 'Владимир Новиков (3)', 'USSR'),
('ced90297-7795-40ff-94fc-eb461c321b3c', 'De Groot And His Orchestra', 'UK'),
('41eb6a3e-b218-4424-81c8-2eeef6e88058', 'Ural (2)', 'US'),
('71637732-f20d-4c29-8665-9b3e4b0b6899', 'Ignition (5)', 'US'),
('9d6533d7-3ef7-4689-860d-6897e35d034d', 'Loma (10)', 'Europe'),
('36467cb7-29d6-45ca-95cb-c0a8b569b31b', 'Terumasa Hino Quintet', 'Japan'),
('0135ad09-2f15-449c-8468-9cac67a2116d', 'Alfons Haider', 'Austria'),
('5e47df2c-a6d1-486a-a74e-fbb64a398e9c', 'Bruce Springsteen', 'Spain'),
('af64bbc9-1e01-404f-b2b2-266f367aae53', 'Ayane Fukumi', 'US'),
('1c81ba2a-7fbe-43c5-8019-79ff6f628e69', 'D_rradio', 'UK'),
('0264ef69-7cae-4b7d-b23c-59271ebb5593', 'Various', 'Brazil'),
('7bbee6fa-84ac-427b-bfff-13c180721875', 'Black Wing', 'US'),
('cea2ec70-ccdd-4f8f-bea0-92d53a113f03', 'Eptic', 'Canada'),
('61fc0f42-0b25-416f-8f1d-cbedf58c40ea', 'Haruki Murakami (2)', 'Germany'),
('6fd107d0-4fd4-44b0-9a3c-8e5353352a00', 'David Nathan', 'Germany'),
('0591212d-ef8c-48fa-af0a-952cbdcacb7a', 'Erick Saint-Laurent', 'France'),
('53f54bc9-e7eb-438b-a337-8391966890e7', 'Various', 'US'),
('db3eeb81-8a1d-485b-9803-9cd593ae89b3', 'Sizzla', 'Jamaica'),
('4c106eff-0a6a-4aa1-90d0-43e2bd2c3e9c', 'Capleton', 'Jamaica'),
('164d1dcc-7547-4593-9707-8000abea02bc', 'Lexxus', 'Jamaica'),
('94b599ad-4c40-4de8-a6ee-d6cb03663d51', 'Beenie Man', 'Jamaica'),
('88911fef-b3fa-4f46-8e3d-02e77da0ba03', 'Sizzla', 'Jamaica'),
('cee365fd-6300-40a1-b393-3e4c48f34613', 'Kokwak', 'France'),
('98bd12b5-f3c8-4fca-a7bb-5b24df4092f1', 'Brainkicker', 'France'),
('af29b571-b9c3-4642-9f70-258089ac0380', 'Smiley Beat', 'France'),
('f90aa3c6-d074-4c3d-b6e3-98fdbd569f37', 'Fate Destroyed', 'US'),
('4edc0f5b-124a-4fb1-80fd-a2cd8a94f208', 'Ermal Meta', 'Europe'),
('a4914452-854a-4594-96d6-a270f2c7af76', 'Sister Janet Mead', 'South Korea'),
('2dfe4f56-4d84-4148-81bd-f657ff294fdb', 'Bushido (2)', 'Germany'),
('56921b38-55b8-4616-957f-353efa3f9942', 'Jerry Hammons', 'US'),
('ae4efd2c-b54d-465a-b267-c13f2153c6bb', 'Carol OShaughnessy', 'US'),
('5e7e72c8-5b80-4261-bc77-9d53486529aa', 'Various', 'Canada'),
('7d8e2600-94aa-4ef9-8874-f7d8050ceee8', 'Dave Stewart And The Spiritual Cowboys', 'Japan'),
('8d13151d-f071-4c3d-b21d-9f11d416a796', 'Nat King Cole', 'US'),
('90e4abc5-e605-49a2-b614-fbb6f08d76d0', 'Microlin', 'UK'),
('79b015e2-ce38-423b-a168-3328af2b11b0', 'Various', 'Finland'),
('f9b95b85-4339-451f-97f0-a4ceeb3029d8', 'TV Toy', 'US'),
('0c0e9435-3e17-47cf-8e32-670a6cad4b15', 'Mark Forster (3)', 'None'),
('a13b342f-99a6-4333-acb9-215f67ea2365', 'Ryan Muns', 'None'),
('75a5ed99-da49-4f86-8730-9e8ea56e01bb', 'Henry Kawahara', 'Japan'),
('e52ff0e6-6cc2-4e7c-85c6-e660b6a23569', 'Dirkschneider & The Old Gang', 'Europe'),
('ef3ef0cf-d265-42ec-ac1c-474a8b9ddace', 'Ventolin (3)', 'Czech Republic & Slovakia'),
('5dee5325-7ae9-441c-9b13-5c51d5cd53fe', 'Eddie Jackson (3)', 'US'),
('b6d6d1be-419c-477e-81ba-7503c954b5a9', 'Highbury (3)', 'US'),
('99252597-f49b-46c2-9dab-6ab8b5538d20', 'Stefan Raab & Die Bekloppten', 'Germany'),
('19eeff8f-fc3d-4df3-a468-421ea9328a41', 'Marc Cohn', 'Europe'),
('4f79e5ac-9d95-4c4c-a086-ffa5688ea13f', 'Hijack (2)', 'UK'),
('e233239f-1a3d-4c25-a167-97573cccf927', 'Negură Bunget', 'Germany'),
('58a3f24c-0e55-4cfa-87fe-6f656dff152c', 'All That Remains', 'US'),
('d21238ff-b273-4045-8f68-5d973ded87f8', 'Martin Achrainer', 'None'),
('47213f47-5c23-4429-a7cd-86d84020fb2a', 'Maki Namekawa', 'None'),
('fd63c690-3e61-45f1-82f4-bb58a9f4eef4', 'Philip Glass', 'None'),
('2e1c0094-3b42-4453-852e-b57985592c8e', 'Joe Jackson', 'Europe'),
('f4a24fb8-2049-4ccf-9581-6ddd0950f5cc', 'Risa Tachibana', 'Japan'),
('ecd1aa95-c4af-4d34-8978-6c4b86caabca', 'James Mosley (3)', 'US'),
('87fa743d-ef6b-4720-b295-6c4fffd8d569', 'Before Breakfast', 'UK'),
('3d332900-11c3-4d32-8b32-c84f6432cfe7', 'President Bongo', 'None'),
('fc836ec5-afb9-419c-b61c-dbec865c8460', 'Rahzel', 'US'),
('a9507442-767a-47d4-a745-47c57dac1829', 'Derek Palmer (2)', 'US'),
('7d19f0f5-6839-4bb5-bd45-451211ae4ae9', 'Hidden Tigress', 'US'),
('13970c16-10a3-4b3a-a08c-a961fb9b9630', 'Alicia De Larrocha', 'Spain'),
('e32a4cfc-1141-4630-bd76-3732129ee901', 'Necrogod', 'India'),
('9efc03f6-8b6b-41fe-b793-a3aa568cb05d', 'Paul McCartney', 'Brazil'),
('505af205-e755-48fd-9a0f-2fcc90cd0f21', 'Bier Shunt', 'Worldwide');

insert into artist_productids (artist_artistid, productid) values
('e0953779-b0a0-4a80-bd5b-e8f8a980d98e', '140bde05-0858-4bc8-8939-a657523f6a27'),
('741dd99b-0d6a-4581-8b7c-ba2636c16607', 'e2af5378-b483-44e6-9369-5a0a61ccd815'),
('bbb0784e-9d17-4ea8-991a-d23ab308ab33', 'fc103a09-c92e-4608-a8d6-970ea29a247f'),
('f20ff564-6f3e-498a-9d41-a9bf31f18765', '36e5f38a-f7cf-4bee-8bcf-3a407d06370e'),
('c19f5d57-138f-42a1-9a0a-f176d7e4fe9d', '0b424de4-4763-4719-a448-f941af1cfd79'),
('7b127f67-b31d-4ed5-948a-92d22b48c907', 'f86007bd-1335-46eb-9d61-b9945d874915'),
('ef1c413e-5702-47df-bd91-2e25d86e335d', 'f5121df1-b337-4290-aaee-fdbd3b3bb0ab'),
('88bf90c9-35de-486c-8fd6-9a62510636d1', '8e056b7e-cc31-4426-956b-edeaff779a71'),
('cbd7fd01-a1ea-4e36-a684-4c8867daa5ba', '8bffe3df-4377-4a11-8614-6e275f3da1ad'),
('9d42a5c5-3aa0-4294-b83f-74b34ed84cc9', '8bffe3df-4377-4a11-8614-6e275f3da1ad'),
('9183d3fe-0514-4500-ae78-79443952022b', '18d221c4-bdee-4f6b-a0ae-29fa8568083a'),
('e0a4cd1e-2c60-4490-97a1-87592f9c6326', '0e309ea0-0f63-4388-889a-499471b4ff04'),
('98e0b517-6917-420b-9747-9e9648933a50', '98d472ac-6133-40f9-971f-5b2217da4f96'),
('715b77df-8b55-4d43-bebd-55bb35a2c81b', '6e74e2c1-6b80-4f98-9353-7cde14817c0c'),
('f03ce55b-93c3-430c-93c7-cb0c056641a1', '6e74e2c1-6b80-4f98-9353-7cde14817c0c'),
('c33faf47-aa21-4cf5-a42a-8705b1a118bf', '6e74e2c1-6b80-4f98-9353-7cde14817c0c'),
('d6b8cded-2467-4548-b181-67e7fded2627', '39059c8e-501d-47fc-a72d-b1772c748fe4'),
('661bff1e-b278-4f97-bdae-405f7dcf4490', '096b0d74-cb19-4247-936d-ff87debab63e'),
('7611f3b2-bcd4-4d01-9925-cb4ada1bef62', 'da5d5176-ae14-4fb2-ba4b-cbf9e1558df5'),
('51834e79-6926-437f-a80c-5df95cbdb9b0', '474d082c-248c-4ad2-abf6-0ee93d202192'),
('dce151c3-0a3d-46fc-91b7-c483758fafe7', 'a8818754-3824-454c-9db6-dcfeaf4d42bb'),
('521030ad-3149-4f53-826c-e986dcdd75a8', 'b267ba2d-0369-48bf-a872-27fa564588d7'),
('52cd1b18-4ad2-4089-92af-1e50f5f258fc', '6c911a7a-6a23-4bf8-b12d-ed06b4ad40ca'),
('7495a374-2ddb-4969-b01c-b7100b615535', '93ffa27f-5aa1-41e1-8d5e-24118c6913f4'),
('b6e87395-d735-488f-955c-1b507ead70d7', '91e0de83-04f8-411c-b17f-0f3035a9398a'),
('1964fa39-750f-4e9f-aa99-ed039b90392b', '52400645-a0db-4b03-830c-270a4e4a3762'),
('58a8f4f5-8bd3-492f-9fa7-e54fb9b38720', 'e68d4023-1297-461b-b930-9f26a920599a'),
('3989be40-1609-4385-894b-d0a5888b80ea', '35898bf2-8c0e-4343-9e9c-4dd981ce06af'),
('e86a80a5-e791-45f5-8e9c-41f5e183bc39', '99c32d1c-2316-4fe3-87a4-6ac575815189'),
('a70aadbb-6b8b-494a-b742-3937326805cb', '02656dc2-3809-4b12-9ad8-6125e94e455e'),
('c019d1ec-8da7-48e4-ba74-4082202361c5', '7ccab5b1-d191-4aab-9b98-4c2b7e573b3f'),
('17f11afd-cf5f-4f7c-a1ae-1f579bb6fcfd', '7ccab5b1-d191-4aab-9b98-4c2b7e573b3f'),
('b9f07d61-2917-460b-a104-196247756728', '8d564d2e-1e12-4267-8236-0886b2950aa7'),
('0eb925a5-774f-4e6a-9e77-5db71458d090', '1fd33260-5f2c-4fd4-ad2c-2221377f3a44'),
('03f27b23-5cdf-4107-ad77-c0a60b52ffd4', '04674a25-380a-460e-860d-d07b8f1ff2d5'),
('b1916804-ad6a-49cf-8bf0-8af2eaaa2abb', 'a0a7e474-9c0a-4c2c-bdac-cb02801ffde2'),
('a73fe77b-5705-4c9f-9a46-4f00182970a9', '13d89805-1213-4fb3-b4d1-3a054df910c3'),
('ccdfe404-3e9c-4dc5-acf6-22d9175d4ed7', '29e3e99c-f1cc-4797-9333-dd42561b357d'),
('5ef9ae4a-bc0d-467f-801d-3908118fed35', 'f4464cdf-d4f6-46bf-b571-4b686a3a065c'),
('8e3c41ad-df54-4ba5-8475-24e12661088a', '72ebf33a-9112-4e0b-ba76-a4bc845de9c6'),
('054b2b8e-48a3-46d4-aa82-087e9e071be7', '117f1d8d-5e63-4b54-8548-68ce0f3429a5'),
('ea1de351-b850-4fa5-8e9e-de00ff5013e2', '65ead489-6030-4925-aadd-60cbefd1a4ac'),
('8b901316-af30-4ec6-a93c-195e7cf477ce', '29950661-bc4f-4b35-82ec-a528930ff105'),
('9c06882b-b4b7-441b-b36c-d6a6258cfd13', '57f764d9-9a67-4ab3-ad83-c620d39a6c31'),
('096b8272-a0c9-45bc-b74b-5753f3116f9c', 'c6dd1813-ef90-4ed7-8c99-bacb8b62f402'),
('28ccbe71-2d8b-4ba8-b23a-8d58197cb27f', 'f323b4e2-ba0f-4e09-898f-dc1b5bd51210'),
('48043876-c33b-405e-9616-4a8ca8a5eb73', 'a8b48873-5aba-48a8-b83c-d502db62948d'),
('a0bc2c31-485d-4979-b6af-4b79c9ac24e5', '43583547-f54e-44c7-82a8-7c23505b07f6'),
('d3f3cd3b-a6c9-45d0-8267-14d091c7a05e', 'ea175b27-940a-4eb1-bd05-91425c358ada'),
('2a67e1ca-3d5e-4e34-a5dd-cc0664a35276', 'ea175b27-940a-4eb1-bd05-91425c358ada'),
('52f9529d-8061-4efb-8bc1-e2f9709214e9', 'f223b83d-541e-4a8b-996a-076bcbbc3021'),
('d0ad728d-e8e7-44e8-812c-78bb8e3e2a7a', 'aabb44b6-4fe7-4942-82a7-6bd7a74a7497'),
('9744e840-085c-4e4a-b5a5-df35c43e06da', '9ca4c552-2abc-4b71-813a-9285158930fe'),
('cf477062-b390-4260-a7ab-93fe64ad7461', 'bdc837a8-def5-4f21-bd75-e30b6e9ce9d8'),
('0bbecad6-d3a1-4e27-9f69-b3791c43248e', 'f9fe65e0-c4e3-4889-98d4-9c787564f4e2'),
('c52eecf1-b007-4b8f-a9eb-08fe184ed138', '6ff705ba-6517-4565-878b-759d0ae78d3c'),
('ab19ebf9-e864-4435-bf1d-4932de2e6036', 'f72f1aca-3233-421a-86b4-367a1764fa82'),
('23fb9486-fe52-4ffe-b2bd-96882fecedd0', '54676448-f1ff-4573-a70b-0baa1a06abc7'),
('b442de78-f0df-4a66-b0e7-d2541f56670c', '2cdcf2e2-6d4a-4f4a-b6c8-845a682de750'),
('41b21578-1db8-49dc-b8af-6eb463711dc0', '757f2092-9421-4756-afcd-fd60ed7bc2b8'),
('7d51f5be-7c1d-4d47-8c37-4133b965b2b1', 'a5030a41-2b1d-4068-9bc2-770ee078761d'),
('c88efe5e-46d1-436b-b5c7-08a6089b5bbc', 'a5030a41-2b1d-4068-9bc2-770ee078761d'),
('34173d29-33c1-4622-a0a0-42b28423a3a3', 'd740be41-7012-4d8b-a55d-2114f8166bca'),
('6b580b23-9686-4249-a85c-e8dee85d2470', '46c8d9b6-c7c8-44c2-8e91-664b109e2503'),
('3d4e7a46-a070-4956-8c33-d38064d8bf79', 'd887ab38-3cb5-4491-b634-de3d29cf1a93'),
('c971da9b-a960-4bf4-81c7-9134cf53e98c', 'f9626dd3-87dd-4b35-b738-9cf473b919c8'),
('05e78460-8dc9-4ab2-a38a-1ffadb282add', '97cb211d-6cc3-4469-a60c-a2127cae22af'),
('e87db847-1d10-454e-9b7c-8be459ff2283', '7800209c-9a38-498e-8514-75dd38164ec5'),
('5709ba50-dd36-4e4e-b00f-ae0256191bf2', '429f3d6c-9cb1-4b63-a030-e1fdfbb9ab0d'),
('eafe3103-e809-4d38-a71d-4367fc979003', 'ecf25433-9798-4db4-82d5-f15e9901627c'),
('c335fd19-b389-4d0c-bde1-1605485fc11e', '1a7a0f9d-5abf-437a-8652-f6b18b2b0532'),
('3d5feb96-2131-4064-ade2-37209ed8c46c', 'ddf81ac1-4519-4286-862c-ff097c5e4bf9'),
('66dab173-4614-4da3-bc74-e7a3c359016d', 'c20b304f-2aa7-4335-bc87-39613157bbc4'),
('4d501084-9d88-4079-a2e4-68b458bb80e6', '18a65d1a-bca0-42c2-ac35-ca1be871ddd4'),
('41750769-e360-4c96-9f00-3f126b71a54e', '18a65d1a-bca0-42c2-ac35-ca1be871ddd4'),
('93dc7cc6-0ae0-4563-b822-5baa805106a2', 'de126ddc-edb9-4692-a76d-3410dd4ec3cc'),
('4983730b-1dbe-496e-81c8-62b570bda689', '55b50722-08e6-4484-8a61-09ddb274705a'),
('3b1351ce-9dfb-4776-9539-49f56b1f4c62', '6ebca75f-33aa-444e-bd1a-be0a3d0aed22'),
('c7a26d38-28f3-47a0-8bde-8b135779b61c', 'bcd0b5b5-cba2-4c46-8534-90a432bcc361'),
('8cd30fac-a8ac-42a2-872d-359b5d264b36', '68085960-3389-40f9-9004-a4abafcd163d'),
('88616a91-7551-48c0-91ee-c5dd059cbfd3', '06b87389-55a4-4607-9e49-23f8f0f68be3'),
('48c77e6e-3f51-4155-a58a-c079c411a564', '1d9dcba1-74c4-4ce1-8641-0679875d2e1b'),
('862650b5-d3c2-413d-a94d-328792d00b73', '3f1ff452-3ac0-4380-af19-6e910977b319'),
('7c994375-02cf-46ee-bb24-1a1e48a218e3', 'e2fff065-32b8-4c84-83d7-1b62263a05f8'),
('1b54a568-1421-44bd-ad0b-7894c1daf7d6', 'afcc2716-7e13-41ec-88b9-75fb4c627845'),
('9e82c41b-4f11-4391-a8a3-15205ae3b111', 'fdbc0276-98c8-409c-98ef-507f7c4c91af'),
('3973ae57-833a-48e3-a534-a08b2ecda0b7', '8981de9e-b038-4bee-a6cc-8320e1adad32'),
('1e5f4960-730c-4bfe-b880-36491276a0da', 'f615a6d0-3ef6-4e40-acf1-fbc92cf2c25a'),
('0230607e-bb32-4dbc-a478-49e54473fd15', '9f9e7be1-5512-44b9-a7c1-cbbcb6b14bd8'),
('66f0dd50-cd08-42f3-95ad-d0cf5f198771', 'b3d8869e-e31f-4c77-a7ab-2726b5776964'),
('9b8e26e7-eb97-458f-95a3-7b434c332b02', '6b6f188a-08fe-41f0-8c0b-d2706676a4b9'),
('c0de249a-1a18-4d2d-9d68-670054da7a5f', 'c431a6d8-cc26-4023-8a21-175a29bbaaba'),
('f8463110-c91f-440d-8a99-5e3f785031b3', 'b3c7b33e-880b-422b-87b0-7b6c346f2890'),
('50ecb388-dec1-4a52-b8d0-97f5deedd8e9', '9c4b34a9-a3f3-4956-829a-27e1d9a8fee3'),
('91728255-a6a0-413d-a1f7-8015924ee319', 'bfaa8889-644f-49b8-b32c-1bc6f8d0d56a'),
('f984cb02-595b-46a0-93c6-eb77808302b8', 'bb2fcfaf-f9fc-48cd-a73a-bc028938ac8b'),
('5e324a4c-f046-46ab-a6de-a97ae61e9a62', '419a7a59-a7dc-47f8-82d5-523a1c70f07d'),
('6b5ad730-2ad8-4ba6-9fbd-c74f6b99c7c9', '9346c598-d5e7-4c71-9750-1f56adf2ba6f'),
('ae7625b1-7b62-4c91-86c2-f3c1449d5ee7', 'ac5bd5d6-b614-49fb-a0af-78db1e4c2429'),
('0008b62e-6f89-4923-8742-e67ab3018b63', 'edd26b9e-138f-4863-808e-1976f089252b'),
('76dcb698-6055-4bf0-9cab-fd5b3b4a05b9', '045a7218-5fb7-4832-9464-8106511bbf40'),
('013f64c2-1d51-45ab-a0e6-36793d2159d1', '785adb0c-dd97-4158-8e35-3f167bd88d51'),
('ff834b7e-9c0b-4fdc-b324-74f849d59973', '4e14f596-3573-44b1-ace2-ed635f3def42'),
('8d9acd14-1cc2-46d8-b375-1c452279960f', '00797822-3eff-4594-b556-3d1624fbcd4b'),
('b03149ae-c3ca-40db-8729-b5e1ef8d130b', 'bce74b9e-853b-4bff-ab0b-2448424a8b6e'),
('5e868914-cbdf-4f17-8597-27bf8786eb8b', '601404e8-d18c-4c1d-b497-1e6b93be306d'),
('03d85b90-99f3-4dc5-bed1-620e2884f18d', '601404e8-d18c-4c1d-b497-1e6b93be306d'),
('2b931f49-6496-4359-a79c-bb2f41775165', '601404e8-d18c-4c1d-b497-1e6b93be306d'),
('6d4dec91-812c-4641-ab05-5bf71d5d84a0', '601404e8-d18c-4c1d-b497-1e6b93be306d'),
('78111779-d5ed-4310-859d-03363e1d7897', '85464130-d080-4e7e-a904-3b47942bf6d4'),
('7ba611b1-7930-4757-9e96-d4c26e583ba0', '1434e096-577b-4ee7-9b32-8a0c5040ae50'),
('f671e45c-5e1f-4bb8-9c7e-4dc180c4e6be', 'c118bdaa-6e0b-43ce-af77-92eb0725dc8a'),
('3c1960ff-234d-4767-bce7-e7d6b0159992', 'bbc9def6-e349-4661-a43f-ced248ccbb3a'),
('7ea4e4c0-dd62-48c2-916e-f12275be4eb0', 'b91ceae8-84b1-4298-b7c1-bfe2add3a805'),
('2b46d392-d533-4652-ba79-177ce9e6bb6f', '601b43ee-150c-4cad-9ecd-8e19ab6585bd'),
('403ab5e3-b81c-401a-8918-7a5c75babb54', '6e40db66-60a7-4654-9c51-a4010d02a7b0'),
('7a94d00e-4f06-4642-b8ed-931a076e5122', '6e40db66-60a7-4654-9c51-a4010d02a7b0'),
('ce097249-92a1-4336-b031-323912b4379c', '300dd83d-9e7d-4224-aa73-d8b1e0f89248'),
('3679dd62-57f2-4019-835d-2746321dd98b', 'b6b8dc38-9db6-4eb7-a824-74fc218817e0'),
('52dbdeed-f10d-4528-94a7-64db610502ba', '4ef9cafb-8151-4a92-a238-960b53dd16ba'),
('9de6aa3b-43b9-4672-b77d-cce6b80934a2', 'ced0a587-70f9-42e1-a0cb-7b403d065b75'),
('37ee7d54-dadf-411a-b2e1-e4eff7186862', '41add66a-1119-4d46-8fae-b48cc324c84b'),
('19344ff6-3774-4790-99a8-b4b251b166cf', '41add66a-1119-4d46-8fae-b48cc324c84b'),
('8d72bbf2-7b4b-42a3-96a4-2cd774e37fa3', '41add66a-1119-4d46-8fae-b48cc324c84b'),
('fc34c213-0a72-472e-b703-2362b6069f93', '41add66a-1119-4d46-8fae-b48cc324c84b'),
('4c20e0fa-21bf-462b-8892-d43ea99720a3', '336a4a0d-3bee-4cf3-a8c9-162ca48c797c'),
('8f01409c-7888-498e-9cab-922a525d1bab', 'f3ff713d-b853-4e21-950e-083eea58ecd7'),
('72b506b3-1479-4d2b-828d-7143fb8a823f', 'cd604d5e-6586-4dd4-9809-c62e6e6e8586'),
('590133f2-e7f2-4b28-958c-0aa7c1640866', '418ad0ae-3ffc-44f9-b114-661cf465f791'),
('9d464c96-41f3-4b10-add1-66a4fff6fcc0', 'b4c57f3f-c6f9-4c0e-af9b-8716babf8714'),
('798bea3c-bf34-4b6b-85a3-e1ebadaa3d0e', 'db5a1377-b276-4dc2-a104-ca0cb9ed82b5'),
('d373fbb0-cf32-4c75-b55e-95b89394e2b8', '36aaf4f5-b2a9-4be1-b2ea-e6c847867ff0'),
('263fb879-a6a6-4f49-a9ab-39494080dae3', '8837c616-8649-421d-b812-ff61175c4bf6'),
('ab5ae8f6-6ba6-48e9-893f-a42af1d5d9b9', '6245f713-08b7-425b-97e9-cb3156c0f019'),
('51b745c5-5438-483b-a387-c5b8a5524a9e', '46422095-ea2b-4056-b52f-46f77d934297'),
('3bb6a909-7769-4ff6-b5dc-3312fb8b095b', 'a80a550f-dc1d-45ac-b824-9630209d4035'),
('1e5d54fb-4122-4800-881e-c8e588efd623', '17a62d8d-8235-4b89-aa6a-dccc5216fa6a'),
('9a60279d-23f0-433c-9d8d-f20c5c181c6e', '55fe27d8-fb2f-4c29-95a1-6ab8673a557a'),
('69c46dc7-913a-467c-a9f0-fe600d3c4871', '67b99ae0-dcfa-4f0d-b133-8a286ec00a9e'),
('61d81dd2-e268-46bc-b014-257f2c4d99ec', 'b868e7e5-14d5-4f71-940b-632df89692b8'),
('45234a4f-4caa-431d-b5cf-f231eb55213d', 'dd5ae385-df3f-42a7-8abd-fd0a16b3235b'),
('a7f9daca-5c5f-49da-9afc-1c24067e72c8', 'ef481700-bd71-4c80-ba6c-b23bbc83e662'),
('f1ba1d2d-d737-4953-a342-7e4b2bb0b003', '2a037e26-fae2-4b1b-9198-3e7eb925778f'),
('fa62c1ad-365a-4f7b-8935-062dbcf0227f', '2a037e26-fae2-4b1b-9198-3e7eb925778f'),
('1c6aa020-3609-4bb4-9a4d-7e1369350b67', '077aea6a-ad45-4f8e-b41a-f442c822670a'),
('f49d8fb4-2a2a-4684-9a64-91d59d06bdff', '856aff14-853f-44ad-8644-472ba8bfc0c4'),
('5986d0c8-9854-419b-bedc-e7e675b4662b', 'badfdf2f-b51a-49b4-b12b-8885e8f66bf8'),
('0abb4c83-c6b9-4331-89d4-e6127ff10dd0', 'eb8d20a2-34f0-4746-95bd-88471f760f50'),
('8f83f2eb-d8a4-488a-95d4-9001233c4280', 'eb8d20a2-34f0-4746-95bd-88471f760f50'),
('b97b1dfc-1cbb-4138-ad6f-81f8759117d1', 'b98b3694-7cfe-4be5-97fd-4621ec05c7f5'),
('5917c419-722d-4389-aca5-ab7d42213678', '7fec5bf5-f7b2-4d56-8c2f-5cc656c4770c'),
('766ce453-c138-4d99-9d97-b50c97c4e7c6', '51e656db-3b95-47bd-a044-f24365247f9d'),
('56b61034-cb45-4f34-a025-5b39c5b0cfca', '417dbb1e-257c-4ab5-b839-63dda76f1cf7'),
('89209e12-1df0-4eeb-b4b6-2be5fb42c098', '05ca7745-f12e-43d8-bd8d-03b9266b9543'),
('fc67c850-8895-4f69-bb8d-1ca484973b89', '7626110c-c53f-4bc2-906b-2ec8ca6eaeb6'),
('593c12ce-8c66-40d6-bca2-b155b3851434', '0d57206e-4f6a-4ea2-9cc7-513274ee8fb6'),
('e66ba8b2-92d9-4152-9f70-1c8a741ab4e8', 'd8fb116d-9474-4ce8-a506-ab3d39feafa0'),
('0f7bdfbf-43d0-4b1c-ba80-f404b35e4df6', '116a7b77-3e81-45ce-85f8-32375b80b450'),
('d2c843fe-6ea5-43ba-8911-ce4fec2d0126', '44acbda7-1c41-471b-8e72-b40461c30869'),
('458780cb-ef7d-4ba2-a31b-dc401eb3c3a8', 'e8ed685c-b207-433c-a93e-9efe6d276806'),
('285ed775-3a42-44c1-819a-fdcc94e566ab', 'b5c7c1ff-bcf3-4579-a45a-d0e5f667ffb8'),
('4e9ebaab-1da1-42a7-af58-9852df369fce', '6305a867-37a2-4f7b-9fee-ac61c0ef5009'),
('72013862-6124-4ead-8e87-ee1a6c0a0e76', '6305a867-37a2-4f7b-9fee-ac61c0ef5009'),
('fafacff8-5228-4078-986e-5443a040e471', '09e260b5-6aab-4af4-835f-f33b8119c812'),
('484afede-14bb-4ad2-b494-0c8cbf5f3ce0', '0489a00b-0080-47e1-85b9-14448f1f7e28'),
('b48625e7-e2d7-4fa5-b3fc-0f705594666e', '0f9e855d-e189-4d33-8e5d-b78fe33bf78b'),
('aa1c8906-0001-4e56-9ae1-1898e7200d15', 'a379abdd-2009-41d0-bc75-8b5a2324e9c7'),
('009bf3aa-9b3c-4cc4-b8f3-930e42e63227', '7f0bebc3-baf2-434b-8b57-025f9711ca92'),
('dca58d92-8048-4caa-ae05-19ecca827005', '16731765-729c-4bc3-89a3-41cb58f70065'),
('7e5aa348-7fc8-4ef6-991d-e7b38aedecc4', '196a3a89-6f81-4d28-b0e4-9d9e6c1ca3ac'),
('4279df3c-ebbd-46d8-b8e0-b82911d4a5ce', '04df4a08-186f-4b4b-81a8-370b1dd76c99'),
('f7ba8eac-fe20-4aec-a041-f8eb943e7673', 'cb0f5308-a569-417c-ac51-db080a69cc17'),
('46b3c32e-5d1c-4ffa-86d4-d4ea06da6d16', '6e808bbe-e84b-4583-84b5-57532e73593d'),
('5f561ab8-5f11-4327-887d-a269a41787dc', '5bed5fcb-79eb-45eb-9296-993d465f54aa'),
('4bf7ecb7-d5f1-466f-8e6f-2947a5c09114', '4e0ee5c5-dd8a-419c-b538-6fb4b9e52a75'),
('6a81fb6e-eccf-45c2-8729-64c6985cfc45', 'c398c1ef-031c-49a4-a6fc-1441fdabf64c'),
('7c85cf22-4dc8-4ade-be6d-a7010293ebab', '8c14a36e-c8c3-46ec-8e3f-fb30e198b222'),
('9782581a-b9f8-4f4d-ae13-888dbf1285a9', 'd5cb2c40-40b4-4925-a591-1d9168ec9fa8'),
('d080ab7d-5069-4cf2-a248-f08ac82ed37b', 'ff4b8b59-6580-41b2-b291-b5fca87b630b'),
('afbf7d45-d904-44c3-9a2f-7baf111b0aa1', 'bbd6dce8-c4f4-4a89-bc5d-3e258ea7108b'),
('ed943142-2b38-43a9-a81e-4b5f21910a1a', '82abbe9f-1da1-4bc0-b0d2-b68191c1a234'),
('61ad3227-5cb3-4c47-91a2-7c9257dd9ce6', 'd567ec29-bc6a-442c-8980-a4f2158dd70c'),
('7d3a08c2-bb07-4d93-8110-cb10e879661e', 'cb136de0-1cea-47da-b0c4-183ac1ae8f15'),
('923bcbbc-f450-4fa2-8f51-7b5b8d37d8c5', '13ce8645-9799-455a-812b-773178095d6a'),
('3f9a9b49-c78a-4fcd-a804-d212cb9edf40', '9070fa8b-85e9-4077-93b4-da8016a6152e'),
('187f2573-f160-42af-b822-539f98222f07', '9070fa8b-85e9-4077-93b4-da8016a6152e'),
('416ddcb1-5f6c-4fa0-a972-58f197069819', '25a97525-0c56-4fb6-b094-109bc4337658'),
('1308dfae-b156-46d6-a795-9216d4098f76', '8415d1f5-2201-4e0f-a031-3ce9a4a39253'),
('aca8d484-9b80-402c-9100-d472927a11e6', '21aa49cf-0c4e-4aaa-9f46-79631697f0b7'),
('ece12588-9f5a-476f-aacf-c483cb095b1b', 'f0d057b1-ba20-4925-8a91-55ad8bd91f1f'),
('9430a783-f24c-4802-8b51-592b64a5845b', 'd454e0fe-4964-4170-a65c-81e2ddd7c85b'),
('c20a4dbe-6a98-455b-a236-976a39f8bfbb', '8abe0b26-9581-45b8-856e-27e26a09ad0f'),
('3ed3127b-79d6-43a1-8df9-6e7b20558580', '331176a1-9c1b-4421-980f-9f3ef3165a30'),
('af613db7-603a-4113-b4ce-c3ead305417d', 'd1522fc8-01e1-458a-9ff7-67456e069b2e'),
('65f22d71-4198-4f09-9d5d-d24aca3e8ec1', 'cdc80b5a-56bf-4900-93a0-a10922ff172c'),
('3816b675-415a-40f5-bc6c-7c72eac800fb', '5fe830c3-3ab5-4d0d-9f13-57e8e7cf7e0c'),
('7035af11-9dcc-4b80-8049-2a53f2fdeb3b', '77a4845c-d0c9-40a8-bfc8-049d6b5a6b13'),
('5ba912c9-87ba-454b-aee2-c07f676ee2cd', '41c79c34-96b3-4d4e-9342-95f94a37f494'),
('f5c35a2c-0b3a-4298-bf35-4c68bfa79146', '679d3f0a-c968-4948-8a75-791366071343'),
('5dfe305d-f364-4f44-bb2a-85ddd65f1dcc', '2c7f97cc-fd73-4f89-b3ca-455889690bbd'),
('dd664c8b-eef6-429e-80f6-b444ef1098c9', 'df394b7a-7a44-49d4-8f4e-22a66305db50'),
('a42fcbec-3ec4-433b-9f62-2183d0211e1e', '49d02577-672e-4a87-9a73-5ccf8320bb3d'),
('b52d2c1b-ab41-46b4-baf6-46a6758b47b8', 'a40ec9d3-39ba-455b-8b2f-f3643f78f4ad'),
('ee754d93-29c1-48b2-9570-c6ae7cfae9cb', '528357d1-366b-4ba7-9d66-32f5ae844921'),
('39f6ccb2-6846-443a-93a3-f20c5a56878b', '3e5d385e-13b8-4905-ba92-b547e7a20330'),
('d622593e-78c9-4b54-9357-2377f6411418', '85cc3b59-c028-46bb-879b-178376528874'),
('6f87b30f-72bf-4bed-9ad0-37380ee4204f', '31505789-0c37-451d-b6a4-1dcc37bc7c66'),
('2d484907-4d2d-4d4c-ba4f-cb1bc868c070', 'e9e74756-a122-4890-9851-c289d486cf12'),
('f55c5a35-b3d1-4dad-a480-7003c4b74412', 'e9e74756-a122-4890-9851-c289d486cf12'),
('a1427406-3332-4c4b-ba20-cf54f199ed46', 'e9e74756-a122-4890-9851-c289d486cf12'),
('4428cd07-7186-4a9b-b442-b97d23c674d8', '6ee040ee-7c2a-43fd-92b5-a27279314fe4'),
('99dc45a2-acdd-41e1-8243-4f22def41521', 'ec41d9bb-067a-4231-a6e1-28dae29dc00a'),
('3df07d7d-3a0f-4828-81fd-087c664e0cbc', '5d929f51-6a6c-4adc-b00b-e2b13f2718c0'),
('7af92944-1d9d-4abf-b301-db06594b7545', '5d929f51-6a6c-4adc-b00b-e2b13f2718c0'),
('461ed08a-9a5e-4c03-b471-534d11b6d6ff', '126cbb31-24af-48aa-9a09-dcbaede2e81b'),
('47772e85-e96c-4aac-b0fb-b4606d5b8082', 'd91ae29e-9fdf-4b4d-a295-2de8ef6f5bf9'),
('2700b8ea-9c8c-4162-be48-617ba0b64a81', '8ad71bcc-8ca9-4b9a-a9db-cc0b27c25299'),
('15c79928-f81e-412f-b8d9-ef2a64addf2b', 'd0979d37-58ef-41bc-b7bb-25d122547743'),
('f2d6676c-9c19-45ad-9377-4cc4c51c90ad', '1d73b26a-e0fe-4ec3-bfea-f04729418b27'),
('f640c2c8-6d68-4f3b-ad63-f0be7da5546e', '88e32eee-db5e-47f3-8931-e8b6f5bb4672'),
('b3da029a-0bc2-4b7e-add9-a4523a5d41a5', '0cf0e803-f0f6-4d6a-9b72-7826ad935c01'),
('96868022-19bf-491d-a0cf-1fec96e3fde5', 'd4326d45-c56f-4b6e-a778-c249c06f61f6'),
('4aaa011b-8dde-4397-a676-65c171ec2f1d', '0d61ceb5-0cda-4776-83be-deae6382f0e8'),
('a2982f52-d597-494f-a38f-3ae0b40e5886', 'f82c549b-bb9f-413b-9831-28d8052607b6'),
('86a6d6dc-fb86-4ea8-bc48-113a4402374d', 'b7f09dbe-3ae5-44b0-93fc-2277ae98ae9f'),
('d6769242-a2e1-444a-812c-2f52af2b3eed', '1e140b9e-6c6d-4c2e-b837-c6b9956becb3'),
('6420ac70-bbaa-403c-827a-fc1afc3dcf74', '4aee0b60-5ab1-4eb5-b04f-354639cf7793'),
('add07cc1-4623-4125-b50d-1b331c67c2d0', '5f5a96bc-b417-45ac-8063-b8b43b0ac62e'),
('cf6ed7b8-8e7a-43c2-a490-e9913292ce3f', 'dba2af40-ee01-449f-b9d7-9ea1f9e05f85'),
('fdca7c0d-d787-4fcc-81cb-8447c95b9de3', 'dba2af40-ee01-449f-b9d7-9ea1f9e05f85'),
('8c0e7719-c3d0-4835-ad5b-b4f9f8e5bcd1', 'dce6ff3b-c6e6-4d7f-b2f5-090f89efb313'),
('b78a85db-8dfc-4df6-942b-5777bb1deb67', '27cab04d-baf6-42b9-97f4-240728277e84'),
('f365102a-990a-4030-a4a2-27330273f3c4', 'ad116651-e93f-474b-8d3b-e2c52f068793'),
('410f9db4-eb72-4e64-a887-4c752aa62d0e', 'd34ba4a4-8c9b-432e-be7d-d7132cd32e69'),
('3922f31f-5e19-487a-b1c7-6630202c71dd', '5342ab69-d5a5-4066-be3e-142acc813151'),
('eed61301-b78e-47ff-a579-f03d192c3e1f', '5342ab69-d5a5-4066-be3e-142acc813151'),
('c65c07de-0e6b-4e21-828d-19547308640b', '99ac6910-800d-4170-b687-f2c29341a205'),
('f9a8bf89-9492-4c94-8922-3298a483ec82', '950de2c0-12a8-4808-8a5a-0c3527b5a478'),
('81e73633-14d2-46dd-876b-e42b55e67669', '55fbe9cb-5d4a-4f7a-b87b-8863f9d8c9ff'),
('4dd586e5-02de-4079-b6f8-b201c456ac2e', 'dd519d2c-95a4-4775-b5cc-60001f9a085d'),
('a3a9a4f9-dc2c-4fe9-889f-7bda78b818e4', '987ef6d6-45ac-46a4-b9e9-48ee67e67908'),
('27590fc7-48a9-4ed7-a01b-c38b84a2e4ab', '987ef6d6-45ac-46a4-b9e9-48ee67e67908'),
('12766fef-5c2b-41e7-8a4e-ea2b42248e2c', '987ef6d6-45ac-46a4-b9e9-48ee67e67908'),
('204ce634-729b-4da5-a78f-a91e2b7e3558', '2d408fea-ba92-4879-8edd-ef9eef1f989f'),
('9f3fe882-40e2-478b-bcf0-e2197a5cd63f', '81599727-40c6-4166-9fd9-da12779a5eb3'),
('a976afda-9ab7-4bbe-b35a-02497922cd49', 'f16097cd-09da-4869-ba27-abe7ad003494'),
('2058ef8e-2eb6-4680-a090-9d53bd394c1c', '6da324bb-5141-4e3b-98fd-88bc7a1993ee'),
('5bbba489-dcb6-4755-b98b-41b03b90b8d8', '466fb94b-6eca-475b-8448-30c73262f76d'),
('15c557a2-2546-48ad-be91-12f272366fa4', 'a8eb0c5c-9b6a-4f6f-96b2-ff0ffe78134b'),
('8e02e2b3-27a1-45c8-9970-bfa76561bbd2', 'fe2a4f45-cc26-49b9-b2c1-3c5b76614dc7'),
('6923b56f-a7cd-4ae6-a98b-8401fa0f3e5b', '3277a246-c188-409a-ae43-fbd8c557d603'),
('855626cd-2d5a-48ac-acfc-c2a0c414ea5d', 'cd1365dd-cf4f-4233-8ff9-daa1756097fb'),
('705ad84a-fc97-4d0f-bc3e-aaac3f37582c', 'cd1365dd-cf4f-4233-8ff9-daa1756097fb'),
('c45e0b07-a976-434c-8624-83b92b1d3b7b', '337a7412-3c67-4663-920e-11190fab8d16'),
('198de7e3-5d37-4e5a-9c45-b31231482a9e', 'e24b00d9-3d22-4bf7-adb0-896048cd4a2f'),
('2c8dc76e-1bba-4de2-b4e8-db02fac5fc12', 'f5f98f40-24a6-49a0-b175-f25c591a9977'),
('158d1736-fef2-4f97-af4c-436517bf550a', 'bbe8fd9c-e2a6-4130-9903-26d961c1280b'),
('f0ea13fc-b097-4eb9-a1ca-433ea6b0feca', '5e907143-fe61-4371-8e8c-53b7816152c5'),
('4a5f33cc-db7f-4238-b337-dc11ffdbcc86', '5bd02d22-ff12-4b82-96e0-3b2a33451dd3'),
('675778b2-30c1-4dea-aaeb-bd1e29cff24f', '8901c92a-65a8-4ac4-9b72-275c24537a6f'),
('57c9a4c7-10b1-4325-ae61-9645a9360a3b', '8901c92a-65a8-4ac4-9b72-275c24537a6f'),
('bcc7b10e-3084-4541-a68e-66f37bd5f19d', '8901c92a-65a8-4ac4-9b72-275c24537a6f'),
('9408592a-696f-49f4-9741-c19b7a08552b', '9ad248d2-532c-48b5-b23f-f9634bd7a98e'),
('d94c2ec4-7b77-4f41-88ca-afca5e255f56', 'c34aed01-9953-4a6c-89fd-c536a284a490'),
('7838b007-5677-49f4-8519-65f52922f7b6', '529ca601-5183-43a9-8e65-5a6390ee9574'),
('c705fadf-b64e-4f96-830f-8bc0cad00c3a', '752ed159-3089-4acf-aefb-1cd86c33c100'),
('c84836df-4ae4-4ce4-bbf1-39ee74607484', '5d1b5e1c-890a-424d-a7cc-ce0e4010840e'),
('2cb2679c-a2bd-4549-86ee-dcfaf9746d7a', 'bd442866-a821-41b8-8a8e-99717d3776ce'),
('1e5f39ed-1016-4916-aad9-65bf7a056d4f', '555f51ba-7ac1-41eb-ac60-77b06c7201c3'),
('a0e26e44-0a1e-456a-96b0-b0b346c165de', '85f876f6-63ce-4490-a685-cbb22430053a'),
('c1469e5c-1554-4178-b348-d93a8d57ad75', '18e27a0b-9858-4e82-a509-67c50412aa64'),
('4bf17ed8-53cc-446f-b51b-4ce56a4bf520', '18e27a0b-9858-4e82-a509-67c50412aa64'),
('713d71e7-9423-4475-beaa-c8d7711b07a2', '7a404cc0-2345-4e5b-92f7-5e16b132dbdb'),
('98ce8e99-54e9-4ed1-bb97-7c28544a668f', 'a1b28d21-c7b4-4fa6-b36c-5075de200324'),
('d130bbbf-6e51-4460-a5f0-fa924ecfd431', 'bf94b566-96b7-49ab-b803-f67d65ec90cd'),
('e48efc91-d033-49da-93dd-f6b2ad50ac54', '94daeab6-9ab6-4536-b448-0a53ada0efd3'),
('c31dd6e5-c927-4e85-b0f8-94496dba01d4', 'a3beb099-c0d0-4afd-a097-99db60db3700'),
('863291a5-83ea-4966-be47-5065cfcbe264', 'a3beb099-c0d0-4afd-a097-99db60db3700'),
('80ce60cc-2020-4f14-a3c5-53efd97ae068', '8e8f3523-1990-48f2-b901-13496640bd07'),
('119cac6c-5151-45b0-81f0-5426d3e3f7cf', 'ab0ba89c-d432-4579-a48f-c3e5c283a9f2'),
('796e1db2-66ff-4190-b8a6-5133fb4f259d', '6244e6d2-8dc3-453f-8bea-cfa511df1f35'),
('024851cd-24da-439b-9a4b-63161d4d735e', '038e3dbe-1915-4035-bff6-7e7891a0b650'),
('f74a244d-995a-46c4-bf9e-b2041d3f5209', 'f5c6dfe2-69d2-46fe-8b6c-ffca3751e4a3'),
('557cdee3-a406-4253-bb47-c61c57f5f9e3', 'f5c6dfe2-69d2-46fe-8b6c-ffca3751e4a3'),
('c3dc418c-4f39-44ec-9af6-9b112ca9f2a1', 'd6e0393b-674d-4b28-a37c-ef518b45495b'),
('f70617d1-66ec-4333-a6e7-ca976a4c28fb', 'd6e0393b-674d-4b28-a37c-ef518b45495b'),
('108cbeb8-2c8b-490c-9ee1-d778677ae57d', 'b3297ea0-91b4-4536-8a1a-784ca75ff4bb'),
('04fcff36-87c8-4a08-ad97-264c2534d0c5', '596f779f-c0da-4a62-8036-a9eb54374ad0'),
('4b740359-33a6-4536-9b31-4f21ada2e24d', '03709882-5974-47b3-94f5-00ff96ce5256'),
('5227c33a-b076-461c-87eb-4c0ecdc25bc9', '723a93c1-3a03-4492-9600-d9dfc3951bff'),
('3f7804dc-e0ef-4504-a100-b2bbbe04c48d', '1fc6d88d-0553-4f6a-bd3f-0a7782bcdc9e'),
('cfc745d5-c1e0-462f-8115-3b50678b1664', '2942aa7d-9d34-4fd2-a0d4-00aee8b6ee5c'),
('53d65b5e-28ad-4154-b9c9-4f7d3cd0a422', '26c4bc07-3ec7-42a6-bca2-a8201b8f4b62'),
('b6ce408c-61bf-41fc-bdd5-722f545cb47d', '71eb0b1e-406f-4f80-b185-a74df3f879a0'),
('c0692e9a-7115-4d83-9e87-6dc23d204fba', '4fc72eae-848d-44a6-8a6e-7001ee2032c4'),
('f478821e-85b2-4b15-ba32-5549b42c267e', 'f9deb694-aca4-4651-9578-99842fa68d14'),
('a8ba9164-cc32-424d-a31c-9de2ab34e3e3', '591c36fd-9ce2-407c-bc44-156f006f9e0c'),
('209307a8-3542-4db4-bb33-b57949d3eee8', '5ad1cb7f-5a3f-4c72-aa34-2263f4019dff'),
('fe03a00f-9e2d-4f7e-9f16-ae93e8d67927', 'b9d9a273-1ddf-403b-becf-eb64a391836c'),
('8a586685-b72e-40ad-b089-98a01c2448e2', 'b9d9a273-1ddf-403b-becf-eb64a391836c'),
('b11ee4e2-fc56-487c-9486-0a00a2261e79', '1bc4c745-5706-4d33-9e00-fc4f115b9e04'),
('fbb07d98-2eb8-46d8-926f-fa8302cf0143', '1bc4c745-5706-4d33-9e00-fc4f115b9e04'),
('4ca73e7a-a437-4bc9-bb3b-fd674cf9a674', '1bc4c745-5706-4d33-9e00-fc4f115b9e04'),
('7b44b854-c36d-4a07-853e-2e3b521af4f8', '057b4189-c876-484b-a44a-ce04bdce9dbb'),
('9448f3bd-c5d2-4230-954a-7e40e7c09cc5', '21bd2050-75de-44d3-9e2d-8c8d0124d3de'),
('ffffd872-bbd2-4490-bafd-b77bce0c0f01', '2e51f7d7-d9b1-4a0a-a05c-34e3f1e45a18'),
('610995e8-a0a5-4e4d-aad8-9afa79641316', '78c8cbf2-d9e5-477d-aff4-541192bcc4b5'),
('e54f0f0b-64c6-496a-aea5-327228a753cb', 'f368d7c2-97a4-44d8-b5b1-2ae3ce1ba652'),
('41282294-c0c2-43d7-bbe3-5613007ddc91', '50242658-274f-4c65-b272-b1f03c791706'),
('2a14704a-2be4-4dc5-91f2-1b2e3ad3758a', 'da850deb-c6f9-455b-899b-7b0003eacc8a'),
('cd014cb4-942f-4de5-a92d-226173e116cd', '7b312373-252f-45fc-9331-0fcd1756d849'),
('0a3d9d38-c4c5-491a-b280-0517b8ac762b', 'a1e71964-184b-4194-9a66-1e5a4882809d'),
('768575ff-f2ba-4309-9d50-66441b80cf76', 'e02fc560-d2d3-4068-ab30-badf416cf755'),
('6b7e49be-98bf-4c5c-97d4-19e338997d2e', 'f56e9b12-c096-46a2-b85c-8657b216204a'),
('2c92181f-eab6-45c0-8dd7-d1615af19da4', 'bac93a8b-64a1-4757-9306-fd7e380576fb'),
('8cdcd52f-3e38-4529-9070-442d1e3035e9', 'ceb124e5-37a9-4dd3-b947-7f3c91e8c6e8'),
('27df2cf1-2eb6-4601-92b7-87f9419fbb26', 'b4d80625-027b-4be2-9806-5a7facf55d40'),
('44febd0d-5ef7-4a95-9b5d-d770140ed6fb', '7397aabf-52b4-4f83-ba5e-a1330825edb3'),
('de20ac61-6f32-40dd-a9de-f67dc57f9591', '3fc47375-99f2-4afe-ae44-5725cf1ec945'),
('b91ceaae-c32e-43be-85c1-7a143c198aa2', '9ea9f097-bb8d-4025-84ca-2db20f6e8bef'),
('dcfef390-fcd4-48d0-923d-0c2318c2cbe1', '2de71567-222f-47b6-91ee-07b9a911a2ca'),
('b9d399e6-c235-497e-a1df-233b30cbe61a', 'db092ac8-59b2-49db-9be0-be37dc58ac70'),
('27a430ad-f255-44f5-a0f3-57168c11340d', '55e06e5d-a52e-4125-b221-6d7b70374592'),
('a0a7c4dc-c3ae-4951-ba75-d43bee8c7a78', '82548588-1e41-4597-80e3-90fcc0acf8a1'),
('be305ec3-4e2a-47cb-8de3-fd20f7e96303', '496d33e3-0f34-4eea-80c4-d41fba807f2c'),
('cf4d24a7-516d-4769-94c8-c684bf0aaf05', '531f6b8d-1f26-47e9-be4e-1a123aa33fd8'),
('8c33b3b5-3f16-42fd-80dd-c6ba8764f844', '531f6b8d-1f26-47e9-be4e-1a123aa33fd8'),
('5dc79be1-b43c-4a27-be30-3525501845e4', 'ee53fedb-a077-4e65-8969-f0e659a73bc8'),
('e51892d4-2980-4952-8169-4c7ea2534180', '4ed6cde0-45eb-4e82-b9f3-d9777eaa3395'),
('7179f6a2-d04b-488c-94f4-d179fdf06c6d', '004b90af-b5e8-465b-83c5-f95a54f6b665'),
('142035c3-8fa3-41d8-b649-f86ad98fe82a', '8af3744c-1362-4524-bb0e-071934ff912c'),
('4a1035d5-a7b2-40dd-829c-5a041bfc8e2a', '8af3744c-1362-4524-bb0e-071934ff912c'),
('d0c71ffe-3886-4ff9-9fb5-36df3f9b767d', '8af3744c-1362-4524-bb0e-071934ff912c'),
('a5b8f733-3e2b-4c2c-9463-0046c1ecd9dd', '8af3744c-1362-4524-bb0e-071934ff912c'),
('3f2858b8-8382-4d6a-a467-52f866a9ba38', '8af3744c-1362-4524-bb0e-071934ff912c'),
('353834a8-f200-4b8e-a6c0-fd6d121e79ac', '8af3744c-1362-4524-bb0e-071934ff912c'),
('6fd85eee-32e1-45ee-9fb2-20509b720a29', '8af3744c-1362-4524-bb0e-071934ff912c'),
('acdb19e4-8f6c-4e78-93ae-1a86035117e1', '8af3744c-1362-4524-bb0e-071934ff912c'),
('c93bbde1-0850-464c-a584-44cd6624b94b', 'dcd658b0-c1dc-4a15-8b84-22e1f9268c0f'),
('753c3182-6a3a-45cb-984a-148551057bce', 'dcd658b0-c1dc-4a15-8b84-22e1f9268c0f'),
('034b8e3a-2db0-4d19-af66-771c1fc9a549', 'dcd658b0-c1dc-4a15-8b84-22e1f9268c0f'),
('bea63f1e-9a79-470f-89a7-8367be1ca161', '83bab565-44de-4867-887f-23ec6d62f8c0'),
('066df80b-005f-4378-9a14-55f9d0a67350', '83bab565-44de-4867-887f-23ec6d62f8c0'),
('41dbb879-25ee-4bcc-84f1-8724c9535c96', 'b6f92f13-41ad-48dc-83b6-5cc2f4042952'),
('c1b49b1f-5fd1-41d3-9df7-560419d7432f', '2787c802-a0c1-46ca-a05c-1983649e8330'),
('4255ff9f-ee62-41e0-8265-cbc33dea55b0', '77491371-5e34-47fd-ab8a-b7807524d67c'),
('bb04c691-d5fe-439c-9202-97bbb11efe21', 'ac847465-1fe7-40ce-b148-8c3318c0d9f2'),
('da38b58e-81c0-456c-b140-33c47892459c', '938f91d1-30b8-4a1c-ac96-95dc8e289732'),
('483499fb-1a8c-4fa4-abd2-9641e7cb0ede', '938f91d1-30b8-4a1c-ac96-95dc8e289732'),
('0a097d0d-a861-4e07-8359-15450a516f64', '0f073788-d44c-4680-8110-8e548d611df3'),
('adff9052-0a6e-436b-82be-536e85924241', '0f073788-d44c-4680-8110-8e548d611df3'),
('9420e623-d513-4bd4-b8d7-41be3602180c', 'af47caba-adce-4487-ad6b-8d25d58c3aa5'),
('ced90297-7795-40ff-94fc-eb461c321b3c', '2dc4c859-85ef-4389-872c-f2418284c63a'),
('41eb6a3e-b218-4424-81c8-2eeef6e88058', 'd08c5ea6-e5f7-4992-b221-edd95cdf01c8'),
('71637732-f20d-4c29-8665-9b3e4b0b6899', '92bec27f-a7ed-4467-9beb-0ad6c99799a1'),
('9d6533d7-3ef7-4689-860d-6897e35d034d', 'c151bc58-a460-4c63-9e4d-0222a9b76f77'),
('36467cb7-29d6-45ca-95cb-c0a8b569b31b', 'a71ed6b5-22a0-4514-9822-8b5e99a7a7b3'),
('0135ad09-2f15-449c-8468-9cac67a2116d', '462668c5-37ec-4368-98cf-0283280be582'),
('5e47df2c-a6d1-486a-a74e-fbb64a398e9c', '3a96bb0d-9d0f-434f-bf97-a60c51bf45bd'),
('af64bbc9-1e01-404f-b2b2-266f367aae53', '720237f6-bc0e-4eed-97b7-56efb7eff01a'),
('1c81ba2a-7fbe-43c5-8019-79ff6f628e69', '27e90d8a-05b5-4451-92f4-61887fcd491d'),
('0264ef69-7cae-4b7d-b23c-59271ebb5593', '7ad38b1c-ac71-46d9-8470-d71d8a2dd3b8'),
('7bbee6fa-84ac-427b-bfff-13c180721875', '24eaa20f-4691-4817-a530-d6c18c6c5bdf'),
('cea2ec70-ccdd-4f8f-bea0-92d53a113f03', 'cbc9ca75-13dd-45b1-9e3c-9c0831a4067a'),
('61fc0f42-0b25-416f-8f1d-cbedf58c40ea', 'a3232896-86a4-4549-b7fa-0e48b9da5d24'),
('6fd107d0-4fd4-44b0-9a3c-8e5353352a00', 'a3232896-86a4-4549-b7fa-0e48b9da5d24'),
('0591212d-ef8c-48fa-af0a-952cbdcacb7a', 'd9b2b83d-a800-4d83-95dd-a83694344890'),
('53f54bc9-e7eb-438b-a337-8391966890e7', 'e8f79d03-c93f-43be-9f00-54a238abbc53'),
('db3eeb81-8a1d-485b-9803-9cd593ae89b3', '9c1245c6-827f-4059-a878-914fc7ae0cac'),
('4c106eff-0a6a-4aa1-90d0-43e2bd2c3e9c', '9c1245c6-827f-4059-a878-914fc7ae0cac'),
('164d1dcc-7547-4593-9707-8000abea02bc', '9c1245c6-827f-4059-a878-914fc7ae0cac'),
('94b599ad-4c40-4de8-a6ee-d6cb03663d51', '9c1245c6-827f-4059-a878-914fc7ae0cac'),
('88911fef-b3fa-4f46-8e3d-02e77da0ba03', '9c1245c6-827f-4059-a878-914fc7ae0cac'),
('cee365fd-6300-40a1-b393-3e4c48f34613', '42cf1b28-744e-4e7f-9130-9d342b9a5a62'),
('98bd12b5-f3c8-4fca-a7bb-5b24df4092f1', '42cf1b28-744e-4e7f-9130-9d342b9a5a62'),
('af29b571-b9c3-4642-9f70-258089ac0380', '42cf1b28-744e-4e7f-9130-9d342b9a5a62'),
('f90aa3c6-d074-4c3d-b6e3-98fdbd569f37', '1ae1124b-69c7-47d1-9360-ed4a97a107e2'),
('4edc0f5b-124a-4fb1-80fd-a2cd8a94f208', 'f7463fc8-7234-4e48-90fd-7e9a25c4cfc2'),
('a4914452-854a-4594-96d6-a270f2c7af76', '096bb824-0339-4f78-891a-2572c95dd32e'),
('2dfe4f56-4d84-4148-81bd-f657ff294fdb', '3a1aa354-d92e-409a-914c-23ffc86d34c3'),
('56921b38-55b8-4616-957f-353efa3f9942', '33f560f5-f6c5-4bc4-9702-c73ef0ee2119'),
('ae4efd2c-b54d-465a-b267-c13f2153c6bb', 'c8f9405c-6ba4-4bef-ace3-bb260dcca947'),
('5e7e72c8-5b80-4261-bc77-9d53486529aa', '761f3744-c4a7-401c-87bb-e0c4b259cbe2'),
('7d8e2600-94aa-4ef9-8874-f7d8050ceee8', '9070500a-0195-4631-a1d2-e71e666e026c'),
('8d13151d-f071-4c3d-b21d-9f11d416a796', 'f8528dc2-c950-45e6-8bba-54aceb6bd270'),
('90e4abc5-e605-49a2-b614-fbb6f08d76d0', '3842d4c6-3f92-4a37-9421-b6e8e73df1d4'),
('79b015e2-ce38-423b-a168-3328af2b11b0', '0a70b181-07d0-4bd5-a563-16e24c030912'),
('f9b95b85-4339-451f-97f0-a4ceeb3029d8', 'dca6c2d4-eddd-4c3b-bc4d-686e6abd96ba'),
('0c0e9435-3e17-47cf-8e32-670a6cad4b15', 'ea7a9c2c-f8df-44d8-9d0c-da2e2335bc9e'),
('a13b342f-99a6-4333-acb9-215f67ea2365', 'ec10d4b5-a7e1-4e18-bc47-77594541b54f'),
('75a5ed99-da49-4f86-8730-9e8ea56e01bb', '3e32f9e4-1712-4453-9d78-099280e97e82'),
('e52ff0e6-6cc2-4e7c-85c6-e660b6a23569', '93adc3da-868c-485f-b5e0-bd4206668133'),
('ef3ef0cf-d265-42ec-ac1c-474a8b9ddace', '9608a613-a760-44cf-b356-166bc255b86a'),
('5dee5325-7ae9-441c-9b13-5c51d5cd53fe', '3785b7b4-5531-4444-b4b7-1c8333d019b0'),
('b6d6d1be-419c-477e-81ba-7503c954b5a9', 'a171a7cc-9fdf-4970-9562-5b9173a56ae4'),
('99252597-f49b-46c2-9dab-6ab8b5538d20', '2ea98f77-2578-4de7-9af0-2096104ddbff'),
('19eeff8f-fc3d-4df3-a468-421ea9328a41', '4a1070bf-aa87-4bc0-b1ea-5d5cc966966e'),
('4f79e5ac-9d95-4c4c-a086-ffa5688ea13f', '780a6f47-d4bd-4224-9434-d2a54bdf48cb'),
('e233239f-1a3d-4c25-a167-97573cccf927', 'b214346c-1756-44c3-90a9-f3d074556f1f'),
('58a3f24c-0e55-4cfa-87fe-6f656dff152c', 'fd6b8e47-299d-4266-ade9-6d73a324bf90'),
('d21238ff-b273-4045-8f68-5d973ded87f8', '42818df9-15c4-48d3-97a5-995b32c690dd'),
('47213f47-5c23-4429-a7cd-86d84020fb2a', '42818df9-15c4-48d3-97a5-995b32c690dd'),
('fd63c690-3e61-45f1-82f4-bb58a9f4eef4', '42818df9-15c4-48d3-97a5-995b32c690dd'),
('2e1c0094-3b42-4453-852e-b57985592c8e', '8cd643b1-e331-4a43-8954-543d244f8616'),
('f4a24fb8-2049-4ccf-9581-6ddd0950f5cc', 'a1f43007-cede-4ba6-bbe2-2c813bd4a760'),
('ecd1aa95-c4af-4d34-8978-6c4b86caabca', '96360f5c-906b-4ecc-8c79-8fdf24cbe38d'),
('87fa743d-ef6b-4720-b295-6c4fffd8d569', '0b4294da-a717-4fff-af8c-a74fc62260ea'),
('3d332900-11c3-4d32-8b32-c84f6432cfe7', '9f010b87-0257-4bf2-a64b-b6fea3e6b839'),
('fc836ec5-afb9-419c-b61c-dbec865c8460', 'b3d53e71-1626-4b3e-964e-392fb7ee1d22'),
('a9507442-767a-47d4-a745-47c57dac1829', 'f5d5d3dc-b202-4c3d-bed6-41b947c81614'),
('7d19f0f5-6839-4bb5-bd45-451211ae4ae9', 'f5d5d3dc-b202-4c3d-bed6-41b947c81614'),
('13970c16-10a3-4b3a-a08c-a961fb9b9630', 'aa8df3f9-4c85-42e0-9e22-3f7fbd595d27'),
('e32a4cfc-1141-4630-bd76-3732129ee901', '5191d696-7c91-43b2-a055-9429f3025ada'),
('9efc03f6-8b6b-41fe-b793-a3aa568cb05d', '81d47cb7-3622-449f-b7d8-4433d631371d'),
('505af205-e755-48fd-9a0f-2fcc90cd0f21', '6c138a24-bd53-4d73-abf8-2e6b643bfbb9');

insert into soundcarrier (carrierid, amountinstore, location, price, productid, type) values
('1d2d0e97-fe25-4453-af62-e3d79df05558', 62, 'A1', 16, '140bde05-0858-4bc8-8939-a657523f6a27', 0),
('83baf647-79df-4700-b904-581e904e676f', 40, 'A49', 31, '140bde05-0858-4bc8-8939-a657523f6a27', 1),
('3c7ee595-b310-4ac1-a7e0-b0997d672d9b', 28, 'A42', 33, '140bde05-0858-4bc8-8939-a657523f6a27', 2),
('fe83b2bb-7a27-4cb4-8f67-9d72c0332499', 34, 'A4', 40, 'e2af5378-b483-44e6-9369-5a0a61ccd815', 0),
('8b3d3462-9d0c-44a1-9850-d1a5a98be7ef', 7, 'A2', 44, 'e2af5378-b483-44e6-9369-5a0a61ccd815', 1),
('2f5bf547-553f-4d30-9d04-3f9051e76e9a', 35, 'A40', 19, 'e2af5378-b483-44e6-9369-5a0a61ccd815', 2),
('225ad10e-df8a-414f-a054-2e7eefae2ff1', 45, 'A8', 16, 'fc103a09-c92e-4608-a8d6-970ea29a247f', 0),
('4b82b68e-4c3b-4786-8bd4-8784e94e48f2', 7, 'A20', 15, 'fc103a09-c92e-4608-a8d6-970ea29a247f', 1),
('0f52fb74-9d50-47ea-a604-665abb489999', 34, 'A32', 20, 'fc103a09-c92e-4608-a8d6-970ea29a247f', 2),
('aa559d52-3db5-43f3-8d70-a2b2e4d13dc0', 93, 'A2', 13, '36e5f38a-f7cf-4bee-8bcf-3a407d06370e', 0),
('98463a80-1adf-406a-bd5b-801d939948cb', 83, 'A49', 16, '36e5f38a-f7cf-4bee-8bcf-3a407d06370e', 1),
('ad92e63e-56d0-46dc-a7f1-7c95af3ec26e', 55, 'A20', 36, '36e5f38a-f7cf-4bee-8bcf-3a407d06370e', 2),
('bbf6987d-decf-4b93-9dad-746c990ebbaa', 23, 'A22', 10, '0b424de4-4763-4719-a448-f941af1cfd79', 0),
('32c87dd1-65d2-433e-950b-e7931769f200', 84, 'A46', 48, '0b424de4-4763-4719-a448-f941af1cfd79', 1),
('f5611e0c-784d-4356-94b8-f90546eea0b3', 23, 'A21', 29, '0b424de4-4763-4719-a448-f941af1cfd79', 2),
('7d18cfd0-0a29-4789-b202-be79b44f13c7', 9, 'A6', 50, 'f86007bd-1335-46eb-9d61-b9945d874915', 0),
('4de4d5d6-10e6-4355-a482-ee1dc79cf902', 38, 'A10', 40, 'f86007bd-1335-46eb-9d61-b9945d874915', 1),
('5796e510-01fc-4c67-a1d8-0a2be6d102ac', 88, 'A43', 12, 'f86007bd-1335-46eb-9d61-b9945d874915', 2),
('2a79f62f-8902-48d7-9e1f-f270313db082', 49, 'A8', 50, 'f5121df1-b337-4290-aaee-fdbd3b3bb0ab', 0),
('4796386f-6139-410a-b272-67a5187dd087', 7, 'A40', 14, 'f5121df1-b337-4290-aaee-fdbd3b3bb0ab', 1),
('f6fa0030-810d-49e3-b77b-c609926b1053', 73, 'A50', 26, 'f5121df1-b337-4290-aaee-fdbd3b3bb0ab', 2),
('241727de-442f-41aa-a449-02a38086f766', 92, 'A28', 45, '8e056b7e-cc31-4426-956b-edeaff779a71', 0),
('8b72868a-4fc1-49ea-bf6c-3242bb715348', 41, 'A42', 48, '8e056b7e-cc31-4426-956b-edeaff779a71', 1),
('67b50528-a6ee-4d46-9665-cf2f2670436b', 38, 'A24', 48, '8e056b7e-cc31-4426-956b-edeaff779a71', 2),
('c1899183-62a3-4411-8bd7-39cf172714cb', 80, 'A32', 48, '8bffe3df-4377-4a11-8614-6e275f3da1ad', 0),
('841173b7-623f-4171-9fd5-dfe009a0fb46', 17, 'A39', 43, '8bffe3df-4377-4a11-8614-6e275f3da1ad', 1),
('b5246709-7616-4134-b71a-5dd29f9e5e4f', 19, 'A46', 14, '8bffe3df-4377-4a11-8614-6e275f3da1ad', 2),
('0f571f31-e898-4a78-b783-9e3361279b2a', 17, 'A46', 31, '18d221c4-bdee-4f6b-a0ae-29fa8568083a', 0),
('2fa09bd7-9815-4bc4-bb21-00d25a77311f', 56, 'A50', 43, '18d221c4-bdee-4f6b-a0ae-29fa8568083a', 1),
('5cd99a6e-0a03-4fbd-bce7-5dc6d4ebeefe', 29, 'A46', 45, '18d221c4-bdee-4f6b-a0ae-29fa8568083a', 2),
('db1f6a42-5f2c-4ebb-9ed2-cb9ae595f4fe', 74, 'A39', 39, '0e309ea0-0f63-4388-889a-499471b4ff04', 0),
('44be37e0-3111-4d95-8dfc-4ab95248e2f7', 53, 'A8', 34, '0e309ea0-0f63-4388-889a-499471b4ff04', 1),
('57e47cea-2e60-4fcc-b386-3c80eb7af247', 90, 'A44', 48, '0e309ea0-0f63-4388-889a-499471b4ff04', 2),
('a5cf44cc-378c-4805-9fd1-833b9e587097', 45, 'A45', 36, '98d472ac-6133-40f9-971f-5b2217da4f96', 0),
('91e8dbc9-672d-4b97-8eb5-8a3e2caaa519', 24, 'A21', 47, '98d472ac-6133-40f9-971f-5b2217da4f96', 1),
('cef8a6d2-49e1-4a03-9060-f1b3375a96f3', 25, 'A3', 10, '98d472ac-6133-40f9-971f-5b2217da4f96', 2),
('5a61064b-fb53-4dd7-af46-414cdc71d0db', 25, 'A50', 22, '6e74e2c1-6b80-4f98-9353-7cde14817c0c', 0),
('bc4a2e75-5585-4cad-b190-71a7a2f31287', 50, 'A32', 39, '6e74e2c1-6b80-4f98-9353-7cde14817c0c', 1),
('fa651013-0a53-4daf-9873-115f1b2070da', 50, 'A2', 43, '6e74e2c1-6b80-4f98-9353-7cde14817c0c', 2),
('6e1daa39-e4cf-4154-906b-3f691a9e6726', 40, 'A42', 37, '39059c8e-501d-47fc-a72d-b1772c748fe4', 0),
('2b398855-aa68-4bd7-bff3-514673f25e31', 11, 'A18', 28, '39059c8e-501d-47fc-a72d-b1772c748fe4', 1),
('44ab717f-fbb2-41ae-b9bd-ab7b8aafc15f', 58, 'A5', 23, '39059c8e-501d-47fc-a72d-b1772c748fe4', 2),
('276eae81-d1d0-4d84-9a2a-487ab969468f', 71, 'A44', 24, '096b0d74-cb19-4247-936d-ff87debab63e', 0),
('25b8c098-c1b0-4bca-b1eb-abd36551a46b', 69, 'A18', 39, '096b0d74-cb19-4247-936d-ff87debab63e', 1),
('5fcf13f4-8044-41fd-9a93-a9ff646bd373', 79, 'A26', 31, '096b0d74-cb19-4247-936d-ff87debab63e', 2),
('8f6d37fb-fda7-4f93-9135-22fde0467d91', 55, 'A26', 18, 'da5d5176-ae14-4fb2-ba4b-cbf9e1558df5', 0),
('b2986653-6940-4609-8398-6f0e8792576a', 30, 'A39', 48, 'da5d5176-ae14-4fb2-ba4b-cbf9e1558df5', 1),
('7697deb9-9402-4abe-bb26-f5087c9bf765', 45, 'A15', 11, 'da5d5176-ae14-4fb2-ba4b-cbf9e1558df5', 2),
('1a43856b-e7a4-4265-93fc-6576ff0a0ceb', 67, 'A29', 23, '474d082c-248c-4ad2-abf6-0ee93d202192', 0),
('cd551f75-824b-4338-a824-2e6b23235998', 18, 'A5', 20, '474d082c-248c-4ad2-abf6-0ee93d202192', 1),
('a886ee97-f146-4b95-8390-acadaed5cf24', 16, 'A33', 41, '474d082c-248c-4ad2-abf6-0ee93d202192', 2),
('05eedf4c-e6b0-42dc-9d2d-bf41204cdbf1', 80, 'A48', 12, 'a8818754-3824-454c-9db6-dcfeaf4d42bb', 0),
('d4ba2135-4499-4629-9fe0-692329a69c50', 35, 'A43', 26, 'a8818754-3824-454c-9db6-dcfeaf4d42bb', 1),
('b1892663-cb2b-4f3a-86bf-6b63af338274', 61, 'A10', 23, 'a8818754-3824-454c-9db6-dcfeaf4d42bb', 2),
('5b599966-c94f-44a4-b4d3-b3c5efe6a95b', 3, 'A11', 38, 'b267ba2d-0369-48bf-a872-27fa564588d7', 0),
('5c965f9f-67f4-47e2-b9f0-dc3f27dc5b04', 32, 'A25', 31, 'b267ba2d-0369-48bf-a872-27fa564588d7', 1),
('172fe0b6-ccca-4f5a-8cd2-4976df60c0a1', 97, 'A14', 13, 'b267ba2d-0369-48bf-a872-27fa564588d7', 2),
('7bb54544-77d5-4bad-a955-2e9a001a5efc', 67, 'A41', 12, '6c911a7a-6a23-4bf8-b12d-ed06b4ad40ca', 0),
('7904acaf-b2fa-4df1-83bf-7821bbf50a09', 30, 'A48', 33, '6c911a7a-6a23-4bf8-b12d-ed06b4ad40ca', 1),
('5acc438e-e564-4b3c-aa8a-10412d301b6d', 76, 'A47', 23, '6c911a7a-6a23-4bf8-b12d-ed06b4ad40ca', 2),
('a5d3a3be-8ab4-4906-a09b-4c2e48cc6006', 68, 'A48', 43, '93ffa27f-5aa1-41e1-8d5e-24118c6913f4', 0),
('d2f88adb-b913-41bc-9c10-2d8791ec8ac5', 6, 'A29', 43, '93ffa27f-5aa1-41e1-8d5e-24118c6913f4', 1),
('65542884-2ce4-4df6-b04e-0537f3e8f6de', 59, 'A1', 17, '93ffa27f-5aa1-41e1-8d5e-24118c6913f4', 2),
('c6bd4ece-cb5d-42be-aec0-1cb8b60a8908', 41, 'A2', 25, '91e0de83-04f8-411c-b17f-0f3035a9398a', 0),
('2f3be44a-48ed-44be-b62c-81f361ce63a8', 28, 'A6', 11, '91e0de83-04f8-411c-b17f-0f3035a9398a', 1),
('7be3e8e5-7a05-4c23-b689-d3feddf1a67e', 17, 'A8', 42, '91e0de83-04f8-411c-b17f-0f3035a9398a', 2),
('5512e2d4-dd3c-4589-b2e4-4d0496c26abc', 74, 'A1', 34, '52400645-a0db-4b03-830c-270a4e4a3762', 0),
('f6fd0d34-1f1f-4ee4-beee-8d9495c66ec8', 97, 'A28', 37, '52400645-a0db-4b03-830c-270a4e4a3762', 1),
('11c7f421-7359-4d2a-9337-ac70b5463b76', 9, 'A13', 31, '52400645-a0db-4b03-830c-270a4e4a3762', 2),
('b2db3f47-a0ae-4be6-b24d-8d1aafd7ceed', 85, 'A7', 42, 'e68d4023-1297-461b-b930-9f26a920599a', 0),
('e65b972f-3a5c-4e77-a06f-9c1b5af1713a', 51, 'A48', 23, 'e68d4023-1297-461b-b930-9f26a920599a', 1),
('1761d03b-0cad-4848-8638-72281a4e4913', 1, 'A38', 18, 'e68d4023-1297-461b-b930-9f26a920599a', 2),
('edf6d41d-e0a5-4695-929b-b61e2ffa5346', 39, 'A27', 23, '35898bf2-8c0e-4343-9e9c-4dd981ce06af', 0),
('0509c0e8-1e5e-416a-967e-c212a9edeebd', 16, 'A18', 23, '35898bf2-8c0e-4343-9e9c-4dd981ce06af', 1),
('aa11e456-d6b9-485e-a5b1-bb735741c383', 87, 'A17', 37, '35898bf2-8c0e-4343-9e9c-4dd981ce06af', 2),
('47a912c7-00fd-4e0d-b9e8-f385e42dd826', 80, 'A37', 17, '99c32d1c-2316-4fe3-87a4-6ac575815189', 0),
('74aaaf75-5dd1-497e-9163-2e317430a622', 82, 'A46', 49, '99c32d1c-2316-4fe3-87a4-6ac575815189', 1),
('4f171894-1aba-4718-8933-c62a151ae285', 93, 'A19', 20, '99c32d1c-2316-4fe3-87a4-6ac575815189', 2),
('312a6aa2-839b-4898-bcb7-e947477213c0', 3, 'A16', 12, '02656dc2-3809-4b12-9ad8-6125e94e455e', 0),
('0c24a398-e015-4a6c-a35e-85c8ab081253', 32, 'A41', 47, '02656dc2-3809-4b12-9ad8-6125e94e455e', 1),
('06174f73-0858-4c43-aa20-ebec3855961d', 76, 'A17', 11, '02656dc2-3809-4b12-9ad8-6125e94e455e', 2),
('4b71090a-30ff-46dc-99e6-0b76050a8243', 19, 'A14', 25, '7ccab5b1-d191-4aab-9b98-4c2b7e573b3f', 0),
('a90040cb-96e0-4c5f-b33b-f83534bd35fb', 41, 'A13', 15, '7ccab5b1-d191-4aab-9b98-4c2b7e573b3f', 1),
('be492b39-aca8-469b-9be8-c8a5c015c14c', 46, 'A9', 30, '7ccab5b1-d191-4aab-9b98-4c2b7e573b3f', 2),
('6e118c1c-c1a1-4b78-bbad-58373ecc0642', 82, 'A14', 45, '8d564d2e-1e12-4267-8236-0886b2950aa7', 0),
('b7558650-f5f4-436f-971d-f43ce0b09e0b', 17, 'A35', 24, '8d564d2e-1e12-4267-8236-0886b2950aa7', 1),
('87525c00-f9e0-4f76-9634-e6dde95780e6', 8, 'A7', 18, '8d564d2e-1e12-4267-8236-0886b2950aa7', 2),
('daada5de-1396-451b-b3d3-7037fe264470', 16, 'A32', 34, '1fd33260-5f2c-4fd4-ad2c-2221377f3a44', 0),
('fa96ba1c-8b8c-4db5-a04b-df12a4f8405d', 34, 'A30', 48, '1fd33260-5f2c-4fd4-ad2c-2221377f3a44', 1),
('f8c3cd47-b5c3-4c20-8b88-f813892c30dc', 76, 'A34', 33, '1fd33260-5f2c-4fd4-ad2c-2221377f3a44', 2),
('e9581baf-4f72-4a87-9af6-7f3fd23463e7', 84, 'A12', 11, '04674a25-380a-460e-860d-d07b8f1ff2d5', 0),
('719858f0-4e1b-403c-966d-d6424e2b7a6a', 64, 'A26', 28, '04674a25-380a-460e-860d-d07b8f1ff2d5', 1),
('58b9af57-9213-4c98-90e0-a1e3e7c1467c', 26, 'A46', 25, '04674a25-380a-460e-860d-d07b8f1ff2d5', 2),
('3e97321e-7d1e-415b-a362-d30213c368d6', 57, 'A15', 14, 'a0a7e474-9c0a-4c2c-bdac-cb02801ffde2', 0),
('c5bd336e-8198-4da3-ba77-d8a0b0a27a74', 37, 'A18', 42, 'a0a7e474-9c0a-4c2c-bdac-cb02801ffde2', 1),
('a0fe1b8c-5b53-46c1-9c1c-8a9890ba3622', 21, 'A4', 47, 'a0a7e474-9c0a-4c2c-bdac-cb02801ffde2', 2),
('0d3e4dba-d652-4d56-b9a9-a16c4feb1d83', 60, 'A26', 21, '13d89805-1213-4fb3-b4d1-3a054df910c3', 0),
('bb8139f3-5c56-4bb9-a15d-f7296c7ed07b', 45, 'A6', 26, '13d89805-1213-4fb3-b4d1-3a054df910c3', 1),
('977d6f14-9458-47a6-bbb9-920773baa4c6', 84, 'A2', 45, '13d89805-1213-4fb3-b4d1-3a054df910c3', 2),
('a91da91d-4338-4a16-80f3-f3c0fced15b4', 15, 'A38', 27, '29e3e99c-f1cc-4797-9333-dd42561b357d', 0),
('fd519724-bbf5-4768-9c91-53884b242eff', 20, 'A43', 18, '29e3e99c-f1cc-4797-9333-dd42561b357d', 1),
('36b8ec80-7940-4db7-a4ea-6ea047658e07', 31, 'A42', 18, '29e3e99c-f1cc-4797-9333-dd42561b357d', 2),
('5ae84996-39fd-496e-95bb-3d227164217a', 76, 'A24', 49, 'f4464cdf-d4f6-46bf-b571-4b686a3a065c', 0),
('4b8781c9-5893-41d5-b361-a7d2fd7b4adb', 100, 'A15', 33, 'f4464cdf-d4f6-46bf-b571-4b686a3a065c', 1),
('79b1305c-1d7c-4c0a-a109-4e9079508410', 77, 'A36', 42, 'f4464cdf-d4f6-46bf-b571-4b686a3a065c', 2),
('94de41a8-8552-403c-a2f4-3747fe30b717', 53, 'A49', 32, '72ebf33a-9112-4e0b-ba76-a4bc845de9c6', 0),
('9f22fb94-7dad-424a-a3dd-6b094296b397', 0, 'A29', 25, '72ebf33a-9112-4e0b-ba76-a4bc845de9c6', 1),
('9ec020a0-6200-4ea6-9e20-7d3ec18b652b', 72, 'A20', 26, '72ebf33a-9112-4e0b-ba76-a4bc845de9c6', 2),
('ccf9bb27-7f57-4d1e-a5b0-9ea6dc19badf', 24, 'A33', 33, '117f1d8d-5e63-4b54-8548-68ce0f3429a5', 0),
('774d18c2-5467-4c7a-8337-e8e36ecc5b76', 69, 'A47', 21, '117f1d8d-5e63-4b54-8548-68ce0f3429a5', 1),
('246fd476-45fc-499d-a70d-05cb65c42472', 58, 'A23', 21, '117f1d8d-5e63-4b54-8548-68ce0f3429a5', 2),
('c48e3d0a-0de4-41d6-ae94-54189ebd8501', 34, 'A11', 47, '65ead489-6030-4925-aadd-60cbefd1a4ac', 0),
('9a8cf989-2bce-4cf2-8e04-5af413da311b', 27, 'A46', 46, '65ead489-6030-4925-aadd-60cbefd1a4ac', 1),
('fb1d0775-2d4e-475e-bcbd-459866680db4', 46, 'A47', 31, '65ead489-6030-4925-aadd-60cbefd1a4ac', 2),
('fd08e0bd-00a6-407e-a970-c5455d8d240b', 7, 'A42', 50, '29950661-bc4f-4b35-82ec-a528930ff105', 0),
('c77504ae-95fd-4a08-813b-29209e8b0498', 29, 'A31', 22, '29950661-bc4f-4b35-82ec-a528930ff105', 1),
('b3da848d-ce6d-45e5-91a9-ef464cb5e2a9', 87, 'A23', 48, '29950661-bc4f-4b35-82ec-a528930ff105', 2),
('ca25d8d5-4664-4e1d-8753-d8449052bc34', 41, 'A32', 18, '57f764d9-9a67-4ab3-ad83-c620d39a6c31', 0),
('1318afb4-0ca1-47a6-b3af-f76e3b8fb926', 5, 'A26', 27, '57f764d9-9a67-4ab3-ad83-c620d39a6c31', 1),
('c50813de-d278-4318-b1ee-f15709fe65b0', 44, 'A28', 30, '57f764d9-9a67-4ab3-ad83-c620d39a6c31', 2),
('ab0a7af3-d2e0-47d2-bcb4-7c7d603faa6e', 31, 'A36', 11, 'c6dd1813-ef90-4ed7-8c99-bacb8b62f402', 0),
('3bbd49d6-ece5-4bbe-aadf-8a6890f7165c', 70, 'A48', 36, 'c6dd1813-ef90-4ed7-8c99-bacb8b62f402', 1),
('3519e551-b2ab-4d28-9e3a-56d941357ef2', 71, 'A8', 42, 'c6dd1813-ef90-4ed7-8c99-bacb8b62f402', 2),
('941bb8b4-d78e-493a-9d1d-5dca1487ac77', 47, 'A24', 10, 'f323b4e2-ba0f-4e09-898f-dc1b5bd51210', 0),
('a2ef2e99-8072-4fbb-8cc7-39212f8ce7f1', 29, 'A39', 28, 'f323b4e2-ba0f-4e09-898f-dc1b5bd51210', 1),
('fdf95133-46b9-45be-a444-66db32b7fad4', 36, 'A28', 43, 'f323b4e2-ba0f-4e09-898f-dc1b5bd51210', 2),
('132edec3-927d-4de7-969e-f96f49d04d08', 10, 'A42', 49, 'a8b48873-5aba-48a8-b83c-d502db62948d', 0),
('e72ce3a8-c885-459c-872d-cdb5b8b92b0d', 50, 'A4', 10, 'a8b48873-5aba-48a8-b83c-d502db62948d', 1),
('ed7a2903-3303-485b-a92f-3a80c569490b', 55, 'A28', 35, 'a8b48873-5aba-48a8-b83c-d502db62948d', 2),
('655647d6-f3bc-48fe-8f4c-b8ba9249329c', 70, 'A47', 22, '43583547-f54e-44c7-82a8-7c23505b07f6', 0),
('f1ae0e7a-b579-4660-b152-f17f2ea17173', 5, 'A48', 14, '43583547-f54e-44c7-82a8-7c23505b07f6', 1),
('941ad489-51aa-4212-86c4-891c56e3df74', 66, 'A39', 45, '43583547-f54e-44c7-82a8-7c23505b07f6', 2),
('2a03b508-80b1-449f-b3d2-3432b0f3f05e', 100, 'A49', 29, 'ea175b27-940a-4eb1-bd05-91425c358ada', 0),
('d467d80b-66eb-4370-9374-d3909bb39d9a', 7, 'A2', 11, 'ea175b27-940a-4eb1-bd05-91425c358ada', 1),
('d279cbd8-e8b0-477e-a2ab-76c7835b174f', 62, 'A42', 48, 'ea175b27-940a-4eb1-bd05-91425c358ada', 2),
('1fa2bade-2b57-4e02-aed9-12aa2ecc3cc3', 21, 'A36', 42, 'f223b83d-541e-4a8b-996a-076bcbbc3021', 0),
('5145c1e9-cd04-47aa-8197-3eaa45a68e47', 98, 'A42', 42, 'f223b83d-541e-4a8b-996a-076bcbbc3021', 1),
('5262add6-6a53-4876-9971-1a0f2090afd8', 27, 'A43', 13, 'f223b83d-541e-4a8b-996a-076bcbbc3021', 2),
('ff2769fb-93ce-4420-b409-c3324eab3c45', 56, 'A34', 49, 'aabb44b6-4fe7-4942-82a7-6bd7a74a7497', 0),
('ecec74fe-c9d2-47a9-87f0-c9f512c1a825', 52, 'A39', 18, 'aabb44b6-4fe7-4942-82a7-6bd7a74a7497', 1),
('5f0d9ce9-1e29-425a-a229-54e4c94c654c', 27, 'A18', 16, 'aabb44b6-4fe7-4942-82a7-6bd7a74a7497', 2),
('2d14dd08-e5d0-4b41-960a-b270a080f6ae', 27, 'A12', 46, '9ca4c552-2abc-4b71-813a-9285158930fe', 0),
('3b3be870-c306-45ea-a803-da5bf768460d', 56, 'A21', 50, '9ca4c552-2abc-4b71-813a-9285158930fe', 1),
('e3026b04-a6b8-4a26-8181-2d6dae5e304d', 79, 'A26', 45, '9ca4c552-2abc-4b71-813a-9285158930fe', 2),
('c629000d-f8ce-40c1-9c5e-33dc7e13175b', 45, 'A12', 35, 'bdc837a8-def5-4f21-bd75-e30b6e9ce9d8', 0),
('6e951e5f-98dd-4c55-aa76-f503097707fd', 25, 'A25', 35, 'bdc837a8-def5-4f21-bd75-e30b6e9ce9d8', 1),
('baa0773e-0d49-464d-9d13-90936b4ab59d', 86, 'A16', 50, 'bdc837a8-def5-4f21-bd75-e30b6e9ce9d8', 2),
('946944de-a430-4a2c-b734-3b8857288e25', 17, 'A27', 14, 'f9fe65e0-c4e3-4889-98d4-9c787564f4e2', 0),
('330cc03a-1140-4f61-af72-5d37ae611540', 59, 'A19', 33, 'f9fe65e0-c4e3-4889-98d4-9c787564f4e2', 1),
('3f14f5e3-481e-4ef1-8dde-cfcf69f48d44', 18, 'A46', 50, 'f9fe65e0-c4e3-4889-98d4-9c787564f4e2', 2),
('7aecce5e-8c7f-4a80-bb59-34a4a6418b2f', 34, 'A6', 48, '6ff705ba-6517-4565-878b-759d0ae78d3c', 0),
('7931db0a-51be-4974-83f8-d7ee12dbf39f', 16, 'A28', 12, '6ff705ba-6517-4565-878b-759d0ae78d3c', 1),
('2a1df11b-e7f4-4cca-b73a-1e719b3f4330', 12, 'A2', 40, '6ff705ba-6517-4565-878b-759d0ae78d3c', 2),
('03aef43c-f6d9-44de-874d-7c9f686d905c', 41, 'A8', 36, 'f72f1aca-3233-421a-86b4-367a1764fa82', 0),
('77f29325-6d7f-4a8c-b289-e94b9d83ea98', 27, 'A31', 47, 'f72f1aca-3233-421a-86b4-367a1764fa82', 1),
('3a187498-9623-4207-833d-d94a86d15cdd', 10, 'A20', 35, 'f72f1aca-3233-421a-86b4-367a1764fa82', 2),
('0ca58c60-3f52-4236-adbf-a70fa2bc7946', 46, 'A16', 29, '54676448-f1ff-4573-a70b-0baa1a06abc7', 0),
('44ca464a-184b-4be9-920f-e6fc90d3c25c', 1, 'A41', 16, '54676448-f1ff-4573-a70b-0baa1a06abc7', 1),
('d5a543c7-911e-4eb2-b013-7d4c31b3f088', 64, 'A35', 44, '54676448-f1ff-4573-a70b-0baa1a06abc7', 2),
('a4b9ae5a-ee05-446c-9752-f3c2b1e4bb76', 22, 'A49', 39, '2cdcf2e2-6d4a-4f4a-b6c8-845a682de750', 0),
('e76af1a6-6797-4c13-b71b-139dee6e9eeb', 60, 'A22', 31, '2cdcf2e2-6d4a-4f4a-b6c8-845a682de750', 1),
('7d0bd950-764c-4e71-b50a-5ab635aecf4a', 36, 'A31', 20, '2cdcf2e2-6d4a-4f4a-b6c8-845a682de750', 2),
('72840a54-5f2a-4fc2-93b8-85602cf10268', 46, 'A26', 25, '757f2092-9421-4756-afcd-fd60ed7bc2b8', 0),
('5451574b-48f5-486f-b925-f8f15a4b7d0f', 11, 'A16', 26, '757f2092-9421-4756-afcd-fd60ed7bc2b8', 1),
('cc7c24ad-43db-4c70-bdad-5a278f4c4cb3', 14, 'A38', 30, '757f2092-9421-4756-afcd-fd60ed7bc2b8', 2),
('bea59c84-978b-4606-b896-eb344a9ca630', 44, 'A15', 21, 'a5030a41-2b1d-4068-9bc2-770ee078761d', 0),
('78f6b0a9-2dfe-4dd1-9634-b4573259bc48', 61, 'A21', 35, 'a5030a41-2b1d-4068-9bc2-770ee078761d', 1),
('685fce35-b132-4c61-883c-623507501012', 58, 'A20', 11, 'a5030a41-2b1d-4068-9bc2-770ee078761d', 2),
('44818e1b-40a5-4f5b-9ff5-3249d2259cf4', 94, 'A49', 38, 'd740be41-7012-4d8b-a55d-2114f8166bca', 0),
('90e76a05-4b17-48c3-aa7b-cfe28368a54d', 89, 'A22', 38, 'd740be41-7012-4d8b-a55d-2114f8166bca', 1),
('60f367cc-d739-4f5f-90ee-868e6cf5cb00', 53, 'A22', 36, 'd740be41-7012-4d8b-a55d-2114f8166bca', 2),
('acc8d93e-e591-4eb7-9546-922e99768b5d', 75, 'A34', 44, '46c8d9b6-c7c8-44c2-8e91-664b109e2503', 0),
('285940b7-2f97-4791-84f5-b2f2261630eb', 17, 'A36', 17, '46c8d9b6-c7c8-44c2-8e91-664b109e2503', 1),
('d26f268a-482a-46ee-9dcc-b6480de05213', 22, 'A39', 13, '46c8d9b6-c7c8-44c2-8e91-664b109e2503', 2),
('2b3ab53f-8575-4099-adec-1ecb5e73428b', 24, 'A13', 22, 'd887ab38-3cb5-4491-b634-de3d29cf1a93', 0),
('5ceeb68b-077e-4bc4-aaa1-6135c070f235', 92, 'A0', 41, 'd887ab38-3cb5-4491-b634-de3d29cf1a93', 1),
('752c1b40-81ee-4ec3-ba98-7862a0016ffb', 0, 'A44', 25, 'd887ab38-3cb5-4491-b634-de3d29cf1a93', 2),
('7ec702f3-4ba3-4954-a563-3d5bff6ed4df', 86, 'A25', 31, 'f9626dd3-87dd-4b35-b738-9cf473b919c8', 0),
('8a344be1-22a2-4f24-9ca9-d01d63b97cff', 81, 'A34', 23, 'f9626dd3-87dd-4b35-b738-9cf473b919c8', 1),
('c57182d1-3006-4adf-938b-c26984d893bc', 67, 'A10', 25, 'f9626dd3-87dd-4b35-b738-9cf473b919c8', 2),
('0914a6c0-69f0-4e6b-83dd-0c59ef385ad9', 47, 'A48', 48, '97cb211d-6cc3-4469-a60c-a2127cae22af', 0),
('87f29cd5-a034-4ef3-9a1f-99074b818fe0', 56, 'A43', 19, '97cb211d-6cc3-4469-a60c-a2127cae22af', 1),
('838095d0-45b2-4b5a-abe9-a737ed3e4e6d', 19, 'A18', 42, '97cb211d-6cc3-4469-a60c-a2127cae22af', 2),
('6f57eb51-70e4-4258-bd0a-89ed42e5a721', 21, 'A49', 31, '7800209c-9a38-498e-8514-75dd38164ec5', 0),
('50e8f21f-e00f-4b77-9291-48e8de61a846', 88, 'A39', 46, '7800209c-9a38-498e-8514-75dd38164ec5', 1),
('e45d0cc3-3761-4399-90ec-cb3bf1bc7de3', 8, 'A21', 43, '7800209c-9a38-498e-8514-75dd38164ec5', 2),
('07e7d0d9-248b-48b4-9e87-8d3ea0bc1bc0', 44, 'A40', 16, '429f3d6c-9cb1-4b63-a030-e1fdfbb9ab0d', 0),
('e5b84e74-d8c6-4680-b479-1422a13b52e5', 77, 'A46', 13, '429f3d6c-9cb1-4b63-a030-e1fdfbb9ab0d', 1),
('2e6c79bc-3f58-4fae-90f0-49e379f09226', 26, 'A1', 13, '429f3d6c-9cb1-4b63-a030-e1fdfbb9ab0d', 2),
('e5cd9b6f-11e4-4d29-92be-72189e288d54', 12, 'A8', 12, 'ecf25433-9798-4db4-82d5-f15e9901627c', 0),
('3f13526b-13f6-48c8-9297-465afe58025e', 10, 'A15', 36, 'ecf25433-9798-4db4-82d5-f15e9901627c', 1),
('fa782a75-ba54-4884-8405-1b3512177ef8', 9, 'A16', 20, 'ecf25433-9798-4db4-82d5-f15e9901627c', 2),
('46670755-37ba-40cb-b0c9-4a774318b40d', 89, 'A29', 25, '1a7a0f9d-5abf-437a-8652-f6b18b2b0532', 0),
('e7af3077-d518-45b7-98ff-7fe34991c8a9', 64, 'A38', 33, '1a7a0f9d-5abf-437a-8652-f6b18b2b0532', 1),
('843c6764-806b-4e44-809b-60400ac3cfe7', 25, 'A39', 48, '1a7a0f9d-5abf-437a-8652-f6b18b2b0532', 2),
('26cca914-074a-4a87-b05d-ef72956f9ccf', 97, 'A48', 46, 'ddf81ac1-4519-4286-862c-ff097c5e4bf9', 0),
('9e912e6a-cd1a-4a05-8ca1-84fc6556fa3e', 20, 'A48', 48, 'ddf81ac1-4519-4286-862c-ff097c5e4bf9', 1),
('737c6d79-2eb1-46e5-8e26-38b27b60d76c', 27, 'A20', 45, 'ddf81ac1-4519-4286-862c-ff097c5e4bf9', 2),
('66d06dd8-a78c-43dd-ba9c-009da603a17c', 73, 'A50', 12, 'c20b304f-2aa7-4335-bc87-39613157bbc4', 0),
('b964e12b-9366-4835-9ee3-0f480509cb56', 28, 'A35', 38, 'c20b304f-2aa7-4335-bc87-39613157bbc4', 1),
('29bc4bca-202b-4932-83ef-8e27d42a44c7', 3, 'A48', 28, 'c20b304f-2aa7-4335-bc87-39613157bbc4', 2),
('57a0bfbb-b6ee-489c-a4f2-f30ee8832525', 2, 'A21', 15, '18a65d1a-bca0-42c2-ac35-ca1be871ddd4', 0),
('d890de3d-4fcd-47e0-9b00-ba145bddcf00', 98, 'A19', 42, '18a65d1a-bca0-42c2-ac35-ca1be871ddd4', 1),
('db4edf55-2f89-4521-9d9d-9dce5a4b14c1', 100, 'A31', 48, '18a65d1a-bca0-42c2-ac35-ca1be871ddd4', 2),
('faeac1f1-b821-448d-aa12-f1938cae46fc', 35, 'A32', 14, 'de126ddc-edb9-4692-a76d-3410dd4ec3cc', 0),
('9f75d9e5-e618-4e56-b809-129252396ff5', 31, 'A31', 35, 'de126ddc-edb9-4692-a76d-3410dd4ec3cc', 1),
('7d18ffbc-d3ab-417d-ab29-810e8592f656', 5, 'A33', 39, 'de126ddc-edb9-4692-a76d-3410dd4ec3cc', 2),
('6f0819aa-4eec-46a5-8162-8be3fc30adf4', 58, 'A27', 21, '55b50722-08e6-4484-8a61-09ddb274705a', 0),
('41efb09e-2de4-4437-b1f2-b75f19dbe292', 32, 'A11', 33, '55b50722-08e6-4484-8a61-09ddb274705a', 1),
('1b804be0-96b1-4256-b7d6-ea9ded0af20c', 80, 'A10', 43, '55b50722-08e6-4484-8a61-09ddb274705a', 2),
('9b9e1f73-972b-4772-a09b-e9531551e111', 10, 'A34', 10, '6ebca75f-33aa-444e-bd1a-be0a3d0aed22', 0),
('cb0c994c-c13b-403b-b84b-3817a26e5e9d', 6, 'A7', 23, '6ebca75f-33aa-444e-bd1a-be0a3d0aed22', 1),
('217bc6ce-a554-4d96-874b-8c58cd0aa91b', 65, 'A20', 36, '6ebca75f-33aa-444e-bd1a-be0a3d0aed22', 2),
('7dae0ba3-6dc1-4431-8271-1e415a9c8543', 65, 'A29', 41, 'bcd0b5b5-cba2-4c46-8534-90a432bcc361', 0),
('739b84d2-0163-4925-b498-524e36ee23cd', 45, 'A20', 36, 'bcd0b5b5-cba2-4c46-8534-90a432bcc361', 1),
('972ed31e-9ece-4c86-8dfc-de11af006b13', 54, 'A18', 13, 'bcd0b5b5-cba2-4c46-8534-90a432bcc361', 2),
('97047e11-2b30-4fa0-b935-63349856e8ac', 49, 'A37', 35, '68085960-3389-40f9-9004-a4abafcd163d', 0),
('cc38879e-f3bc-4d7e-befc-6f491f7081e1', 28, 'A40', 36, '68085960-3389-40f9-9004-a4abafcd163d', 1),
('e7d12db4-edbb-4f78-afab-c76ba906830f', 31, 'A3', 22, '68085960-3389-40f9-9004-a4abafcd163d', 2),
('b6821860-f25d-48e6-b7f2-6fc1946d34fb', 29, 'A25', 11, '06b87389-55a4-4607-9e49-23f8f0f68be3', 0),
('bb7621ec-8744-4ed4-85f1-9ee7051913ba', 98, 'A19', 30, '06b87389-55a4-4607-9e49-23f8f0f68be3', 1),
('120d7648-635e-4e12-8944-702ef4ad37ad', 60, 'A32', 22, '06b87389-55a4-4607-9e49-23f8f0f68be3', 2),
('9e4795a2-30d0-45e7-9bb3-d6746bef1132', 69, 'A6', 16, '1d9dcba1-74c4-4ce1-8641-0679875d2e1b', 0),
('42a251c4-c363-413e-acaf-5deb6eb64d45', 0, 'A42', 36, '1d9dcba1-74c4-4ce1-8641-0679875d2e1b', 1),
('c3c60736-0c73-47a5-90e9-49cecab55f30', 58, 'A33', 37, '1d9dcba1-74c4-4ce1-8641-0679875d2e1b', 2),
('6f8d3c4e-07a4-41cc-bf5d-f3dcb232b97d', 29, 'A10', 31, '3f1ff452-3ac0-4380-af19-6e910977b319', 0),
('c0ae0f2f-cbcf-4d40-be20-31a658ac3388', 5, 'A9', 22, '3f1ff452-3ac0-4380-af19-6e910977b319', 1),
('4c734654-8f9a-4a85-9f9e-751ea5c054ca', 0, 'A24', 23, '3f1ff452-3ac0-4380-af19-6e910977b319', 2),
('ee0314b5-2751-4c32-80c3-556790fed0f2', 32, 'A11', 33, 'e2fff065-32b8-4c84-83d7-1b62263a05f8', 0),
('98426812-e3ab-4c32-968a-bff6a993c40a', 50, 'A11', 13, 'e2fff065-32b8-4c84-83d7-1b62263a05f8', 1),
('c06815f6-df66-4bf8-b30a-a9ff8355f1fb', 1, 'A9', 23, 'e2fff065-32b8-4c84-83d7-1b62263a05f8', 2),
('1cc6ac81-178e-482b-b5c1-ec4b11d7c3b7', 77, 'A36', 27, 'afcc2716-7e13-41ec-88b9-75fb4c627845', 0),
('d5e832bf-139b-419b-bfa6-6903425f8816', 93, 'A32', 43, 'afcc2716-7e13-41ec-88b9-75fb4c627845', 1),
('9b181aa8-d995-4f22-ae30-1dea1d5fb5e8', 28, 'A24', 42, 'afcc2716-7e13-41ec-88b9-75fb4c627845', 2),
('55b74729-8657-4bcc-b0ab-f276f605d917', 17, 'A29', 14, 'fdbc0276-98c8-409c-98ef-507f7c4c91af', 0),
('75a41fa7-5553-4d0e-af64-8c42aad71f29', 64, 'A11', 37, 'fdbc0276-98c8-409c-98ef-507f7c4c91af', 1),
('7f4fbf24-46f2-4ea2-8a77-061a90944444', 63, 'A26', 48, 'fdbc0276-98c8-409c-98ef-507f7c4c91af', 2),
('5f418c69-1af3-4340-a31f-6057fe1adf8b', 94, 'A27', 35, '8981de9e-b038-4bee-a6cc-8320e1adad32', 0),
('18d64134-57da-4696-bb3e-5223f428161e', 72, 'A10', 39, '8981de9e-b038-4bee-a6cc-8320e1adad32', 1),
('6ac3c3e0-65aa-4a00-aab5-aa80c17e6143', 37, 'A0', 41, '8981de9e-b038-4bee-a6cc-8320e1adad32', 2),
('9001446c-3b5d-4ca7-af93-99704e2ae8ae', 25, 'A5', 30, 'f615a6d0-3ef6-4e40-acf1-fbc92cf2c25a', 0),
('32ab3570-e551-4196-afeb-f0c5b0ff2398', 61, 'A39', 39, 'f615a6d0-3ef6-4e40-acf1-fbc92cf2c25a', 1),
('c7638c89-1271-4934-8322-8d4ea5980785', 15, 'A32', 15, 'f615a6d0-3ef6-4e40-acf1-fbc92cf2c25a', 2),
('b6aeb159-abb3-4f77-9088-340412630fba', 88, 'A15', 11, '9f9e7be1-5512-44b9-a7c1-cbbcb6b14bd8', 0),
('c77a7b30-7ca1-40be-883f-205e36ca4aba', 87, 'A41', 27, '9f9e7be1-5512-44b9-a7c1-cbbcb6b14bd8', 1),
('e7769ec1-f8a6-45e6-9e5e-fd3ac90b867e', 61, 'A19', 13, '9f9e7be1-5512-44b9-a7c1-cbbcb6b14bd8', 2),
('b583757c-b802-4a9a-bfd7-00b3d2517ae7', 84, 'A15', 29, 'b3d8869e-e31f-4c77-a7ab-2726b5776964', 0),
('7ece970e-d947-4dd5-8d61-2a679488314f', 66, 'A34', 28, 'b3d8869e-e31f-4c77-a7ab-2726b5776964', 1),
('980fb50a-68f9-4ad0-87c3-c60e28482d26', 100, 'A43', 46, 'b3d8869e-e31f-4c77-a7ab-2726b5776964', 2),
('a9d298ba-005b-45ec-b460-8dbc5acb949a', 27, 'A2', 30, '6b6f188a-08fe-41f0-8c0b-d2706676a4b9', 0),
('08374a0d-1772-42d0-83af-e67dcb37cea1', 95, 'A26', 16, '6b6f188a-08fe-41f0-8c0b-d2706676a4b9', 1),
('3d628962-c234-41f6-b1be-9aa229d989f2', 71, 'A49', 17, '6b6f188a-08fe-41f0-8c0b-d2706676a4b9', 2),
('da3939af-74d8-46ba-8e82-aa1ce065c0ad', 60, 'A27', 12, 'c431a6d8-cc26-4023-8a21-175a29bbaaba', 0),
('d6d79511-98c8-4f33-9c70-87f89df75060', 70, 'A35', 24, 'c431a6d8-cc26-4023-8a21-175a29bbaaba', 1),
('9cda87c4-bb6a-4bae-818c-35620c5f0590', 43, 'A42', 47, 'c431a6d8-cc26-4023-8a21-175a29bbaaba', 2),
('eec256da-7044-4bf4-bcc8-bf557cbaa3bc', 40, 'A14', 43, 'b3c7b33e-880b-422b-87b0-7b6c346f2890', 0),
('028543d7-7f53-4f68-ab34-024d919c5c9b', 69, 'A36', 18, 'b3c7b33e-880b-422b-87b0-7b6c346f2890', 1),
('887dcb62-21d0-4ef3-985c-33e669d62066', 4, 'A48', 45, 'b3c7b33e-880b-422b-87b0-7b6c346f2890', 2),
('7a2a9c4c-ad3a-4269-8195-e1b9a755cac6', 49, 'A43', 11, '9c4b34a9-a3f3-4956-829a-27e1d9a8fee3', 0),
('22cf95c1-6d8e-4e29-8edb-38552430af40', 89, 'A15', 27, '9c4b34a9-a3f3-4956-829a-27e1d9a8fee3', 1),
('5b5fbfb1-f8c3-4a4f-8435-ee158642b686', 45, 'A34', 38, '9c4b34a9-a3f3-4956-829a-27e1d9a8fee3', 2),
('cbf20b77-b8aa-4cab-be08-5b5599b1b4a3', 76, 'A25', 18, 'bfaa8889-644f-49b8-b32c-1bc6f8d0d56a', 0),
('8dfeacc6-2803-4ce1-85b3-75f95367f6ca', 5, 'A26', 25, 'bfaa8889-644f-49b8-b32c-1bc6f8d0d56a', 1),
('18577ef0-3f3a-492e-bb00-c2a5fa444163', 33, 'A11', 27, 'bfaa8889-644f-49b8-b32c-1bc6f8d0d56a', 2),
('4ba0cf5d-5772-4d69-a65f-3b2a8b6e9004', 50, 'A16', 37, 'bb2fcfaf-f9fc-48cd-a73a-bc028938ac8b', 0),
('ae0f4a6a-7d57-4a6f-a20d-4e89f5659411', 52, 'A47', 29, 'bb2fcfaf-f9fc-48cd-a73a-bc028938ac8b', 1),
('0efdebf0-e4e9-4bef-9eaa-f59d0131664c', 43, 'A1', 41, 'bb2fcfaf-f9fc-48cd-a73a-bc028938ac8b', 2),
('7e70698a-13a3-40cd-89bd-77a84cde8c91', 54, 'A19', 45, '419a7a59-a7dc-47f8-82d5-523a1c70f07d', 0),
('53176bbf-5f47-4e5c-9615-57273c572e04', 25, 'A14', 15, '419a7a59-a7dc-47f8-82d5-523a1c70f07d', 1),
('f15f08a4-fc09-4627-9c00-305c7f595a8c', 8, 'A6', 18, '419a7a59-a7dc-47f8-82d5-523a1c70f07d', 2),
('9b57a6af-dbcc-47bd-960e-8c7eaa4578d9', 83, 'A41', 29, '9346c598-d5e7-4c71-9750-1f56adf2ba6f', 0),
('8b6cc599-cb10-4ac0-84a9-044e12f863a6', 90, 'A46', 40, '9346c598-d5e7-4c71-9750-1f56adf2ba6f', 1),
('5f6238c2-1682-44bb-9200-f8a48ba44c2d', 52, 'A17', 24, '9346c598-d5e7-4c71-9750-1f56adf2ba6f', 2),
('57801353-e041-497d-99b2-643181cf6c3d', 60, 'A23', 28, 'ac5bd5d6-b614-49fb-a0af-78db1e4c2429', 0),
('b66d01c2-2b68-42b6-bdd7-5adc919702c0', 82, 'A46', 40, 'ac5bd5d6-b614-49fb-a0af-78db1e4c2429', 1),
('20f069cd-628c-4ce9-ab81-92d4dabe6bb2', 61, 'A2', 25, 'ac5bd5d6-b614-49fb-a0af-78db1e4c2429', 2),
('0140646b-911c-49b1-ace0-005690d00604', 4, 'A5', 25, 'edd26b9e-138f-4863-808e-1976f089252b', 0),
('ce08593b-89c1-4753-bbe6-010c94ddf89d', 73, 'A50', 18, 'edd26b9e-138f-4863-808e-1976f089252b', 1),
('b9d787b1-99fb-4466-b2bb-affac9c522d8', 89, 'A28', 30, 'edd26b9e-138f-4863-808e-1976f089252b', 2),
('affed535-ed81-4cbd-a469-d2161569ddb2', 57, 'A41', 37, '045a7218-5fb7-4832-9464-8106511bbf40', 0),
('24d8bbdd-91e0-4bc0-8c6a-5ed7bfa35a7b', 70, 'A49', 29, '045a7218-5fb7-4832-9464-8106511bbf40', 1),
('3db15c56-94f5-43a6-97c7-5dfc181a195c', 12, 'A26', 35, '045a7218-5fb7-4832-9464-8106511bbf40', 2),
('b4921a94-3676-4ae4-976f-545cdf8f6ed2', 3, 'A17', 18, '785adb0c-dd97-4158-8e35-3f167bd88d51', 0),
('c1e4c467-07af-4672-a14a-63b40889e509', 70, 'A28', 25, '785adb0c-dd97-4158-8e35-3f167bd88d51', 1),
('96c97f34-56b8-4eeb-b171-a198aaf07cb2', 73, 'A12', 29, '785adb0c-dd97-4158-8e35-3f167bd88d51', 2),
('d146a191-0c92-43af-b099-455c15004dba', 4, 'A34', 21, '4e14f596-3573-44b1-ace2-ed635f3def42', 0),
('ae702c22-c652-4381-8aad-be8881903833', 6, 'A27', 32, '4e14f596-3573-44b1-ace2-ed635f3def42', 1),
('6e3b4757-32dd-4854-a0da-e2c791bffe14', 50, 'A41', 48, '4e14f596-3573-44b1-ace2-ed635f3def42', 2),
('8446fd03-1b86-4700-ab99-4666a5e883c9', 40, 'A3', 17, '00797822-3eff-4594-b556-3d1624fbcd4b', 0),
('9b14787b-8df0-4966-9ddb-c3fe36f9411a', 72, 'A13', 43, '00797822-3eff-4594-b556-3d1624fbcd4b', 1),
('f3d46529-44af-4316-b81c-2e777d6446ea', 87, 'A23', 50, '00797822-3eff-4594-b556-3d1624fbcd4b', 2),
('9996e85a-8960-41bb-8709-18182ca5456b', 52, 'A15', 15, 'bce74b9e-853b-4bff-ab0b-2448424a8b6e', 0),
('93c7d206-fb71-48f8-a9d1-5e7289a66daf', 66, 'A49', 37, 'bce74b9e-853b-4bff-ab0b-2448424a8b6e', 1),
('01841f97-8e0a-4775-a09a-c0d19467d0cb', 98, 'A30', 34, 'bce74b9e-853b-4bff-ab0b-2448424a8b6e', 2),
('f6a6fcc7-b5c5-4dbb-a829-57059f8e3105', 71, 'A34', 22, '601404e8-d18c-4c1d-b497-1e6b93be306d', 0),
('ddd41d1b-7b3d-4cd8-92de-9eca3f724cd3', 47, 'A37', 45, '601404e8-d18c-4c1d-b497-1e6b93be306d', 1),
('c2f04100-a7b6-49b5-a71e-0a1534c70eab', 49, 'A6', 23, '601404e8-d18c-4c1d-b497-1e6b93be306d', 2),
('509cc0b2-064c-4ff3-9be2-7eabc818d797', 63, 'A44', 30, '85464130-d080-4e7e-a904-3b47942bf6d4', 0),
('002282a3-14d6-4e21-aa97-603776c0d6e0', 94, 'A36', 11, '85464130-d080-4e7e-a904-3b47942bf6d4', 1),
('e9d56d02-23ba-454c-ae7e-024cc357e7e0', 25, 'A28', 15, '85464130-d080-4e7e-a904-3b47942bf6d4', 2),
('5b00b2dc-abd5-4772-b8ac-96347fbc1980', 45, 'A34', 17, '1434e096-577b-4ee7-9b32-8a0c5040ae50', 0),
('dfa7af06-aa7c-49f6-be92-12c05a24add7', 91, 'A36', 35, '1434e096-577b-4ee7-9b32-8a0c5040ae50', 1),
('f2d472ce-c912-47e1-93a1-bf35e8074f3f', 1, 'A31', 13, '1434e096-577b-4ee7-9b32-8a0c5040ae50', 2),
('e7c00a01-fc97-4ee2-87fc-8e7020f7803e', 16, 'A15', 41, 'c118bdaa-6e0b-43ce-af77-92eb0725dc8a', 0),
('01f54d29-a7d7-45a6-9603-c44c7e8bf9a0', 72, 'A36', 29, 'c118bdaa-6e0b-43ce-af77-92eb0725dc8a', 1),
('f81578ab-9200-42c5-a931-4e9bbee33977', 6, 'A25', 49, 'c118bdaa-6e0b-43ce-af77-92eb0725dc8a', 2),
('164e0f9d-28f9-40ea-ab4d-7013ac0daa23', 0, 'A10', 22, 'bbc9def6-e349-4661-a43f-ced248ccbb3a', 0),
('2ca09559-3c91-457c-aaae-4600d5816ab8', 94, 'A32', 24, 'bbc9def6-e349-4661-a43f-ced248ccbb3a', 1),
('f3204bca-46ee-47ed-8bca-7535733512b2', 97, 'A0', 17, 'bbc9def6-e349-4661-a43f-ced248ccbb3a', 2),
('d71cf1eb-139f-4cba-90c9-b4f07c735eff', 42, 'A13', 33, 'b91ceae8-84b1-4298-b7c1-bfe2add3a805', 0),
('04940029-0f75-4262-8967-d98a662d8662', 40, 'A5', 29, 'b91ceae8-84b1-4298-b7c1-bfe2add3a805', 1),
('a1a55552-b92c-4b4f-801f-6a1f8a423556', 91, 'A47', 22, 'b91ceae8-84b1-4298-b7c1-bfe2add3a805', 2),
('4b59b167-cf99-4b74-9020-50cd9373337c', 41, 'A24', 28, '601b43ee-150c-4cad-9ecd-8e19ab6585bd', 0),
('05cb5b1a-f492-4b7b-848f-d1b5fbc628de', 8, 'A25', 46, '601b43ee-150c-4cad-9ecd-8e19ab6585bd', 1),
('62ec1c6a-bfac-4048-a811-283e99d2c07b', 89, 'A46', 33, '601b43ee-150c-4cad-9ecd-8e19ab6585bd', 2),
('e4051b3e-765f-4ec8-9699-5c88f49a140c', 86, 'A36', 33, '6e40db66-60a7-4654-9c51-a4010d02a7b0', 0),
('2ccd41a3-f010-4023-ba90-059c7f2b2cc4', 70, 'A24', 16, '6e40db66-60a7-4654-9c51-a4010d02a7b0', 1),
('736fd075-7a8e-41e2-8aed-b28a24c21ae1', 6, 'A8', 46, '6e40db66-60a7-4654-9c51-a4010d02a7b0', 2),
('5102e511-08c9-4970-a7f4-84f90b41923e', 24, 'A25', 24, '300dd83d-9e7d-4224-aa73-d8b1e0f89248', 0),
('0e9579d1-4320-4261-8b12-0211ddb5383e', 91, 'A2', 24, '300dd83d-9e7d-4224-aa73-d8b1e0f89248', 1),
('e3e37eb8-ab60-4c99-84d9-c56cee81b91d', 71, 'A18', 23, '300dd83d-9e7d-4224-aa73-d8b1e0f89248', 2),
('734ddfd9-507c-4c53-ba09-31473b900459', 50, 'A21', 18, 'b6b8dc38-9db6-4eb7-a824-74fc218817e0', 0),
('bfe8fdb6-4a80-4a86-bad5-fbef579f52dd', 75, 'A12', 49, 'b6b8dc38-9db6-4eb7-a824-74fc218817e0', 1),
('b4fc90b6-57fe-46fb-8374-a3d3bc003f98', 76, 'A1', 20, 'b6b8dc38-9db6-4eb7-a824-74fc218817e0', 2),
('3919cf47-b5c2-4365-bb64-592616040c4f', 52, 'A34', 22, '4ef9cafb-8151-4a92-a238-960b53dd16ba', 0),
('6fcdede9-8ec7-4e8a-a6e8-74a3f6d9fe3f', 100, 'A23', 32, '4ef9cafb-8151-4a92-a238-960b53dd16ba', 1),
('76daf84c-1c51-4490-a34a-be6e82cf5201', 4, 'A1', 12, '4ef9cafb-8151-4a92-a238-960b53dd16ba', 2),
('74708948-b01d-4837-ac06-80c1900e75bc', 33, 'A21', 33, 'ced0a587-70f9-42e1-a0cb-7b403d065b75', 0),
('5a7be03c-60f5-43c8-a715-97ce78fbbc55', 34, 'A1', 49, 'ced0a587-70f9-42e1-a0cb-7b403d065b75', 1),
('b0385714-d6c6-4d87-8b88-4b3b7dc9c754', 30, 'A32', 39, 'ced0a587-70f9-42e1-a0cb-7b403d065b75', 2),
('369fed82-ed5c-4111-8f84-bc8ef4229208', 15, 'A23', 12, '41add66a-1119-4d46-8fae-b48cc324c84b', 0),
('0c7762cd-e1fb-4b08-a39a-d78dc5bc66d2', 18, 'A40', 33, '41add66a-1119-4d46-8fae-b48cc324c84b', 1),
('b5df548d-ea95-4555-b92e-d9fc1a864333', 41, 'A3', 24, '41add66a-1119-4d46-8fae-b48cc324c84b', 2),
('7ca06293-e788-43b6-8568-1e7f3529205e', 83, 'A41', 49, '336a4a0d-3bee-4cf3-a8c9-162ca48c797c', 0),
('c63d510c-ad96-4088-975f-64ef7cc006fd', 39, 'A18', 48, '336a4a0d-3bee-4cf3-a8c9-162ca48c797c', 1),
('e080356e-d853-42a6-8099-2b13a8a70703', 31, 'A2', 14, '336a4a0d-3bee-4cf3-a8c9-162ca48c797c', 2),
('360f4f24-4a27-44a3-bb1e-d9634b292c28', 80, 'A49', 43, 'f3ff713d-b853-4e21-950e-083eea58ecd7', 0),
('bb51e98d-d724-4c5d-b9f9-58f700e621a3', 22, 'A16', 37, 'f3ff713d-b853-4e21-950e-083eea58ecd7', 1),
('8520284e-4f08-4c69-b62e-5656a9db83bb', 11, 'A42', 24, 'f3ff713d-b853-4e21-950e-083eea58ecd7', 2),
('c04fba72-280b-47c0-aab5-cf9d5b7e5ab1', 29, 'A27', 28, 'cd604d5e-6586-4dd4-9809-c62e6e6e8586', 0),
('08830998-427b-4147-a336-cba695588959', 25, 'A5', 40, 'cd604d5e-6586-4dd4-9809-c62e6e6e8586', 1),
('35af140c-756f-467b-adae-cc00d1f7126b', 28, 'A21', 30, 'cd604d5e-6586-4dd4-9809-c62e6e6e8586', 2),
('c6ae5992-a3a6-4a99-b403-f3d6e9535ccc', 66, 'A35', 36, '418ad0ae-3ffc-44f9-b114-661cf465f791', 0),
('85aba664-e541-4cd6-a300-b02fd74615a2', 8, 'A49', 27, '418ad0ae-3ffc-44f9-b114-661cf465f791', 1),
('4b666300-103f-43d7-912b-9cd7cdb1dd98', 11, 'A13', 36, '418ad0ae-3ffc-44f9-b114-661cf465f791', 2),
('7a52e332-d7bf-4931-b56c-2488fde52dc9', 52, 'A21', 27, 'b4c57f3f-c6f9-4c0e-af9b-8716babf8714', 0),
('bb8ca582-db2f-4d34-bcbe-b2dbd0c8efcc', 3, 'A47', 24, 'b4c57f3f-c6f9-4c0e-af9b-8716babf8714', 1),
('bc65276b-8be1-4707-9604-133295846456', 31, 'A30', 50, 'b4c57f3f-c6f9-4c0e-af9b-8716babf8714', 2),
('59c6c0cc-eb0b-4e2c-a6c6-5fb8a97efd22', 79, 'A31', 22, 'db5a1377-b276-4dc2-a104-ca0cb9ed82b5', 0),
('569ccd55-0a4d-4f38-9899-19fee76bcfea', 59, 'A45', 40, 'db5a1377-b276-4dc2-a104-ca0cb9ed82b5', 1),
('2315800e-498b-465f-a643-bcc79eb89c28', 6, 'A39', 24, 'db5a1377-b276-4dc2-a104-ca0cb9ed82b5', 2),
('09a5005c-04a0-4dbf-a3b4-661e04bf7e4d', 51, 'A23', 13, '36aaf4f5-b2a9-4be1-b2ea-e6c847867ff0', 0),
('5ab8b63a-42c7-4ca3-af2e-97800c91dcc4', 52, 'A42', 27, '36aaf4f5-b2a9-4be1-b2ea-e6c847867ff0', 1),
('35e3d527-aa8b-414b-bb3f-0cd1d5b2c299', 43, 'A20', 40, '36aaf4f5-b2a9-4be1-b2ea-e6c847867ff0', 2),
('143442b0-eb22-402a-b944-91daeb1a5eb5', 96, 'A7', 15, '8837c616-8649-421d-b812-ff61175c4bf6', 0),
('9bf1cc83-acd9-4ac4-82e7-acb45a974d6f', 18, 'A22', 22, '8837c616-8649-421d-b812-ff61175c4bf6', 1),
('8ec0d3b5-a2d4-45fa-9260-23c2357b821b', 0, 'A18', 35, '8837c616-8649-421d-b812-ff61175c4bf6', 2),
('5d9fc9d0-e7d1-46ec-bc03-97c9a5c9d51d', 21, 'A49', 15, '6245f713-08b7-425b-97e9-cb3156c0f019', 0),
('1b094377-8ecc-4e41-a8c9-a68e799ff8d3', 10, 'A17', 30, '6245f713-08b7-425b-97e9-cb3156c0f019', 1),
('0dee7001-0357-4e9f-ae7d-350e80d08458', 81, 'A32', 14, '6245f713-08b7-425b-97e9-cb3156c0f019', 2),
('6f1cf869-3de0-48b5-9e4d-129d623aa293', 65, 'A43', 35, '46422095-ea2b-4056-b52f-46f77d934297', 0),
('a899a270-8444-4769-9819-dff597b1b881', 4, 'A33', 27, '46422095-ea2b-4056-b52f-46f77d934297', 1),
('dd808e83-dff3-4f30-8946-8b10ebb754bc', 93, 'A4', 15, '46422095-ea2b-4056-b52f-46f77d934297', 2),
('e8e5ef02-a0d8-49bd-b93c-8d488b161767', 53, 'A16', 36, 'a80a550f-dc1d-45ac-b824-9630209d4035', 0),
('11e49b28-3f90-41af-930b-cb04fe674dc8', 5, 'A43', 48, 'a80a550f-dc1d-45ac-b824-9630209d4035', 1),
('17395ed3-beed-49aa-9bdc-7e9d403e0bfd', 53, 'A24', 13, 'a80a550f-dc1d-45ac-b824-9630209d4035', 2),
('038c1478-bb20-4a5a-9665-e3b398d43ff4', 52, 'A3', 45, '17a62d8d-8235-4b89-aa6a-dccc5216fa6a', 0),
('29694bb8-1e96-4540-90bb-ad2c1427cc6d', 56, 'A48', 29, '17a62d8d-8235-4b89-aa6a-dccc5216fa6a', 1),
('ef73c660-5901-45b2-85b0-48bbc39fc48d', 2, 'A3', 11, '17a62d8d-8235-4b89-aa6a-dccc5216fa6a', 2),
('9bf72cf2-0303-4782-9636-8071ee9838c1', 95, 'A8', 22, '55fe27d8-fb2f-4c29-95a1-6ab8673a557a', 0),
('67ac013b-5065-4442-84b7-7a2f1e6ddf0c', 68, 'A2', 22, '55fe27d8-fb2f-4c29-95a1-6ab8673a557a', 1),
('4e96f2ee-65ea-4e10-96b1-679dbee65efd', 50, 'A0', 37, '55fe27d8-fb2f-4c29-95a1-6ab8673a557a', 2),
('03c2adb8-8e76-40b0-918a-9f0fdfe2905c', 38, 'A16', 24, '67b99ae0-dcfa-4f0d-b133-8a286ec00a9e', 0),
('af824a71-8076-4d89-86f7-57e790b77e3a', 45, 'A5', 29, '67b99ae0-dcfa-4f0d-b133-8a286ec00a9e', 1),
('2cbfd77a-f356-4890-a4d4-9af5c0d052e6', 59, 'A1', 50, '67b99ae0-dcfa-4f0d-b133-8a286ec00a9e', 2),
('541146de-4957-4219-a1e1-d372beab1f55', 5, 'A47', 50, 'b868e7e5-14d5-4f71-940b-632df89692b8', 0),
('effe1402-a875-4980-9a65-b03528b371a4', 52, 'A41', 11, 'b868e7e5-14d5-4f71-940b-632df89692b8', 1),
('87905ab1-02e9-4ddd-8eea-1130e4c485e7', 58, 'A14', 45, 'b868e7e5-14d5-4f71-940b-632df89692b8', 2),
('21d335d1-b792-46e6-96e2-dbad4ffd7a78', 2, 'A43', 43, 'dd5ae385-df3f-42a7-8abd-fd0a16b3235b', 0),
('89f8ae20-7ef5-4211-b1b2-e333bd681145', 45, 'A8', 15, 'dd5ae385-df3f-42a7-8abd-fd0a16b3235b', 1),
('bcedf79a-a45f-4e14-ad38-aea2aa9b9c40', 14, 'A20', 25, 'dd5ae385-df3f-42a7-8abd-fd0a16b3235b', 2),
('4a7eb337-700f-4e5d-ae4e-843d5ae1a367', 89, 'A7', 40, 'ef481700-bd71-4c80-ba6c-b23bbc83e662', 0),
('839f0229-7798-41e9-ac34-64b78fe6e99d', 61, 'A2', 23, 'ef481700-bd71-4c80-ba6c-b23bbc83e662', 1),
('74d1be54-cd94-4be6-96da-4c7f009ed5d3', 34, 'A3', 43, 'ef481700-bd71-4c80-ba6c-b23bbc83e662', 2),
('03f79149-6970-494d-a2f4-ff36322c909a', 39, 'A35', 38, '2a037e26-fae2-4b1b-9198-3e7eb925778f', 0),
('cedb3679-3cf0-456c-b9e3-638b1aceb673', 28, 'A22', 46, '2a037e26-fae2-4b1b-9198-3e7eb925778f', 1),
('fda542f8-3684-4532-942a-74b468e369e5', 45, 'A33', 31, '2a037e26-fae2-4b1b-9198-3e7eb925778f', 2),
('45933a22-bb6d-424a-947a-b3e72bb731b9', 76, 'A12', 49, '077aea6a-ad45-4f8e-b41a-f442c822670a', 0),
('c39c10b1-31c0-4dce-acf8-72ba50814fe3', 41, 'A2', 16, '077aea6a-ad45-4f8e-b41a-f442c822670a', 1),
('c76a9dfe-90d5-4099-a2c4-78da5cdc822e', 61, 'A28', 35, '077aea6a-ad45-4f8e-b41a-f442c822670a', 2),
('81715fb6-2fd2-47c7-b811-dd91ef54a365', 42, 'A44', 17, '856aff14-853f-44ad-8644-472ba8bfc0c4', 0),
('706d1377-1b90-4df5-a94e-ed6108d6841e', 52, 'A29', 47, '856aff14-853f-44ad-8644-472ba8bfc0c4', 1),
('bf76904e-bcc9-428a-995a-ed3b2c4fc86c', 59, 'A47', 13, '856aff14-853f-44ad-8644-472ba8bfc0c4', 2),
('75272883-42d8-4ec7-aa83-5c071160e7ea', 12, 'A27', 33, 'badfdf2f-b51a-49b4-b12b-8885e8f66bf8', 0),
('e061541f-a472-477c-935f-0ec8c7bd48ea', 37, 'A46', 31, 'badfdf2f-b51a-49b4-b12b-8885e8f66bf8', 1),
('8f199b04-8d97-49cf-b2fb-9f849c3ba92f', 76, 'A0', 11, 'badfdf2f-b51a-49b4-b12b-8885e8f66bf8', 2),
('b6c97290-42fd-4781-9c24-0050458e0e00', 71, 'A27', 30, 'eb8d20a2-34f0-4746-95bd-88471f760f50', 0),
('d20d044c-6721-4bdc-9abe-dc8aba8836b0', 48, 'A46', 37, 'eb8d20a2-34f0-4746-95bd-88471f760f50', 1),
('0eb5d2f3-49cd-43a8-9f13-0488fe90af6c', 46, 'A45', 47, 'eb8d20a2-34f0-4746-95bd-88471f760f50', 2),
('1c626324-d03a-4ae8-aa9c-a5655401a017', 25, 'A27', 44, 'b98b3694-7cfe-4be5-97fd-4621ec05c7f5', 0),
('0cd67880-b796-49dc-87d4-d56f96e84723', 86, 'A45', 27, 'b98b3694-7cfe-4be5-97fd-4621ec05c7f5', 1),
('87ab2131-7181-49e6-a7fe-1036028484dd', 65, 'A41', 17, 'b98b3694-7cfe-4be5-97fd-4621ec05c7f5', 2),
('8ea5293c-cbc3-4c60-a168-50486c6761ef', 5, 'A34', 15, '7fec5bf5-f7b2-4d56-8c2f-5cc656c4770c', 0),
('5e8aafd6-664b-4a64-9f70-3b693782fa6d', 68, 'A37', 19, '7fec5bf5-f7b2-4d56-8c2f-5cc656c4770c', 1),
('290f2155-4a76-4324-a670-969f094284f1', 80, 'A15', 32, '7fec5bf5-f7b2-4d56-8c2f-5cc656c4770c', 2),
('e1144b80-73f0-46f8-953e-bf57fbed55e5', 54, 'A27', 42, '51e656db-3b95-47bd-a044-f24365247f9d', 0),
('59b7f859-938f-4000-8181-71e55269481b', 82, 'A16', 12, '51e656db-3b95-47bd-a044-f24365247f9d', 1),
('dc275b74-600c-477e-9b3d-40b4737e5ec2', 12, 'A17', 11, '51e656db-3b95-47bd-a044-f24365247f9d', 2),
('e90a808e-279d-4542-9e97-36d5de4d1e32', 74, 'A25', 15, '417dbb1e-257c-4ab5-b839-63dda76f1cf7', 0),
('a7c3e7fa-9d36-43e6-8756-bf74f454ef27', 19, 'A46', 50, '417dbb1e-257c-4ab5-b839-63dda76f1cf7', 1),
('28320a66-88c9-4a45-a5fd-c28b1a8d910e', 32, 'A38', 44, '417dbb1e-257c-4ab5-b839-63dda76f1cf7', 2),
('5fbe1182-5deb-4748-8904-956bd0230d98', 33, 'A17', 28, '05ca7745-f12e-43d8-bd8d-03b9266b9543', 0),
('4263d000-069b-495a-bfba-95441f9d9aea', 92, 'A7', 17, '05ca7745-f12e-43d8-bd8d-03b9266b9543', 1),
('1f1c035d-b4eb-4cc5-8334-ed7b020e5019', 2, 'A43', 24, '05ca7745-f12e-43d8-bd8d-03b9266b9543', 2),
('20d233a2-599d-4686-a9bd-a7b91b7902c6', 21, 'A19', 43, '7626110c-c53f-4bc2-906b-2ec8ca6eaeb6', 0),
('205e455f-98be-48bc-94e8-161a3de28952', 19, 'A48', 23, '7626110c-c53f-4bc2-906b-2ec8ca6eaeb6', 1),
('85929811-4698-448a-84a2-1bbe5751fed2', 87, 'A37', 27, '7626110c-c53f-4bc2-906b-2ec8ca6eaeb6', 2),
('ef3eb10c-145a-48f2-9332-8988c2c07cfa', 35, 'A45', 19, '0d57206e-4f6a-4ea2-9cc7-513274ee8fb6', 0),
('94412a93-4bc8-4e85-9b2b-398e25d5b644', 25, 'A16', 40, '0d57206e-4f6a-4ea2-9cc7-513274ee8fb6', 1),
('8cb870b8-6c50-4ccb-83ab-0e755ac01abf', 33, 'A48', 11, '0d57206e-4f6a-4ea2-9cc7-513274ee8fb6', 2),
('cd15b6a1-dca1-414d-8095-93b7be133e06', 59, 'A33', 13, 'd8fb116d-9474-4ce8-a506-ab3d39feafa0', 0),
('f2db1a98-8fc7-409e-a05b-7c6ce730ce1c', 80, 'A43', 28, 'd8fb116d-9474-4ce8-a506-ab3d39feafa0', 1),
('52d2d999-380e-494d-afcf-c3ad5d7c5d9d', 33, 'A2', 37, 'd8fb116d-9474-4ce8-a506-ab3d39feafa0', 2),
('7470499e-d5ac-4a3f-99a2-e9b277527807', 40, 'A31', 20, '116a7b77-3e81-45ce-85f8-32375b80b450', 0),
('172a1b0d-81ae-4973-98b9-993d906c3734', 74, 'A23', 50, '116a7b77-3e81-45ce-85f8-32375b80b450', 1),
('7c25c673-49b6-49c9-9b16-b33a53beefcf', 97, 'A41', 11, '116a7b77-3e81-45ce-85f8-32375b80b450', 2),
('22b1bdce-a218-43b1-b693-d72b72ac47ec', 67, 'A37', 13, '44acbda7-1c41-471b-8e72-b40461c30869', 0),
('18eaa603-302f-4c1a-a9d7-af7086aed556', 85, 'A45', 48, '44acbda7-1c41-471b-8e72-b40461c30869', 1),
('52e4bd8f-5044-46e4-8457-0bc222aed82b', 0, 'A38', 14, '44acbda7-1c41-471b-8e72-b40461c30869', 2),
('119caaf9-7f57-4114-98f2-ff5c07642bbc', 79, 'A29', 27, 'e8ed685c-b207-433c-a93e-9efe6d276806', 0),
('ecddc636-669b-4c96-9e90-5c5dc9768d17', 88, 'A24', 15, 'e8ed685c-b207-433c-a93e-9efe6d276806', 1),
('48b9e192-3335-4181-8da2-8750b23928b6', 34, 'A11', 17, 'e8ed685c-b207-433c-a93e-9efe6d276806', 2),
('f6e5902a-3218-4893-a0f4-0e3b27ab924a', 85, 'A32', 43, 'b5c7c1ff-bcf3-4579-a45a-d0e5f667ffb8', 0),
('8b40ab43-6ff9-4b6e-8a14-30f9330eb36c', 90, 'A12', 17, 'b5c7c1ff-bcf3-4579-a45a-d0e5f667ffb8', 1),
('2082c8c9-6d80-4ce3-a32a-5d06e0c443fd', 92, 'A25', 40, 'b5c7c1ff-bcf3-4579-a45a-d0e5f667ffb8', 2),
('7945274f-8219-499f-bdaf-3e7d518034ad', 40, 'A13', 43, '6305a867-37a2-4f7b-9fee-ac61c0ef5009', 0),
('e7fc2e49-57c7-414f-966b-d4fa71e7a80f', 66, 'A9', 48, '6305a867-37a2-4f7b-9fee-ac61c0ef5009', 1),
('1dd49a68-e9cc-445d-b95e-775f1925afbd', 92, 'A19', 16, '6305a867-37a2-4f7b-9fee-ac61c0ef5009', 2),
('1cbe9944-ac4e-4bff-b7a3-5efd7b2f0955', 22, 'A2', 25, '09e260b5-6aab-4af4-835f-f33b8119c812', 0),
('725eb716-cb53-4316-bc1e-096255e1bd13', 45, 'A9', 31, '09e260b5-6aab-4af4-835f-f33b8119c812', 1),
('53492381-f1d6-4046-b3e3-4e407b24a603', 82, 'A37', 20, '09e260b5-6aab-4af4-835f-f33b8119c812', 2),
('7e8fa77e-c85c-4e1e-a8d7-d57f445370e7', 38, 'A15', 20, '0489a00b-0080-47e1-85b9-14448f1f7e28', 0),
('868faa5c-2f27-4fe0-9c21-0a8f0a7534aa', 14, 'A27', 12, '0489a00b-0080-47e1-85b9-14448f1f7e28', 1),
('24138b8c-258d-47d8-80e7-94fc4eb4c499', 20, 'A35', 43, '0489a00b-0080-47e1-85b9-14448f1f7e28', 2),
('5801e5f5-b710-4f4f-9906-e8fcba17768b', 54, 'A46', 18, '0f9e855d-e189-4d33-8e5d-b78fe33bf78b', 0),
('d310769f-fb7e-4b01-a36e-3194f256c0af', 22, 'A32', 50, '0f9e855d-e189-4d33-8e5d-b78fe33bf78b', 1),
('b6c15be1-bc3a-4630-8a4b-75380ad8f288', 66, 'A50', 24, '0f9e855d-e189-4d33-8e5d-b78fe33bf78b', 2),
('60ff4a29-7098-48cb-bddf-e1887662b22d', 31, 'A4', 27, 'a379abdd-2009-41d0-bc75-8b5a2324e9c7', 0),
('426a6792-e2df-43ae-8bd7-f325599fbd16', 86, 'A8', 14, 'a379abdd-2009-41d0-bc75-8b5a2324e9c7', 1),
('42f6d248-f68f-4c8e-87c9-fb7b5e21d051', 84, 'A7', 20, 'a379abdd-2009-41d0-bc75-8b5a2324e9c7', 2),
('6719f349-b431-473f-abf0-c5882df9275b', 62, 'A32', 34, '7f0bebc3-baf2-434b-8b57-025f9711ca92', 0),
('3b79073c-1ff8-4633-9674-2b51668f800a', 4, 'A29', 13, '7f0bebc3-baf2-434b-8b57-025f9711ca92', 1),
('324daa4b-6d52-4282-a186-a6fff8261f6a', 19, 'A4', 10, '7f0bebc3-baf2-434b-8b57-025f9711ca92', 2),
('8ea365c1-3a5d-42c9-bfb2-2f64b6402ef3', 51, 'A39', 28, '16731765-729c-4bc3-89a3-41cb58f70065', 0),
('e1e87518-c12b-4986-95fb-8a866c67de27', 2, 'A17', 38, '16731765-729c-4bc3-89a3-41cb58f70065', 1),
('b3d35d55-1826-4b5a-b9f1-f694ed07ec51', 11, 'A34', 50, '16731765-729c-4bc3-89a3-41cb58f70065', 2),
('ac5c86a7-454d-4a14-935a-3078766c1193', 18, 'A45', 13, '196a3a89-6f81-4d28-b0e4-9d9e6c1ca3ac', 0),
('59f397ea-0c86-4bda-96ab-f77da3ae4956', 4, 'A30', 33, '196a3a89-6f81-4d28-b0e4-9d9e6c1ca3ac', 1),
('77432bf6-549f-461f-b212-e7cd8fcce440', 10, 'A9', 36, '196a3a89-6f81-4d28-b0e4-9d9e6c1ca3ac', 2),
('c5c8ae18-fddd-4746-b23a-4bbc6fe778e9', 41, 'A45', 25, '04df4a08-186f-4b4b-81a8-370b1dd76c99', 0),
('c00206b4-9b7f-4e3b-8855-b7ea76b6a76f', 95, 'A32', 22, '04df4a08-186f-4b4b-81a8-370b1dd76c99', 1),
('5da3cbb1-2f85-47a4-9d2c-66602ef876d2', 9, 'A29', 23, '04df4a08-186f-4b4b-81a8-370b1dd76c99', 2),
('a388cda0-b36c-4992-846a-2cb029af9faf', 11, 'A27', 34, 'cb0f5308-a569-417c-ac51-db080a69cc17', 0),
('1ff310f1-5a90-4097-b106-488b450951ad', 46, 'A49', 48, 'cb0f5308-a569-417c-ac51-db080a69cc17', 1),
('18e101a3-21f8-4fd4-b858-8eb65a626bad', 41, 'A27', 44, 'cb0f5308-a569-417c-ac51-db080a69cc17', 2),
('a000519c-d666-4b9f-aefa-4d53e5a65be3', 49, 'A29', 30, '6e808bbe-e84b-4583-84b5-57532e73593d', 0),
('ce229f41-1bd4-4335-87a5-0d29476eae26', 7, 'A5', 24, '6e808bbe-e84b-4583-84b5-57532e73593d', 1),
('e7a5c579-612d-4351-8b52-0e7989022c5b', 77, 'A39', 21, '6e808bbe-e84b-4583-84b5-57532e73593d', 2),
('96e7c27b-9797-4fd5-a036-4f054d84787a', 96, 'A29', 43, '5bed5fcb-79eb-45eb-9296-993d465f54aa', 0),
('517f40be-1f39-4090-9ca5-2ff7b7d169df', 36, 'A22', 49, '5bed5fcb-79eb-45eb-9296-993d465f54aa', 1),
('ef34a4e8-87a9-4db5-95d4-e90249ffff3e', 95, 'A50', 29, '5bed5fcb-79eb-45eb-9296-993d465f54aa', 2),
('093da4c3-45d7-4ab9-a38b-fca009fda3bd', 89, 'A15', 33, '4e0ee5c5-dd8a-419c-b538-6fb4b9e52a75', 0),
('24e3309a-9d57-4c9b-9065-25795c6c9e7e', 18, 'A11', 12, '4e0ee5c5-dd8a-419c-b538-6fb4b9e52a75', 1),
('3965d636-4757-42de-9f49-48142301e4c6', 30, 'A2', 27, '4e0ee5c5-dd8a-419c-b538-6fb4b9e52a75', 2),
('f6e6d033-580b-458d-93ac-6fcea36df314', 44, 'A39', 28, 'c398c1ef-031c-49a4-a6fc-1441fdabf64c', 0),
('ffb1c679-a6bf-43df-8925-04925dad9568', 1, 'A13', 23, 'c398c1ef-031c-49a4-a6fc-1441fdabf64c', 1),
('eac6a286-c733-44dd-b00d-93c3605643a8', 98, 'A0', 22, 'c398c1ef-031c-49a4-a6fc-1441fdabf64c', 2),
('890ad42e-b78e-465b-a897-c0369d87a369', 0, 'A37', 38, '8c14a36e-c8c3-46ec-8e3f-fb30e198b222', 0),
('1c2d5ab5-f207-4ba6-9e27-243c9e525767', 4, 'A30', 21, '8c14a36e-c8c3-46ec-8e3f-fb30e198b222', 1),
('722cc053-1a11-44ff-97b0-eefc88cdd68d', 6, 'A6', 29, '8c14a36e-c8c3-46ec-8e3f-fb30e198b222', 2),
('793eb175-041a-4b0d-8166-cb7f2ed91a47', 81, 'A21', 18, 'd5cb2c40-40b4-4925-a591-1d9168ec9fa8', 0),
('0c81aa92-69bd-431c-9050-6026c701a40f', 86, 'A12', 11, 'd5cb2c40-40b4-4925-a591-1d9168ec9fa8', 1),
('389b6a2f-2108-4cf6-93aa-72fd7340c5ce', 16, 'A20', 49, 'd5cb2c40-40b4-4925-a591-1d9168ec9fa8', 2),
('87779db7-e7f4-47de-b09d-7a6492d7ef78', 27, 'A8', 44, 'ff4b8b59-6580-41b2-b291-b5fca87b630b', 0),
('622a2e76-8ccc-4616-8967-239406bdac3d', 65, 'A34', 20, 'ff4b8b59-6580-41b2-b291-b5fca87b630b', 1),
('3b438a00-ede9-45d3-8599-9b2dd95ec118', 80, 'A42', 22, 'ff4b8b59-6580-41b2-b291-b5fca87b630b', 2),
('795bc15b-3d09-46b6-a15d-80b9db34d06e', 5, 'A3', 21, 'bbd6dce8-c4f4-4a89-bc5d-3e258ea7108b', 0),
('e9bba417-65f5-4e12-82cb-5a3703389d07', 18, 'A44', 45, 'bbd6dce8-c4f4-4a89-bc5d-3e258ea7108b', 1),
('25d5caf9-5d6c-4a5a-8c2e-1b7986026414', 87, 'A29', 44, 'bbd6dce8-c4f4-4a89-bc5d-3e258ea7108b', 2),
('a2f84a26-5816-4887-8335-687a5322518e', 32, 'A39', 47, '82abbe9f-1da1-4bc0-b0d2-b68191c1a234', 0),
('4a47b168-8c11-48bf-a948-3f4d125579c2', 75, 'A49', 23, '82abbe9f-1da1-4bc0-b0d2-b68191c1a234', 1),
('bfc0cec2-0eb4-4bb2-ac62-37dac24e101c', 71, 'A2', 48, '82abbe9f-1da1-4bc0-b0d2-b68191c1a234', 2),
('18db4fd7-e3fd-4b64-b1a9-37ed1fb12830', 14, 'A2', 48, 'd567ec29-bc6a-442c-8980-a4f2158dd70c', 0),
('ab3e4cd6-bcce-40c0-89c6-a715ad495807', 28, 'A48', 41, 'd567ec29-bc6a-442c-8980-a4f2158dd70c', 1),
('91635f36-afd4-4694-9377-4c803d75ea8d', 65, 'A48', 17, 'd567ec29-bc6a-442c-8980-a4f2158dd70c', 2),
('58f9ac15-98d4-4de1-8c31-bf7d903fbd36', 45, 'A49', 19, 'cb136de0-1cea-47da-b0c4-183ac1ae8f15', 0),
('f43f361f-7f0c-431e-9434-579bd435c0ee', 92, 'A37', 10, 'cb136de0-1cea-47da-b0c4-183ac1ae8f15', 1),
('3ff32733-c141-4093-b244-d8a3e24a4667', 74, 'A12', 19, 'cb136de0-1cea-47da-b0c4-183ac1ae8f15', 2),
('ac2a2a02-fd28-4d0c-9fde-e5fc8aef3d91', 74, 'A20', 23, '13ce8645-9799-455a-812b-773178095d6a', 0),
('cb4b98df-9d10-43c8-b5fd-bb2769c5f59b', 69, 'A31', 48, '13ce8645-9799-455a-812b-773178095d6a', 1),
('6d5ed050-4e87-421b-94bd-0b3855b59e37', 40, 'A34', 23, '13ce8645-9799-455a-812b-773178095d6a', 2),
('c6fb1ca2-3488-47a4-8388-caf75bbc9f60', 55, 'A45', 39, '9070fa8b-85e9-4077-93b4-da8016a6152e', 0),
('2b0d153c-c7f5-4835-aeb5-7759e8776b4b', 7, 'A37', 21, '9070fa8b-85e9-4077-93b4-da8016a6152e', 1),
('32021843-dfb8-4235-a214-69363640f72a', 46, 'A7', 43, '9070fa8b-85e9-4077-93b4-da8016a6152e', 2),
('c30f4eaf-78d7-4cdc-9156-117d51b4d9f9', 77, 'A25', 33, '25a97525-0c56-4fb6-b094-109bc4337658', 0),
('d0438e8d-7d5c-418e-9b40-94822c52962d', 66, 'A5', 18, '25a97525-0c56-4fb6-b094-109bc4337658', 1),
('28bc66c4-fdb2-4318-9396-70bf15ef8159', 39, 'A9', 27, '25a97525-0c56-4fb6-b094-109bc4337658', 2),
('6b96f2b6-781f-471c-9afd-eb8855c262fc', 16, 'A25', 17, '8415d1f5-2201-4e0f-a031-3ce9a4a39253', 0),
('ecb2be22-63c6-4b27-ba29-f3c4c89b54cf', 10, 'A14', 18, '8415d1f5-2201-4e0f-a031-3ce9a4a39253', 1),
('0beaffea-31c5-4db1-9f63-67f096a018d3', 82, 'A1', 34, '8415d1f5-2201-4e0f-a031-3ce9a4a39253', 2),
('1eb5962a-8c79-44c5-ae01-cb44e6a68b76', 67, 'A1', 40, '21aa49cf-0c4e-4aaa-9f46-79631697f0b7', 0),
('7565e936-ae92-444c-8642-12b85471e761', 2, 'A7', 12, '21aa49cf-0c4e-4aaa-9f46-79631697f0b7', 1),
('a4448570-e056-453f-95a8-db62b9f5e60b', 26, 'A46', 26, '21aa49cf-0c4e-4aaa-9f46-79631697f0b7', 2),
('5c192b46-d2d0-4455-bab1-0ddd5a917961', 31, 'A5', 28, 'f0d057b1-ba20-4925-8a91-55ad8bd91f1f', 0),
('c78d0f2d-b963-48d3-9bd1-e5f805d4d4e6', 24, 'A17', 27, 'f0d057b1-ba20-4925-8a91-55ad8bd91f1f', 1),
('ba7efe1c-92bb-4f06-804d-06429ae91f93', 1, 'A48', 21, 'f0d057b1-ba20-4925-8a91-55ad8bd91f1f', 2),
('4fb5d31d-8659-4746-bd21-f18583e2ae29', 4, 'A15', 27, 'd454e0fe-4964-4170-a65c-81e2ddd7c85b', 0),
('b82f9ab5-6007-4854-b951-d0247a64a222', 58, 'A12', 48, 'd454e0fe-4964-4170-a65c-81e2ddd7c85b', 1),
('d1d690eb-9fc9-4007-aa92-6c69d69f812c', 66, 'A20', 37, 'd454e0fe-4964-4170-a65c-81e2ddd7c85b', 2),
('5e0a0b0a-68e8-447c-a48f-101c7f1e63d6', 36, 'A41', 21, '8abe0b26-9581-45b8-856e-27e26a09ad0f', 0),
('1b319939-3aed-4063-a2b9-acd9e41e2dc3', 61, 'A1', 42, '8abe0b26-9581-45b8-856e-27e26a09ad0f', 1),
('8715684f-175a-4333-bff7-c20a167ecf6e', 6, 'A20', 15, '8abe0b26-9581-45b8-856e-27e26a09ad0f', 2),
('8f2d9dbb-42f8-44da-9227-ebdca8615013', 8, 'A6', 38, '331176a1-9c1b-4421-980f-9f3ef3165a30', 0),
('d76293cc-857a-4eab-8bb2-7e8fbf833fe1', 49, 'A40', 13, '331176a1-9c1b-4421-980f-9f3ef3165a30', 1),
('aecfaa0e-4294-4b21-b34c-8cb0d15c4584', 59, 'A28', 45, '331176a1-9c1b-4421-980f-9f3ef3165a30', 2),
('a39c1434-d760-46f3-b49e-abcfcdcbc9c1', 12, 'A39', 47, 'd1522fc8-01e1-458a-9ff7-67456e069b2e', 0),
('95711c10-101c-4ef0-b28d-11a03755a33f', 100, 'A21', 19, 'd1522fc8-01e1-458a-9ff7-67456e069b2e', 1),
('d2efd7f0-5628-4702-994c-d693a55d097c', 62, 'A14', 25, 'd1522fc8-01e1-458a-9ff7-67456e069b2e', 2),
('62ad5104-680a-446c-84ad-1e376fd83aca', 82, 'A45', 30, 'cdc80b5a-56bf-4900-93a0-a10922ff172c', 0),
('7f84a23a-9355-464f-be73-0a7332658555', 73, 'A42', 21, 'cdc80b5a-56bf-4900-93a0-a10922ff172c', 1),
('df26a8c4-d54b-4e1e-9441-661fa40dba20', 83, 'A26', 24, 'cdc80b5a-56bf-4900-93a0-a10922ff172c', 2),
('ab480159-98f4-4665-b07d-42c887770d9e', 31, 'A36', 35, '5fe830c3-3ab5-4d0d-9f13-57e8e7cf7e0c', 0),
('75c9bcee-bee5-4064-acce-341bd1b8d664', 47, 'A33', 29, '5fe830c3-3ab5-4d0d-9f13-57e8e7cf7e0c', 1),
('86547f4a-5fc6-4c6a-98d4-a8f8df0909b1', 97, 'A2', 11, '5fe830c3-3ab5-4d0d-9f13-57e8e7cf7e0c', 2),
('a18f3d60-be81-42ad-a305-c0c1d1b63c0d', 15, 'A36', 29, '77a4845c-d0c9-40a8-bfc8-049d6b5a6b13', 0),
('f238035f-1d30-4715-9a78-c80685b31890', 5, 'A26', 22, '77a4845c-d0c9-40a8-bfc8-049d6b5a6b13', 1),
('e94b6516-2979-42a6-9481-3e12ab62c219', 36, 'A46', 29, '77a4845c-d0c9-40a8-bfc8-049d6b5a6b13', 2),
('9ef41ec5-eef9-4c41-baa3-7cac2ff968c7', 68, 'A19', 31, '41c79c34-96b3-4d4e-9342-95f94a37f494', 0),
('ca793e32-358b-4033-9a69-8c89cc108f82', 10, 'A42', 11, '41c79c34-96b3-4d4e-9342-95f94a37f494', 1),
('ac3d49be-0f1e-4e56-a5e8-7cab83051391', 39, 'A50', 24, '41c79c34-96b3-4d4e-9342-95f94a37f494', 2),
('f76c1e9d-4497-4238-a256-f6c40fcd7568', 58, 'A17', 39, '679d3f0a-c968-4948-8a75-791366071343', 0),
('e32297fe-a345-4dde-802c-8576e4463341', 62, 'A43', 24, '679d3f0a-c968-4948-8a75-791366071343', 1),
('1d99a18c-cdc4-4a23-b946-11b32e048950', 17, 'A18', 29, '679d3f0a-c968-4948-8a75-791366071343', 2),
('e8995142-36b2-49fc-a469-5f6e7b4be94b', 9, 'A30', 49, '2c7f97cc-fd73-4f89-b3ca-455889690bbd', 0),
('4c4ec467-31bf-4ce3-bbc5-c056dff6061c', 21, 'A37', 18, '2c7f97cc-fd73-4f89-b3ca-455889690bbd', 1),
('a943c1b3-469f-494c-ac18-b0c41ef56278', 14, 'A43', 10, '2c7f97cc-fd73-4f89-b3ca-455889690bbd', 2),
('bb7f831f-98f3-49d3-a7d0-9512bcf99d7d', 51, 'A3', 33, 'df394b7a-7a44-49d4-8f4e-22a66305db50', 0),
('f8a19c01-5de5-46f9-8a80-bfa3390d814a', 8, 'A46', 28, 'df394b7a-7a44-49d4-8f4e-22a66305db50', 1),
('aa9a01ac-b6fb-408f-8a60-e09da0973085', 0, 'A32', 35, 'df394b7a-7a44-49d4-8f4e-22a66305db50', 2),
('2a463f8c-8e7d-4e11-bc9f-f0c09704d2ec', 36, 'A38', 34, '49d02577-672e-4a87-9a73-5ccf8320bb3d', 0),
('38b83aaa-58ee-4ebc-8fb1-3a5fa8d4efc4', 70, 'A4', 46, '49d02577-672e-4a87-9a73-5ccf8320bb3d', 1),
('db1b8dfb-e822-4f8b-b4cc-5b3b934ada96', 62, 'A13', 31, '49d02577-672e-4a87-9a73-5ccf8320bb3d', 2),
('080a4549-ba29-4bf8-b37c-b59ded5e8abb', 96, 'A19', 16, 'a40ec9d3-39ba-455b-8b2f-f3643f78f4ad', 0),
('537135ab-d07a-49de-9c16-f694b10d3afc', 64, 'A28', 39, 'a40ec9d3-39ba-455b-8b2f-f3643f78f4ad', 1),
('45048302-2f6c-438a-95b2-548feb95b43f', 45, 'A31', 30, 'a40ec9d3-39ba-455b-8b2f-f3643f78f4ad', 2),
('efc3284a-1ff7-4098-a269-53a9be4abece', 39, 'A35', 44, '528357d1-366b-4ba7-9d66-32f5ae844921', 0),
('3b1628e2-c1ba-4064-9a7e-b2ccac42921e', 31, 'A25', 46, '528357d1-366b-4ba7-9d66-32f5ae844921', 1),
('3593b83a-101b-4744-96e2-9cdb016cbcc7', 24, 'A21', 50, '528357d1-366b-4ba7-9d66-32f5ae844921', 2),
('5f350272-fd50-4637-9625-1dd4bef6003b', 41, 'A45', 29, '3e5d385e-13b8-4905-ba92-b547e7a20330', 0),
('6e12339f-c065-4c37-b3d1-fa7f19224ca7', 0, 'A8', 34, '3e5d385e-13b8-4905-ba92-b547e7a20330', 1),
('5200b5d4-15e3-4944-9fc1-e07a41bc9afe', 88, 'A6', 19, '3e5d385e-13b8-4905-ba92-b547e7a20330', 2),
('f6b50792-bfde-4442-91ab-521035c1d9d8', 77, 'A23', 47, '85cc3b59-c028-46bb-879b-178376528874', 0),
('9b4e8310-4a38-48ad-8afa-48448baa4166', 9, 'A25', 41, '85cc3b59-c028-46bb-879b-178376528874', 1),
('16112815-f4e1-4048-9c7f-70e138d05029', 89, 'A14', 20, '85cc3b59-c028-46bb-879b-178376528874', 2),
('3950643e-d27c-42aa-b885-3136132d3e59', 60, 'A32', 19, '31505789-0c37-451d-b6a4-1dcc37bc7c66', 0),
('b1edb589-7c5d-4e4d-ae5d-e5b825116e4e', 79, 'A10', 22, '31505789-0c37-451d-b6a4-1dcc37bc7c66', 1),
('34eb1bb2-d57c-4d5e-96ed-3b1e84f797bc', 20, 'A46', 18, '31505789-0c37-451d-b6a4-1dcc37bc7c66', 2),
('40f00d9e-d6c8-4e05-ada4-c3fb879fac60', 35, 'A24', 35, 'e9e74756-a122-4890-9851-c289d486cf12', 0),
('b297809d-5980-42ab-b83c-6be4b20d3e46', 41, 'A21', 38, 'e9e74756-a122-4890-9851-c289d486cf12', 1),
('6e90a9a0-3d3d-4762-9bae-9ffdd2d227a3', 67, 'A37', 33, 'e9e74756-a122-4890-9851-c289d486cf12', 2),
('2e7a85a7-a29f-4818-b35f-9de058e8a911', 59, 'A14', 45, '6ee040ee-7c2a-43fd-92b5-a27279314fe4', 0),
('81293a84-425a-43de-a3d2-461ab15120d2', 8, 'A38', 14, '6ee040ee-7c2a-43fd-92b5-a27279314fe4', 1),
('ca8030bc-1a62-4bd2-be3e-60deaf1025e1', 77, 'A12', 46, '6ee040ee-7c2a-43fd-92b5-a27279314fe4', 2),
('852b1c61-caa3-4682-9efb-a64b2f4379fc', 69, 'A37', 10, 'ec41d9bb-067a-4231-a6e1-28dae29dc00a', 0),
('cec7d277-9bcc-498c-8b98-49f9e8203acb', 78, 'A43', 14, 'ec41d9bb-067a-4231-a6e1-28dae29dc00a', 1),
('fc7a5397-d856-4c02-8e18-c24accd731f8', 5, 'A19', 17, 'ec41d9bb-067a-4231-a6e1-28dae29dc00a', 2),
('8e03e4fb-f1f6-49b8-b005-899aefa34575', 18, 'A5', 19, '5d929f51-6a6c-4adc-b00b-e2b13f2718c0', 0),
('c7d20e1e-d8c0-42a4-a66e-db26d6be40d1', 54, 'A10', 42, '5d929f51-6a6c-4adc-b00b-e2b13f2718c0', 1),
('0954dbc0-4b05-447a-8985-20c7f080a007', 67, 'A14', 43, '5d929f51-6a6c-4adc-b00b-e2b13f2718c0', 2),
('1729fd90-254b-4a11-895d-ab3625af3a8b', 33, 'A46', 15, '126cbb31-24af-48aa-9a09-dcbaede2e81b', 0),
('d4c753ee-e8ff-4f88-9b26-73e6943dde72', 82, 'A32', 25, '126cbb31-24af-48aa-9a09-dcbaede2e81b', 1),
('931fa9e5-1480-4868-b7a7-7a4c78c8cca1', 43, 'A40', 46, '126cbb31-24af-48aa-9a09-dcbaede2e81b', 2),
('0d4eebce-7640-4fab-b5d6-35df5b77ee51', 91, 'A49', 42, 'd91ae29e-9fdf-4b4d-a295-2de8ef6f5bf9', 0),
('066dc6e3-b712-4784-b3e1-92ffeeb5f5b0', 1, 'A29', 33, 'd91ae29e-9fdf-4b4d-a295-2de8ef6f5bf9', 1),
('582a8c46-1962-43c3-954c-50ca3801bd3b', 61, 'A47', 45, 'd91ae29e-9fdf-4b4d-a295-2de8ef6f5bf9', 2),
('3a2097f9-ea67-4a67-a926-8c67a2618e12', 82, 'A8', 25, '8ad71bcc-8ca9-4b9a-a9db-cc0b27c25299', 0),
('75d96e8e-699b-4713-a1d3-b5345425f820', 48, 'A34', 37, '8ad71bcc-8ca9-4b9a-a9db-cc0b27c25299', 1),
('bf6f7639-d188-4909-906a-d5e9d5b47cf8', 68, 'A28', 49, '8ad71bcc-8ca9-4b9a-a9db-cc0b27c25299', 2),
('138a5eca-1c14-4931-8055-288121051557', 74, 'A38', 12, 'd0979d37-58ef-41bc-b7bb-25d122547743', 0),
('c9f5acff-c11f-4e4b-a38a-db6afb2c82cd', 47, 'A12', 32, 'd0979d37-58ef-41bc-b7bb-25d122547743', 1),
('d0ebd67f-614b-41aa-982d-af423f2c15b8', 23, 'A17', 16, 'd0979d37-58ef-41bc-b7bb-25d122547743', 2),
('63b46ae7-b270-4a4b-bc0f-2b16cb12afb5', 58, 'A5', 31, '1d73b26a-e0fe-4ec3-bfea-f04729418b27', 0),
('c8e4f4e0-6f5e-40ee-8f40-98d74d96857b', 31, 'A34', 21, '1d73b26a-e0fe-4ec3-bfea-f04729418b27', 1),
('913b7910-bc2f-4630-b180-0023f1ad52b6', 1, 'A42', 43, '1d73b26a-e0fe-4ec3-bfea-f04729418b27', 2),
('f073cc9c-1c09-41fc-9ff2-d6f4ca7ac687', 23, 'A32', 26, '88e32eee-db5e-47f3-8931-e8b6f5bb4672', 0),
('973e3bbc-019d-4379-be81-7e3ffa53c659', 60, 'A27', 13, '88e32eee-db5e-47f3-8931-e8b6f5bb4672', 1),
('7a0a6b66-382f-41ef-9e87-420f7b7a48df', 53, 'A46', 34, '88e32eee-db5e-47f3-8931-e8b6f5bb4672', 2),
('744b040a-7421-44d6-9ef8-1dc41594e00a', 12, 'A46', 18, '0cf0e803-f0f6-4d6a-9b72-7826ad935c01', 0),
('ccd4f5af-58a2-46d1-8ce8-cb48fbf86af4', 15, 'A25', 46, '0cf0e803-f0f6-4d6a-9b72-7826ad935c01', 1),
('8073f053-28d5-4bf6-a703-711cf206d7d1', 59, 'A21', 48, '0cf0e803-f0f6-4d6a-9b72-7826ad935c01', 2),
('4007b0d5-da62-4c7f-bbc2-bb9b7ab9443d', 93, 'A32', 20, 'd4326d45-c56f-4b6e-a778-c249c06f61f6', 0),
('d0876cbb-1a97-48c2-9dd1-03b8c7061fcb', 75, 'A40', 21, 'd4326d45-c56f-4b6e-a778-c249c06f61f6', 1),
('09c17655-4020-4cb7-a2f3-9a22f065f6be', 71, 'A42', 29, 'd4326d45-c56f-4b6e-a778-c249c06f61f6', 2),
('2b3f0bf2-7a51-48fa-aba5-d51d4a143b2a', 29, 'A47', 46, '0d61ceb5-0cda-4776-83be-deae6382f0e8', 0),
('26da6b5c-6128-41b8-ad1a-4ef492788dc7', 17, 'A48', 19, '0d61ceb5-0cda-4776-83be-deae6382f0e8', 1),
('0cdbf061-9ebf-4d2a-a2ba-2536ebe615f9', 65, 'A29', 48, '0d61ceb5-0cda-4776-83be-deae6382f0e8', 2),
('2f846bfe-2088-4f27-b487-a362019fbe3e', 80, 'A49', 16, 'f82c549b-bb9f-413b-9831-28d8052607b6', 0),
('e2595094-eb32-43f6-b792-89ac45ea18a5', 61, 'A43', 11, 'f82c549b-bb9f-413b-9831-28d8052607b6', 1),
('cf603fb1-21ea-4be0-89d9-90b45ff70fcc', 35, 'A40', 26, 'f82c549b-bb9f-413b-9831-28d8052607b6', 2),
('d72a8e7a-52ec-4bf0-9660-008a59291a0a', 50, 'A45', 35, 'b7f09dbe-3ae5-44b0-93fc-2277ae98ae9f', 0),
('865e0dbb-28d0-4572-8669-4c52bd562fe0', 29, 'A24', 36, 'b7f09dbe-3ae5-44b0-93fc-2277ae98ae9f', 1),
('6d324c43-e4a8-45f3-9406-4dfb3a4232d8', 91, 'A8', 44, 'b7f09dbe-3ae5-44b0-93fc-2277ae98ae9f', 2),
('c4ee9baa-e976-407e-9525-97745d10f573', 49, 'A10', 18, '1e140b9e-6c6d-4c2e-b837-c6b9956becb3', 0),
('fb0b452f-5514-4a29-bd98-c542d54f0aef', 7, 'A30', 10, '1e140b9e-6c6d-4c2e-b837-c6b9956becb3', 1),
('a83325e4-72bb-44e3-a88c-b943787b5518', 28, 'A27', 15, '1e140b9e-6c6d-4c2e-b837-c6b9956becb3', 2),
('91cbfa4e-1d61-4859-a814-087c5fad941e', 3, 'A44', 23, '4aee0b60-5ab1-4eb5-b04f-354639cf7793', 0),
('3b750ec3-43fb-4f8b-b15b-bb2100d45fa2', 79, 'A21', 28, '4aee0b60-5ab1-4eb5-b04f-354639cf7793', 1),
('af459d19-2ef1-45a6-9153-f664faf26988', 91, 'A36', 41, '4aee0b60-5ab1-4eb5-b04f-354639cf7793', 2),
('1e71b725-6e22-4bfe-8a3d-7205f3bb1137', 12, 'A40', 46, '5f5a96bc-b417-45ac-8063-b8b43b0ac62e', 0),
('b07a822b-054e-48b2-86ce-f5d48460a44d', 48, 'A38', 43, '5f5a96bc-b417-45ac-8063-b8b43b0ac62e', 1),
('91e537cf-299f-4146-8b7f-34fc59f6aafd', 51, 'A50', 50, '5f5a96bc-b417-45ac-8063-b8b43b0ac62e', 2),
('e1dc9679-ddd1-48d5-9468-72dc9c80469c', 85, 'A40', 30, 'dba2af40-ee01-449f-b9d7-9ea1f9e05f85', 0),
('2e6c3b1e-387f-4bb1-a32f-8b159dee9855', 65, 'A35', 26, 'dba2af40-ee01-449f-b9d7-9ea1f9e05f85', 1),
('6203f222-91fe-4eeb-ba5f-cee2239a6580', 100, 'A49', 20, 'dba2af40-ee01-449f-b9d7-9ea1f9e05f85', 2),
('abf5e95b-61a7-487e-9492-bf9546cc0c48', 83, 'A3', 38, 'dce6ff3b-c6e6-4d7f-b2f5-090f89efb313', 0),
('d699f7e5-268a-4ea8-9351-a8bcda582f24', 36, 'A19', 27, 'dce6ff3b-c6e6-4d7f-b2f5-090f89efb313', 1),
('1c570d74-bc60-4297-b62d-fbac79832927', 62, 'A42', 38, 'dce6ff3b-c6e6-4d7f-b2f5-090f89efb313', 2),
('a81f427d-8d91-43b8-b726-cf5c6b6833a2', 4, 'A23', 28, '27cab04d-baf6-42b9-97f4-240728277e84', 0),
('67128efb-0382-4560-b605-37f422f295c2', 89, 'A3', 14, '27cab04d-baf6-42b9-97f4-240728277e84', 1),
('62ac4fd4-d922-4d4b-811f-210da9735c38', 21, 'A32', 18, '27cab04d-baf6-42b9-97f4-240728277e84', 2),
('f8971956-34a7-4af1-8344-f50cab5ec0e6', 4, 'A10', 12, 'ad116651-e93f-474b-8d3b-e2c52f068793', 0),
('24519077-101f-46c6-a04d-e538d3488c93', 30, 'A42', 43, 'ad116651-e93f-474b-8d3b-e2c52f068793', 1),
('e39cf25f-3b57-4039-b534-b9b75f295428', 62, 'A34', 10, 'ad116651-e93f-474b-8d3b-e2c52f068793', 2),
('55a55725-406c-4aab-84ed-7eb525f87cef', 24, 'A0', 39, 'd34ba4a4-8c9b-432e-be7d-d7132cd32e69', 0),
('c33b3628-9a7f-4eb2-adf4-d048899ca529', 1, 'A3', 27, 'd34ba4a4-8c9b-432e-be7d-d7132cd32e69', 1),
('a6912750-58e1-4968-8180-63aa23d1939f', 47, 'A50', 25, 'd34ba4a4-8c9b-432e-be7d-d7132cd32e69', 2),
('fe98b17e-5dab-4acd-94d6-77149ae37ca6', 7, 'A7', 26, '5342ab69-d5a5-4066-be3e-142acc813151', 0),
('1c87e912-bcb1-4f83-9ecb-7cc47bbee67f', 11, 'A50', 28, '5342ab69-d5a5-4066-be3e-142acc813151', 1),
('880198eb-48da-436a-8993-dfbf8343d9fd', 84, 'A28', 32, '5342ab69-d5a5-4066-be3e-142acc813151', 2),
('6158c3bf-ca0c-430c-950f-0e7aefe272b0', 2, 'A27', 37, '99ac6910-800d-4170-b687-f2c29341a205', 0),
('7de0ba43-248f-445d-81c6-57a11e312965', 90, 'A50', 27, '99ac6910-800d-4170-b687-f2c29341a205', 1),
('030866d8-9990-49cf-bec2-acbbb91ddc17', 62, 'A48', 50, '99ac6910-800d-4170-b687-f2c29341a205', 2),
('113f26fc-984f-4a4b-b03a-f95387523ba1', 77, 'A29', 48, '950de2c0-12a8-4808-8a5a-0c3527b5a478', 0),
('8aa93a22-95d0-4322-b77c-2572c1a80efc', 26, 'A39', 31, '950de2c0-12a8-4808-8a5a-0c3527b5a478', 1),
('e56e6971-b584-401b-a148-d7f6ebf9d4a8', 51, 'A14', 11, '950de2c0-12a8-4808-8a5a-0c3527b5a478', 2),
('1136c860-9511-4f2b-98b0-1c346acc78bd', 60, 'A3', 41, '55fbe9cb-5d4a-4f7a-b87b-8863f9d8c9ff', 0),
('05c43683-e13a-478d-b61f-9a2158481a93', 39, 'A15', 18, '55fbe9cb-5d4a-4f7a-b87b-8863f9d8c9ff', 1),
('332b6b81-31b5-4b72-9797-1a0718a0e9e2', 44, 'A0', 46, '55fbe9cb-5d4a-4f7a-b87b-8863f9d8c9ff', 2),
('0ca7eef8-bd02-4cea-98b4-199d75d18dd6', 18, 'A30', 32, 'dd519d2c-95a4-4775-b5cc-60001f9a085d', 0),
('e98ecd28-9d9f-4378-906d-efc77a5e8b10', 54, 'A24', 13, 'dd519d2c-95a4-4775-b5cc-60001f9a085d', 1),
('c0095d31-25f9-49e6-bca4-95a199c2b466', 7, 'A27', 21, 'dd519d2c-95a4-4775-b5cc-60001f9a085d', 2),
('8f397b98-a8fe-4266-a9b6-9cdf9b11a8aa', 0, 'A31', 17, '987ef6d6-45ac-46a4-b9e9-48ee67e67908', 0),
('d53fdb15-7ec1-46f4-880a-9e44685ab8c8', 40, 'A9', 46, '987ef6d6-45ac-46a4-b9e9-48ee67e67908', 1),
('af72306f-bd22-4889-b4db-0c7f788551bb', 61, 'A24', 13, '987ef6d6-45ac-46a4-b9e9-48ee67e67908', 2),
('93e2a2b9-9c7b-4ce2-9eaf-b5afd0cd97d9', 11, 'A6', 46, '2d408fea-ba92-4879-8edd-ef9eef1f989f', 0),
('e42598b0-58cc-434a-a44e-1ea1b3f6c373', 61, 'A39', 37, '2d408fea-ba92-4879-8edd-ef9eef1f989f', 1),
('4843c16b-8ace-4e64-becb-eaaedc386ef1', 59, 'A31', 35, '2d408fea-ba92-4879-8edd-ef9eef1f989f', 2),
('c96c5f41-4691-4a63-a8eb-6b72f7a9bd13', 96, 'A30', 13, '81599727-40c6-4166-9fd9-da12779a5eb3', 0),
('539169db-f938-4c53-ba40-cee6da9eaffa', 41, 'A12', 46, '81599727-40c6-4166-9fd9-da12779a5eb3', 1),
('15c4ae79-5d38-4bc3-8476-3274b0f11479', 98, 'A39', 18, '81599727-40c6-4166-9fd9-da12779a5eb3', 2),
('c15bf708-c83f-49b6-aad7-6e1ed7b6169b', 33, 'A45', 28, 'f16097cd-09da-4869-ba27-abe7ad003494', 0),
('baf62beb-34e2-4b35-91a1-947bdff01341', 52, 'A10', 27, 'f16097cd-09da-4869-ba27-abe7ad003494', 1),
('76d09b7b-192a-4f79-a0df-bc68259b84b2', 91, 'A28', 31, 'f16097cd-09da-4869-ba27-abe7ad003494', 2),
('4a0abbec-c52e-4d41-88fb-001f0476003e', 26, 'A2', 37, '6da324bb-5141-4e3b-98fd-88bc7a1993ee', 0),
('a8c3b9f8-6c2f-4738-add5-cc82a0ac6985', 60, 'A17', 16, '6da324bb-5141-4e3b-98fd-88bc7a1993ee', 1),
('26061eb5-96a7-418b-9531-3920d58d5796', 56, 'A33', 23, '6da324bb-5141-4e3b-98fd-88bc7a1993ee', 2),
('947652ef-6936-4f44-8a6e-61a5ff0f6a13', 46, 'A49', 44, '466fb94b-6eca-475b-8448-30c73262f76d', 0),
('110ab0b1-f09a-4060-bfd1-3d432f6c5766', 6, 'A37', 21, '466fb94b-6eca-475b-8448-30c73262f76d', 1),
('0ac9a71c-7641-4b5f-9a00-351dfea29df3', 32, 'A42', 27, '466fb94b-6eca-475b-8448-30c73262f76d', 2),
('744b4c70-971f-48df-b510-2d7e02edaac5', 25, 'A8', 50, 'a8eb0c5c-9b6a-4f6f-96b2-ff0ffe78134b', 0),
('a8c6d309-dc45-4236-ab88-958ef9a95cae', 26, 'A25', 10, 'a8eb0c5c-9b6a-4f6f-96b2-ff0ffe78134b', 1),
('55321ab4-7d2f-4509-9203-957f1e9f428b', 56, 'A5', 27, 'a8eb0c5c-9b6a-4f6f-96b2-ff0ffe78134b', 2),
('6f46d382-6f24-4e51-8b38-1cf78d1ce0b0', 97, 'A41', 36, 'fe2a4f45-cc26-49b9-b2c1-3c5b76614dc7', 0),
('6c937d39-51c3-49d3-b486-ff2e29eba1d7', 84, 'A48', 20, 'fe2a4f45-cc26-49b9-b2c1-3c5b76614dc7', 1),
('a60a19da-1d64-4db8-a603-432acd87ed3a', 82, 'A17', 11, 'fe2a4f45-cc26-49b9-b2c1-3c5b76614dc7', 2),
('e5a54c1a-2060-496a-95aa-3ae17295ecfc', 86, 'A36', 31, '3277a246-c188-409a-ae43-fbd8c557d603', 0),
('1dd2962a-91ab-4d74-8709-41806f3480fa', 82, 'A47', 25, '3277a246-c188-409a-ae43-fbd8c557d603', 1),
('a55e43f2-f851-48e9-9bcf-d6b38ae3fe67', 48, 'A17', 40, '3277a246-c188-409a-ae43-fbd8c557d603', 2),
('6d41d33b-116b-4b23-a065-75ad1035aec5', 58, 'A1', 28, 'cd1365dd-cf4f-4233-8ff9-daa1756097fb', 0),
('8cc6fcfd-3834-4ea3-b842-a7ab530da5d3', 79, 'A15', 49, 'cd1365dd-cf4f-4233-8ff9-daa1756097fb', 1),
('6299f00b-d1a3-455b-9164-debfc604450b', 31, 'A4', 29, 'cd1365dd-cf4f-4233-8ff9-daa1756097fb', 2),
('ed8d54fe-2941-467e-9b6d-bda60ed5f8ec', 29, 'A48', 22, '337a7412-3c67-4663-920e-11190fab8d16', 0),
('07354797-5f23-4142-961a-03850c813fe5', 48, 'A20', 15, '337a7412-3c67-4663-920e-11190fab8d16', 1),
('acb16ba2-698b-4ecd-8f89-ad77b6bf6793', 57, 'A41', 19, '337a7412-3c67-4663-920e-11190fab8d16', 2),
('21ca4298-e4e5-43d5-bb32-84063eb869da', 29, 'A20', 40, 'e24b00d9-3d22-4bf7-adb0-896048cd4a2f', 0),
('82442dac-aac5-40e1-95f7-4987abe00174', 76, 'A21', 18, 'e24b00d9-3d22-4bf7-adb0-896048cd4a2f', 1),
('614cd476-d78d-4edc-a73c-c19389ac6acf', 80, 'A28', 31, 'e24b00d9-3d22-4bf7-adb0-896048cd4a2f', 2),
('75727cca-7418-4f6b-97b5-870dc9e0ff68', 11, 'A2', 34, 'f5f98f40-24a6-49a0-b175-f25c591a9977', 0),
('a05c089c-c7ed-454e-aa62-bc6f764a2005', 100, 'A27', 19, 'f5f98f40-24a6-49a0-b175-f25c591a9977', 1),
('b6e28241-aa3b-49d8-8733-d4a48982a3a1', 16, 'A44', 50, 'f5f98f40-24a6-49a0-b175-f25c591a9977', 2),
('8e55a913-14ff-493f-9ce9-cea47ce964ca', 4, 'A34', 39, 'bbe8fd9c-e2a6-4130-9903-26d961c1280b', 0),
('fac17b80-e27b-450e-8bcc-8924e5f4f11c', 3, 'A32', 48, 'bbe8fd9c-e2a6-4130-9903-26d961c1280b', 1),
('ffaf23bf-06e8-43df-8178-1aeb6f615b6f', 0, 'A5', 34, 'bbe8fd9c-e2a6-4130-9903-26d961c1280b', 2),
('6acc040e-eb98-4a21-b76c-01db49d38c13', 27, 'A36', 25, '5e907143-fe61-4371-8e8c-53b7816152c5', 0),
('c600f797-5158-4e12-b49b-221c4c2c0d1b', 31, 'A47', 44, '5e907143-fe61-4371-8e8c-53b7816152c5', 1),
('8453ca22-5797-4d78-8039-555e73e2f623', 84, 'A15', 28, '5e907143-fe61-4371-8e8c-53b7816152c5', 2),
('c79f2c30-58be-4b54-95b3-2f12b16652af', 10, 'A45', 47, '5bd02d22-ff12-4b82-96e0-3b2a33451dd3', 0),
('7dd5c8b9-e5bf-4b12-b0de-9b81ef6d0d31', 7, 'A30', 45, '5bd02d22-ff12-4b82-96e0-3b2a33451dd3', 1),
('9511a808-6bb3-40d8-a2ed-9e47fdfe7b1c', 80, 'A41', 42, '5bd02d22-ff12-4b82-96e0-3b2a33451dd3', 2),
('c8da39ba-362a-45a6-ba1f-dc38eed06793', 54, 'A15', 17, '8901c92a-65a8-4ac4-9b72-275c24537a6f', 0),
('b0271844-b352-4b21-a5e8-dede2c810971', 5, 'A40', 17, '8901c92a-65a8-4ac4-9b72-275c24537a6f', 1),
('57eded66-68e0-4776-81a2-fefbc501644b', 78, 'A24', 19, '8901c92a-65a8-4ac4-9b72-275c24537a6f', 2),
('13bf2dbf-acdb-4ebf-8341-64d5475a9c83', 31, 'A7', 50, '9ad248d2-532c-48b5-b23f-f9634bd7a98e', 0),
('bea76a6f-4a55-4941-8547-618489c167a4', 66, 'A39', 30, '9ad248d2-532c-48b5-b23f-f9634bd7a98e', 1),
('086abbd8-3783-483a-a2a9-9654264d2698', 98, 'A9', 22, '9ad248d2-532c-48b5-b23f-f9634bd7a98e', 2),
('1e909e33-ba2b-4200-a639-0b6bc9cd06b4', 86, 'A47', 10, 'c34aed01-9953-4a6c-89fd-c536a284a490', 0),
('f88b433b-92f4-4dc5-8b02-6f13feb3b4cc', 9, 'A0', 45, 'c34aed01-9953-4a6c-89fd-c536a284a490', 1),
('b935d0d2-23d3-4c43-bacb-9627c41361f8', 10, 'A41', 46, 'c34aed01-9953-4a6c-89fd-c536a284a490', 2),
('6aff1000-5e18-4633-9e56-a8a2dacc8baa', 49, 'A0', 47, '529ca601-5183-43a9-8e65-5a6390ee9574', 0),
('a4ae20e1-9f75-4b30-86dd-d4bd15a010c6', 40, 'A27', 42, '529ca601-5183-43a9-8e65-5a6390ee9574', 1),
('ca3677b0-e4b7-4b22-a955-406b8ac28c5b', 90, 'A39', 44, '529ca601-5183-43a9-8e65-5a6390ee9574', 2),
('d191f8b6-9ee0-4b62-96f0-5b6d64607a8e', 18, 'A13', 17, '752ed159-3089-4acf-aefb-1cd86c33c100', 0),
('0d8e0315-b452-4a9b-9e33-69b5200c54c9', 76, 'A49', 28, '752ed159-3089-4acf-aefb-1cd86c33c100', 1),
('a32b6636-d3dd-4e69-b460-553efa10720e', 56, 'A16', 24, '752ed159-3089-4acf-aefb-1cd86c33c100', 2),
('9f7c8336-7961-4ce9-9dd0-26e66a0ac9e4', 37, 'A50', 10, '5d1b5e1c-890a-424d-a7cc-ce0e4010840e', 0),
('4a33d059-eb1c-4aac-ae59-246e0f14f94d', 76, 'A44', 11, '5d1b5e1c-890a-424d-a7cc-ce0e4010840e', 1),
('378ff10a-8c5b-45d8-ae56-c18211e95adc', 18, 'A4', 50, '5d1b5e1c-890a-424d-a7cc-ce0e4010840e', 2),
('088addf0-40c6-4f20-a330-905c741b05b3', 24, 'A23', 31, 'bd442866-a821-41b8-8a8e-99717d3776ce', 0),
('2d173aaa-c221-40c9-abbb-255ecba910f8', 83, 'A39', 18, 'bd442866-a821-41b8-8a8e-99717d3776ce', 1),
('a66459ba-b691-4029-b8f8-e39ca157c048', 92, 'A37', 10, 'bd442866-a821-41b8-8a8e-99717d3776ce', 2),
('dc60c02b-544e-4f41-8358-45b5927305b6', 4, 'A1', 15, '555f51ba-7ac1-41eb-ac60-77b06c7201c3', 0),
('2cabf22c-a2a7-42fe-ae60-4e0f39692d61', 19, 'A1', 44, '555f51ba-7ac1-41eb-ac60-77b06c7201c3', 1),
('d41215bb-eedb-4b68-a9e7-0c295b7b00fc', 3, 'A15', 33, '555f51ba-7ac1-41eb-ac60-77b06c7201c3', 2),
('07ec8962-c38b-4512-9340-0f3d9c314342', 70, 'A9', 45, '85f876f6-63ce-4490-a685-cbb22430053a', 0),
('4ecd7f4c-413b-466f-bfec-3d432c6d58ca', 12, 'A13', 45, '85f876f6-63ce-4490-a685-cbb22430053a', 1),
('ebaf65e2-06b0-45b1-a012-74315cc65b57', 3, 'A49', 25, '85f876f6-63ce-4490-a685-cbb22430053a', 2),
('264bcf1b-89fd-4231-902b-0707f5a64513', 69, 'A21', 31, '18e27a0b-9858-4e82-a509-67c50412aa64', 0),
('e9c4be71-0d94-40fa-ab04-76f78b0fd45d', 1, 'A39', 11, '18e27a0b-9858-4e82-a509-67c50412aa64', 1),
('14e72163-fc74-4130-97a3-815ec16b45b0', 77, 'A49', 40, '18e27a0b-9858-4e82-a509-67c50412aa64', 2),
('8452c9ba-d932-4076-b2de-17b1637c3426', 11, 'A2', 39, '7a404cc0-2345-4e5b-92f7-5e16b132dbdb', 0),
('d29a9989-a7ae-4bbf-85d7-d228d062c4ab', 95, 'A38', 24, '7a404cc0-2345-4e5b-92f7-5e16b132dbdb', 1),
('8e92c49f-0f89-4f81-9d3f-019603483736', 12, 'A16', 20, '7a404cc0-2345-4e5b-92f7-5e16b132dbdb', 2),
('d85024bf-860c-413c-835f-140977b61709', 77, 'A8', 30, 'a1b28d21-c7b4-4fa6-b36c-5075de200324', 0),
('41d6f45d-3353-465f-bf4e-f9c29153a3a1', 18, 'A9', 25, 'a1b28d21-c7b4-4fa6-b36c-5075de200324', 1),
('59b7708c-7203-4182-91c5-1ed74e4e5cb4', 14, 'A39', 20, 'a1b28d21-c7b4-4fa6-b36c-5075de200324', 2),
('444d5113-f2c7-4bb6-bd97-11f31fe1900e', 10, 'A13', 27, 'bf94b566-96b7-49ab-b803-f67d65ec90cd', 0),
('ece15d67-382c-4845-b092-c7b7cde2d7dc', 27, 'A38', 21, 'bf94b566-96b7-49ab-b803-f67d65ec90cd', 1),
('67fcc732-7712-467a-ac06-45e3150f1732', 74, 'A39', 20, 'bf94b566-96b7-49ab-b803-f67d65ec90cd', 2),
('9ebdd58d-968f-412c-804e-5d9de9ee95e7', 100, 'A16', 38, '94daeab6-9ab6-4536-b448-0a53ada0efd3', 0),
('bcebc634-e916-432d-bc70-88b6d938abac', 65, 'A22', 45, '94daeab6-9ab6-4536-b448-0a53ada0efd3', 1),
('0d79c951-4428-40a3-a9ee-f63a704d1605', 75, 'A4', 30, '94daeab6-9ab6-4536-b448-0a53ada0efd3', 2),
('146e3ee2-7e58-44e0-aa97-cf9eeb75590a', 59, 'A39', 43, 'a3beb099-c0d0-4afd-a097-99db60db3700', 0),
('f5738db6-8bfd-4eb3-9502-c87f80960170', 81, 'A49', 24, 'a3beb099-c0d0-4afd-a097-99db60db3700', 1),
('27f82be0-17c8-4804-9654-899b4e629b40', 5, 'A24', 47, 'a3beb099-c0d0-4afd-a097-99db60db3700', 2),
('46729107-9fd8-4321-9c6b-e5dfe78a06d7', 42, 'A29', 20, '8e8f3523-1990-48f2-b901-13496640bd07', 0),
('6ab8b17b-586b-4392-b60f-542b570f9309', 23, 'A31', 24, '8e8f3523-1990-48f2-b901-13496640bd07', 1),
('de51c147-784d-4733-9800-be7cb8bf3f0d', 29, 'A26', 35, '8e8f3523-1990-48f2-b901-13496640bd07', 2),
('464403ae-981f-4b43-8f2b-dc2903523714', 37, 'A33', 10, 'ab0ba89c-d432-4579-a48f-c3e5c283a9f2', 0),
('04b7b33d-e931-4ab9-a58e-a8c47c9dccde', 47, 'A44', 28, 'ab0ba89c-d432-4579-a48f-c3e5c283a9f2', 1),
('82add75a-7e02-4e08-a8d7-b948d6d3bc6f', 17, 'A40', 36, 'ab0ba89c-d432-4579-a48f-c3e5c283a9f2', 2),
('6e904739-4662-4693-b852-b22478118ef1', 22, 'A23', 24, '6244e6d2-8dc3-453f-8bea-cfa511df1f35', 0),
('39340e2d-daef-472e-9106-10732ee64c17', 8, 'A1', 23, '6244e6d2-8dc3-453f-8bea-cfa511df1f35', 1),
('97e3ff2e-5d77-4bae-b83c-9bce00004afe', 9, 'A39', 17, '6244e6d2-8dc3-453f-8bea-cfa511df1f35', 2),
('6bbbb73a-8c73-4083-9219-d6eb6049d0bf', 77, 'A6', 20, '038e3dbe-1915-4035-bff6-7e7891a0b650', 0),
('bef8a9bd-a17b-4bf1-93af-50b94f455641', 8, 'A1', 34, '038e3dbe-1915-4035-bff6-7e7891a0b650', 1),
('8e33bc5d-6ddd-4b19-acdc-929fb512c5ea', 48, 'A2', 28, '038e3dbe-1915-4035-bff6-7e7891a0b650', 2),
('4c5d5e47-253f-467f-8ff7-5c683e859b5d', 57, 'A9', 27, 'f5c6dfe2-69d2-46fe-8b6c-ffca3751e4a3', 0),
('3cff5019-8cae-4a41-bbc1-3b28e4c10eb8', 35, 'A13', 14, 'f5c6dfe2-69d2-46fe-8b6c-ffca3751e4a3', 1),
('b1c95012-de47-4658-a57a-2eab3ee3a1d0', 13, 'A2', 22, 'f5c6dfe2-69d2-46fe-8b6c-ffca3751e4a3', 2),
('4955d251-ae27-4486-b618-28352c83260a', 32, 'A2', 47, 'd6e0393b-674d-4b28-a37c-ef518b45495b', 0),
('f30e9405-616c-4a99-a3d8-59cef5713e28', 31, 'A17', 49, 'd6e0393b-674d-4b28-a37c-ef518b45495b', 1),
('0e76f59d-5e56-4f95-9761-dfed71196788', 19, 'A22', 18, 'd6e0393b-674d-4b28-a37c-ef518b45495b', 2),
('4ca90052-55bc-4ffb-89b5-99dcbfb3bf78', 90, 'A20', 34, 'b3297ea0-91b4-4536-8a1a-784ca75ff4bb', 0),
('3784fc3e-6199-447d-913a-f6a2ff38dc01', 84, 'A45', 30, 'b3297ea0-91b4-4536-8a1a-784ca75ff4bb', 1),
('0bd2afd6-c588-4d2d-8094-baa4ad58a349', 37, 'A18', 23, 'b3297ea0-91b4-4536-8a1a-784ca75ff4bb', 2),
('c8941393-6935-4814-b40c-3fa89a961eed', 32, 'A28', 15, '596f779f-c0da-4a62-8036-a9eb54374ad0', 0),
('5a8d5ed8-cd04-4942-b21e-e8342bb90ffa', 41, 'A39', 10, '596f779f-c0da-4a62-8036-a9eb54374ad0', 1),
('0fd44925-69bf-4867-a804-058ad96f1532', 99, 'A33', 38, '596f779f-c0da-4a62-8036-a9eb54374ad0', 2),
('21b1e600-6a72-4426-a314-15a2627191b9', 93, 'A25', 24, '03709882-5974-47b3-94f5-00ff96ce5256', 0),
('c70c1a4e-b51d-4bc1-83ba-df103a8dba6d', 3, 'A10', 25, '03709882-5974-47b3-94f5-00ff96ce5256', 1),
('cc2a4854-eac8-4dac-a60c-4ac87f27b731', 43, 'A11', 23, '03709882-5974-47b3-94f5-00ff96ce5256', 2),
('436d4d77-86ff-4fb3-b772-5ab358d2a0b2', 19, 'A7', 33, '723a93c1-3a03-4492-9600-d9dfc3951bff', 0),
('aa4d3a47-4833-41dc-9318-ffc156c2bca3', 35, 'A8', 44, '723a93c1-3a03-4492-9600-d9dfc3951bff', 1),
('4fc34b9d-fbf5-488c-be9f-e5a8e6d9455f', 16, 'A22', 26, '723a93c1-3a03-4492-9600-d9dfc3951bff', 2),
('a2272ac0-acd1-4f65-834e-a96bb4c603dc', 26, 'A10', 22, '1fc6d88d-0553-4f6a-bd3f-0a7782bcdc9e', 0),
('c7545b69-cef4-45b0-948c-f71ef63e4866', 57, 'A49', 49, '1fc6d88d-0553-4f6a-bd3f-0a7782bcdc9e', 1),
('86747e51-a108-4313-8609-cc666370d87d', 64, 'A5', 13, '1fc6d88d-0553-4f6a-bd3f-0a7782bcdc9e', 2),
('49c8fc31-eec2-4d8f-889d-6249e1dd4e3a', 1, 'A43', 43, '2942aa7d-9d34-4fd2-a0d4-00aee8b6ee5c', 0),
('f5e9d7c3-a7e6-4f5a-9bfb-577cc3501b94', 85, 'A38', 18, '2942aa7d-9d34-4fd2-a0d4-00aee8b6ee5c', 1),
('1f19746f-4a06-4859-ad15-fe9550be1b38', 90, 'A41', 45, '2942aa7d-9d34-4fd2-a0d4-00aee8b6ee5c', 2),
('38c7b251-9381-4167-aa33-3fbf2cbc7164', 32, 'A43', 30, '26c4bc07-3ec7-42a6-bca2-a8201b8f4b62', 0),
('6886c2b9-1fc7-4cd3-bb5d-3c55132b40cf', 4, 'A23', 44, '26c4bc07-3ec7-42a6-bca2-a8201b8f4b62', 1),
('3e2a905a-868d-49cc-a4c5-ea237a7f5e2e', 58, 'A14', 20, '26c4bc07-3ec7-42a6-bca2-a8201b8f4b62', 2),
('c5753a2f-567d-4fb8-8198-936486d994a4', 87, 'A29', 37, '71eb0b1e-406f-4f80-b185-a74df3f879a0', 0),
('29a5ea2d-657b-4df8-9308-b394d494c449', 86, 'A8', 41, '71eb0b1e-406f-4f80-b185-a74df3f879a0', 1),
('fb088ec8-1524-4eef-b216-6ba793dcf874', 26, 'A28', 26, '71eb0b1e-406f-4f80-b185-a74df3f879a0', 2),
('eb8f456f-41ac-4075-a4b5-0eccc2d04732', 50, 'A30', 15, '4fc72eae-848d-44a6-8a6e-7001ee2032c4', 0),
('4c566301-05ac-4aa0-8135-e14db32041b2', 78, 'A47', 24, '4fc72eae-848d-44a6-8a6e-7001ee2032c4', 1),
('f54bfbaf-6240-4e68-8d64-721303bfbd81', 76, 'A33', 45, '4fc72eae-848d-44a6-8a6e-7001ee2032c4', 2),
('ec8ad9cb-1d4d-4766-b823-bb87fe60346a', 21, 'A6', 15, 'f9deb694-aca4-4651-9578-99842fa68d14', 0),
('ebf74b4e-f3be-451a-b7e5-1e58f61eb7da', 34, 'A28', 38, 'f9deb694-aca4-4651-9578-99842fa68d14', 1),
('6901321e-734a-4bde-8bcb-323e90dbe27a', 34, 'A35', 34, 'f9deb694-aca4-4651-9578-99842fa68d14', 2),
('62e04122-846a-4958-969b-cdff0ef26b28', 5, 'A13', 40, '591c36fd-9ce2-407c-bc44-156f006f9e0c', 0),
('2525fb7e-a568-4ef4-b51b-0c84af646e97', 90, 'A15', 23, '591c36fd-9ce2-407c-bc44-156f006f9e0c', 1),
('0cd4c001-292d-4cf9-a28e-dca185e1042c', 78, 'A19', 13, '591c36fd-9ce2-407c-bc44-156f006f9e0c', 2),
('3caddc4d-698b-49c2-b154-c21893dc102c', 13, 'A42', 16, '5ad1cb7f-5a3f-4c72-aa34-2263f4019dff', 0),
('348e9b79-9931-487d-b4d8-aa0818a47b12', 56, 'A15', 27, '5ad1cb7f-5a3f-4c72-aa34-2263f4019dff', 1),
('a17736dd-2643-4858-b0f7-c397b0bd8f7e', 90, 'A26', 45, '5ad1cb7f-5a3f-4c72-aa34-2263f4019dff', 2),
('50cfa27c-32cd-4a04-a59d-08745cb7dfd8', 25, 'A48', 42, 'b9d9a273-1ddf-403b-becf-eb64a391836c', 0),
('9d84b59f-0e14-4ae9-bb7f-d9e2d1900a85', 83, 'A48', 23, 'b9d9a273-1ddf-403b-becf-eb64a391836c', 1),
('5c8a2c3b-4d6c-4f83-b290-26d7c65b9da0', 87, 'A18', 32, 'b9d9a273-1ddf-403b-becf-eb64a391836c', 2),
('d5c623d9-7df2-4b9e-b9ed-f6e44305cbcf', 27, 'A34', 47, '1bc4c745-5706-4d33-9e00-fc4f115b9e04', 0),
('1928cac6-a943-4a46-ad5c-8bae1f2a4011', 78, 'A18', 24, '1bc4c745-5706-4d33-9e00-fc4f115b9e04', 1),
('233935ad-6078-4c8f-a904-baf14d046f5c', 42, 'A47', 37, '1bc4c745-5706-4d33-9e00-fc4f115b9e04', 2),
('25998905-e496-4d9e-a304-d4be95f07991', 42, 'A8', 34, '057b4189-c876-484b-a44a-ce04bdce9dbb', 0),
('d256e52d-1dab-46a5-9680-c9c613d02acd', 14, 'A19', 25, '057b4189-c876-484b-a44a-ce04bdce9dbb', 1),
('ea064816-d2fb-496c-b9ed-a0a310542417', 75, 'A47', 14, '057b4189-c876-484b-a44a-ce04bdce9dbb', 2),
('87a06f00-c2f4-4b38-a5ca-95e03ac65b90', 8, 'A23', 46, '21bd2050-75de-44d3-9e2d-8c8d0124d3de', 0),
('6e0eec60-1c9f-42ac-abd4-1ffd5987c64c', 20, 'A12', 41, '21bd2050-75de-44d3-9e2d-8c8d0124d3de', 1),
('51e1b10c-0258-4bdb-94ca-2174190882e7', 0, 'A3', 13, '21bd2050-75de-44d3-9e2d-8c8d0124d3de', 2),
('ae3c309b-39f5-410f-ab8e-7a5e63b79e0c', 96, 'A33', 25, '2e51f7d7-d9b1-4a0a-a05c-34e3f1e45a18', 0),
('7d012c3f-98fd-49cd-909f-6040153eb225', 40, 'A16', 13, '2e51f7d7-d9b1-4a0a-a05c-34e3f1e45a18', 1),
('1f4b6922-55e3-4e26-a5be-291e33e3e588', 5, 'A23', 10, '2e51f7d7-d9b1-4a0a-a05c-34e3f1e45a18', 2),
('26f9bb7c-db15-4b81-b621-94a5a7b1b3fd', 88, 'A24', 38, '78c8cbf2-d9e5-477d-aff4-541192bcc4b5', 0),
('30d96e37-585c-4236-9c28-da5a588838b9', 63, 'A25', 50, '78c8cbf2-d9e5-477d-aff4-541192bcc4b5', 1),
('643f0552-9578-45a6-8fe8-9ad32a80f79c', 0, 'A9', 43, '78c8cbf2-d9e5-477d-aff4-541192bcc4b5', 2),
('15468218-21fb-4ee1-a464-89fa3ae6bb4c', 98, 'A5', 35, 'f368d7c2-97a4-44d8-b5b1-2ae3ce1ba652', 0),
('8c66f919-f79c-4b15-8820-ceed22bcd00c', 39, 'A5', 10, 'f368d7c2-97a4-44d8-b5b1-2ae3ce1ba652', 1),
('09c73007-4281-4335-b9e8-a5c7bd44aaf3', 10, 'A4', 29, 'f368d7c2-97a4-44d8-b5b1-2ae3ce1ba652', 2),
('7a784d65-9a97-4549-a85d-3ca441554a73', 66, 'A40', 26, '50242658-274f-4c65-b272-b1f03c791706', 0),
('f864882f-8534-4e33-8e82-05d5cfc86b7b', 81, 'A40', 13, '50242658-274f-4c65-b272-b1f03c791706', 1),
('6ca7612d-9dc0-40aa-9504-2c07f827b088', 49, 'A49', 29, '50242658-274f-4c65-b272-b1f03c791706', 2),
('40e6c4fe-9c69-4bf4-b0cc-74e05993069f', 42, 'A14', 19, 'da850deb-c6f9-455b-899b-7b0003eacc8a', 0),
('f9b24d70-04d5-43ac-98c4-af1776d635ad', 39, 'A45', 30, 'da850deb-c6f9-455b-899b-7b0003eacc8a', 1),
('7aa7f0b3-2ce3-423e-86c7-5b37873ef9cf', 91, 'A29', 39, 'da850deb-c6f9-455b-899b-7b0003eacc8a', 2),
('ce59e66a-4c65-46e5-80e5-471339dc22a4', 75, 'A31', 14, '7b312373-252f-45fc-9331-0fcd1756d849', 0),
('0d8572f6-4421-4a80-a782-0f7d33569f51', 47, 'A31', 33, '7b312373-252f-45fc-9331-0fcd1756d849', 1),
('ebc1053c-c3c8-4b56-8ff1-f7020e1ee0ba', 91, 'A30', 24, '7b312373-252f-45fc-9331-0fcd1756d849', 2),
('bd120e23-1c8d-45f0-9a82-96d3063a797c', 30, 'A30', 46, 'a1e71964-184b-4194-9a66-1e5a4882809d', 0),
('81afa94d-f361-4380-9580-506ca9ea0685', 39, 'A3', 21, 'a1e71964-184b-4194-9a66-1e5a4882809d', 1),
('27f082bd-36a6-438e-829b-c8feabf4ad57', 98, 'A30', 45, 'a1e71964-184b-4194-9a66-1e5a4882809d', 2),
('9628aff2-b224-44ad-b388-eb2177c88a61', 49, 'A12', 39, 'e02fc560-d2d3-4068-ab30-badf416cf755', 0),
('6c425fee-be85-420e-897f-ab04e4a4fdc6', 91, 'A48', 35, 'e02fc560-d2d3-4068-ab30-badf416cf755', 1),
('f0cd274e-e3da-432d-bd45-13a1162cde83', 26, 'A46', 20, 'e02fc560-d2d3-4068-ab30-badf416cf755', 2),
('eee2cebe-7b6a-41b7-8707-03a7da35406f', 66, 'A13', 30, 'f56e9b12-c096-46a2-b85c-8657b216204a', 0),
('6b5d9ec9-7118-4a50-9d41-750c6f3983a1', 16, 'A19', 34, 'f56e9b12-c096-46a2-b85c-8657b216204a', 1),
('a69d6405-af4f-4abf-b325-1cfd515f06e9', 60, 'A20', 19, 'f56e9b12-c096-46a2-b85c-8657b216204a', 2),
('ceb8548e-c882-4266-9797-c3ad82f1721e', 79, 'A25', 13, 'bac93a8b-64a1-4757-9306-fd7e380576fb', 0),
('df751096-651c-4e3e-95d6-00a613a63332', 12, 'A12', 21, 'bac93a8b-64a1-4757-9306-fd7e380576fb', 1),
('635d8445-073a-4a10-9ed6-c60272747791', 56, 'A47', 21, 'bac93a8b-64a1-4757-9306-fd7e380576fb', 2),
('fe77ee5e-dffc-4f5c-97c7-0a9a504d022d', 32, 'A44', 21, 'ceb124e5-37a9-4dd3-b947-7f3c91e8c6e8', 0),
('eec1e3e1-3cfe-48b2-a267-81c17d3d267a', 26, 'A30', 24, 'ceb124e5-37a9-4dd3-b947-7f3c91e8c6e8', 1),
('b0981217-30b6-4a0a-8e35-a57da98ab4bc', 12, 'A22', 13, 'ceb124e5-37a9-4dd3-b947-7f3c91e8c6e8', 2),
('5cafd5a3-8077-491b-9286-5bfc9c7f101d', 41, 'A45', 27, 'b4d80625-027b-4be2-9806-5a7facf55d40', 0),
('e5e136ac-db37-49fa-8e09-953daf3fe0c5', 66, 'A30', 48, 'b4d80625-027b-4be2-9806-5a7facf55d40', 1),
('33964d02-c5dd-4978-84e6-bec196e592d2', 38, 'A33', 38, 'b4d80625-027b-4be2-9806-5a7facf55d40', 2),
('72ed776c-06d3-4601-82ce-6058939aaf38', 90, 'A49', 17, '7397aabf-52b4-4f83-ba5e-a1330825edb3', 0),
('73a9e559-b737-44e2-a383-fefe73ea5eac', 48, 'A13', 15, '7397aabf-52b4-4f83-ba5e-a1330825edb3', 1),
('196c4515-5caf-446c-87d8-0f0d0432941a', 75, 'A4', 46, '7397aabf-52b4-4f83-ba5e-a1330825edb3', 2),
('7b17ae1e-4660-4560-a923-f09a7df2b87d', 39, 'A19', 28, '3fc47375-99f2-4afe-ae44-5725cf1ec945', 0),
('a3e540da-c2e5-4cdc-a699-3b7a2b022da6', 69, 'A18', 36, '3fc47375-99f2-4afe-ae44-5725cf1ec945', 1),
('adb5ee14-27a5-4c87-a304-f6eac753e5d3', 77, 'A7', 30, '3fc47375-99f2-4afe-ae44-5725cf1ec945', 2),
('aabaebd9-799b-4369-93f8-9372dcc757e2', 97, 'A8', 30, '9ea9f097-bb8d-4025-84ca-2db20f6e8bef', 0),
('06409bff-11fa-4654-89bf-0f47739757a8', 65, 'A22', 42, '9ea9f097-bb8d-4025-84ca-2db20f6e8bef', 1),
('ab78649e-6cf6-47b5-bacd-c3733d73b7e4', 68, 'A23', 39, '9ea9f097-bb8d-4025-84ca-2db20f6e8bef', 2),
('5941ce24-ccc5-4565-95f7-d97a024a22c4', 72, 'A29', 43, '2de71567-222f-47b6-91ee-07b9a911a2ca', 0),
('971e0bad-a91c-477b-9e6f-3ba48fc4817f', 10, 'A41', 27, '2de71567-222f-47b6-91ee-07b9a911a2ca', 1),
('1ee8e9fd-b5cc-4b6c-b7e5-bc6e1b2f4c58', 14, 'A4', 13, '2de71567-222f-47b6-91ee-07b9a911a2ca', 2),
('056f2954-6de9-4e0d-8abe-9d03b198219d', 47, 'A1', 33, 'db092ac8-59b2-49db-9be0-be37dc58ac70', 0),
('9cfc6148-f595-4cfd-b9ba-52ee634a0665', 2, 'A28', 31, 'db092ac8-59b2-49db-9be0-be37dc58ac70', 1),
('0f4c0300-9617-4d27-9121-2607320e6c97', 85, 'A32', 11, 'db092ac8-59b2-49db-9be0-be37dc58ac70', 2),
('a49cd4fd-b030-4d58-a3e4-23405f7ebbd0', 22, 'A0', 27, '55e06e5d-a52e-4125-b221-6d7b70374592', 0),
('bba5eae9-524b-492a-a1fc-7df946f163c0', 71, 'A13', 26, '55e06e5d-a52e-4125-b221-6d7b70374592', 1),
('38370c0c-19d6-4985-a6c7-b3431e1e254b', 73, 'A41', 23, '55e06e5d-a52e-4125-b221-6d7b70374592', 2),
('9a651413-35df-46ce-8557-b53d46c893c0', 57, 'A2', 18, '82548588-1e41-4597-80e3-90fcc0acf8a1', 0),
('a76e7e27-4e30-4ea8-8b5e-b8a36aad7940', 51, 'A39', 49, '82548588-1e41-4597-80e3-90fcc0acf8a1', 1),
('6b7b1dc2-dedb-41a2-80dc-cd4ee47303fc', 73, 'A48', 13, '82548588-1e41-4597-80e3-90fcc0acf8a1', 2),
('c9f7f5b4-1cf5-46e9-8f87-631619a155bb', 30, 'A15', 12, '496d33e3-0f34-4eea-80c4-d41fba807f2c', 0),
('f8644613-8974-4a0b-9ffb-28b3497e0c13', 23, 'A1', 39, '496d33e3-0f34-4eea-80c4-d41fba807f2c', 1),
('415c527c-f13e-46d8-b75e-efc096ab4ed9', 1, 'A44', 22, '496d33e3-0f34-4eea-80c4-d41fba807f2c', 2),
('cd8d92c8-20c1-422f-b499-eb93aa5715c6', 99, 'A6', 19, '531f6b8d-1f26-47e9-be4e-1a123aa33fd8', 0),
('c48b227b-d771-4810-a393-456f508f8c7a', 21, 'A41', 44, '531f6b8d-1f26-47e9-be4e-1a123aa33fd8', 1),
('5f862be9-bc07-4784-ab8b-f7470557ee53', 3, 'A6', 13, '531f6b8d-1f26-47e9-be4e-1a123aa33fd8', 2),
('b7772ab6-f144-4bec-a0e6-a4b0c9cff5a9', 58, 'A28', 10, 'ee53fedb-a077-4e65-8969-f0e659a73bc8', 0),
('0e681940-7f23-4490-9068-6cffacdfa2a3', 92, 'A32', 16, 'ee53fedb-a077-4e65-8969-f0e659a73bc8', 1),
('6b8bccc2-d1f6-4338-9a1a-abc8df82cacd', 95, 'A0', 49, 'ee53fedb-a077-4e65-8969-f0e659a73bc8', 2),
('c82ac23a-17f8-419e-908e-e97eb9f2b453', 82, 'A28', 33, '4ed6cde0-45eb-4e82-b9f3-d9777eaa3395', 0),
('a026f2ad-85c9-451e-a9c9-413374ba4c79', 93, 'A23', 18, '4ed6cde0-45eb-4e82-b9f3-d9777eaa3395', 1),
('532ee963-d765-43d5-a27e-76772a8fea85', 67, 'A3', 32, '4ed6cde0-45eb-4e82-b9f3-d9777eaa3395', 2),
('fd248e73-bf81-4ff5-b968-f3061f54ddba', 8, 'A11', 13, '004b90af-b5e8-465b-83c5-f95a54f6b665', 0),
('d5db807f-e058-4a29-a4b2-6fb67ff9d851', 33, 'A40', 12, '004b90af-b5e8-465b-83c5-f95a54f6b665', 1),
('b07c4d01-cf8a-4d79-ab72-72ea235b69e3', 85, 'A25', 22, '004b90af-b5e8-465b-83c5-f95a54f6b665', 2),
('8b01a408-9abb-486f-a7a7-8ab050dc3db7', 91, 'A37', 12, '8af3744c-1362-4524-bb0e-071934ff912c', 0),
('4155262a-bf84-4d87-b198-32b128d62fa8', 75, 'A26', 18, '8af3744c-1362-4524-bb0e-071934ff912c', 1),
('2203b3fd-1a84-48ee-8c4d-acf1de961d6d', 6, 'A3', 17, '8af3744c-1362-4524-bb0e-071934ff912c', 2),
('476257f5-62f1-440d-bf3b-9a453d7ad1fa', 56, 'A11', 14, 'dcd658b0-c1dc-4a15-8b84-22e1f9268c0f', 0),
('443f1ce5-e6dc-42b1-b605-5ee7d203d3c7', 45, 'A40', 49, 'dcd658b0-c1dc-4a15-8b84-22e1f9268c0f', 1),
('accf9a66-cdb9-47cd-98ed-b551ba82aaf1', 41, 'A26', 39, 'dcd658b0-c1dc-4a15-8b84-22e1f9268c0f', 2),
('60952f0f-5fe3-445a-b556-4cd6393b4792', 7, 'A22', 48, '83bab565-44de-4867-887f-23ec6d62f8c0', 0),
('9b832619-3df8-486f-99c9-43a8e14183a7', 92, 'A37', 17, '83bab565-44de-4867-887f-23ec6d62f8c0', 1),
('1e828c10-a4d6-4a4e-b96f-707cc25d7dc8', 63, 'A26', 25, '83bab565-44de-4867-887f-23ec6d62f8c0', 2),
('eb306a71-7bca-4a8b-850c-2ee8667b47f6', 63, 'A42', 24, 'b6f92f13-41ad-48dc-83b6-5cc2f4042952', 0),
('64767582-58cb-4b2e-8b52-13fd9229ca40', 43, 'A31', 13, 'b6f92f13-41ad-48dc-83b6-5cc2f4042952', 1),
('792641da-f015-4757-9676-82a5bba8fc52', 77, 'A7', 40, 'b6f92f13-41ad-48dc-83b6-5cc2f4042952', 2),
('e9daf12e-e863-4d1a-b998-9fb748559a43', 77, 'A23', 41, '2787c802-a0c1-46ca-a05c-1983649e8330', 0),
('1f09fd53-6df3-479d-a9e4-1c440e0d0767', 57, 'A35', 28, '2787c802-a0c1-46ca-a05c-1983649e8330', 1),
('1b64e6e7-86c3-47c2-aa73-c48af3fefd28', 77, 'A47', 11, '2787c802-a0c1-46ca-a05c-1983649e8330', 2),
('4dad9ac4-d61b-4fe8-a4e5-af082fd132a4', 40, 'A7', 26, '77491371-5e34-47fd-ab8a-b7807524d67c', 0),
('50152665-a82f-4fa2-a45f-0f00ca7915bd', 57, 'A27', 40, '77491371-5e34-47fd-ab8a-b7807524d67c', 1),
('ba815d4d-ef49-41ba-96ab-a41876f8daf3', 70, 'A48', 35, '77491371-5e34-47fd-ab8a-b7807524d67c', 2),
('ee8059fe-c6a2-4529-8f9b-290dd7829f7b', 10, 'A7', 47, 'ac847465-1fe7-40ce-b148-8c3318c0d9f2', 0),
('004130aa-b80f-4e05-a207-41b53505f943', 49, 'A20', 35, 'ac847465-1fe7-40ce-b148-8c3318c0d9f2', 1),
('eee32ab1-b825-4f4f-bf95-6d067eb51044', 10, 'A6', 33, 'ac847465-1fe7-40ce-b148-8c3318c0d9f2', 2),
('7154f671-10f6-423a-960e-b84cc1156002', 87, 'A38', 26, '938f91d1-30b8-4a1c-ac96-95dc8e289732', 0),
('9eb120ac-21bb-4d5a-8b96-4e9345e38153', 67, 'A37', 38, '938f91d1-30b8-4a1c-ac96-95dc8e289732', 1),
('a926aa5f-03c1-400f-a157-a9bd6fe3ce52', 99, 'A14', 14, '938f91d1-30b8-4a1c-ac96-95dc8e289732', 2),
('a37d5012-78e0-42e7-90a4-574dae600e9e', 76, 'A1', 40, '0f073788-d44c-4680-8110-8e548d611df3', 0),
('1eae6fbb-3c15-47a7-a386-eb63099d1a7a', 74, 'A21', 41, '0f073788-d44c-4680-8110-8e548d611df3', 1),
('1c32e9de-162d-46fa-892f-0063c6a3243b', 26, 'A38', 14, '0f073788-d44c-4680-8110-8e548d611df3', 2),
('a7e9e458-6407-4c24-bdff-b39a15f0db37', 10, 'A25', 39, 'af47caba-adce-4487-ad6b-8d25d58c3aa5', 0),
('a467ec71-670b-4566-872f-20791fcc53cb', 91, 'A22', 15, 'af47caba-adce-4487-ad6b-8d25d58c3aa5', 1),
('41eced5f-8d13-4753-b6ea-0bb904d8c2cd', 75, 'A6', 19, 'af47caba-adce-4487-ad6b-8d25d58c3aa5', 2),
('d604ad46-05b3-48e0-956b-a579a1ac07ed', 42, 'A40', 12, '2dc4c859-85ef-4389-872c-f2418284c63a', 0),
('7fc80271-572b-48d1-9634-14cc808b7b13', 94, 'A1', 45, '2dc4c859-85ef-4389-872c-f2418284c63a', 1),
('2ee46e9a-da67-43b9-940c-1ad3463c4876', 28, 'A19', 40, '2dc4c859-85ef-4389-872c-f2418284c63a', 2),
('421db69e-8d8a-4e97-81b9-bdd87aa0d31b', 10, 'A38', 40, 'd08c5ea6-e5f7-4992-b221-edd95cdf01c8', 0),
('7de06fa7-ec94-41e5-bd31-9322de47a59c', 100, 'A13', 47, 'd08c5ea6-e5f7-4992-b221-edd95cdf01c8', 1),
('5c6d0fa1-9e23-4376-863d-cb1382869169', 24, 'A5', 44, 'd08c5ea6-e5f7-4992-b221-edd95cdf01c8', 2),
('78ddebba-bdb2-4066-b5f4-69163a23822a', 43, 'A40', 39, '92bec27f-a7ed-4467-9beb-0ad6c99799a1', 0),
('1ebf2ecf-40ab-469d-b6b7-f76415a02d22', 97, 'A17', 13, '92bec27f-a7ed-4467-9beb-0ad6c99799a1', 1),
('0c5968df-b9a1-4f21-81d6-d23d3ae79b13', 21, 'A25', 28, '92bec27f-a7ed-4467-9beb-0ad6c99799a1', 2),
('dbc86170-8298-4b36-a3ce-81d49957bbaf', 72, 'A7', 42, 'c151bc58-a460-4c63-9e4d-0222a9b76f77', 0),
('68741966-9b67-4432-8635-dfd69317bea3', 92, 'A10', 23, 'c151bc58-a460-4c63-9e4d-0222a9b76f77', 1),
('e70b93ba-40b1-499a-8258-9f5d3f8f1f99', 58, 'A15', 30, 'c151bc58-a460-4c63-9e4d-0222a9b76f77', 2),
('23dd946d-fe85-448b-88fb-6a463f0ecc57', 44, 'A27', 15, 'a71ed6b5-22a0-4514-9822-8b5e99a7a7b3', 0),
('57382200-bac5-4947-8331-798d3fd3907b', 85, 'A12', 16, 'a71ed6b5-22a0-4514-9822-8b5e99a7a7b3', 1),
('b39c8716-9dc4-483c-906f-6da65ab602a4', 12, 'A33', 11, 'a71ed6b5-22a0-4514-9822-8b5e99a7a7b3', 2),
('00cd3e26-c8d3-46ae-aece-055ed170448a', 63, 'A45', 12, '462668c5-37ec-4368-98cf-0283280be582', 0),
('ad4cefbe-acc5-4054-93c8-abf2baff4cdd', 91, 'A26', 42, '462668c5-37ec-4368-98cf-0283280be582', 1),
('6648b99f-156f-4bd1-8007-9226b7eb2f50', 67, 'A5', 14, '462668c5-37ec-4368-98cf-0283280be582', 2),
('d6f10fdb-a340-44a4-8c44-6aae63c83404', 58, 'A1', 44, '3a96bb0d-9d0f-434f-bf97-a60c51bf45bd', 0),
('957a5d81-e79c-477e-ac19-cfe86c878ebe', 61, 'A8', 48, '3a96bb0d-9d0f-434f-bf97-a60c51bf45bd', 1),
('91134901-32b3-447f-b464-5bdbe1f80cad', 71, 'A17', 41, '3a96bb0d-9d0f-434f-bf97-a60c51bf45bd', 2),
('7388540b-c123-4241-a2dd-91e26f987d89', 74, 'A45', 38, '720237f6-bc0e-4eed-97b7-56efb7eff01a', 0),
('7ba7b2b5-905a-4bbc-a079-f8f69e6cf5dd', 25, 'A27', 13, '720237f6-bc0e-4eed-97b7-56efb7eff01a', 1),
('f11c87c4-9a71-47ce-9104-9c9ea7fad6b5', 63, 'A22', 48, '720237f6-bc0e-4eed-97b7-56efb7eff01a', 2),
('0f138062-4225-44c8-a211-dc6a8ab61896', 28, 'A35', 22, '27e90d8a-05b5-4451-92f4-61887fcd491d', 0),
('a5ee8c64-d4c9-4872-82ed-1841c9df5c7d', 15, 'A16', 35, '27e90d8a-05b5-4451-92f4-61887fcd491d', 1),
('1d543133-a673-4b3f-b14b-2187e6404d05', 29, 'A15', 42, '27e90d8a-05b5-4451-92f4-61887fcd491d', 2),
('a078f8cc-135e-42a8-815c-b43c918d92e6', 16, 'A46', 27, '7ad38b1c-ac71-46d9-8470-d71d8a2dd3b8', 0),
('ab758c85-9e06-46d9-9e40-9a57d3e6b283', 33, 'A31', 26, '7ad38b1c-ac71-46d9-8470-d71d8a2dd3b8', 1),
('e29ad5da-9de6-4c23-b10d-1d30358d3d41', 48, 'A45', 21, '7ad38b1c-ac71-46d9-8470-d71d8a2dd3b8', 2),
('a313c37d-add6-40c9-be16-8ce893813bc7', 88, 'A37', 29, '24eaa20f-4691-4817-a530-d6c18c6c5bdf', 0),
('3d0744d1-8f88-4209-95cd-4c2e5698c064', 55, 'A36', 50, '24eaa20f-4691-4817-a530-d6c18c6c5bdf', 1),
('1d860081-71d4-439e-bdea-95cc33b6e0c9', 12, 'A31', 37, '24eaa20f-4691-4817-a530-d6c18c6c5bdf', 2),
('1418d7c5-425c-4538-9171-34784af4ac56', 93, 'A23', 26, 'cbc9ca75-13dd-45b1-9e3c-9c0831a4067a', 0),
('2deb2323-6f56-4567-bed9-45335371f4ad', 38, 'A16', 50, 'cbc9ca75-13dd-45b1-9e3c-9c0831a4067a', 1),
('53832e6d-38f6-4f13-bfca-a8a0b45ea923', 38, 'A11', 22, 'cbc9ca75-13dd-45b1-9e3c-9c0831a4067a', 2),
('5f644bb3-0c81-4457-9a05-9c5666d6f3c6', 56, 'A2', 43, 'a3232896-86a4-4549-b7fa-0e48b9da5d24', 0),
('1faa267f-8c6f-4b08-ae94-a7868b1d42e6', 8, 'A2', 11, 'a3232896-86a4-4549-b7fa-0e48b9da5d24', 1),
('b0ee63b1-be11-4a96-adde-f1f78fc660ca', 37, 'A8', 12, 'a3232896-86a4-4549-b7fa-0e48b9da5d24', 2),
('72739b71-5e39-413f-b667-4abe952ce5b3', 9, 'A19', 49, 'd9b2b83d-a800-4d83-95dd-a83694344890', 0),
('72b2fa7b-4087-4b5c-8119-6fbf54587c41', 90, 'A33', 47, 'd9b2b83d-a800-4d83-95dd-a83694344890', 1),
('150c4572-30bf-46d6-8052-cd364b71dd68', 39, 'A10', 45, 'd9b2b83d-a800-4d83-95dd-a83694344890', 2),
('8fef1adf-0cce-4670-bce3-00b86c0d297f', 79, 'A32', 30, 'e8f79d03-c93f-43be-9f00-54a238abbc53', 0),
('98c649f8-b091-4f2b-a76c-6c2319f41120', 74, 'A14', 18, 'e8f79d03-c93f-43be-9f00-54a238abbc53', 1),
('f6c3c870-51e2-4560-9cc2-4fef930d5899', 79, 'A26', 36, 'e8f79d03-c93f-43be-9f00-54a238abbc53', 2),
('c6027550-159e-4846-95bb-5fb8023bc98e', 73, 'A12', 26, '9c1245c6-827f-4059-a878-914fc7ae0cac', 0),
('e572646e-460f-4a4b-9375-105263f5c8b6', 64, 'A31', 10, '9c1245c6-827f-4059-a878-914fc7ae0cac', 1),
('5ee3a576-e943-44f4-afde-7ead0699b8ea', 28, 'A11', 45, '9c1245c6-827f-4059-a878-914fc7ae0cac', 2),
('dca4c16f-5fa9-4364-b712-b9088f73b7c9', 88, 'A35', 23, '42cf1b28-744e-4e7f-9130-9d342b9a5a62', 0),
('3b50b88f-52bc-4873-88d9-c6b16e8d5968', 44, 'A5', 36, '42cf1b28-744e-4e7f-9130-9d342b9a5a62', 1),
('d9a05efc-df01-4a91-99c9-1e80e52b8d64', 88, 'A0', 23, '42cf1b28-744e-4e7f-9130-9d342b9a5a62', 2),
('67595d5d-9be4-4cb6-ad6e-96498a14bbf2', 23, 'A49', 16, '1ae1124b-69c7-47d1-9360-ed4a97a107e2', 0),
('69826dee-4774-4238-8cc6-bed110a39d56', 74, 'A30', 44, '1ae1124b-69c7-47d1-9360-ed4a97a107e2', 1),
('c8184e53-0f95-4d74-907e-3d93bd3ab797', 44, 'A36', 36, '1ae1124b-69c7-47d1-9360-ed4a97a107e2', 2),
('3ffcd790-8968-42d5-9207-92054708c160', 61, 'A35', 35, 'f7463fc8-7234-4e48-90fd-7e9a25c4cfc2', 0),
('36d2147d-889b-445c-adfd-0f015796fd7d', 29, 'A14', 13, 'f7463fc8-7234-4e48-90fd-7e9a25c4cfc2', 1),
('5656a801-98bd-4308-a18b-9d015d68b55c', 41, 'A24', 17, 'f7463fc8-7234-4e48-90fd-7e9a25c4cfc2', 2),
('94d33242-8cf2-4cde-acef-f73e55d2c996', 75, 'A24', 46, '096bb824-0339-4f78-891a-2572c95dd32e', 0),
('52e1d24a-bbd1-4952-8c43-7f90d84329d1', 92, 'A44', 29, '096bb824-0339-4f78-891a-2572c95dd32e', 1),
('32710215-e01c-42f7-9cdd-be23d7710aa6', 58, 'A5', 40, '096bb824-0339-4f78-891a-2572c95dd32e', 2),
('c74a8b49-e0c5-4a1e-bcfe-7e9685af9492', 4, 'A28', 38, '3a1aa354-d92e-409a-914c-23ffc86d34c3', 0),
('2fdb6afd-f3ff-486a-922d-7dd990386732', 60, 'A24', 42, '3a1aa354-d92e-409a-914c-23ffc86d34c3', 1),
('59b28b83-7783-49a9-b49f-e0b0df60ec43', 87, 'A18', 24, '3a1aa354-d92e-409a-914c-23ffc86d34c3', 2),
('818f6685-fccf-47f3-8bbb-dc2eae91f0f8', 30, 'A19', 49, '33f560f5-f6c5-4bc4-9702-c73ef0ee2119', 0),
('34892277-28b6-4dfa-b459-f472c6cbd6aa', 20, 'A14', 31, '33f560f5-f6c5-4bc4-9702-c73ef0ee2119', 1),
('c3c83379-803a-4a76-818c-2f32b433fda0', 43, 'A41', 44, '33f560f5-f6c5-4bc4-9702-c73ef0ee2119', 2),
('381c6500-5776-4471-9c3a-b6758a8f43ef', 5, 'A1', 10, 'c8f9405c-6ba4-4bef-ace3-bb260dcca947', 0),
('7333251a-6bf1-4392-b16e-3045b188e9b1', 12, 'A32', 33, 'c8f9405c-6ba4-4bef-ace3-bb260dcca947', 1),
('af65a6be-e4ac-4bf2-8263-1081c9f6831a', 39, 'A49', 49, 'c8f9405c-6ba4-4bef-ace3-bb260dcca947', 2),
('c7fce686-5ed2-4221-bc0f-d3f9bdf0f40f', 59, 'A27', 38, '761f3744-c4a7-401c-87bb-e0c4b259cbe2', 0),
('2bf6ffbb-249a-4749-bb5a-80fd85dfb9cf', 32, 'A38', 13, '761f3744-c4a7-401c-87bb-e0c4b259cbe2', 1),
('adf2df36-b050-41a4-bd9b-52248025c9a9', 55, 'A12', 49, '761f3744-c4a7-401c-87bb-e0c4b259cbe2', 2),
('d4528138-a34c-498f-b6e8-3d55ef437ea5', 47, 'A18', 21, '9070500a-0195-4631-a1d2-e71e666e026c', 0),
('56f66ebe-5c75-4b7e-b4ff-c270f8690e4d', 12, 'A39', 29, '9070500a-0195-4631-a1d2-e71e666e026c', 1),
('90cd4ec6-ab4e-4d20-9140-6c2417af4b68', 100, 'A26', 44, '9070500a-0195-4631-a1d2-e71e666e026c', 2),
('67e5a0a5-a41d-456c-a4c3-c28a2d438fe1', 68, 'A15', 37, 'f8528dc2-c950-45e6-8bba-54aceb6bd270', 0),
('37ce4299-84af-4343-b707-b48c21957582', 1, 'A22', 36, 'f8528dc2-c950-45e6-8bba-54aceb6bd270', 1),
('e8dd4666-63bf-48ac-ac5b-2cd9f4527643', 36, 'A39', 24, 'f8528dc2-c950-45e6-8bba-54aceb6bd270', 2),
('566d3060-b6ed-48fe-9dd7-53c142c726e1', 57, 'A39', 48, '3842d4c6-3f92-4a37-9421-b6e8e73df1d4', 0),
('211bd46e-3aa6-436f-945d-228bd6b1eac5', 79, 'A2', 25, '3842d4c6-3f92-4a37-9421-b6e8e73df1d4', 1),
('7263a3ab-2a2e-40c6-aa4a-4966b6af145d', 78, 'A50', 38, '3842d4c6-3f92-4a37-9421-b6e8e73df1d4', 2),
('21b27ae4-9ca6-4994-b085-6aa0f60f2e47', 94, 'A39', 36, '0a70b181-07d0-4bd5-a563-16e24c030912', 0),
('a09818ec-25d8-4d00-ab33-5f541b112031', 100, 'A12', 38, '0a70b181-07d0-4bd5-a563-16e24c030912', 1),
('e63c421b-4281-4488-ba8a-a32d5996fa10', 81, 'A43', 12, '0a70b181-07d0-4bd5-a563-16e24c030912', 2),
('9548d0d0-4b16-4a47-905b-692c630663ab', 26, 'A11', 34, 'dca6c2d4-eddd-4c3b-bc4d-686e6abd96ba', 0),
('b08b8bb3-87fa-4a4e-9d6b-be1ad669695d', 18, 'A36', 14, 'dca6c2d4-eddd-4c3b-bc4d-686e6abd96ba', 1),
('9004aeaf-708c-46e3-a471-068ab2907395', 84, 'A48', 40, 'dca6c2d4-eddd-4c3b-bc4d-686e6abd96ba', 2),
('faaf9838-3d07-496a-9d91-6a5a459d1cb4', 24, 'A1', 33, 'ea7a9c2c-f8df-44d8-9d0c-da2e2335bc9e', 0),
('9fa71c4a-d354-4302-b1ae-cfb64ed0193d', 79, 'A50', 37, 'ea7a9c2c-f8df-44d8-9d0c-da2e2335bc9e', 1),
('30dcf357-ebc9-4ddd-9a51-d5837a7ad852', 77, 'A49', 30, 'ea7a9c2c-f8df-44d8-9d0c-da2e2335bc9e', 2),
('a5766534-24bf-421c-b413-e07f288e0c21', 13, 'A37', 41, 'ec10d4b5-a7e1-4e18-bc47-77594541b54f', 0),
('388e60d7-8202-4209-980c-b22c9610779a', 97, 'A47', 37, 'ec10d4b5-a7e1-4e18-bc47-77594541b54f', 1),
('52126092-b219-4993-bc56-8fa38b516de7', 96, 'A41', 35, 'ec10d4b5-a7e1-4e18-bc47-77594541b54f', 2),
('1657de00-f143-45aa-a0cb-f12831ea29a1', 5, 'A18', 50, '3e32f9e4-1712-4453-9d78-099280e97e82', 0),
('34529bbb-ec1c-4b2a-ab5b-3b8a4acaf8ef', 99, 'A2', 40, '3e32f9e4-1712-4453-9d78-099280e97e82', 1),
('b2bce2f0-388e-46a1-8d07-9c163e4c2745', 71, 'A11', 33, '3e32f9e4-1712-4453-9d78-099280e97e82', 2),
('dd4d5e9e-9f13-4519-bcc4-f2371cede9e6', 40, 'A8', 33, '93adc3da-868c-485f-b5e0-bd4206668133', 0),
('5b2fb651-c8d9-4068-9aea-d11f685186a7', 47, 'A12', 38, '93adc3da-868c-485f-b5e0-bd4206668133', 1),
('9a0d843e-933f-4651-80f0-c0c76b57543c', 4, 'A10', 38, '93adc3da-868c-485f-b5e0-bd4206668133', 2),
('ffc2fd6a-1daf-45e0-a206-8f17be6b2c37', 23, 'A12', 30, '9608a613-a760-44cf-b356-166bc255b86a', 0),
('6d60ffd7-366f-437a-922f-48d36b606a1b', 27, 'A28', 31, '9608a613-a760-44cf-b356-166bc255b86a', 1),
('3ff366a6-4112-43a7-90a0-d311ea4a2dd6', 63, 'A31', 17, '9608a613-a760-44cf-b356-166bc255b86a', 2),
('d680c0af-eaf3-472e-b714-ebcc3d754040', 49, 'A4', 47, '3785b7b4-5531-4444-b4b7-1c8333d019b0', 0),
('064db7e8-4b44-49a5-a9f6-764a28898bc1', 82, 'A48', 48, '3785b7b4-5531-4444-b4b7-1c8333d019b0', 1),
('45b33ab1-e580-4ea3-804f-457c0e63ac99', 43, 'A49', 25, '3785b7b4-5531-4444-b4b7-1c8333d019b0', 2),
('90f1d9ef-da58-45ec-96a2-d0a43d9c2912', 79, 'A47', 12, 'a171a7cc-9fdf-4970-9562-5b9173a56ae4', 0),
('aed5e5ff-ef52-442f-96ff-ad102a20ba9a', 89, 'A39', 24, 'a171a7cc-9fdf-4970-9562-5b9173a56ae4', 1),
('944b3204-4d69-481b-bb8c-e7563e1f901c', 12, 'A36', 45, 'a171a7cc-9fdf-4970-9562-5b9173a56ae4', 2),
('dc1d2ab1-6f65-42a6-b654-5452db97eb06', 44, 'A17', 10, '2ea98f77-2578-4de7-9af0-2096104ddbff', 0),
('03177bb2-fee6-441c-9ae6-07e36d857f6a', 48, 'A24', 33, '2ea98f77-2578-4de7-9af0-2096104ddbff', 1),
('01155037-1144-4e0a-88f0-7247e60c69cb', 11, 'A21', 22, '2ea98f77-2578-4de7-9af0-2096104ddbff', 2),
('7edc94f8-bfd3-4ade-b677-2e9610899f69', 85, 'A8', 48, '4a1070bf-aa87-4bc0-b1ea-5d5cc966966e', 0),
('b7179aaf-4136-4c97-bc9a-1f802cab4833', 25, 'A10', 38, '4a1070bf-aa87-4bc0-b1ea-5d5cc966966e', 1),
('a8d72c6c-1d86-45fd-b3ae-21ec0c757ce9', 70, 'A32', 36, '4a1070bf-aa87-4bc0-b1ea-5d5cc966966e', 2),
('0d9057de-f523-4500-845f-bfe817fc01ba', 9, 'A4', 12, '780a6f47-d4bd-4224-9434-d2a54bdf48cb', 0),
('ebcbd9a8-9a26-496b-a9dc-016145e6516c', 93, 'A7', 32, '780a6f47-d4bd-4224-9434-d2a54bdf48cb', 1),
('2180ebbb-6e01-4c49-ba61-87baa0934527', 15, 'A18', 39, '780a6f47-d4bd-4224-9434-d2a54bdf48cb', 2),
('f41786f0-3845-4049-93cb-35a660c817e1', 14, 'A18', 28, 'b214346c-1756-44c3-90a9-f3d074556f1f', 0),
('d766c3e4-1b5a-439b-a833-9b6bd5875266', 79, 'A25', 28, 'b214346c-1756-44c3-90a9-f3d074556f1f', 1),
('07aff801-28a9-44e1-ac14-84ac09fc6a15', 56, 'A45', 49, 'b214346c-1756-44c3-90a9-f3d074556f1f', 2),
('e89b9a29-07e7-48fd-90f8-dd104cbde4d0', 76, 'A18', 48, 'fd6b8e47-299d-4266-ade9-6d73a324bf90', 0),
('45b89c10-3482-4594-9c7b-40e201d28991', 5, 'A38', 47, 'fd6b8e47-299d-4266-ade9-6d73a324bf90', 1),
('0d1d2eaf-8e3d-47b3-8e2f-eac19503e685', 28, 'A41', 46, 'fd6b8e47-299d-4266-ade9-6d73a324bf90', 2),
('a5b731ed-0fcf-4058-a286-e3b6325b7053', 98, 'A44', 16, '42818df9-15c4-48d3-97a5-995b32c690dd', 0),
('cf8480ca-1bbe-4652-b8be-570c8197c86e', 31, 'A26', 35, '42818df9-15c4-48d3-97a5-995b32c690dd', 1),
('63b770d9-474d-4321-9d83-2427b8b2449c', 68, 'A25', 18, '42818df9-15c4-48d3-97a5-995b32c690dd', 2),
('ae4f3bd7-fde6-4251-a53d-c16d195ef6e4', 48, 'A47', 19, '8cd643b1-e331-4a43-8954-543d244f8616', 0),
('aeff8157-6c88-4e1d-b5f8-35cee489885d', 21, 'A6', 18, '8cd643b1-e331-4a43-8954-543d244f8616', 1),
('fdc1a710-7ac6-4955-8a9d-4a6cd0d743a6', 98, 'A41', 15, '8cd643b1-e331-4a43-8954-543d244f8616', 2),
('2ced071f-05b7-4a64-a225-665184057360', 23, 'A12', 29, 'a1f43007-cede-4ba6-bbe2-2c813bd4a760', 0),
('bdc535e0-9113-454d-bfc8-f461091c2fea', 67, 'A8', 41, 'a1f43007-cede-4ba6-bbe2-2c813bd4a760', 1),
('bcee77c4-f862-4793-9e1f-51dc98084929', 22, 'A16', 48, 'a1f43007-cede-4ba6-bbe2-2c813bd4a760', 2),
('01212e1d-fb5e-49ef-8e3d-fa748921092b', 9, 'A11', 40, '96360f5c-906b-4ecc-8c79-8fdf24cbe38d', 0),
('9d0e55ea-67a5-4950-a076-3187d351f0b2', 36, 'A40', 49, '96360f5c-906b-4ecc-8c79-8fdf24cbe38d', 1),
('b6a86853-77e6-4f7c-ab70-9c18b6c074d6', 64, 'A11', 28, '96360f5c-906b-4ecc-8c79-8fdf24cbe38d', 2),
('ab6ff1a6-c694-42de-9cd9-2ebf11bda12a', 31, 'A16', 27, '0b4294da-a717-4fff-af8c-a74fc62260ea', 0),
('0adf173e-3ba3-4fd7-bbea-35c9fbda1c31', 6, 'A9', 21, '0b4294da-a717-4fff-af8c-a74fc62260ea', 1),
('34767cdc-a1df-4c32-9ef4-48bfb28be5ae', 54, 'A21', 17, '0b4294da-a717-4fff-af8c-a74fc62260ea', 2),
('9056049d-02ed-48cf-89cf-fd32ff71f2bc', 28, 'A37', 39, '9f010b87-0257-4bf2-a64b-b6fea3e6b839', 0),
('2c81096c-6e09-483c-ab13-d8c60a080c11', 82, 'A43', 43, '9f010b87-0257-4bf2-a64b-b6fea3e6b839', 1),
('a95102b4-f98d-478b-9650-5edda4c3ff7f', 69, 'A48', 26, '9f010b87-0257-4bf2-a64b-b6fea3e6b839', 2),
('5a9d605e-00fe-4c0e-bf7f-37c93528deb7', 79, 'A7', 27, 'b3d53e71-1626-4b3e-964e-392fb7ee1d22', 0),
('e54701d9-8dcb-4049-95d1-72ac56d8856c', 100, 'A4', 50, 'b3d53e71-1626-4b3e-964e-392fb7ee1d22', 1),
('cf0d847b-4095-4b66-bb27-d705dd388440', 71, 'A40', 15, 'b3d53e71-1626-4b3e-964e-392fb7ee1d22', 2),
('fe1df79a-09f6-4fae-8089-9bfb421366e1', 18, 'A10', 44, 'f5d5d3dc-b202-4c3d-bed6-41b947c81614', 0),
('53d0fdac-0ce2-4da0-a0b3-92b071560426', 16, 'A49', 24, 'f5d5d3dc-b202-4c3d-bed6-41b947c81614', 1),
('1a83ba71-cfbf-4e7b-9a2c-fa3a31daa1fb', 0, 'A30', 45, 'f5d5d3dc-b202-4c3d-bed6-41b947c81614', 2),
('097afc55-566a-4e84-be2e-54d3506054a0', 32, 'A31', 42, 'aa8df3f9-4c85-42e0-9e22-3f7fbd595d27', 0),
('07d4f3d0-fb03-4334-91ce-343cd480be65', 79, 'A12', 50, 'aa8df3f9-4c85-42e0-9e22-3f7fbd595d27', 1),
('b1b031c3-ad97-4c6f-99b7-b618854f4f11', 54, 'A33', 38, 'aa8df3f9-4c85-42e0-9e22-3f7fbd595d27', 2),
('ef7fbee1-d8cf-4396-a654-5370f4f4307a', 50, 'A32', 35, '5191d696-7c91-43b2-a055-9429f3025ada', 0),
('0c11fa42-f440-4b29-8b23-7527e96b0294', 19, 'A27', 48, '5191d696-7c91-43b2-a055-9429f3025ada', 1),
('f8c0f2e9-86a0-4643-8863-6e53e52e4dc7', 11, 'A37', 23, '5191d696-7c91-43b2-a055-9429f3025ada', 2),
('7218091e-58f9-4dc5-b1d0-b3269339f9bf', 36, 'A47', 48, '81d47cb7-3622-449f-b7d8-4433d631371d', 0),
('e656cd33-7279-400c-8352-9b5ed949c3d6', 67, 'A5', 28, '81d47cb7-3622-449f-b7d8-4433d631371d', 1),
('079f05db-e24c-4981-9cd6-7b5dfe5b2acf', 31, 'A18', 28, '81d47cb7-3622-449f-b7d8-4433d631371d', 2),
('2894ba5b-07b0-43c8-a19d-ae792aea099f', 25, 'A33', 15, '6c138a24-bd53-4d73-abf8-2e6b643bfbb9', 0),
('afac91fc-c48f-405a-9813-f9d604f904cd', 44, 'A6', 40, '6c138a24-bd53-4d73-abf8-2e6b643bfbb9', 1),
('a3a3cb3a-8e74-41c4-b18e-de67076d3bde', 38, 'A8', 15, '6c138a24-bd53-4d73-abf8-2e6b643bfbb9', 2);
