insert into users (userid, firstname, lastname, username, lastviewed) values
('b3044bcb-10ac-4420-a626-071d8247f81e', 'Dario', 'Birbamer', 'dbi6423', '2000-01-01'),
('22d0368b-89e4-49a8-88c8-5d933f704010', 'Dominik', 'Kühne', 'dku7033', '2000-01-01'),
('e586526c-c0f8-4b77-9bac-c6fc1d96a2c3', 'Johannes', 'Moosbrugger', 'jmo8620', '2000-01-01'),
('501827a6-0e88-4d85-a4ac-cb4d58ba79c5', 'Lukas', 'Kaufmann', 'lka2222', '2000-01-01'),
('b711d27d-3b7b-4e0d-bf51-c56c260aa565', 'Michael', 'Spiegel', 'msp3991', '2000-01-01'),
('81d052be-f3ee-4a6b-bd36-9ca8ad2e0224', 'Stefan', 'Mayer', 'sma7959', '2000-01-01'),
('81f3f082-772c-44c3-8ca6-a64d1bfc8976', 'Thomas', 'Feilhauer', 'tf-test', '2000-01-01'),
('81f3f082-772c-44c3-8ca6-a64d1bfc8977', 'Basic', 'Employee', 'employee', '2000-01-01'),
('81f3f082-772c-44c3-8ca6-a64d1bfc8978', 'Basic', 'Operator', 'operator', '2000-01-01'),
('4a7d1fda-e46a-4d14-b03a-60ebe8d70c63', 'Josie', 'Stöber', 'jst2559', '2000-01-01'),
('3ae6ee19-3243-4b19-851f-4d4d7c16e058', 'Aiden', 'Sorg', 'aso9927', '2000-01-01'),
('d24c06e3-c7f9-4d9f-84e2-224ad44221cb', 'Adelina', 'Landmann', 'ala4178', '2000-01-01'),
('d99ead66-b234-41fa-8aee-d479da39727a', 'Erva', 'Grewe', 'egr1652', '2000-01-01'),
('1ef37b9b-0eff-44e2-87a4-9239e0ba4509', 'Mathea', 'Steinhauer', 'mst7142', '2000-01-01'),
('73c36ac1-25f5-4064-87b4-fe56034e5f83', 'Poyraz', 'Stürmer', 'pst4143', '2000-01-01'),
('e02e192b-f60c-4ffe-8421-a66f3861d20f', 'Jonas', 'Niebuhr', 'jni6932', '2000-01-01'),
('2f053111-fc25-4af2-99f3-3b0ccd46ad29', 'Jake', 'Wittich', 'jwi1775', '2000-01-01'),
('3ec1a24d-af40-4876-bbc5-9de804721fee', 'Aiden', 'Michaelis', 'ami2247', '2000-01-01'),
('c4371e6e-98d1-4d29-becd-338a7fa41be3', 'Giulia', 'König', 'gko5593', '2000-01-01'),
('5ef913f4-4c5a-4a99-bc29-a44180c0107c', 'Theresa', 'Wagner', 'twa4683', '2000-01-01'),
('bd2e8e09-6426-4397-a26d-bab31f5e62e9', 'Eliano', 'Haak', 'eha1530', '2000-01-01'),
('68dad651-a716-4cb3-a7a1-e73c31f553be', 'Sunny', 'Stach', 'sst6276', '2000-01-01'),
('a0c5c9c0-dee7-4194-a702-cd0bd16ad929', 'Adrian', 'Griese', 'agr7994', '2000-01-01'),
('7a080256-ab37-4849-9625-9765f0721993', 'Josephina', 'Baumeister', 'jba2942', '2000-01-01'),
('377ad68b-c3bb-4570-bdf9-cb27597fe476', 'Robert', 'Blaschke', 'rbl8193', '2000-01-01'),
('a6b7c017-a93f-4174-a505-b09ce45b4dc2', 'Etienne', 'Hieber', 'ehi8842', '2000-01-01'),
('a4baea94-0fae-4762-a081-d7a7d54a6273', 'Miro', 'Hendricks', 'mhe2379', '2000-01-01'),
('152c6780-106b-4159-9156-a22e8d283406', 'Mete', 'Mang', 'mma6676', '2000-01-01'),
('42cd1b82-f4c4-4eab-a85c-ac48292e7e1f', 'Eduard', 'Kuhlmann', 'eku7705', '2000-01-01');

insert into user_subscribedtopics (user_userid, subscribedtopics) values
('b3044bcb-10ac-4420-a626-071d8247f81e', 'Pop'),
('b3044bcb-10ac-4420-a626-071d8247f81e', 'Metal'),
('b3044bcb-10ac-4420-a626-071d8247f81e', 'Rock'),
('22d0368b-89e4-49a8-88c8-5d933f704010', 'Pop'),
('22d0368b-89e4-49a8-88c8-5d933f704010', 'Electronic'),
('22d0368b-89e4-49a8-88c8-5d933f704010', 'Grunge'),
('e586526c-c0f8-4b77-9bac-c6fc1d96a2c3', 'Electronic'),
('e586526c-c0f8-4b77-9bac-c6fc1d96a2c3', 'Hip-Hop'),
('e586526c-c0f8-4b77-9bac-c6fc1d96a2c3', 'Hard Rock'),
('501827a6-0e88-4d85-a4ac-cb4d58ba79c5', 'Hip-Hop'),
('501827a6-0e88-4d85-a4ac-cb4d58ba79c5', 'Pop'),
('501827a6-0e88-4d85-a4ac-cb4d58ba79c5', 'Metal'),
('b711d27d-3b7b-4e0d-bf51-c56c260aa565', 'Metal'),
('b711d27d-3b7b-4e0d-bf51-c56c260aa565', 'Hard Rock'),
('b711d27d-3b7b-4e0d-bf51-c56c260aa565', 'Grunge'),
('81d052be-f3ee-4a6b-bd36-9ca8ad2e0224', 'Electronic'),
('81d052be-f3ee-4a6b-bd36-9ca8ad2e0224', 'Metal'),
('81d052be-f3ee-4a6b-bd36-9ca8ad2e0224', 'Pop'),
('81f3f082-772c-44c3-8ca6-a64d1bfc8976', 'Hard Rock'),
('81f3f082-772c-44c3-8ca6-a64d1bfc8976', 'Hip-Hop'),
('81f3f082-772c-44c3-8ca6-a64d1bfc8976', 'Grunge'),
('81f3f082-772c-44c3-8ca6-a64d1bfc8977', 'Pop'),
('81f3f082-772c-44c3-8ca6-a64d1bfc8977', 'Metal'),
('81f3f082-772c-44c3-8ca6-a64d1bfc8977', 'Rock'),
('81f3f082-772c-44c3-8ca6-a64d1bfc8978', 'Hard Rock'),
('81f3f082-772c-44c3-8ca6-a64d1bfc8978', 'Hip-Hop'),
('81f3f082-772c-44c3-8ca6-a64d1bfc8978', 'Grunge');

insert into user_roles (user_userid, roles) values
('81f3f082-772c-44c3-8ca6-a64d1bfc8978', 'EMPLOYEE'),
('81f3f082-772c-44c3-8ca6-a64d1bfc8978', 'OPERATOR'),
('81f3f082-772c-44c3-8ca6-a64d1bfc8977', 'EMPLOYEE'),
('b3044bcb-10ac-4420-a626-071d8247f81e', 'ADMIN'),
('b3044bcb-10ac-4420-a626-071d8247f81e', 'OPERATOR'),
('b3044bcb-10ac-4420-a626-071d8247f81e', 'EMPLOYEE'),
('22d0368b-89e4-49a8-88c8-5d933f704010', 'ADMIN'),
('22d0368b-89e4-49a8-88c8-5d933f704010', 'OPERATOR'),
('22d0368b-89e4-49a8-88c8-5d933f704010', 'EMPLOYEE'),
('e586526c-c0f8-4b77-9bac-c6fc1d96a2c3', 'ADMIN'),
('e586526c-c0f8-4b77-9bac-c6fc1d96a2c3', 'OPERATOR'),
('e586526c-c0f8-4b77-9bac-c6fc1d96a2c3', 'EMPLOYEE'),
('501827a6-0e88-4d85-a4ac-cb4d58ba79c5', 'ADMIN'),
('501827a6-0e88-4d85-a4ac-cb4d58ba79c5', 'OPERATOR'),
('501827a6-0e88-4d85-a4ac-cb4d58ba79c5', 'EMPLOYEE'),
('b711d27d-3b7b-4e0d-bf51-c56c260aa565', 'ADMIN'),
('b711d27d-3b7b-4e0d-bf51-c56c260aa565', 'OPERATOR'),
('b711d27d-3b7b-4e0d-bf51-c56c260aa565', 'EMPLOYEE'),
('81d052be-f3ee-4a6b-bd36-9ca8ad2e0224', 'ADMIN'),
('81d052be-f3ee-4a6b-bd36-9ca8ad2e0224', 'OPERATOR'),
('81d052be-f3ee-4a6b-bd36-9ca8ad2e0224', 'EMPLOYEE'),
('81f3f082-772c-44c3-8ca6-a64d1bfc8976', 'ADMIN'),
('81f3f082-772c-44c3-8ca6-a64d1bfc8976', 'OPERATOR'),
('81f3f082-772c-44c3-8ca6-a64d1bfc8976', 'EMPLOYEE'),
('4a7d1fda-e46a-4d14-b03a-60ebe8d70c63', 'CUSTOMER'),
('3ae6ee19-3243-4b19-851f-4d4d7c16e058', 'CUSTOMER'),
('d24c06e3-c7f9-4d9f-84e2-224ad44221cb', 'CUSTOMER'),
('d99ead66-b234-41fa-8aee-d479da39727a', 'CUSTOMER'),
('1ef37b9b-0eff-44e2-87a4-9239e0ba4509', 'CUSTOMER'),
('73c36ac1-25f5-4064-87b4-fe56034e5f83', 'CUSTOMER'),
('e02e192b-f60c-4ffe-8421-a66f3861d20f', 'CUSTOMER'),
('2f053111-fc25-4af2-99f3-3b0ccd46ad29', 'CUSTOMER'),
('3ec1a24d-af40-4876-bbc5-9de804721fee', 'CUSTOMER'),
('c4371e6e-98d1-4d29-becd-338a7fa41be3', 'CUSTOMER'),
('5ef913f4-4c5a-4a99-bc29-a44180c0107c', 'CUSTOMER'),
('bd2e8e09-6426-4397-a26d-bab31f5e62e9', 'CUSTOMER'),
('68dad651-a716-4cb3-a7a1-e73c31f553be', 'CUSTOMER'),
('a0c5c9c0-dee7-4194-a702-cd0bd16ad929', 'CUSTOMER'),
('7a080256-ab37-4849-9625-9765f0721993', 'CUSTOMER'),
('377ad68b-c3bb-4570-bdf9-cb27597fe476', 'CUSTOMER'),
('a6b7c017-a93f-4174-a505-b09ce45b4dc2', 'CUSTOMER'),
('a4baea94-0fae-4762-a081-d7a7d54a6273', 'CUSTOMER'),
('152c6780-106b-4159-9156-a22e8d283406', 'CUSTOMER'),
('42cd1b82-f4c4-4eab-a85c-ac48292e7e1f', 'CUSTOMER');

insert into product (productid, duration, label, name, releaseyear) values
('38979ec5-cf59-4677-a1fb-d5baf2c5a9ee', '29:31', 'Svek', 'Stockholm', '1999'),
('616817c0-4bd4-4f48-a724-fb3495a92381', '15:00', 'R & S Records', 'Mach 2', '1990'),
('ec4fbae2-1fc3-4179-b95f-9b9d03c6e4e7', '79:46', 'React', 'React Test Eleven', '1999'),
('a40bf348-1a37-4504-9222-0ae56832eb5d', '10:00', 'Shokoy', 'Cells Death E.P.', '1999'),
('b2cfffbe-37ce-43f1-90b0-cb391fa38939', '20:00', 'Bassbin Records', 'Bassbin Loops', '1998'),
('e86dd2cc-cf84-4486-ae01-048937d9aff3', '05:00', 'Hydrophonic Records', 'Terminal Jungle', '2002'),
('f5ba3e3c-e527-4061-be50-7cff5cc24153', '07:39', 'Def Jam Recordings', 'Saturday (Oooh Oooh!)', '2001'),
('48ec0fe9-55c7-4b5c-9373-32cac896ba51', '61:18', 'Psy-Harmonics', 'The Whole Worlds Hip And Thats Not Cool!', '2004'),
('fb06b946-3713-40f9-bee4-6eb781189c28', '10:00', 'Cubi', 'Cubi 04', '2005'),
('9cd81e24-04e7-4541-9162-1e619e33a35b', '05:00', 'Warning', 'The Boss', '2001'),
('9437acde-4fa5-44bb-a281-07e9fa912bd1', '07:30', 'Developed Music', 'Know EP', '2005'),
('4a474e8f-c4e4-4361-b30c-bccf93a245f0', '14:05', 'DWBoys', 'Can Take The Feel It', '2000'),
('a5950a70-706c-4efa-acc4-2aa4c8c41336', '13:17', 'Taurus Records', 'Space Rock', '1988'),
('e06154ec-604f-410c-947b-b2520f4da36a', '147:45', 'High Note Records', 'Cheers Nini', '2006'),
('ce8f90d2-b0e8-4899-99e6-a2fe24302e77', '05:00', 'Roots Records (3)', 'Brother & Sister / I Try', '2006'),
('e9a217ea-fc1e-491c-82bc-c5c596f96238', '31:15', 'Pap Wreckords', 'I Hear America Frying!', '1983'),
('872c08aa-aa49-403d-aba8-9850c9e0a5b5', '25:36', 'Amphetamine Reptile Records', 'Trim, 9th Ward High Roller', '1993'),
('06c5ef4a-58f3-455e-845a-0213e8dc90a6', '05:00', 'Beggars Banquet', 'Blue Heart', '1986'),
('279e8b05-a309-496d-be88-4c806dd017b7', '09:41', 'Panic Records', 'Tough Girl', '1994'),
('2a09a342-2e43-49a4-a1c8-b6dfdbb30995', '40:00', 'Rhino Records (2)', 'Encore: More Greatest Hits', '1991'),
('f089ecbe-7572-478d-af34-82f6dde73ad5', '07:30', 'Sanni Records', 'Blue Savannah', '1990'),
('8903750f-39b5-49a9-884e-545993f7dfba', '09:12', 'Fly Spy Records', 'Get On The Troop Tip', '1987'),
('09141c6c-5951-43ef-80b6-f320a2eedc1c', '25:00', 'Orgasm', 'Prosaical', '1999'),
('523f6144-f32b-485c-b3d6-ec4d123e6a27', '50:00', 'Sony Music Entertainment (UK)', 'Forever Delayed - The Greatest Hits', '2002'),
('e9d9c88d-37aa-4d43-add4-d424eb64b968', '55:00', 'BullsHit', 'Wine Cant Do It, Wife Wont Do!', '2003'),
('af332384-099d-459f-a9b9-20c9de7527c3', '44:21', 'Elektra', 'East West', '1988'),
('2336f1ca-a643-4479-b32c-c34daf782093', '05:00', 'PGP RTB', 'Ana Marija / Kada Ti Svi Okrenu Leđa', '1969'),
('c799a4b2-7c3a-4944-8e04-5fc4ea9b8590', '17:30', 'Landmind Records', 'Rest In Pieces', '1984'),
('cccd0746-7d34-464e-955f-9bebe6847fde', '05:00', 'Eskimo Recordings', 'Assynt', '2008'),
('136192fa-8a37-42c0-aaa3-2ca42bc4ae6a', '10:00', 'Island Def Jam Music Group', 'The Supa Phat Sampler For The Clubs', '2002'),
('c4a1a626-6f4d-457c-8f07-adfad6da9ff3', '02:30', 'Džuboks Magazin', 'Ruby Tuesday', '1967'),
('2d4d2474-08d4-40cf-a416-15577ecf5466', '07:30', 'Turban Records', 'Sandwich', '2005'),
('ad9e4b64-b24d-4c4e-a28f-a2c99215164a', '41:45', 'Es Paranza Records', 'Shaken N Stirred', '1985'),
('a7e46096-a4a9-443d-9e3b-7217c6bdfd1b', '34:52', 'Verve Records', 'Greatest Hits', '1973'),
('83ffa557-959b-417e-a99d-e61105738e64', '05:00', 'Technology Records', 'KaBogie', '2001'),
('d4e0f410-06fc-4e37-8fd3-b0c5c611764e', '48:19', 'Not On Label (Evilion Self-released)', 'Vanity', '2006'),
('7e410355-4570-460c-9568-bca63453c593', '05:53', 'Kanibalz Digitalz', 'I Wonder Why', '2009'),
('c7b6791e-5cfd-4459-923e-57cd0cc7d86d', '07:30', 'Svek', 'Knockin Boots Vol. 1', '1998'),
('b00e139d-2fd1-4913-95f7-b0c7de8c6bf3', '05:00', 'Kapp Records', 'Itsy Bitsy Teenie Weenie Yellow Polkadot Bikini / Dont Dilly Dally, Sally', '1960'),
('2a0c49fc-08a3-4bd1-8990-bec226706aba', '05:00', 'Routemaster Records', 'My Name Is Acid / All In', '2009'),
('a717551e-400f-4950-adc9-20c3d4752ed6', '25:00', 'Elektra', 'Greatest Hits', '1980'),
('347c0f29-470a-49bc-be40-f91b681de1f3', '33:29', 'RCA Victor', 'Het Gebeurde In Het Westen', '1977'),
('2262573c-b732-46de-8f71-e5a4b731fc96', '02:30', 'Edison Blue Amberol Record', 'Nita Gitana', '1912'),
('67b46f8e-6635-4c8e-91a0-5914902d6861', '63:54', 'Popron Music', 'Lacrimosa (Má Je Pomsta)', '1995'),
('fd21850a-747d-478e-8c7e-fbab2b5c2a9a', '25:00', 'Младински Културен Центар', 'Детето И Белото Море', '2010'),
('3eadb3c9-6c3d-45fd-ad8c-ac15b82f14fe', '23:37', 'Misanthropic Propaganda Productions', 'Live - Only Deaf Is Real', '2007'),
('16d55e44-0d24-45e5-b0a3-8237b29a3a17', '25:00', 'ars morta universum', 'A.O.G. VIDEO', '2005'),
('9bc59697-7c09-4d21-b8d3-7b765f4039a6', '05:00', 'Diskos', 'Opet Ti, Opet Ti / Idi, Idi', '1980'),
('a1a72105-06ad-4777-b0bf-a5db46df7026', '47:09', 'Mango', 'Prisoner Of Conscience', '1989'),
('8d8e309f-2439-4f22-b4d6-fdd9e9d6c1b2', '07:30', 'Black Lung', '4 Juvenile Delinquents', '1999'),
('d8d96054-ae60-4284-90a7-2050fda32823', '02:30', 'Arista Nashville', 'I Told You So', '2009'),
('a01a9325-3d27-4f2e-851a-41a9597aa87f', '90:00', 'Not On Label (DJ Green Lantern Self-released)', 'Throwback Classics Vol. 1', '2004'),
('52a957a1-beb8-4224-82b2-aade816832cc', '44:01', 'Reflected Illusions', 'Spaced Out', '2010'),
('81eed66f-1432-425b-9fd6-811e5b31ece3', '49:34', 'Heart Of Darkness Records', 'Closer To The Unknown Treasures', '2011'),
('500defbb-196b-41b9-b502-26a3ff59077e', '32:52', 'EastWest Records America', 'Mad Props', '1994'),
('495f4435-7b6d-4b83-82a0-8fcba6b17ecf', '07:25', 'Mercury', 'The Man I Love', '1994'),
('daa6dd15-52c8-432a-b0a6-d7f86206aa41', '38:11', 'Jive', 'Faithful', '1993'),
('87ba7f93-b9bd-4154-b59d-d50bc1c55f81', '05:00', 'MCA Records', 'Sweet Caroline', '1971'),
('277c5868-8e78-4490-bb62-23713a5d7483', '36:39', 'R.A.C. Records', 'A Better Land', '2000'),
('5d3de218-b8ff-4148-abaf-f282955dacc9', '36:26', 'Prestige', 'Scratch My Back', '1979'),
('3174bdb3-c345-4e4e-81d9-c0899101845b', '07:38', 'Epic', 'Paradise (Remix) / Super Bien Total', '1988'),
('0a5aa1fb-66c9-4811-a9ac-c2b73879613b', '07:12', 'ZYX Records', 'White Bird', '1979'),
('9940a253-ff38-4e45-942b-78a434331e1d', '55:47', 'Jive', 'Return Of The Boom Bap', '1993'),
('57c19025-70bf-444b-b63a-b99f075361e6', '35:00', 'Knock Out Records', 'Bitter n Twisted', '1996'),
('0a15fa08-cd6a-41ab-9d2a-5e2eda2aa7e4', '05:00', 'Ezgi Plâkları', 'Unutmasen / Her Akşam', '1969'),
('2ca5360d-fd8b-4fd5-ae38-17e83d5cdda6', '25:00', 'Not On Label', 'The Mustache Mozart Affaire', '2011'),
('7b175f88-6cf8-48d0-8b29-22a629507ac5', '05:10', 'CBS', 'Yes Tonight, Josephine / Just Walking In The Rain', '1979'),
('754d400d-7931-44c9-acf0-54792ee50e73', '10:00', 'Vinyl Junkie Rekkids', 'The Ultra Twist Meet The Nackers', '2007'),
('ffabb808-b62e-4cc7-b5ce-709389f88b37', '14:55', 'Nukleuz', 'Vyatka At Night', '2012'),
('de505696-cb97-421b-8dfa-92366af2cedd', '84:13', 'Seamless Recordings', 'Flowers Of Life', '2010'),
('457042d5-8b5e-4b44-97a3-6579ef4ce1c9', '46:17', 'Dino Music', 'Quo Bertus Quo', '1994'),
('8917174f-c562-443e-b633-6e97e8fae932', '40:10', 'Liberty', 'War', '1971'),
('449cbfa2-d007-41a5-9dcf-94e4784bb904', '27:30', 'Pigs On The Groove Records', 'HIStory World Tour - Seoul 1996', '2011'),
('1c2663c3-8c10-4781-b62e-5a8bbb135e54', '39:40', 'Mercury', 'Close Personal Friend', '1978'),
('3e435ac6-f9e0-4932-9244-6449d84a49e0', '34:49', 'Lifesong', 'Dean Friedman', '1977'),
('0e9382e8-4680-47e3-848a-5d90a18ea9b2', '12:29', 'Pencil Neck Records', 'American Executive', '2004'),
('6e3a18c7-1047-42d8-9344-2601c91e82f2', '25:45', '54º40 Or Fight!', 'Suspicious Icons', '2005'),
('1f474169-b67d-4522-84f8-b87fdc46313b', '07:35', '76 Recordings (2)', 'Yerusha', '2010'),
('5f6057f3-2c9c-484e-877e-78bcdcbeb50b', '05:00', 'Virgin', 'Love And Loneliness', '1980'),
('a33edcb6-1732-4d6b-8a76-d3aea9699391', '37:30', 'Hollywood Records', 'California Man (Music From The Original Motion Picture Soundtrack)', '1992'),
('20596847-e7cd-44c9-bd2c-13df09bdbcdc', '10:00', 'Philips', 'Take It, Satch!', '1956'),
('f1efa4c7-03fd-41b7-b394-7eee9b97526b', '04:50', 'Planet', 'Spinnin Top', '1966'),
('9d23ca74-12db-414a-a6fa-fc650bdca8e1', '03:37', 'Motor Music', 'Sweetness', '2001'),
('04d0a240-5a38-4031-af71-4a9b5789a5e1', '73:52', 'Sony Music', 'En Public - 100% Pur Beurre', '2002'),
('c4096606-98dd-4e46-9a65-158b123d2310', '06:42', 'TBM Records', 'Still Pretty Nice', '2003'),
('5791df94-d573-46f7-b5f0-a17c0a20ee0c', '22:47', 'Get Physical Music', 'Silicon Drift', '2011'),
('a1c034c3-0c39-422b-be7a-2affe420fcd5', '22:30', 'Dynamic Sounds', 'Love Triangle', '1972'),
('2f340fc8-905c-4694-949e-e0be03965963', '10:00', 'Goathorned Productions', 'De Praestigiis Daemonum', '2008'),
('392320e9-365c-4f3e-b9a8-6134801b7128', '09:39', 'Solar', 'Happy Holidays To You / Try And Make It Better', '1978'),
('5dbce0b9-4455-42d8-82af-5ac53db39564', '06:35', 'Hamburg Aufnahmen', 'Loco', '2012'),
('d3ac92ba-bf5a-44df-af4c-69f8784ba320', '03:14', 'Pratt Productions', 'Sex Ed', '2010'),
('2006622a-ccb4-4256-9718-692df99a2557', '05:00', 'Survival Records Ltd.', 'Fear A Bhata (Oh! My Boatman)', '1991'),
('c86b16a4-07bd-402a-b94e-25770bafbb56', '44:59', 'Azzurra Music', 'Amare, Non Amare', '2000'),
('ad867f22-1b58-4fd9-8f4b-ca9210856cdd', '41:32', 'Septima Records', 'Gracias Por La Musica', '1980'),
('c7ea850f-5cfe-475d-b48f-c2420d8f7600', '36:35', 'Kuhstall Studio', 'Sound Of Lonelyness', '1972'),
('740c05e4-7cf8-414c-8248-347f761eb594', '14:32', 'Sugar Hill Records', 'Step Off', '1984'),
('2c5a4a77-7304-4231-a3c3-c1d600e853e2', '45:00', 'Island Records', 'Anthrology: No Hit Wonders (1985-1991) The Videos', '2005'),
('e3b69620-105b-4aaf-889f-f14b06f76b40', '42:14', 'Evolution Music (2)', 'Show Me How To Live', '2011'),
('08fbf1ec-c840-4518-87eb-eedd1a373644', '03:58', 'Vale Music', 'Cómo Será', '2003'),
('b749093a-a3ef-4752-9bd4-9e51f639d674', '19:21', 'Macarize', 'Around The Sun (The Remixes)', '2014'),
('e7c67a52-f46c-4ba3-8cf6-dedf99cacb02', '32:29', 'Infernal Kommando Records', 'Anti Human Devotion', '2013'),
('1bb84701-b70f-4f06-a5f9-1e49926ee9d7', '05:00', 'Ruffcut', 'Moonman', '2014'),
('a07dc1a0-2da6-4e6f-b8fc-b526a8690482', '46:42', 'Not On Label (State Azure Self-released)', 'Disconnect', '2014'),
('d6dd71c5-a3cb-42c2-8cc0-69fa55532de8', '27:30', 'Carosello', 'Cin Cin A Colpo Grosso', '1990'),
('c1c0568b-9010-425c-8eb9-6811e582fd07', '32:30', 'Cineplex Odeon Home Video', 'Sign "☮" The Times', '1988'),
('9925a3f9-1eba-4394-a5b6-7f4eec55944d', '10:00', 'Cluster Records', ' Aliens / No Return', '2001'),
('0ef8e5a2-7a17-48e9-bd1a-fc30d53819a0', '53:12', 'Siren Harp', 'Panta Rhei', '2004'),
('10b699f7-0c18-4e3c-b2b7-28bb15d0d144', '109:29', 'ZYX Music', 'The World Of Russische Folklore', '1996'),
('a09ef4a7-c539-4a13-b2ba-bce45621cf0b', '10:00', 'Blue Martin Records', 'Well Balanced', '1995'),
('743104da-38ff-45f7-a50a-9868ef7f50d5', '20:00', 'Oscar Records (5)', 'Tabla Solos', '1978'),
('4ce3255e-7b2e-4ebd-8ced-1def84e5f7b0', '05:00', 'Soultown Records', 'Hey Love ', '1980'),
('e230ed10-1ec7-4b37-9f8e-1356fa563a0e', '300:24', 'Not On Label', 'The Hidden Power - Songs From Psychic Force', '2014'),
('e2ed0bd7-6ba0-460d-a887-62be704aff9d', '25:00', 'Acid Jazz', 'Latin Soul & Dance - Collection Three', '1992'),
('6f69e952-df82-4760-9ba5-b97d12890488', '04:09', 'Lindy', 'Party-Party', '1958'),
('0086daae-3e97-445e-8abe-4a9e5d9db0c8', '12:30', 'Doomentia Records', 'Acid Brain', '2014'),
('04a38d25-92ac-4649-ac16-346c6c657750', '16:45', 'Fokuz Recordings', 'Tenderness EP', '2014'),
('dd90736e-38c4-41dd-ac8c-cb34824cca33', '45:47', 'Yume Records', 'You Had My Heart', '2013'),
('c9427fb5-a26a-4893-aaeb-6de75773c260', '40:14', 'Digitally Remastered (4)', 'To Our Childrens Childrens Children', '2000'),
('493c3688-bf4c-4374-9f2f-38e154d48adc', '50:00', 'La Cùpa', 'Marinai, Profeti e Balene', '2011'),
('c1d56a2f-6e11-4cae-90b5-7d2126098003', '25:59', 'ABC Dot', 'Pair Of Fives (Banjos,That Is)', '1975'),
('47c8fa69-cb76-445d-a6b5-83ddb5ce2c08', '51:20', 'Megalith Records', 'We Wear The Mask', '2005'),
('917caf14-1f1f-415f-8ea3-fc6d7bc0edf0', '38:38', 'RTV Ljubljana', 'Ulazak U Harem / Plava Pesma', '1978'),
('b68a43c9-2159-4eb9-b319-baa0710d25c6', '06:32', 'AB Productions', 'Silver Hawks', '1988'),
('fdce8c53-e790-439f-8f16-eb7975fbdd36', '85:00', 'Bambam Records', 'Demos 1984/1986/2009', '2014'),
('1283881b-16c7-4024-a7dd-58786b767779', '07:54', 'Blue Thumb Records', 'Im An Old Cowhand (From The Rio Grande)', '1972'),
('6791b414-9644-4c9b-a956-de8ccbbcffee', '75:00', 'EMI', 'The Originals', '1997'),
('a3c76561-9e3e-429c-9d34-944c83dedb7d', '08:53', 'Mino Music', 'Sarah', '1984'),
('968b07a5-f47a-4db9-a7cd-a8d2254eaa68', '12:30', 'Lumpy Records', 'Rik And The Pigs', '2015'),
('c026e89a-78f7-4426-be3c-94ab98f5e0f5', '58:58', 'Universal Collections', 'Playlist N°4', '1999'),
('0df1c4d2-4b92-4c3b-91d3-68a9b9778379', '12:54', '1969 Records', 'A Spoonful Of Pugwash Eleven Modern Antiquities', '2008'),
('8a79f1da-6c37-4d27-952b-e4b28bb30374', '39:52', 'Virgin', 'Landed', '1975'),
('eff6ec1a-9306-428c-9dc8-12937b7c684c', '20:00', 'Relapse Records', 'Goblin Rebirth', '2015'),
('564fe957-ddf1-414b-93fc-c9c7de036b7a', '30:00', 'Sailors Grave Records', 'Old Haunts On The Horizon', '2010'),
('5ed6a6d8-689e-4e69-9f17-1a7f5050af42', '05:00', 'RCA/Ariola', 'Keep On Singing', '1988'),
('991ec892-b949-4819-9c06-52a9bad41861', '05:00', 'Advanced Systems, Inc.', 'The Enlightenment Cycle #4', '1992'),
('d5e69c4f-b909-45df-b77d-282275dfd500', '22:30', 'Haiti Record', 'Rinmin Ca', '1970'),
('d22bc15b-7e9d-4464-8e15-6d7777d903bc', '05:00', 'CBS', 'The Terre Haute Sound - 25 Years of Making Music', '1979'),
('713120dc-5ac1-401a-9b08-1d235c3b2ad3', '88:50', 'Bella Union', 'The Light In You', '2015'),
('f86da700-7762-4cb7-ad44-96ffc06e9270', '22:30', 'Flora & Fauna', 'Gå Ensam Förbi Horisonten', '2013'),
('727454d4-15dc-482a-96cd-72e4e81ce30d', '10:00', 'EMI', 'Days Of Pearly Spencer', '1968'),
('269d4874-fa0b-4c80-a918-4a8ac4e1b642', '05:00', 'MCA Records', 'Crazy', '1995'),
('63ac24f0-1eba-42ed-b6b8-95382d41ed40', '64:40', 'Sheffield Tunes (2)', 'Sheffield', '2000'),
('fbbae207-009f-4bf9-a76d-e60720c7c1ce', '22:30', 'Sutton', 'Stormy Monday And Other Blues By', '1963'),
('0a227564-d9bc-44c1-9be3-e144e622e604', '14:18', 'Minicoffee Records', 'Be Cool', '2012'),
('9fa60178-3f92-47d6-8b96-1d54a25d79d1', '30:00', 'Relativity', 'Kingdom Of Desire', '1992'),
('6078c623-0f9a-4977-8329-0135cba150aa', '50:00', 'Japan Record', 'Live From Beelzebub Final', '2006'),
('c63cec21-dde5-40f8-bdf1-8d22c97e8a8c', '25:00', 'RCA', 'Te Amaré', '1986'),
('fcc2aeb6-86dc-4082-809f-7c3991b237a7', '53:21', 'No Title.', 'U-29', '2015'),
('803bee33-c475-4bbe-8125-3b92052a5386', '04:06', 'Coronet (2)', 'Meet Me In The Alley, Sally / I Wanted You', '1957'),
('943d0a39-5fc7-4856-8e61-9213383f27ae', '05:24', 'Capitol Records', 'Come Closer To Me (Acercate Mas) / Nothing In The World', '1958'),
('abb258b1-72ae-4587-8a07-e2627003d458', '31:21', 'D&R Digital', 'Prophet', '2016'),
('73467153-39aa-4d26-ad49-95094dc5d21b', '61:00', 'Camel (6)', '#4 Electro', '2006'),
('b59a4e0f-daa5-4bb1-91b9-20fc7f5a9318', '32:30', 'Ethnic Folkways Library', 'Music Of South Arabia', '1951'),
('b747b75c-fa5c-45df-9a11-06440ee29d76', '03:10', 'Roll Call Records', 'Nothing Is Anything (Without You)', '2012'),
('56e4b1dd-8efe-4133-9435-43e72afe17a2', '05:00', 'CBS', 'I Left My Heart In San Francisco / The Good Life', '1976'),
('c2bc97dc-938d-42f5-90ea-9037ad552120', '30:00', 'Mobile Fidelity Sound Lab', 'Pretenders', '2016'),
('4ba0eb63-971d-448b-a845-4df27c5e876f', '09:33', 'RCA Victor', 'Il Faut Vivre Vite', '1963'),
('0d284404-c1d3-454c-b386-72cfb8c04ecf', '22:30', 'Empty Bodies Recordings', 'Rawhide', '2015'),
('829427b6-b6df-4d4a-96f4-7a9d88124a5f', '39:36', 'Epic', 'Find Out!', '1985'),
('2da9fec5-1cde-40ad-96a7-71863d5c4fa0', '94:41', 'Agorá', 'La Conversione Di SantAgostino', '1998'),
('d7754530-9452-45e3-b0ec-5ab13728561c', '22:30', 'Melody Recording', 'By The Light Of The Polar Star', '1984'),
('d18f49e9-8c92-4510-92a6-f55eb76c9dd8', '30:00', 'Lyra', 'Μεσάνυχτα Και Κάτι', '1989'),
('f521d2b9-e31b-43a3-bdb8-6c2e20c1949a', '19:57', 'NestrinG', 'NestrinG -Retro Game Music Classical Vol.1-', '2012'),
('4c7becb8-6e70-4641-9757-b8610424db8d', '03:26', 'Avrupa Müzik', 'Keyfi Yolunda Aşkı Sonunda', '2013'),
('1d839ee0-4ee7-45dd-92c2-4c71bfb1fb06', '33:43', 'Fantasy', 'Bayou Country', '1969'),
('848e336c-ea61-4ae1-9c63-57f41be1f148', '130:00', 'Sony Music', 'SIstoria', '2016'),
('e504d5f1-421b-475a-9b35-7ddcae444454', '40:46', 'Bizarre Leprous Production', 'Raw Snails Army', '2016'),
('18f4094c-58d2-4e63-970f-bfa56ca88765', '20:00', 'Ленинградский Завод', 'Ария / Хор Дервишей / Фантазия / Мазурка', '1959'),
('557efd3c-25ec-45e8-9b5c-c718ecaf6520', '05:24', 'Hans', 'Go Leila', '1986'),
('76a10a67-9373-41d5-8a3a-e0ca2a6b1180', '10:00', 'Lyra (5)', 'Al General Del Pueblo', '1969'),
('fcf6edc2-abc0-4aba-ac8a-68209c422be0', '25:00', 'Bomb Records (13)', 'Mackadoshas Is The Poshion', '2000'),
('88e53b1b-2574-45fc-8793-05c23ef62b9f', '07:30', 'Opus 111', 'Li Zite Ngalera (The Lovers On The Galley)', '1999'),
('564f838a-e657-4081-b4e3-ca14a10382d8', '15:00', 'Not On Label (Rumble Dogs Self-released)', 'Sweet Girl', '1987'),
('87571be1-cb1c-411d-baff-7f435b781dc7', '65:18', 'Philips', 'Bei uns in Oberkrain', '1975'),
('dd2cdf9b-8e61-4f5b-ae5e-8ca7249ed385', '29:53', 'III Arms', 'Divorce Ring / EQUALITYISAFALSEGOD', '2017'),
('1fb1089a-0e2d-4c0a-9ec3-51c6ea145413', '42:18', 'Ragged But Right', 'Reprise', '2015'),
('bb52f6d9-2c2a-47b4-81b4-78b42146d8bf', '43:38', 'Word', 'Beyond Belief', '1990'),
('f4957ecd-1ba1-4bd9-8330-dec9cb8ccb5e', '60:25', 'WEA', 'Comin Atcha!', '1998'),
('b2dbc020-16b3-4a60-a86f-311bfebe72bb', '35:40', 'Columbia', 'Rhapsody In Rhythm', '1962'),
('2665fc25-9297-4e1a-9eae-8d0dff38c537', '17:30', 'Not On Label (Sister Mary Self-released)', 'Sister Mary ', '1992'),
('f181c033-9236-4d3a-9870-a0d5038b0f5f', '37:30', 'K-Tel', 'Kickin Country', '1981'),
('594a05d4-2416-4f09-ba1c-8dadfd9e1863', '10:00', 'Producciones Imperfectas Del Garage Sumergido', 'PIGS CONEXION', '1986'),
('d2a852c3-0cae-47dc-8db6-51680fb45a88', '48:39', 'Intercord', 'Farben', '1990'),
('a28d49fe-1baf-4cca-a243-ff7b5bcfa3b1', '44:43', 'Raygun Records (3)', 'Time Is A Riddle', '2017'),
('9a2835d7-adfd-4d63-9295-0b7af4042dab', '220:42', 'Warner Music Mexico', 'Celebration Day', '2012'),
('f5aaf502-bbc5-43d5-adb0-6a908c7ecf6b', '154:52', 'German Democratic Recordings', 'Sinister Path (1990-1993)', '2017'),
('702f71f9-ae33-4a8d-b8ac-6c894e2416fc', '08:51', 'Cartel Music (3)', 'Bird Flu', '2017'),
('4767fbf8-4664-48e6-a202-f435ae572a80', '10:58', 'Sub Pop', 'Gone To The Moon E.P.', '1993'),
('06e71d07-b313-48fa-a49e-bdab306ac305', '50:35', 'Saydisc', 'The Perfect Triangle', '1985'),
('18d7338f-d6d5-4b35-8af9-bf8161c2d9ac', '09:55', 'U-Dot Music', 'A Interference Gilt / Eye Sky', '2008'),
('b3e51473-8d72-4e8e-ae04-cd5e07450343', '25:00', 'IBO Records', 'Cadence Rempa', '1961'),
('d541a702-1ef6-49d5-a31d-99d9f3e469f2', '10:00', 'Salsoul Records', 'Salsoul Re-Edits Series Three', '2017'),
('3feab082-53b4-4869-839a-6b376c5bf8f4', '06:07', 'Gull', 'The 12 Days Of Christmas', '1975'),
('2f93af3c-113c-4faf-a9be-50869f3148cb', '21:03', 'Subwoofer Records', 'A.I Takeover', '2017'),
('a7c29fdb-59a5-4015-930d-deb3f68a0091', '04:03', 'TVT Soundtrax', 'Deadly Zone ', '1998'),
('37cba9f9-dd08-46b4-910b-25c142d980be', '05:00', '56 Hope Road', 'Farmer', '1987'),
('222cc354-67c0-49e8-9d6d-f8541cda72b8', '210:52', 'Verve Records', 'I Love Jazz!', '2008'),
('65473fa6-0087-40f5-b006-6d9bf62165f4', '75:00', 'Universal', 'The Ultimate Collection', '2002'),
('4343c3aa-8442-4837-bfce-a1e5260ba48f', '30:00', 'Artkin Touchya', 'Bgock!', '1999'),
('b6fc2548-e96a-4e4b-ab2c-c753db03174e', '53:28', 'CTI Records', 'Vineland Dreams', '1995'),
('ab4c35f6-00e3-4c46-9f0b-cc40b7e15b28', '25:00', 'Harvest Of Death', 'Spiral Staircase', '2017'),
('1132a3b4-8c80-4fc2-acfa-1173adb0fe57', '05:00', 'Polydor', 'Es Fährt Ein Schiff / Blue Melodie Aus Tennessee', '1963'),
('a50b7f73-73ae-43b0-b3e5-3e312e01031e', '05:00', 'CBS', 'Son Of My Father', '1972'),
('1e235ce0-9725-49f7-b712-424861c6f084', '41:58', 'Blue Note', 'Jutta Hipp With Zoot Sims', '1998'),
('fe39b5ce-ac50-4ceb-84f2-292bdd14d74e', '37:37', 'Karussell', ' Ausgewählte Goldstücke', '1982'),
('c127261e-cf0d-451d-9d52-8d5113b93040', '28:45', 'Professional Rockstars Records', 'King Size', '2018'),
('3dc94c7c-0350-4477-91e9-5d8a2225162d', '47:44', 'MCA Records', 'Sleeping With The Past', '1989'),
('a23829cc-0816-4da7-bc86-e132d3733f56', '27:30', 'Quanta Records', 'SHARK 4 お歯黒', '2018'),
('a78b9fde-9f84-4739-9012-55558c6200bf', '35:00', 'KUT', 'KUT Valentines 2008 - KUT 90.5 FM', '2008'),
('8fe553d0-4e1d-499b-8791-56e631521f15', '85:47', 'MCA Classics', 'Symphony No. 2 "Resurrection"', '1989'),
('681a92b6-0412-4176-a390-1fbfe1aa2786', '50:00', 'Dobbs Ferry NY', 'The Masters School Glee Club / The Dobbs Sixteen', '1965'),
('4e0a1a89-26e0-40c8-a7a2-a6d0cb12346a', '08:31', 'Fania Records', 'Tambo / Areito Va Sonar', '1977'),
('013ce782-1537-4a7a-ae23-b472a85351fa', '43:53', 'Ranwood', '22 Great Ragtime Hits', '1977'),
('7f852b36-0397-46da-8045-e90463ff65d3', '27:30', 'Universal Music Belgium', 'In The Rush Of Shaking Shoulders', '2018'),
('b37f3179-049e-4a23-a7db-68b28fbcb087', '35:47', 'Wild Records (3)', 'Sonny West in Hollywood', '2017'),
('edf8765b-236f-48fd-b5b9-56801cd40326', '37:30', 'Wagram Music', 'Entre Charme Et Beauté', '2004'),
('f1ed8fe2-dbb8-402b-b69f-6e8b1ff6abc3', '30:00', 'Mode Records', 'Joy Bryan Sings', '2007'),
('223649ff-613b-4c54-812d-e79097ef42ef', '57:09', 'Verve Records', 'El Sonido Nuevo', '1993'),
('47c5dfdd-39ee-4f0a-a934-abd65d7b87fe', '05:00', 'Bluebird (3)', 'Why Didnt William Tell? / You Gave Me The Go-By', '1940'),
('65daa839-8c4c-43af-b73f-820112315b59', '22:30', 'Marshall Cavendish', 'Spring Symphony (No. 1) / Piano Concerto In A Minor', '1996'),
('76cab45f-e42a-4c59-854f-a87ad73027a6', '10:49', '21st Century Records', 'I Dont Wanna Let You Down', '2016'),
('6574532d-d3b2-4fb2-9116-d8cd6e62ad91', '44:39', 'Mute', 'Loveboat', '2000'),
('30e0eccd-2f8d-4860-9a61-95e999a0eaad', '44:51', 'Kapmar', 'Lustrum 1990', '1990'),
('d32c1b6c-9db3-4c1f-97b5-135eb5a19c12', '71:30', 'Chunk Records (2)', 'We Are All Frostitutes', '2018'),
('70ad4335-27eb-4537-ae71-cb946b69067c', '44:50', 'Arista', 'Indestructible', '1988'),
('044375fc-d365-47a6-95b5-57c5043dcf61', '100:52', 'Not On Label (Rainforest (4) Self-released)', 'Sacred Landscapes', '2015'),
('10f199b2-6989-42dd-ac74-a1b1dd82a77e', '30:00', 'UFRN', 'Mangaba', '1982'),
('142ba046-639a-46b8-bf60-df569bda293a', '05:00', 'Canary Record', 'Gaplek / Dedak Mas Salendro', '1939'),
('f4fdc855-c85b-4e41-834c-fb128a96262e', '53:40', 'Lipstick Records (3)', 'Oneness', '1994'),
('add0509e-cbeb-4b61-b141-e890885dfeac', '25:00', 'Columbia', 'Barbra Streisands Greatest Hits - Volume 2', '2006'),
('9e3a29b2-064f-41ca-92d0-7083e5b72886', '45:38', 'Σέχτα Records', 'Kitro', '2018'),
('1d29621b-4659-4496-bf2e-8c83f4893811', '15:00', 'Lonely Llama Music', 'Motives', '2011'),
('c458891c-9589-4611-bee7-0bf21c639075', '75:00', 'Discos Gas', 'Y Sigo Jalando La Carreta De Éxitos', '1982'),
('77cea893-54a1-42e5-9f2c-5585ecc1f1ef', '07:27', 'Toolroom Trax', 'Burning', '2015'),
('a851b454-352c-410e-af6f-ff3253702f37', '04:27', 'Ware Records (3)', 'Hes Forgotten You / Right From The Git Go', '1964'),
('3d02ad05-2092-4160-a7bb-a2a0df20c0d6', '20:00', 'Mizar (2)', 'La Guitarra de Pepe De Almeria', '1967'),
('8e968e37-3ad9-4948-b7af-1244aeab2796', '45:00', 'Music Club', 'The Way We Were', '1991'),
('d8d05dbb-6511-4119-a2db-6f264e5ab236', '10:26', 'Andys', 'Dream Lover / Dreamin', '1985'),
('f54d482f-135f-40a3-bed1-87a76fb11b5c', '25:00', 'Bad Reputation', 'Playground For Life', '2007'),
('c5e29eb4-7014-4593-8e71-01f9e34b058e', '49:40', 'Polydor', 'Original Sin', '2010'),
('3608bc28-62e3-4038-a75c-90226e396830', '23:42', 'AM:PM', 'Rollerblade', '1997'),
('0cf3db8a-e869-4235-9076-e1f3f2c896c2', '40:00', 'World Circuit', 'Lisandros Cumbia', '1991'),
('b883f4f9-7d2f-422d-b9b1-4e77a19da0bf', '27:25', 'Jugohit', 'Gorak Će Otrov Popiti', '1999'),
('02edf5d8-0c77-4d38-a2aa-f192c5dc39f2', '47:30', 'Subcon Records', 'プレイヤ ーのなまえをかえますか？ ', '2019'),
('5700c0fb-5fca-4752-ab5a-c680e4a3f7f4', '07:25', 'Columbia', 'Voglio Ridere', '1973'),
('b0ef1475-6f7a-4f45-9f52-5d028eece7ef', '10:00', 'Liberty', 'Irish Folk Dances / Vol.1', '1960'),
('c267ebde-b966-45a9-b417-593d78b6fe13', '73:08', 'Finlandia Records', 'Boundless Awakenings Highlights From The Innovator Series', '1998'),
('dee336ba-1b04-4460-92ca-1fd290b4e585', '65:15', 'Lebensfreude Records', 'Retrospektive 2017', '2017'),
('12bc06a5-dde8-445c-b86b-fd85fdccbdba', '25:00', 'World Record Club', 'Miss Show Business', '1961'),
('abf875b8-cc14-4a0f-a5db-2aa1a9a41233', '67:20', 'oterapro creative art records', 'Green Fair For Justice', '2019'),
('a45d2e78-1751-480d-8f79-ff3503e51f15', '07:19', 'Not On Label (Konstantin Unwohl Self-released)', 'Ich Würd Lieber Nicht', '2018'),
('768fce7e-aca5-4ec4-8c0f-7d87e1dc0e21', '21:33', 'Not On Label', 'Brak', '2013'),
('8c60b3fa-6d0f-4636-a513-5ba49466385a', '37:17', 'Carosello', 'Cosa Succede In Città', '2018'),
('4181712c-adb7-4bab-b405-367db4490a0d', '27:30', 'Snappy Little Numbers', 'We Could Be.', '2020'),
('059be853-1a92-454d-a908-6201ca75fb0e', '03:19', 'Not On Label', 'Audio Songs For Listening Ears', '2013'),
('1898f4e3-be4e-40c8-82d5-bf22a9cd4ddd', '27:30', 'Ode Records (2)', 'Spirit', '1968'),
('9ab12c94-43f6-4a90-97ad-31edd461ee08', '67:35', 'Not On Label (Vidna Obmana Self-released)', 'Echoing Delight', '2019'),
('9fc387e5-d099-4e7e-aa8a-d6b84768a663', '46:40', 'Overtone', 'Marcel Dupré playing the Cavaillé-Coll organ of Saint-Sulpice, Paris - Volume I', '1955'),
('a5169fbc-439f-4c0c-9071-da7f22d6033b', '27:30', 'Circus Records', 'Songs To No One 1991-1992', '2002'),
('a0e16482-3483-46a8-a48d-ea080b442e44', '77:41', 'DJ Seven Productions', 'Mascara House Sensation Vol. I', '2005'),
('c866c896-850c-4e51-a3bb-a35a43959768', '05:00', 'Columbia', 'Le Dimanche Matin / Oranges, Tabac, Café', '1956'),
('66756993-f992-4757-a5bc-590628b21f73', '48:54', 'Rubicon Music', 'Forward Into The Past', '2020'),
('551bfff0-31eb-485b-9583-aa41810ca5eb', '40:00', 'Strakers Records', 'Cropover Soca Gold 98', '1998'),
('9d6abbfb-556d-4ae7-95c0-bef49b9016bd', '05:16', 'Metronome', 'The Unknown Soldier / We Could Be So Good Together', '1968'),
('b63cfad3-79e6-452e-b0e3-99adcbe2bd75', '35:00', 'Not On Label', 'Centurion', '2009'),
('82501928-b1ae-485c-b9e1-a6294b13b7bb', '02:30', 'Ah-Qui Production', '83z', '2007'),
('d3091dca-0d20-4e56-9b80-961340492a66', '05:00', 'Gennett', 'Irish Polka / Medley Of Irish Reels', '1923'),
('5a6c1c44-4f53-4cc8-8a4c-a502cda93c6f', '67:10', 'Not On Label', 'The Fifteenth', '1999'),
('3888680c-1cae-4c75-99c1-6b3a6ee0d13b', '45:45', 'Мелодия', 'Владимир Новиков', '1990'),
('4765108f-48bb-4444-a165-1edb67227bfc', '05:00', 'His Masters Voice', 'La Paloma / Destiny', '1930'),
('67c17f4e-2960-4e04-a51d-17a43ae4ab0c', '15:00', 'Death Culture Tapes', 'Wasteland', '2014'),
('a29e1aff-9df8-4d29-9177-908412febff9', '05:00', 'IG', 'Anger Means / Proven Hollow', '1987'),
('4bf332da-c515-43f9-9dc1-b58059d9571f', '25:00', 'Sub Pop', 'Loma', '2018'),
('a7725b3d-d936-41ed-940d-a6fff79aa0d2', '56:25', 'Victor', 'Hino At Berlin Jazz Festival 71', '1971'),
('23cdc89a-8c0b-492e-95bc-927e7194fc8f', '35:00', 'Astormedia', 'Christmas Entertainer', '2005'),
('013db7d0-42e2-48f1-a58e-57d7f7165c37', '03:43', 'Not On Label (Ayane Fukumi Self-released)', 'I Fucking Love Nichijou!!!', '2019'),
('10597797-b969-4b89-84c1-fb117699b883', '18:32', 'Not On Label (D_rradio Self-released)', 'Andalucia', '2017'),
('20646e42-dc4f-441f-af21-6734ac545f2a', '44:33', 'Roland', 'Electronic Musical Instruments', '1994'),
('f6cfc149-13dd-444e-86dc-7b7870a0a4ae', '22:30', 'Flenser Records', 'No Moon', '2020'),
('c8c2ece8-593a-4259-8d88-be2e3ace09cf', '03:12', 'Monstercat', 'Stop Pretending', '2021'),
('ab93f303-a664-42d9-961b-8c4a60aee587', '177:00', 'Hörbuch Hamburg', 'Wenn Der Wind Singt', '2015'),
('fe2ca070-6055-4afb-8b43-f570e8a4d5fa', '10:37', 'Barclay', 'Vendredi Mobsède ', '1967'),
('8488b038-3781-41de-a71c-855f8a0118bb', '37:30', 'Green Hill', 'Far Out 70s Hits', '2014'),
('d4be53f6-30f8-476c-9b6d-89ceed5b7427', '06:25', 'HBR Red', 'Give Me My Drugs', '2021'),
('2a251806-130f-4b98-b41c-7f9c5d4cb9c6', '04:26', 'Not On Label', 'Shattered', '2019'),
('0bd6d231-59b3-476e-bf9b-94d67e984a7c', '27:30', 'Columbia', 'Tribù urbana', '2021'),
('b271d088-e479-4417-92e1-2fd8baa16e3b', '33:29', 'A&M Records', 'The Lords Prayer', '1974'),
('3cb28446-9efa-4bc3-a58b-73ecb6301b5a', '54:39', 'I Luv Money Records', 'King Of Kingz', '2001'),
('3700664f-6a82-4574-af6a-2bbca3506f5c', '28:30', 'Wool Productions', 'Carol', '1985'),
('5f94c949-8c3f-4572-a1f4-7a3f97ccdc08', '81:12', 'RCA', 'Dave Stewart And The Spiritual Cowboys', '1990'),
('981395db-e10c-472a-9e25-9d33422c03ee', '58:20', 'CMC Home Entertainment', 'The Hits Collection', '1996'),
('1bd22606-c986-423e-86d8-daea2acd87d2', '16:17', 'Yellow Sunshine Explosion', 'Prayer', '2021'),
('61d9fd78-754a-40b6-8d07-a9900e60a3f0', '52:30', 'Reversing Recordings', 'Shards 1977-1983', '2005'),
('ecbbb080-21a7-4fc8-9338-93bc03e1425b', '03:18', 'Four Music', 'Musketiere', '2021'),
('6d10f26a-8fc5-4135-9a3d-b6b7f6b22004', '25:00', 'Not On Label', 'Selah', '2017'),
('1c910198-b9bc-4f49-8c03-5cb553e79cce', '71:47', 'EM Records', '電脳的反抗と絶頂: エッセンシャル・ヘンリー川原 Cybernetic Defiance And Orgasm: The Essential Henry Kawahara', '2021'),
('1e04cf3f-7ac8-4dd6-8a04-17db02df8b39', '15:24', 'AFM Records', 'Arising', '2021'),
('32909434-d9c9-40f7-9eaf-b15d67581f65', '34:51', 'Not On Label (Ventolin (3) Self-released)', 'Dneska se vyčasilo', '2021'),
('8ead4eb9-bdd7-42f4-9327-711006100845', '05:00', 'Brewtown Records', 'Memories Of A Dream', '1972'),
('5d53cdd3-dc9e-4837-bcb0-a821454f708f', '06:14', '2017', 'Return', '2017'),
('a3db1521-3bfb-4c37-8cc1-2f9652bce392', '60:00', 'Ultrapop', 'Radio-Service-CD', '1995'),
('c9002dcf-d3a5-40a1-b875-2b9842be61b1', '45:25', 'Atlantic', 'Marc Cohn', '1998'),
('3211c570-e9b1-40ab-9be2-8d0845aeba20', '05:00', 'Aspect', 'Style Wars', '1998'),
('f1ece506-ff94-4407-84b7-8fd5b5572e51', '72:06', 'Lupus Lounge', 'Zău', '2021'),
('9133a945-c990-4e9b-8c7a-44655da1a3dd', '39:05', 'Razor & Tie', 'The Fall Of Ideals', '2006'),
('56a322cd-04fb-41d8-b59d-7291b8372cd6', '05:00', 'Orange Mountain Music', 'Philip Glass - Songs', '2021'),
('171d30fa-d12b-4dd9-b054-43c689136969', '127:45', 'A&M Records', 'Night And Day', '2003'),
('1c97f037-3dfb-40b6-9157-b70509a7ae5a', '10:00', 'Eastworld', '最高の一日 ～One Day～', '1988'),
('386b6690-3b5f-4658-87a7-28c2cf883557', '37:30', 'Not On Label (James Mosley (3) Self-released)', 'Everlasting Love', '2011'),
('3c5f07d1-476f-4ca6-8d2f-a18ae05d3025', '31:20', 'Before Breakfast', 'I Could Be Asleep If It Werent For You', '2022'),
('4b5ddfee-63ad-4bd3-94ed-c143a2883316', '80:34', 'Radio Bongo', 'Á Annan Veg', '2021'),
('4f8288b8-7259-412a-8597-67405b32ad44', '12:30', 'AV8 Records', 'How Many Times (Remarkable) / Get Fresh (Do The Beat Box)', '2004'),
('4d2e06be-9549-4344-9e82-add25d91b1a5', '09:50', 'Extrema Global Music', 'Desolation (Exolight Remix)', '2022'),
('34f3da37-752d-44cc-b4a5-d683fc92c0ec', '07:30', 'Hispavox', 'Obras para piano Vol.7', '1959'),
('56539769-0e54-49c8-be4b-e814af9af6fe', '33:55', 'Transcending Obscurity Records', 'In Extremis ', '2021'),
('dee7eb33-f9b9-4aba-94c7-8558d0c1afda', '35:00', 'Abril Music', 'Live At The Cavern Club!', '2001'),
('5be0f3b3-b025-4394-a408-f482334a221e', '34:47', 'Not On Label (Bier Shunt Self-released)', 'Bier Shunt', '2022');

insert into product_genre (product_productid, genre) values
('38979ec5-cf59-4677-a1fb-d5baf2c5a9ee', 'Electronic'),
('616817c0-4bd4-4f48-a724-fb3495a92381', 'Electronic'),
('ec4fbae2-1fc3-4179-b95f-9b9d03c6e4e7', 'Electronic'),
('a40bf348-1a37-4504-9222-0ae56832eb5d', 'Electronic'),
('b2cfffbe-37ce-43f1-90b0-cb391fa38939', 'Electronic'),
('e86dd2cc-cf84-4486-ae01-048937d9aff3', 'Electronic'),
('f5ba3e3c-e527-4061-be50-7cff5cc24153', 'Hip Hop'),
('48ec0fe9-55c7-4b5c-9373-32cac896ba51', 'Electronic'),
('fb06b946-3713-40f9-bee4-6eb781189c28', 'Electronic'),
('9cd81e24-04e7-4541-9162-1e619e33a35b', 'Electronic'),
('9437acde-4fa5-44bb-a281-07e9fa912bd1', 'Electronic'),
('4a474e8f-c4e4-4361-b30c-bccf93a245f0', 'Electronic'),
('a5950a70-706c-4efa-acc4-2aa4c8c41336', 'Electronic'),
('e06154ec-604f-410c-947b-b2520f4da36a', 'Electronic'),
('ce8f90d2-b0e8-4899-99e6-a2fe24302e77', 'Electronic'),
('e9a217ea-fc1e-491c-82bc-c5c596f96238', 'Electronic'),
('e9a217ea-fc1e-491c-82bc-c5c596f96238', 'Rock'),
('e9a217ea-fc1e-491c-82bc-c5c596f96238', 'Non-Music'),
('e9a217ea-fc1e-491c-82bc-c5c596f96238', 'Pop'),
('872c08aa-aa49-403d-aba8-9850c9e0a5b5', 'Rock'),
('06c5ef4a-58f3-455e-845a-0213e8dc90a6', 'Electronic'),
('06c5ef4a-58f3-455e-845a-0213e8dc90a6', 'Rock'),
('279e8b05-a309-496d-be88-4c806dd017b7', 'Electronic'),
('2a09a342-2e43-49a4-a1c8-b6dfdbb30995', 'Rock'),
('f089ecbe-7572-478d-af34-82f6dde73ad5', 'Electronic'),
('8903750f-39b5-49a9-884e-545993f7dfba', 'Hip Hop'),
('09141c6c-5951-43ef-80b6-f320a2eedc1c', 'Electronic'),
('09141c6c-5951-43ef-80b6-f320a2eedc1c', 'Rock'),
('523f6144-f32b-485c-b3d6-ec4d123e6a27', 'Rock'),
('e9d9c88d-37aa-4d43-add4-d424eb64b968', 'Rock'),
('af332384-099d-459f-a9b9-20c9de7527c3', 'Rock'),
('af332384-099d-459f-a9b9-20c9de7527c3', 'Blues'),
('2336f1ca-a643-4479-b32c-c34daf782093', 'Pop'),
('c799a4b2-7c3a-4944-8e04-5fc4ea9b8590', 'Rock'),
('cccd0746-7d34-464e-955f-9bebe6847fde', 'Electronic'),
('136192fa-8a37-42c0-aaa3-2ca42bc4ae6a', 'Hip Hop'),
('c4a1a626-6f4d-457c-8f07-adfad6da9ff3', 'Rock'),
('2d4d2474-08d4-40cf-a416-15577ecf5466', 'Rock'),
('ad9e4b64-b24d-4c4e-a28f-a2c99215164a', 'Electronic'),
('ad9e4b64-b24d-4c4e-a28f-a2c99215164a', 'Rock'),
('a7e46096-a4a9-443d-9e3b-7217c6bdfd1b', 'Rock'),
('a7e46096-a4a9-443d-9e3b-7217c6bdfd1b', 'Pop'),
('83ffa557-959b-417e-a99d-e61105738e64', 'Electronic'),
('d4e0f410-06fc-4e37-8fd3-b0c5c611764e', 'Rock'),
('7e410355-4570-460c-9568-bca63453c593', 'Electronic'),
('c7b6791e-5cfd-4459-923e-57cd0cc7d86d', 'Electronic'),
('b00e139d-2fd1-4913-95f7-b0c7de8c6bf3', 'Rock'),
('2a0c49fc-08a3-4bd1-8990-bec226706aba', 'Electronic'),
('a717551e-400f-4950-adc9-20c3d4752ed6', 'Rock'),
('347c0f29-470a-49bc-be40-f91b681de1f3', 'Electronic'),
('2262573c-b732-46de-8f71-e5a4b731fc96', 'Pop'),
('67b46f8e-6635-4c8e-91a0-5914902d6861', 'Jazz'),
('67b46f8e-6635-4c8e-91a0-5914902d6861', 'Rock'),
('67b46f8e-6635-4c8e-91a0-5914902d6861', 'Classical'),
('67b46f8e-6635-4c8e-91a0-5914902d6861', 'Stage & Screen'),
('fd21850a-747d-478e-8c7e-fbab2b5c2a9a', 'Electronic'),
('fd21850a-747d-478e-8c7e-fbab2b5c2a9a', 'Rock'),
('fd21850a-747d-478e-8c7e-fbab2b5c2a9a', 'Classical'),
('fd21850a-747d-478e-8c7e-fbab2b5c2a9a', 'Folk, World, & Country'),
('3eadb3c9-6c3d-45fd-ad8c-ac15b82f14fe', 'Rock'),
('16d55e44-0d24-45e5-b0a3-8237b29a3a17', 'Electronic'),
('9bc59697-7c09-4d21-b8d3-7b765f4039a6', 'Folk, World, & Country'),
('a1a72105-06ad-4777-b0bf-a5db46df7026', 'Reggae'),
('8d8e309f-2439-4f22-b4d6-fdd9e9d6c1b2', 'Rock'),
('d8d96054-ae60-4284-90a7-2050fda32823', 'Folk, World, & Country'),
('a01a9325-3d27-4f2e-851a-41a9597aa87f', 'Hip Hop'),
('52a957a1-beb8-4224-82b2-aade816832cc', 'Electronic'),
('81eed66f-1432-425b-9fd6-811e5b31ece3', 'Rock'),
('500defbb-196b-41b9-b502-26a3ff59077e', 'Hip Hop'),
('495f4435-7b6d-4b83-82a0-8fcba6b17ecf', 'Rock'),
('495f4435-7b6d-4b83-82a0-8fcba6b17ecf', 'Pop'),
('daa6dd15-52c8-432a-b0a6-d7f86206aa41', 'Hip Hop'),
('daa6dd15-52c8-432a-b0a6-d7f86206aa41', 'Funk / Soul'),
('87ba7f93-b9bd-4154-b59d-d50bc1c55f81', 'Pop'),
('277c5868-8e78-4490-bb62-23713a5d7483', 'Rock'),
('5d3de218-b8ff-4148-abaf-f282955dacc9', 'Jazz'),
('5d3de218-b8ff-4148-abaf-f282955dacc9', 'Funk / Soul'),
('3174bdb3-c345-4e4e-81d9-c0899101845b', 'Jazz'),
('3174bdb3-c345-4e4e-81d9-c0899101845b', 'Funk / Soul'),
('3174bdb3-c345-4e4e-81d9-c0899101845b', 'Pop'),
('0a5aa1fb-66c9-4811-a9ac-c2b73879613b', 'Electronic'),
('9940a253-ff38-4e45-942b-78a434331e1d', 'Hip Hop'),
('57c19025-70bf-444b-b63a-b99f075361e6', 'Rock'),
('0a15fa08-cd6a-41ab-9d2a-5e2eda2aa7e4', 'Pop'),
('0a15fa08-cd6a-41ab-9d2a-5e2eda2aa7e4', 'Folk, World, & Country'),
('2ca5360d-fd8b-4fd5-ae38-17e83d5cdda6', 'Rock'),
('7b175f88-6cf8-48d0-8b29-22a629507ac5', 'Rock'),
('754d400d-7931-44c9-acf0-54792ee50e73', 'Rock'),
('ffabb808-b62e-4cc7-b5ce-709389f88b37', 'Electronic'),
('de505696-cb97-421b-8dfa-92366af2cedd', 'Electronic'),
('457042d5-8b5e-4b44-97a3-6579ef4ce1c9', 'Rock'),
('8917174f-c562-443e-b633-6e97e8fae932', 'Funk / Soul'),
('449cbfa2-d007-41a5-9dcf-94e4784bb904', 'Pop'),
('1c2663c3-8c10-4781-b62e-5a8bbb135e54', 'Rock'),
('1c2663c3-8c10-4781-b62e-5a8bbb135e54', 'Pop'),
('3e435ac6-f9e0-4932-9244-6449d84a49e0', 'Rock'),
('0e9382e8-4680-47e3-848a-5d90a18ea9b2', 'Rock'),
('6e3a18c7-1047-42d8-9344-2601c91e82f2', 'Rock'),
('1f474169-b67d-4522-84f8-b87fdc46313b', 'Electronic'),
('5f6057f3-2c9c-484e-877e-78bcdcbeb50b', 'Electronic'),
('5f6057f3-2c9c-484e-877e-78bcdcbeb50b', 'Rock'),
('a33edcb6-1732-4d6b-8a76-d3aea9699391', 'Stage & Screen'),
('20596847-e7cd-44c9-bd2c-13df09bdbcdc', 'Jazz'),
('f1efa4c7-03fd-41b7-b394-7eee9b97526b', 'Funk / Soul'),
('9d23ca74-12db-414a-a6fa-fc650bdca8e1', 'Rock'),
('04d0a240-5a38-4031-af71-4a9b5789a5e1', 'Reggae'),
('c4096606-98dd-4e46-9a65-158b123d2310', 'Rock'),
('c4096606-98dd-4e46-9a65-158b123d2310', 'Folk, World, & Country'),
('5791df94-d573-46f7-b5f0-a17c0a20ee0c', 'Electronic'),
('a1c034c3-0c39-422b-be7a-2affe420fcd5', 'Pop'),
('2f340fc8-905c-4694-949e-e0be03965963', 'Rock'),
('392320e9-365c-4f3e-b9a8-6134801b7128', 'Funk / Soul'),
('5dbce0b9-4455-42d8-82af-5ac53db39564', 'Electronic'),
('d3ac92ba-bf5a-44df-af4c-69f8784ba320', 'Pop'),
('2006622a-ccb4-4256-9718-692df99a2557', 'Folk, World, & Country'),
('c86b16a4-07bd-402a-b94e-25770bafbb56', 'Pop'),
('ad867f22-1b58-4fd9-8f4b-ca9210856cdd', 'Electronic'),
('ad867f22-1b58-4fd9-8f4b-ca9210856cdd', 'Pop'),
('c7ea850f-5cfe-475d-b48f-c2420d8f7600', 'Rock'),
('740c05e4-7cf8-414c-8248-347f761eb594', 'Hip Hop'),
('2c5a4a77-7304-4231-a3c3-c1d600e853e2', 'Rock'),
('e3b69620-105b-4aaf-889f-f14b06f76b40', 'Rock'),
('08fbf1ec-c840-4518-87eb-eedd1a373644', 'Latin'),
('08fbf1ec-c840-4518-87eb-eedd1a373644', 'Pop'),
('b749093a-a3ef-4752-9bd4-9e51f639d674', 'Electronic'),
('e7c67a52-f46c-4ba3-8cf6-dedf99cacb02', 'Rock'),
('1bb84701-b70f-4f06-a5f9-1e49926ee9d7', 'Electronic'),
('a07dc1a0-2da6-4e6f-b8fc-b526a8690482', 'Electronic'),
('d6dd71c5-a3cb-42c2-8cc0-69fa55532de8', 'Pop'),
('c1c0568b-9010-425c-8eb9-6811e582fd07', 'Funk / Soul'),
('9925a3f9-1eba-4394-a5b6-7f4eec55944d', 'Electronic'),
('0ef8e5a2-7a17-48e9-bd1a-fc30d53819a0', 'Folk, World, & Country'),
('10b699f7-0c18-4e3c-b2b7-28bb15d0d144', 'Folk, World, & Country'),
('a09ef4a7-c539-4a13-b2ba-bce45621cf0b', 'Electronic'),
('a09ef4a7-c539-4a13-b2ba-bce45621cf0b', 'Folk, World, & Country'),
('743104da-38ff-45f7-a50a-9868ef7f50d5', 'Folk, World, & Country'),
('4ce3255e-7b2e-4ebd-8ced-1def84e5f7b0', 'Funk / Soul'),
('e230ed10-1ec7-4b37-9f8e-1356fa563a0e', 'Electronic'),
('e230ed10-1ec7-4b37-9f8e-1356fa563a0e', 'Rock'),
('e2ed0bd7-6ba0-460d-a887-62be704aff9d', 'Electronic'),
('6f69e952-df82-4760-9ba5-b97d12890488', 'Rock'),
('0086daae-3e97-445e-8abe-4a9e5d9db0c8', 'Rock'),
('04a38d25-92ac-4649-ac16-346c6c657750', 'Electronic'),
('dd90736e-38c4-41dd-ac8c-cb34824cca33', 'Pop'),
('c9427fb5-a26a-4893-aaeb-6de75773c260', 'Rock'),
('493c3688-bf4c-4374-9f2f-38e154d48adc', 'Jazz'),
('493c3688-bf4c-4374-9f2f-38e154d48adc', 'Rock'),
('493c3688-bf4c-4374-9f2f-38e154d48adc', 'Blues'),
('493c3688-bf4c-4374-9f2f-38e154d48adc', 'Folk, World, & Country'),
('c1d56a2f-6e11-4cae-90b5-7d2126098003', 'Folk, World, & Country'),
('47c8fa69-cb76-445d-a6b5-83ddb5ce2c08', 'Reggae'),
('917caf14-1f1f-415f-8ea3-fc6d7bc0edf0', 'Rock'),
('b68a43c9-2159-4eb9-b319-baa0710d25c6', 'Childrens'),
('fdce8c53-e790-439f-8f16-eb7975fbdd36', 'Rock'),
('1283881b-16c7-4024-a7dd-58786b767779', 'Rock'),
('6791b414-9644-4c9b-a956-de8ccbbcffee', 'Electronic'),
('6791b414-9644-4c9b-a956-de8ccbbcffee', 'Rock'),
('a3c76561-9e3e-429c-9d34-944c83dedb7d', 'Pop'),
('968b07a5-f47a-4db9-a7cd-a8d2254eaa68', 'Rock'),
('c026e89a-78f7-4426-be3c-94ab98f5e0f5', 'Electronic'),
('c026e89a-78f7-4426-be3c-94ab98f5e0f5', 'Latin'),
('c026e89a-78f7-4426-be3c-94ab98f5e0f5', 'Pop'),
('c026e89a-78f7-4426-be3c-94ab98f5e0f5', 'Folk, World, & Country'),
('0df1c4d2-4b92-4c3b-91d3-68a9b9778379', 'Pop'),
('8a79f1da-6c37-4d27-952b-e4b28bb30374', 'Rock'),
('eff6ec1a-9306-428c-9dc8-12937b7c684c', 'Rock'),
('564fe957-ddf1-414b-93fc-c9c7de036b7a', 'Rock'),
('5ed6a6d8-689e-4e69-9f17-1a7f5050af42', 'Pop'),
('991ec892-b949-4819-9c06-52a9bad41861', 'Folk, World, & Country'),
('d5e69c4f-b909-45df-b77d-282275dfd500', 'Latin'),
('d5e69c4f-b909-45df-b77d-282275dfd500', 'Folk, World, & Country'),
('d22bc15b-7e9d-4464-8e15-6d7777d903bc', 'Non-Music'),
('713120dc-5ac1-401a-9b08-1d235c3b2ad3', 'Rock'),
('f86da700-7762-4cb7-ad44-96ffc06e9270', 'Electronic'),
('f86da700-7762-4cb7-ad44-96ffc06e9270', 'Rock'),
('727454d4-15dc-482a-96cd-72e4e81ce30d', 'Pop'),
('269d4874-fa0b-4c80-a918-4a8ac4e1b642', 'Electronic'),
('63ac24f0-1eba-42ed-b6b8-95382d41ed40', 'Electronic'),
('fbbae207-009f-4bf9-a76d-e60720c7c1ce', 'Blues'),
('0a227564-d9bc-44c1-9be3-e144e622e604', 'Electronic'),
('9fa60178-3f92-47d6-8b96-1d54a25d79d1', 'Rock'),
('6078c623-0f9a-4977-8329-0135cba150aa', 'Rock'),
('c63cec21-dde5-40f8-bdf1-8d22c97e8a8c', 'Latin'),
('c63cec21-dde5-40f8-bdf1-8d22c97e8a8c', 'Folk, World, & Country'),
('fcc2aeb6-86dc-4082-809f-7c3991b237a7', 'Electronic'),
('803bee33-c475-4bbe-8125-3b92052a5386', 'Rock'),
('943d0a39-5fc7-4856-8e61-9213383f27ae', 'Jazz'),
('abb258b1-72ae-4587-8a07-e2627003d458', 'Electronic'),
('73467153-39aa-4d26-ad49-95094dc5d21b', 'Electronic'),
('b59a4e0f-daa5-4bb1-91b9-20fc7f5a9318', 'Folk, World, & Country'),
('b747b75c-fa5c-45df-9a11-06440ee29d76', 'Rock'),
('56e4b1dd-8efe-4133-9435-43e72afe17a2', 'Pop'),
('c2bc97dc-938d-42f5-90ea-9037ad552120', 'Rock'),
('4ba0eb63-971d-448b-a845-4df27c5e876f', 'Pop'),
('0d284404-c1d3-454c-b386-72cfb8c04ecf', 'Rock'),
('829427b6-b6df-4d4a-96f4-7a9d88124a5f', 'Electronic'),
('829427b6-b6df-4d4a-96f4-7a9d88124a5f', 'Rock'),
('829427b6-b6df-4d4a-96f4-7a9d88124a5f', 'Funk / Soul'),
('2da9fec5-1cde-40ad-96a7-71863d5c4fa0', 'Classical'),
('d7754530-9452-45e3-b0ec-5ab13728561c', 'Classical'),
('d7754530-9452-45e3-b0ec-5ab13728561c', 'Brass & Military'),
('d7754530-9452-45e3-b0ec-5ab13728561c', 'Stage & Screen'),
('d18f49e9-8c92-4510-92a6-f55eb76c9dd8', 'Folk, World, & Country'),
('f521d2b9-e31b-43a3-bdb8-6c2e20c1949a', 'Classical'),
('4c7becb8-6e70-4641-9757-b8610424db8d', 'Pop'),
('1d839ee0-4ee7-45dd-92c2-4c71bfb1fb06', 'Rock'),
('848e336c-ea61-4ae1-9c63-57f41be1f148', 'Pop'),
('e504d5f1-421b-475a-9b35-7ddcae444454', 'Rock'),
('18f4094c-58d2-4e63-970f-bfa56ca88765', 'Classical'),
('557efd3c-25ec-45e8-9b5c-c718ecaf6520', 'Rock'),
('76a10a67-9373-41d5-8a3a-e0ca2a6b1180', 'Latin'),
('76a10a67-9373-41d5-8a3a-e0ca2a6b1180', 'Non-Music'),
('76a10a67-9373-41d5-8a3a-e0ca2a6b1180', 'Brass & Military'),
('fcf6edc2-abc0-4aba-ac8a-68209c422be0', 'Hip Hop'),
('88e53b1b-2574-45fc-8793-05c23ef62b9f', 'Classical'),
('564f838a-e657-4081-b4e3-ca14a10382d8', 'Rock'),
('87571be1-cb1c-411d-baff-7f435b781dc7', 'Folk, World, & Country'),
('dd2cdf9b-8e61-4f5b-ae5e-8ca7249ed385', 'Electronic'),
('1fb1089a-0e2d-4c0a-9ec3-51c6ea145413', 'Rock'),
('1fb1089a-0e2d-4c0a-9ec3-51c6ea145413', 'Pop'),
('bb52f6d9-2c2a-47b4-81b4-78b42146d8bf', 'Rock'),
('f4957ecd-1ba1-4bd9-8330-dec9cb8ccb5e', 'Hip Hop'),
('f4957ecd-1ba1-4bd9-8330-dec9cb8ccb5e', 'Funk / Soul'),
('b2dbc020-16b3-4a60-a86f-311bfebe72bb', 'Jazz'),
('b2dbc020-16b3-4a60-a86f-311bfebe72bb', 'Pop'),
('2665fc25-9297-4e1a-9eae-8d0dff38c537', 'Rock'),
('f181c033-9236-4d3a-9870-a0d5038b0f5f', 'Pop'),
('f181c033-9236-4d3a-9870-a0d5038b0f5f', 'Folk, World, & Country'),
('594a05d4-2416-4f09-ba1c-8dadfd9e1863', 'Rock'),
('d2a852c3-0cae-47dc-8db6-51680fb45a88', 'Rock'),
('d2a852c3-0cae-47dc-8db6-51680fb45a88', 'Pop'),
('a28d49fe-1baf-4cca-a243-ff7b5bcfa3b1', 'Pop'),
('9a2835d7-adfd-4d63-9295-0b7af4042dab', 'Rock'),
('f5aaf502-bbc5-43d5-adb0-6a908c7ecf6b', 'Rock'),
('702f71f9-ae33-4a8d-b8ac-6c894e2416fc', 'Electronic'),
('4767fbf8-4664-48e6-a202-f435ae572a80', 'Rock'),
('06e71d07-b313-48fa-a49e-bdab306ac305', 'Folk, World, & Country'),
('18d7338f-d6d5-4b35-8af9-bf8161c2d9ac', 'Electronic'),
('b3e51473-8d72-4e8e-ae04-cd5e07450343', 'Latin'),
('d541a702-1ef6-49d5-a31d-99d9f3e469f2', 'Funk / Soul'),
('3feab082-53b4-4869-839a-6b376c5bf8f4', 'Pop'),
('2f93af3c-113c-4faf-a9be-50869f3148cb', 'Electronic'),
('a7c29fdb-59a5-4015-930d-deb3f68a0091', 'Hip Hop'),
('a7c29fdb-59a5-4015-930d-deb3f68a0091', 'Reggae'),
('37cba9f9-dd08-46b4-910b-25c142d980be', 'Reggae'),
('222cc354-67c0-49e8-9d6d-f8541cda72b8', 'Jazz'),
('65473fa6-0087-40f5-b006-6d9bf62165f4', 'Electronic'),
('65473fa6-0087-40f5-b006-6d9bf62165f4', 'Rock'),
('4343c3aa-8442-4837-bfce-a1e5260ba48f', 'Hip Hop'),
('4343c3aa-8442-4837-bfce-a1e5260ba48f', 'Jazz'),
('4343c3aa-8442-4837-bfce-a1e5260ba48f', 'Funk / Soul'),
('b6fc2548-e96a-4e4b-ab2c-c753db03174e', 'Jazz'),
('ab4c35f6-00e3-4c46-9f0b-cc40b7e15b28', 'Rock'),
('1132a3b4-8c80-4fc2-acfa-1173adb0fe57', 'Pop'),
('a50b7f73-73ae-43b0-b3e5-3e312e01031e', 'Pop'),
('1e235ce0-9725-49f7-b712-424861c6f084', 'Jazz'),
('fe39b5ce-ac50-4ceb-84f2-292bdd14d74e', 'Pop'),
('c127261e-cf0d-451d-9d52-8d5113b93040', 'Electronic'),
('3dc94c7c-0350-4477-91e9-5d8a2225162d', 'Rock'),
('3dc94c7c-0350-4477-91e9-5d8a2225162d', 'Pop'),
('a23829cc-0816-4da7-bc86-e132d3733f56', 'Electronic'),
('a78b9fde-9f84-4739-9012-55558c6200bf', 'Funk / Soul'),
('a78b9fde-9f84-4739-9012-55558c6200bf', 'Folk, World, & Country'),
('8fe553d0-4e1d-499b-8791-56e631521f15', 'Classical'),
('681a92b6-0412-4176-a390-1fbfe1aa2786', 'Classical'),
('4e0a1a89-26e0-40c8-a7a2-a6d0cb12346a', 'Latin'),
('013ce782-1537-4a7a-ae23-b472a85351fa', 'Jazz'),
('7f852b36-0397-46da-8045-e90463ff65d3', 'Electronic'),
('b37f3179-049e-4a23-a7db-68b28fbcb087', 'Rock'),
('edf8765b-236f-48fd-b5b9-56801cd40326', 'Pop'),
('f1ed8fe2-dbb8-402b-b69f-6e8b1ff6abc3', 'Jazz'),
('223649ff-613b-4c54-812d-e79097ef42ef', 'Jazz'),
('223649ff-613b-4c54-812d-e79097ef42ef', 'Latin'),
('47c5dfdd-39ee-4f0a-a934-abd65d7b87fe', 'Jazz'),
('65daa839-8c4c-43af-b73f-820112315b59', 'Classical'),
('76cab45f-e42a-4c59-854f-a87ad73027a6', 'Electronic'),
('6574532d-d3b2-4fb2-9116-d8cd6e62ad91', 'Pop'),
('30e0eccd-2f8d-4860-9a61-95e999a0eaad', 'Brass & Military'),
('d32c1b6c-9db3-4c1f-97b5-135eb5a19c12', 'Electronic'),
('70ad4335-27eb-4537-ae71-cb946b69067c', 'Funk / Soul'),
('044375fc-d365-47a6-95b5-57c5043dcf61', 'Electronic'),
('10f199b2-6989-42dd-ac74-a1b1dd82a77e', 'Latin'),
('10f199b2-6989-42dd-ac74-a1b1dd82a77e', 'Folk, World, & Country'),
('142ba046-639a-46b8-bf60-df569bda293a', 'Folk, World, & Country'),
('f4fdc855-c85b-4e41-834c-fb128a96262e', 'Jazz'),
('add0509e-cbeb-4b61-b141-e890885dfeac', 'Pop'),
('9e3a29b2-064f-41ca-92d0-7083e5b72886', 'Rock'),
('1d29621b-4659-4496-bf2e-8c83f4893811', 'Rock'),
('c458891c-9589-4611-bee7-0bf21c639075', 'Latin'),
('77cea893-54a1-42e5-9f2c-5585ecc1f1ef', 'Electronic'),
('a851b454-352c-410e-af6f-ff3253702f37', 'Funk / Soul'),
('3d02ad05-2092-4160-a7bb-a2a0df20c0d6', 'Latin'),
('3d02ad05-2092-4160-a7bb-a2a0df20c0d6', 'Folk, World, & Country'),
('8e968e37-3ad9-4948-b7af-1244aeab2796', 'Funk / Soul'),
('d8d05dbb-6511-4119-a2db-6f264e5ab236', 'Reggae'),
('f54d482f-135f-40a3-bed1-87a76fb11b5c', 'Rock'),
('c5e29eb4-7014-4593-8e71-01f9e34b058e', 'Rock'),
('3608bc28-62e3-4038-a75c-90226e396830', 'Electronic'),
('0cf3db8a-e869-4235-9076-e1f3f2c896c2', 'Latin'),
('0cf3db8a-e869-4235-9076-e1f3f2c896c2', 'Folk, World, & Country'),
('b883f4f9-7d2f-422d-b9b1-4e77a19da0bf', 'Folk, World, & Country'),
('02edf5d8-0c77-4d38-a2aa-f192c5dc39f2', 'Electronic'),
('02edf5d8-0c77-4d38-a2aa-f192c5dc39f2', 'Stage & Screen'),
('5700c0fb-5fca-4752-ab5a-c680e4a3f7f4', 'Rock'),
('5700c0fb-5fca-4752-ab5a-c680e4a3f7f4', 'Blues'),
('5700c0fb-5fca-4752-ab5a-c680e4a3f7f4', 'Pop'),
('b0ef1475-6f7a-4f45-9f52-5d028eece7ef', 'Folk, World, & Country'),
('c267ebde-b966-45a9-b417-593d78b6fe13', 'Folk, World, & Country'),
('dee336ba-1b04-4460-92ca-1fd290b4e585', 'Electronic'),
('12bc06a5-dde8-445c-b86b-fd85fdccbdba', 'Jazz'),
('12bc06a5-dde8-445c-b86b-fd85fdccbdba', 'Stage & Screen'),
('abf875b8-cc14-4a0f-a5db-2aa1a9a41233', 'Electronic'),
('abf875b8-cc14-4a0f-a5db-2aa1a9a41233', 'Rock'),
('abf875b8-cc14-4a0f-a5db-2aa1a9a41233', 'Funk / Soul'),
('abf875b8-cc14-4a0f-a5db-2aa1a9a41233', 'Pop'),
('a45d2e78-1751-480d-8f79-ff3503e51f15', 'Electronic'),
('a45d2e78-1751-480d-8f79-ff3503e51f15', 'Rock'),
('768fce7e-aca5-4ec4-8c0f-7d87e1dc0e21', 'Rock'),
('8c60b3fa-6d0f-4636-a513-5ba49466385a', 'Rock'),
('4181712c-adb7-4bab-b405-367db4490a0d', 'Rock'),
('4181712c-adb7-4bab-b405-367db4490a0d', 'Folk, World, & Country'),
('059be853-1a92-454d-a908-6201ca75fb0e', 'Rock'),
('1898f4e3-be4e-40c8-82d5-bf22a9cd4ddd', 'Rock'),
('9ab12c94-43f6-4a90-97ad-31edd461ee08', 'Electronic'),
('9fc387e5-d099-4e7e-aa8a-d6b84768a663', 'Classical'),
('a5169fbc-439f-4c0c-9071-da7f22d6033b', 'Rock'),
('a0e16482-3483-46a8-a48d-ea080b442e44', 'Electronic'),
('c866c896-850c-4e51-a3bb-a35a43959768', 'Pop'),
('c866c896-850c-4e51-a3bb-a35a43959768', 'Stage & Screen'),
('66756993-f992-4757-a5bc-590628b21f73', 'Rock'),
('551bfff0-31eb-485b-9583-aa41810ca5eb', 'Folk, World, & Country'),
('9d6abbfb-556d-4ae7-95c0-bef49b9016bd', 'Rock'),
('b63cfad3-79e6-452e-b0e3-99adcbe2bd75', 'Rock'),
('82501928-b1ae-485c-b9e1-a6294b13b7bb', 'Hip Hop'),
('d3091dca-0d20-4e56-9b80-961340492a66', 'Folk, World, & Country'),
('5a6c1c44-4f53-4cc8-8a4c-a502cda93c6f', 'Classical'),
('5a6c1c44-4f53-4cc8-8a4c-a502cda93c6f', 'Folk, World, & Country'),
('3888680c-1cae-4c75-99c1-6b3a6ee0d13b', 'Classical'),
('4765108f-48bb-4444-a165-1edb67227bfc', 'Pop'),
('67c17f4e-2960-4e04-a51d-17a43ae4ab0c', 'Rock'),
('a29e1aff-9df8-4d29-9177-908412febff9', 'Rock'),
('4bf332da-c515-43f9-9dc1-b58059d9571f', 'Rock'),
('a7725b3d-d936-41ed-940d-a6fff79aa0d2', 'Jazz'),
('23cdc89a-8c0b-492e-95bc-927e7194fc8f', 'Folk, World, & Country'),
('013db7d0-42e2-48f1-a58e-57d7f7165c37', 'Electronic'),
('10597797-b969-4b89-84c1-fb117699b883', 'Electronic'),
('20646e42-dc4f-441f-af21-6734ac545f2a', 'Electronic'),
('f6cfc149-13dd-444e-86dc-7b7870a0a4ae', 'Electronic'),
('c8c2ece8-593a-4259-8d88-be2e3ace09cf', 'Electronic'),
('ab93f303-a664-42d9-961b-8c4a60aee587', 'Non-Music'),
('fe2ca070-6055-4afb-8b43-f570e8a4d5fa', 'Rock'),
('fe2ca070-6055-4afb-8b43-f570e8a4d5fa', 'Pop'),
('8488b038-3781-41de-a71c-855f8a0118bb', 'Pop'),
('d4be53f6-30f8-476c-9b6d-89ceed5b7427', 'Electronic'),
('2a251806-130f-4b98-b41c-7f9c5d4cb9c6', 'Rock'),
('0bd6d231-59b3-476e-bf9b-94d67e984a7c', 'Pop'),
('b271d088-e479-4417-92e1-2fd8baa16e3b', 'Rock'),
('b271d088-e479-4417-92e1-2fd8baa16e3b', 'Funk / Soul'),
('3cb28446-9efa-4bc3-a58b-73ecb6301b5a', 'Hip Hop'),
('3700664f-6a82-4574-af6a-2bbca3506f5c', 'Jazz'),
('5f94c949-8c3f-4572-a1f4-7a3f97ccdc08', 'Electronic'),
('5f94c949-8c3f-4572-a1f4-7a3f97ccdc08', 'Rock'),
('981395db-e10c-472a-9e25-9d33422c03ee', 'Pop'),
('981395db-e10c-472a-9e25-9d33422c03ee', 'Folk, World, & Country'),
('1bd22606-c986-423e-86d8-daea2acd87d2', 'Electronic'),
('61d9fd78-754a-40b6-8d07-a9900e60a3f0', 'Rock'),
('ecbbb080-21a7-4fc8-9338-93bc03e1425b', 'Pop'),
('6d10f26a-8fc5-4135-9a3d-b6b7f6b22004', 'Rock'),
('1c910198-b9bc-4f49-8c03-5cb553e79cce', 'Electronic'),
('1e04cf3f-7ac8-4dd6-8a04-17db02df8b39', 'Rock'),
('32909434-d9c9-40f7-9eaf-b15d67581f65', 'Electronic'),
('8ead4eb9-bdd7-42f4-9327-711006100845', 'Funk / Soul'),
('5d53cdd3-dc9e-4837-bcb0-a821454f708f', 'Electronic'),
('a3db1521-3bfb-4c37-8cc1-2f9652bce392', 'Non-Music'),
('c9002dcf-d3a5-40a1-b875-2b9842be61b1', 'Rock'),
('c9002dcf-d3a5-40a1-b875-2b9842be61b1', 'Funk / Soul'),
('c9002dcf-d3a5-40a1-b875-2b9842be61b1', 'Pop'),
('3211c570-e9b1-40ab-9be2-8d0845aeba20', 'Electronic'),
('f1ece506-ff94-4407-84b7-8fd5b5572e51', 'Rock'),
('9133a945-c990-4e9b-8c7a-44655da1a3dd', 'Rock'),
('56a322cd-04fb-41d8-b59d-7291b8372cd6', 'Classical'),
('171d30fa-d12b-4dd9-b054-43c689136969', 'Rock'),
('171d30fa-d12b-4dd9-b054-43c689136969', 'Pop'),
('1c97f037-3dfb-40b6-9157-b70509a7ae5a', 'Electronic'),
('1c97f037-3dfb-40b6-9157-b70509a7ae5a', 'Pop'),
('386b6690-3b5f-4658-87a7-28c2cf883557', 'Funk / Soul'),
('386b6690-3b5f-4658-87a7-28c2cf883557', 'Classical'),
('3c5f07d1-476f-4ca6-8d2f-a18ae05d3025', 'Pop'),
('3c5f07d1-476f-4ca6-8d2f-a18ae05d3025', 'Classical'),
('3c5f07d1-476f-4ca6-8d2f-a18ae05d3025', 'Folk, World, & Country'),
('4b5ddfee-63ad-4bd3-94ed-c143a2883316', 'Electronic'),
('4b5ddfee-63ad-4bd3-94ed-c143a2883316', 'Stage & Screen'),
('4f8288b8-7259-412a-8597-67405b32ad44', 'Hip Hop'),
('4d2e06be-9549-4344-9e82-add25d91b1a5', 'Electronic'),
('34f3da37-752d-44cc-b4a5-d683fc92c0ec', 'Classical'),
('56539769-0e54-49c8-be4b-e814af9af6fe', 'Rock'),
('dee7eb33-f9b9-4aba-94c7-8558d0c1afda', 'Rock'),
('5be0f3b3-b025-4394-a408-f482334a221e', 'Electronic'),
('5be0f3b3-b025-4394-a408-f482334a221e', 'Non-Music');

insert into product_songs (product_productid, duration, title) values
('38979ec5-cf59-4677-a1fb-d5baf2c5a9ee', '4:45', 'Östermalm'),
('38979ec5-cf59-4677-a1fb-d5baf2c5a9ee', '6:11', 'Vasastaden'),
('38979ec5-cf59-4677-a1fb-d5baf2c5a9ee', '2:49', 'Kungsholmen'),
('38979ec5-cf59-4677-a1fb-d5baf2c5a9ee', '5:38', 'Södermalm'),
('38979ec5-cf59-4677-a1fb-d5baf2c5a9ee', '4:52', 'Norrmalm'),
('38979ec5-cf59-4677-a1fb-d5baf2c5a9ee', '5:16', 'Gamla Stan'),
('616817c0-4bd4-4f48-a724-fb3495a92381', '2:30', 'Im Not So Selfish'),
('616817c0-4bd4-4f48-a724-fb3495a92381', '2:30', 'Bubbles'),
('616817c0-4bd4-4f48-a724-fb3495a92381', '2:30', 'T.E.C.H.N.I.D.'),
('616817c0-4bd4-4f48-a724-fb3495a92381', '2:30', 'Hiawa'),
('616817c0-4bd4-4f48-a724-fb3495a92381', '2:30', 'Release Your Self'),
('616817c0-4bd4-4f48-a724-fb3495a92381', '2:30', 'Sympathy For House'),
('ec4fbae2-1fc3-4179-b95f-9b9d03c6e4e7', '8:54', 'Honey (Chicane Club Mix)'),
('ec4fbae2-1fc3-4179-b95f-9b9d03c6e4e7', '6:17', 'Transcend (Moonman Trancendental Flight Mix)'),
('ec4fbae2-1fc3-4179-b95f-9b9d03c6e4e7', '7:35', 'Carlas Theme'),
('ec4fbae2-1fc3-4179-b95f-9b9d03c6e4e7', '8:39', 'Alpha 5 (Olmec Heads Remix)'),
('ec4fbae2-1fc3-4179-b95f-9b9d03c6e4e7', '8:51', 'Substance'),
('ec4fbae2-1fc3-4179-b95f-9b9d03c6e4e7', '7:25', 'Sundance (Moonman Remix)'),
('ec4fbae2-1fc3-4179-b95f-9b9d03c6e4e7', '6:24', 'Orange'),
('ec4fbae2-1fc3-4179-b95f-9b9d03c6e4e7', '5:44', '1,2,3,4 (Vincent De Moor Remix)'),
('ec4fbae2-1fc3-4179-b95f-9b9d03c6e4e7', '7:56', 'Rise Of Tonight (Sharp London Riot Mix)'),
('ec4fbae2-1fc3-4179-b95f-9b9d03c6e4e7', '7:22', 'Young Hearts Run Free (Spacedust Mix)'),
('ec4fbae2-1fc3-4179-b95f-9b9d03c6e4e7', '4:39', 'Boost Dem (Doolally Mix)'),
('a40bf348-1a37-4504-9222-0ae56832eb5d', '2:30', 'E.M.-Puls'),
('a40bf348-1a37-4504-9222-0ae56832eb5d', '2:30', 'Generator'),
('a40bf348-1a37-4504-9222-0ae56832eb5d', '2:30', 'Back To The Roots'),
('a40bf348-1a37-4504-9222-0ae56832eb5d', '2:30', 'Nightmare'),
('b2cfffbe-37ce-43f1-90b0-cb391fa38939', '2:30', 'Knife / Fork'),
('b2cfffbe-37ce-43f1-90b0-cb391fa38939', '2:30', 'King Of The Breaks'),
('b2cfffbe-37ce-43f1-90b0-cb391fa38939', '2:30', 'Grimm Loops'),
('b2cfffbe-37ce-43f1-90b0-cb391fa38939', '2:30', 'Different Beats'),
('b2cfffbe-37ce-43f1-90b0-cb391fa38939', '2:30', 'Cooley Bass'),
('b2cfffbe-37ce-43f1-90b0-cb391fa38939', '2:30', 'Public Energy'),
('b2cfffbe-37ce-43f1-90b0-cb391fa38939', '2:30', 'Superstar Loops'),
('b2cfffbe-37ce-43f1-90b0-cb391fa38939', '2:30', 'Sleng Teng'),
('e86dd2cc-cf84-4486-ae01-048937d9aff3', '2:30', 'Terminal Jungle'),
('e86dd2cc-cf84-4486-ae01-048937d9aff3', '2:30', 'Epilogue'),
('f5ba3e3c-e527-4061-be50-7cff5cc24153', '3:50', 'Saturday (Oooh! Ooooh!) (Clean Version)'),
('f5ba3e3c-e527-4061-be50-7cff5cc24153', '3:49', 'Saturday (Oooh! Ooooh!) (Instrumental)'),
('48ec0fe9-55c7-4b5c-9373-32cac896ba51', '5:10', 'You Cant Drum'),
('48ec0fe9-55c7-4b5c-9373-32cac896ba51', '5:01', 'Metaworld'),
('48ec0fe9-55c7-4b5c-9373-32cac896ba51', '5:28', 'Que Estas Mas Macho'),
('48ec0fe9-55c7-4b5c-9373-32cac896ba51', '5:29', 'Gimme Five'),
('48ec0fe9-55c7-4b5c-9373-32cac896ba51', '5:22', 'Ghost Of A Smile'),
('48ec0fe9-55c7-4b5c-9373-32cac896ba51', '6:06', 'Black Lodge'),
('48ec0fe9-55c7-4b5c-9373-32cac896ba51', '7:58', 'Rapanui (Eric, Can You Lend Me Your Island?)'),
('48ec0fe9-55c7-4b5c-9373-32cac896ba51', '4:47', 'Spinning Wheel'),
('48ec0fe9-55c7-4b5c-9373-32cac896ba51', '5:26', 'Life On A Chip'),
('48ec0fe9-55c7-4b5c-9373-32cac896ba51', '6:22', 'Glass Walls'),
('48ec0fe9-55c7-4b5c-9373-32cac896ba51', '4:09', 'My Generation'),
('fb06b946-3713-40f9-bee4-6eb781189c28', '2:30', 'Silvanovitch Power'),
('fb06b946-3713-40f9-bee4-6eb781189c28', '2:30', 'Rastagayou'),
('fb06b946-3713-40f9-bee4-6eb781189c28', '2:30', 'Troll'),
('fb06b946-3713-40f9-bee4-6eb781189c28', '2:30', 'Zbifar'),
('9cd81e24-04e7-4541-9162-1e619e33a35b', '2:30', 'See It!'),
('9cd81e24-04e7-4541-9162-1e619e33a35b', '2:30', 'Ironfingers'),
('9437acde-4fa5-44bb-a281-07e9fa912bd1', '2:30', 'Get To Know'),
('9437acde-4fa5-44bb-a281-07e9fa912bd1', '2:30', 'Noise'),
('9437acde-4fa5-44bb-a281-07e9fa912bd1', '2:30', 'Get To Know (Beats)'),
('4a474e8f-c4e4-4361-b30c-bccf93a245f0', '6:11', 'Can Take The Feel It (Norby J House Version)'),
('4a474e8f-c4e4-4361-b30c-bccf93a245f0', '7:54', 'Can Take The Feel It (Fat Club Version)'),
('a5950a70-706c-4efa-acc4-2aa4c8c41336', '13:17', 'Space Rock'),
('e06154ec-604f-410c-947b-b2520f4da36a', '3:42', 'Trust Me (Broadway & Wilson Mix)'),
('e06154ec-604f-410c-947b-b2520f4da36a', '6:38', 'Most Precious Love (Martin Solveig Re-Edit)'),
('e06154ec-604f-410c-947b-b2520f4da36a', '4:59', 'Didnt Mean To Turn On You (Chuck Loves Mute Force Mix)'),
('e06154ec-604f-410c-947b-b2520f4da36a', '3:42', 'Hold The Light'),
('e06154ec-604f-410c-947b-b2520f4da36a', '5:35', 'Another Day (Fanatix Mix)'),
('e06154ec-604f-410c-947b-b2520f4da36a', '6:05', 'Sweet Love (Marques Wyatts Deep Love Mix)'),
('e06154ec-604f-410c-947b-b2520f4da36a', '5:43', 'Just Let Go'),
('e06154ec-604f-410c-947b-b2520f4da36a', '5:33', 'I See You'),
('e06154ec-604f-410c-947b-b2520f4da36a', '7:04', 'Lovin You More (Original Vocal Club Mix)'),
('e06154ec-604f-410c-947b-b2520f4da36a', '6:32', 'With Him (Jay-J Original Mix)'),
('e06154ec-604f-410c-947b-b2520f4da36a', '7:45', 'Freeway (Soul Avengerz Club Mix)'),
('e06154ec-604f-410c-947b-b2520f4da36a', '5:52', '40 Seconds (The Guitar Groove Theme)'),
('e06154ec-604f-410c-947b-b2520f4da36a', '4:37', 'Take Me Away (MaUve Vocal Mix)'),
('e06154ec-604f-410c-947b-b2520f4da36a', '6:13', 'Another Day (Fanatix Mix)'),
('e06154ec-604f-410c-947b-b2520f4da36a', '3:43', 'Most Precious Love (Martin Solveig Re-Edit)'),
('e06154ec-604f-410c-947b-b2520f4da36a', '5:19', 'Sweet Love (Marques Wyatts Deep Love Mix)'),
('e06154ec-604f-410c-947b-b2520f4da36a', '4:18', 'Just Let Go'),
('e06154ec-604f-410c-947b-b2520f4da36a', '6:42', '40 Seconds (The Guitar Groove Theme)'),
('e06154ec-604f-410c-947b-b2520f4da36a', '7:26', 'With Him (Jay-J Original Mix)'),
('e06154ec-604f-410c-947b-b2520f4da36a', '6:24', 'Didnt Mean To Turn On You (Chuck Loves Mute Force Mix)'),
('e06154ec-604f-410c-947b-b2520f4da36a', '8:31', 'Freeway (Soul Avengerz Club Mix)'),
('e06154ec-604f-410c-947b-b2520f4da36a', '6:34', 'I See You'),
('e06154ec-604f-410c-947b-b2520f4da36a', '8:02', 'Take Me Away (MaUve Vocal Mix)'),
('e06154ec-604f-410c-947b-b2520f4da36a', '6:07', 'Lovin You More (Original Vocal Club Mix)'),
('e06154ec-604f-410c-947b-b2520f4da36a', '4:39', 'Trust Me (Broadway & Wilson Mix)'),
('ce8f90d2-b0e8-4899-99e6-a2fe24302e77', '2:30', 'Brother & Sister'),
('ce8f90d2-b0e8-4899-99e6-a2fe24302e77', '2:30', 'I Try'),
('e9a217ea-fc1e-491c-82bc-c5c596f96238', '2:12', 'I Must Kill'),
('e9a217ea-fc1e-491c-82bc-c5c596f96238', '1:38', 'Everybodys Gonna Die Tonight'),
('e9a217ea-fc1e-491c-82bc-c5c596f96238', '1:48', 'Dawn Of Nothing'),
('e9a217ea-fc1e-491c-82bc-c5c596f96238', '1:56', 'Drooling Idiot'),
('e9a217ea-fc1e-491c-82bc-c5c596f96238', '0:23', 'I Dump In My Sleep'),
('e9a217ea-fc1e-491c-82bc-c5c596f96238', '1:54', 'The Boob Song'),
('e9a217ea-fc1e-491c-82bc-c5c596f96238', '0:47', 'A.N.U.S.'),
('e9a217ea-fc1e-491c-82bc-c5c596f96238', '1:18', 'Green Piss'),
('e9a217ea-fc1e-491c-82bc-c5c596f96238', '1:36', 'The Day My Dick Broke Off'),
('e9a217ea-fc1e-491c-82bc-c5c596f96238', '2:20', 'Free Hunky Dunky'),
('e9a217ea-fc1e-491c-82bc-c5c596f96238', '2:44', 'Under The Bed'),
('e9a217ea-fc1e-491c-82bc-c5c596f96238', '2:09', 'Maggots'),
('e9a217ea-fc1e-491c-82bc-c5c596f96238', '1:38', 'Two Bobs West'),
('e9a217ea-fc1e-491c-82bc-c5c596f96238', '2:24', 'Money'),
('e9a217ea-fc1e-491c-82bc-c5c596f96238', '2:28', 'I Eat Carrion'),
('e9a217ea-fc1e-491c-82bc-c5c596f96238', '1:49', 'Dawn Patrol Polka'),
('e9a217ea-fc1e-491c-82bc-c5c596f96238', '2:11', 'Die Die Die'),
('872c08aa-aa49-403d-aba8-9850c9e0a5b5', '3:43', 'Kickin Around'),
('872c08aa-aa49-403d-aba8-9850c9e0a5b5', '3:35', 'Maldia'),
('872c08aa-aa49-403d-aba8-9850c9e0a5b5', '5:28', 'Brother Remington'),
('872c08aa-aa49-403d-aba8-9850c9e0a5b5', '3:37', 'A.K.'),
('872c08aa-aa49-403d-aba8-9850c9e0a5b5', '4:47', 'Exquisite'),
('872c08aa-aa49-403d-aba8-9850c9e0a5b5', '4:26', 'Your Beautiful Smile'),
('06c5ef4a-58f3-455e-845a-0213e8dc90a6', '2:30', 'Blue Heart'),
('06c5ef4a-58f3-455e-845a-0213e8dc90a6', '2:30', 'Canvas Beauty (Up Version)'),
('279e8b05-a309-496d-be88-4c806dd017b7', '4:31', 'Tough Girl (Euro Remix)'),
('279e8b05-a309-496d-be88-4c806dd017b7', '5:10', 'Tough Girl (Extended Mix)'),
('2a09a342-2e43-49a4-a1c8-b6dfdbb30995', '2:30', 'Nothings So Far Away (As Yesterday)'),
('2a09a342-2e43-49a4-a1c8-b6dfdbb30995', '2:30', 'On Target'),
('2a09a342-2e43-49a4-a1c8-b6dfdbb30995', '2:30', 'Hells On Fire'),
('2a09a342-2e43-49a4-a1c8-b6dfdbb30995', '2:30', 'The Farm'),
('2a09a342-2e43-49a4-a1c8-b6dfdbb30995', '2:30', 'You Can Do Magic'),
('2a09a342-2e43-49a4-a1c8-b6dfdbb30995', '2:30', 'Hollywood'),
('2a09a342-2e43-49a4-a1c8-b6dfdbb30995', '2:30', 'Another Try'),
('2a09a342-2e43-49a4-a1c8-b6dfdbb30995', '2:30', 'Old Man Took'),
('2a09a342-2e43-49a4-a1c8-b6dfdbb30995', '2:30', 'Todays The Day'),
('2a09a342-2e43-49a4-a1c8-b6dfdbb30995', '2:30', 'Cant Fall Asleep To A Lullaby'),
('2a09a342-2e43-49a4-a1c8-b6dfdbb30995', '2:30', 'Survival'),
('2a09a342-2e43-49a4-a1c8-b6dfdbb30995', '2:30', 'Everyone I Meet Is From California'),
('2a09a342-2e43-49a4-a1c8-b6dfdbb30995', '2:30', 'Right Before Your Eyes'),
('2a09a342-2e43-49a4-a1c8-b6dfdbb30995', '2:30', 'Cornwall Blank'),
('2a09a342-2e43-49a4-a1c8-b6dfdbb30995', '2:30', 'To Each His Own'),
('2a09a342-2e43-49a4-a1c8-b6dfdbb30995', '2:30', 'The Border'),
('f089ecbe-7572-478d-af34-82f6dde73ad5', '2:30', 'Blue Savannah'),
('f089ecbe-7572-478d-af34-82f6dde73ad5', '2:30', 'Runaround On The Underground'),
('f089ecbe-7572-478d-af34-82f6dde73ad5', '2:30', 'No G.D.M'),
('8903750f-39b5-49a9-884e-545993f7dfba', '4:36', 'Get On The Troop Tip (Vocal)'),
('8903750f-39b5-49a9-884e-545993f7dfba', '4:36', 'Get On The Troop Tip (Instrumental)'),
('09141c6c-5951-43ef-80b6-f320a2eedc1c', '2:30', 'Motorola'),
('09141c6c-5951-43ef-80b6-f320a2eedc1c', '2:30', 'Youve Been Listening To All The Wrong People'),
('09141c6c-5951-43ef-80b6-f320a2eedc1c', '2:30', 'The Definition Of Fall'),
('09141c6c-5951-43ef-80b6-f320a2eedc1c', '2:30', 'Keep It'),
('09141c6c-5951-43ef-80b6-f320a2eedc1c', '2:30', 'Made Faulty Purchase For The Sake Of It'),
('09141c6c-5951-43ef-80b6-f320a2eedc1c', '2:30', 'Tokyo-Montana Express'),
('09141c6c-5951-43ef-80b6-f320a2eedc1c', '2:30', 'Decency'),
('09141c6c-5951-43ef-80b6-f320a2eedc1c', '2:30', 'Devenir Immortel'),
('09141c6c-5951-43ef-80b6-f320a2eedc1c', '2:30', 'Dead On Your Feet'),
('09141c6c-5951-43ef-80b6-f320a2eedc1c', '2:30', 'Fool #6'),
('523f6144-f32b-485c-b3d6-ec4d123e6a27', '2:30', 'A Design For Life'),
('523f6144-f32b-485c-b3d6-ec4d123e6a27', '2:30', 'Motorcycle Emptiness'),
('523f6144-f32b-485c-b3d6-ec4d123e6a27', '2:30', 'If You Tolerate This Your Children Will Be Next'),
('523f6144-f32b-485c-b3d6-ec4d123e6a27', '2:30', 'La Tristesse Durera (Scream To A Sigh)'),
('523f6144-f32b-485c-b3d6-ec4d123e6a27', '2:30', 'There By The Grace Of God'),
('523f6144-f32b-485c-b3d6-ec4d123e6a27', '2:30', 'You Love Us'),
('523f6144-f32b-485c-b3d6-ec4d123e6a27', '2:30', 'Australia'),
('523f6144-f32b-485c-b3d6-ec4d123e6a27', '2:30', 'You Stole The Sun From My Heart'),
('523f6144-f32b-485c-b3d6-ec4d123e6a27', '2:30', 'Kevin Carter'),
('523f6144-f32b-485c-b3d6-ec4d123e6a27', '2:30', 'Tsunami'),
('523f6144-f32b-485c-b3d6-ec4d123e6a27', '2:30', 'The Masses Against The Classes'),
('523f6144-f32b-485c-b3d6-ec4d123e6a27', '2:30', 'From Despair To Where'),
('523f6144-f32b-485c-b3d6-ec4d123e6a27', '2:30', 'Door To The River'),
('523f6144-f32b-485c-b3d6-ec4d123e6a27', '2:30', 'Everything Must Go'),
('523f6144-f32b-485c-b3d6-ec4d123e6a27', '2:30', 'Faster'),
('523f6144-f32b-485c-b3d6-ec4d123e6a27', '2:30', 'Little Baby Nothing'),
('523f6144-f32b-485c-b3d6-ec4d123e6a27', '2:30', 'Suicide Is Painless (Theme From Mash)'),
('523f6144-f32b-485c-b3d6-ec4d123e6a27', '2:30', 'So Why So Sad'),
('523f6144-f32b-485c-b3d6-ec4d123e6a27', '2:30', 'The Everlasting'),
('523f6144-f32b-485c-b3d6-ec4d123e6a27', '2:30', 'Motown Junk'),
('e9d9c88d-37aa-4d43-add4-d424eb64b968', '2:30', 'The Pivoting Savage'),
('e9d9c88d-37aa-4d43-add4-d424eb64b968', '2:30', 'Theme Theatre Performs'),
('e9d9c88d-37aa-4d43-add4-d424eb64b968', '2:30', 'Knowledges Acknowledged'),
('e9d9c88d-37aa-4d43-add4-d424eb64b968', '2:30', 'Wine Cant Do It, Wife Wont Do!'),
('e9d9c88d-37aa-4d43-add4-d424eb64b968', '2:30', 'Delaugh Coin-Cookery'),
('e9d9c88d-37aa-4d43-add4-d424eb64b968', '2:30', 'Red Lamp Of Slow-Willed Souls - Part One'),
('e9d9c88d-37aa-4d43-add4-d424eb64b968', '2:30', 'Wonderful Warmhearted Flesh Donations'),
('e9d9c88d-37aa-4d43-add4-d424eb64b968', '2:30', 'Dancing Music Thank Yous'),
('e9d9c88d-37aa-4d43-add4-d424eb64b968', '2:30', 'Whos Gotten My Teething Cotton?'),
('e9d9c88d-37aa-4d43-add4-d424eb64b968', '2:30', 'Crumblelegs And Cabins'),
('e9d9c88d-37aa-4d43-add4-d424eb64b968', '2:30', 'Terrible Hunger For The Perfected Pie - Part One'),
('e9d9c88d-37aa-4d43-add4-d424eb64b968', '2:30', 'Terrible Hunger For The Perfected Pie - Part Two'),
('e9d9c88d-37aa-4d43-add4-d424eb64b968', '2:30', 'Pike And Carp Clasp And Hasp Jawels'),
('e9d9c88d-37aa-4d43-add4-d424eb64b968', '2:30', 'Dirty Sawool'),
('e9d9c88d-37aa-4d43-add4-d424eb64b968', '2:30', 'Horserider Suit'),
('e9d9c88d-37aa-4d43-add4-d424eb64b968', '2:30', 'Terror Watched At The Thumbsized Sea'),
('e9d9c88d-37aa-4d43-add4-d424eb64b968', '2:30', 'I Am Empty, Empty Eyes Switch'),
('e9d9c88d-37aa-4d43-add4-d424eb64b968', '2:30', 'Red Lamp Of Slow-Willed Souls - Part Two'),
('e9d9c88d-37aa-4d43-add4-d424eb64b968', '2:30', 'Quelling Gums'),
('e9d9c88d-37aa-4d43-add4-d424eb64b968', '2:30', 'Arm Breaker'),
('e9d9c88d-37aa-4d43-add4-d424eb64b968', '2:30', 'The Day Leaps Up And Down'),
('e9d9c88d-37aa-4d43-add4-d424eb64b968', '2:30', 'Sign The Coffin And Be Done With Me'),
('af332384-099d-459f-a9b9-20c9de7527c3', '3:15', 'Walkin Blues'),
('af332384-099d-459f-a9b9-20c9de7527c3', '3:13', 'Get Out Of My Life, Woman'),
('af332384-099d-459f-a9b9-20c9de7527c3', '4:57', 'I Got A Mind To Give Up Living'),
('af332384-099d-459f-a9b9-20c9de7527c3', '2:18', 'All These Blues'),
('af332384-099d-459f-a9b9-20c9de7527c3', '7:53', 'Work Song'),
('af332384-099d-459f-a9b9-20c9de7527c3', '2:48', 'Mary, Mary'),
('af332384-099d-459f-a9b9-20c9de7527c3', '3:50', 'Two Trains Running'),
('af332384-099d-459f-a9b9-20c9de7527c3', '2:57', 'Never Say No'),
('af332384-099d-459f-a9b9-20c9de7527c3', '13:10', 'East-West'),
('2336f1ca-a643-4479-b32c-c34daf782093', '2:30', 'Ana Marija'),
('2336f1ca-a643-4479-b32c-c34daf782093', '2:30', 'Kada Ti Svi Okrenu Leđa'),
('c799a4b2-7c3a-4944-8e04-5fc4ea9b8590', '2:30', 'Todays Army'),
('c799a4b2-7c3a-4944-8e04-5fc4ea9b8590', '2:30', 'Wasteland'),
('c799a4b2-7c3a-4944-8e04-5fc4ea9b8590', '2:30', 'Metal Pressure'),
('c799a4b2-7c3a-4944-8e04-5fc4ea9b8590', '2:30', 'Middle Class Monotony'),
('c799a4b2-7c3a-4944-8e04-5fc4ea9b8590', '2:30', 'Nothing New'),
('c799a4b2-7c3a-4944-8e04-5fc4ea9b8590', '2:30', 'Home In A Grave'),
('c799a4b2-7c3a-4944-8e04-5fc4ea9b8590', '2:30', 'Empty Skulls'),
('cccd0746-7d34-464e-955f-9bebe6847fde', '2:30', 'Assynt'),
('cccd0746-7d34-464e-955f-9bebe6847fde', '2:30', 'Valdresfjellet'),
('136192fa-8a37-42c0-aaa3-2ca42bc4ae6a', '2:30', 'Paradise'),
('136192fa-8a37-42c0-aaa3-2ca42bc4ae6a', '2:30', 'Amazin'),
('136192fa-8a37-42c0-aaa3-2ca42bc4ae6a', '2:30', 'After School'),
('136192fa-8a37-42c0-aaa3-2ca42bc4ae6a', '2:30', 'Clockin Gs'),
('c4a1a626-6f4d-457c-8f07-adfad6da9ff3', '2:30', 'Pokladni Utorak = Ruby Tuesday'),
('2d4d2474-08d4-40cf-a416-15577ecf5466', '2:30', 'Sandwich'),
('2d4d2474-08d4-40cf-a416-15577ecf5466', '2:30', 'Im So Excited'),
('2d4d2474-08d4-40cf-a416-15577ecf5466', '2:30', 'Welcome To The Show'),
('ad9e4b64-b24d-4c4e-a28f-a2c99215164a', '4:51', 'Hip To Hoo'),
('ad9e4b64-b24d-4c4e-a28f-a2c99215164a', '4:17', 'Kallalou Kallalou'),
('ad9e4b64-b24d-4c4e-a28f-a2c99215164a', '4:07', 'Too Loud'),
('ad9e4b64-b24d-4c4e-a28f-a2c99215164a', '4:14', 'Trouble Your Money'),
('ad9e4b64-b24d-4c4e-a28f-a2c99215164a', '3:45', 'Pink And Black'),
('ad9e4b64-b24d-4c4e-a28f-a2c99215164a', '4:43', 'Little By Little'),
('ad9e4b64-b24d-4c4e-a28f-a2c99215164a', '5:09', 'Doo Doo A Do Do'),
('ad9e4b64-b24d-4c4e-a28f-a2c99215164a', '4:35', 'Easily Lead'),
('ad9e4b64-b24d-4c4e-a28f-a2c99215164a', '6:04', 'Sixes And Sevens'),
('a7e46096-a4a9-443d-9e3b-7217c6bdfd1b', '3:50', 'Youve Lost That Lovin Feelin'),
('a7e46096-a4a9-443d-9e3b-7217c6bdfd1b', '2:19', 'White Cliffs Of Dover'),
('a7e46096-a4a9-443d-9e3b-7217c6bdfd1b', '2:37', 'Georgia On My Mind'),
('a7e46096-a4a9-443d-9e3b-7217c6bdfd1b', '2:49', '(I Love You) For Sentimental Reasons'),
('a7e46096-a4a9-443d-9e3b-7217c6bdfd1b', '2:18', 'Youll Never Walk Alone'),
('a7e46096-a4a9-443d-9e3b-7217c6bdfd1b', '3:55', 'Just Once In My Life'),
('a7e46096-a4a9-443d-9e3b-7217c6bdfd1b', '3:35', 'Unchained Melody'),
('a7e46096-a4a9-443d-9e3b-7217c6bdfd1b', '2:12', 'See That Girl'),
('a7e46096-a4a9-443d-9e3b-7217c6bdfd1b', '2:46', 'Ebb Tide'),
('a7e46096-a4a9-443d-9e3b-7217c6bdfd1b', '2:31', 'Guess Who?'),
('a7e46096-a4a9-443d-9e3b-7217c6bdfd1b', '3:27', 'Hung On You'),
('a7e46096-a4a9-443d-9e3b-7217c6bdfd1b', '2:33', 'The Great Pretender'),
('83ffa557-959b-417e-a99d-e61105738e64', '2:30', 'KaBogie'),
('83ffa557-959b-417e-a99d-e61105738e64', '2:30', 'Faka'),
('d4e0f410-06fc-4e37-8fd3-b0c5c611764e', '4:08', 'My Silver'),
('d4e0f410-06fc-4e37-8fd3-b0c5c611764e', '6:02', 'Birthmarks'),
('d4e0f410-06fc-4e37-8fd3-b0c5c611764e', '5:27', 'Bread And Circuses'),
('d4e0f410-06fc-4e37-8fd3-b0c5c611764e', '5:46', 'Blind Spot'),
('d4e0f410-06fc-4e37-8fd3-b0c5c611764e', '5:08', 'Wreck'),
('d4e0f410-06fc-4e37-8fd3-b0c5c611764e', '5:00', 'Hide The Stars'),
('d4e0f410-06fc-4e37-8fd3-b0c5c611764e', '6:14', 'Shadow'),
('d4e0f410-06fc-4e37-8fd3-b0c5c611764e', '5:19', 'Black Ice'),
('d4e0f410-06fc-4e37-8fd3-b0c5c611764e', '5:15', 'Mirage'),
('7e410355-4570-460c-9568-bca63453c593', '5:53', 'I Wonder Why'),
('c7b6791e-5cfd-4459-923e-57cd0cc7d86d', '2:30', 'Its All James'),
('c7b6791e-5cfd-4459-923e-57cd0cc7d86d', '2:30', 'Above The Skyline'),
('c7b6791e-5cfd-4459-923e-57cd0cc7d86d', '2:30', 'Suckin Neck'),
('b00e139d-2fd1-4913-95f7-b0c7de8c6bf3', '2:30', 'Itsy Bitsy Teenie Weenie Yellow Polkadot Bikini'),
('b00e139d-2fd1-4913-95f7-b0c7de8c6bf3', '2:30', 'Dont Dilly Dally, Sally'),
('2a0c49fc-08a3-4bd1-8990-bec226706aba', '2:30', 'My Name Is Acid'),
('2a0c49fc-08a3-4bd1-8990-bec226706aba', '2:30', 'All In'),
('a717551e-400f-4950-adc9-20c3d4752ed6', '2:30', 'Hello, I Love You'),
('a717551e-400f-4950-adc9-20c3d4752ed6', '2:30', 'Light My Fire'),
('a717551e-400f-4950-adc9-20c3d4752ed6', '2:30', 'People Are Strange'),
('a717551e-400f-4950-adc9-20c3d4752ed6', '2:30', 'Love Me Two Times'),
('a717551e-400f-4950-adc9-20c3d4752ed6', '2:30', 'Riders On The Storm'),
('a717551e-400f-4950-adc9-20c3d4752ed6', '2:30', 'Break On Through'),
('a717551e-400f-4950-adc9-20c3d4752ed6', '2:30', 'Roadhouse Blues'),
('a717551e-400f-4950-adc9-20c3d4752ed6', '2:30', 'Not To Touch The Earth'),
('a717551e-400f-4950-adc9-20c3d4752ed6', '2:30', 'Touch Me'),
('a717551e-400f-4950-adc9-20c3d4752ed6', '2:30', 'L.A Woman'),
('347c0f29-470a-49bc-be40-f91b681de1f3', '8:22', 'Morricone (A Man And His Harmonica / Once Upon A Time In The West)'),
('347c0f29-470a-49bc-be40-f91b681de1f3', '5:40', 'Theme For Black Light'),
('347c0f29-470a-49bc-be40-f91b681de1f3', '0:58', 'Fifty Eight'),
('347c0f29-470a-49bc-be40-f91b681de1f3', '5:44', 'Tribute To Barry'),
('347c0f29-470a-49bc-be40-f91b681de1f3', '5:50', 'From Genesis To Exodus'),
('347c0f29-470a-49bc-be40-f91b681de1f3', '6:55', 'Lets Try Once Again (Instr.)'),
('2262573c-b732-46de-8f71-e5a4b731fc96', '2:30', 'Nita Gitana'),
('67b46f8e-6635-4c8e-91a0-5914902d6861', '3:32', 'Hlavní Téma (Main Theme'),
('67b46f8e-6635-4c8e-91a0-5914902d6861', '1:03', 'Dies Irae'),
('67b46f8e-6635-4c8e-91a0-5914902d6861', '1:43', 'Striptease I'),
('67b46f8e-6635-4c8e-91a0-5914902d6861', '2:32', 'Tango V Hotelu René / Tango At The Hotel René'),
('67b46f8e-6635-4c8e-91a0-5914902d6861', '3:12', 'Úzkost I / Anxiety I'),
('67b46f8e-6635-4c8e-91a0-5914902d6861', '2:48', 'Barpult V Bordelu / Bar In The Brothel'),
('67b46f8e-6635-4c8e-91a0-5914902d6861', '2:27', 'Striptease I'),
('67b46f8e-6635-4c8e-91a0-5914902d6861', '4:15', 'Ty Seš Moje Domina / You Are My Domina'),
('67b46f8e-6635-4c8e-91a0-5914902d6861', '2:30', 'Úzkost II / Anxiety II'),
('67b46f8e-6635-4c8e-91a0-5914902d6861', '1:30', 'Vražda V Metru / Murder In The Metro'),
('67b46f8e-6635-4c8e-91a0-5914902d6861', '2:24', 'Lacrimosa'),
('67b46f8e-6635-4c8e-91a0-5914902d6861', '2:35', 'Klárka V Hotelovém Pokoji / Klárka In The Hotel Room'),
('67b46f8e-6635-4c8e-91a0-5914902d6861', '1:44', 'Motiv Klárky / Melody Of Klárka'),
('67b46f8e-6635-4c8e-91a0-5914902d6861', '1:10', 'Klaun / The Clown'),
('67b46f8e-6635-4c8e-91a0-5914902d6861', '1:53', 'Úzkost III / Anxiety III'),
('67b46f8e-6635-4c8e-91a0-5914902d6861', '1:42', 'Striptease III'),
('67b46f8e-6635-4c8e-91a0-5914902d6861', '2:43', 'Fontána / The Fountain'),
('67b46f8e-6635-4c8e-91a0-5914902d6861', '1:23', 'Erotika'),
('67b46f8e-6635-4c8e-91a0-5914902d6861', '1:44', 'Chodba V Bordelu / The Hallway In The Brothel'),
('67b46f8e-6635-4c8e-91a0-5914902d6861', '2:09', 'Nuselský Most / Nusle Bridge'),
('67b46f8e-6635-4c8e-91a0-5914902d6861', '2:23', 'Foyer Divadla / Theater Foyer'),
('67b46f8e-6635-4c8e-91a0-5914902d6861', '1:55', 'Šváb / Cockroach'),
('67b46f8e-6635-4c8e-91a0-5914902d6861', '3:42', 'Národní Třída / National Avenue'),
('67b46f8e-6635-4c8e-91a0-5914902d6861', '4:44', 'Závěrečné Titulky / Closing Theme'),
('67b46f8e-6635-4c8e-91a0-5914902d6861', '2:30', 'Bonus Track'),
('67b46f8e-6635-4c8e-91a0-5914902d6861', '3:41', 'Neotvírej Dům / Dont Open The Door'),
('fd21850a-747d-478e-8c7e-fbab2b5c2a9a', '2:30', 'Александар'),
('fd21850a-747d-478e-8c7e-fbab2b5c2a9a', '2:30', 'Константинопол'),
('fd21850a-747d-478e-8c7e-fbab2b5c2a9a', '2:30', 'Здив'),
('fd21850a-747d-478e-8c7e-fbab2b5c2a9a', '2:30', 'Авраамово Воинство (Дел 1)'),
('fd21850a-747d-478e-8c7e-fbab2b5c2a9a', '2:30', 'Бело Море'),
('fd21850a-747d-478e-8c7e-fbab2b5c2a9a', '2:30', 'Бродови Пловеа'),
('fd21850a-747d-478e-8c7e-fbab2b5c2a9a', '2:30', 'Ходѧ́ Жє'),
('fd21850a-747d-478e-8c7e-fbab2b5c2a9a', '2:30', 'Пролет Под Земјата'),
('fd21850a-747d-478e-8c7e-fbab2b5c2a9a', '2:30', 'Земја'),
('fd21850a-747d-478e-8c7e-fbab2b5c2a9a', '2:30', 'Авраамово Воинство (Дел 2)'),
('3eadb3c9-6c3d-45fd-ad8c-ac15b82f14fe', '3:26', 'Fallout'),
('3eadb3c9-6c3d-45fd-ad8c-ac15b82f14fe', '2:05', 'Atomic Destruktor'),
('3eadb3c9-6c3d-45fd-ad8c-ac15b82f14fe', '2:34', 'Deathmaster'),
('3eadb3c9-6c3d-45fd-ad8c-ac15b82f14fe', '3:33', 'Metal Attack'),
('3eadb3c9-6c3d-45fd-ad8c-ac15b82f14fe', '2:10', '666'),
('3eadb3c9-6c3d-45fd-ad8c-ac15b82f14fe', '4:32', 'Outbreak Of Evil'),
('3eadb3c9-6c3d-45fd-ad8c-ac15b82f14fe', '2:39', 'Witching Metal'),
('3eadb3c9-6c3d-45fd-ad8c-ac15b82f14fe', '2:38', 'Burst Command Til War'),
('16d55e44-0d24-45e5-b0a3-8237b29a3a17', '2:30', 'A.O.G.'),
('16d55e44-0d24-45e5-b0a3-8237b29a3a17', '2:30', 'Laar, etu Laar'),
('16d55e44-0d24-45e5-b0a3-8237b29a3a17', '2:30', 'Uzah'),
('16d55e44-0d24-45e5-b0a3-8237b29a3a17', '2:30', 'Izerim'),
('16d55e44-0d24-45e5-b0a3-8237b29a3a17', '2:30', 'Ydal (I.D.)'),
('16d55e44-0d24-45e5-b0a3-8237b29a3a17', '2:30', 'Siotrom'),
('16d55e44-0d24-45e5-b0a3-8237b29a3a17', '2:30', 'Dergodarlam'),
('16d55e44-0d24-45e5-b0a3-8237b29a3a17', '2:30', 'C´hemeth'),
('16d55e44-0d24-45e5-b0a3-8237b29a3a17', '2:30', 'Esmeth'),
('16d55e44-0d24-45e5-b0a3-8237b29a3a17', '2:30', 'Anlaid'),
('9bc59697-7c09-4d21-b8d3-7b765f4039a6', '2:30', 'Opet Ti, Opet Ti'),
('9bc59697-7c09-4d21-b8d3-7b765f4039a6', '2:30', 'Idi, Idi'),
('a1a72105-06ad-4777-b0bf-a5db46df7026', '5:40', 'Send Down The Rain'),
('a1a72105-06ad-4777-b0bf-a5db46df7026', '5:45', 'Redemption Song'),
('a1a72105-06ad-4777-b0bf-a5db46df7026', '6:30', 'Let Righteousness Cover The Earth'),
('a1a72105-06ad-4777-b0bf-a5db46df7026', '6:00', 'Africans Keep Your Culture'),
('a1a72105-06ad-4777-b0bf-a5db46df7026', '4:20', 'Genesis'),
('a1a72105-06ad-4777-b0bf-a5db46df7026', '4:18', 'Ive Got The Feeling'),
('a1a72105-06ad-4777-b0bf-a5db46df7026', '4:02', 'Hey Mr. Morning'),
('a1a72105-06ad-4777-b0bf-a5db46df7026', '5:34', 'Police Brutality'),
('a1a72105-06ad-4777-b0bf-a5db46df7026', '5:00', 'Prisoner Of Conscience'),
('8d8e309f-2439-4f22-b4d6-fdd9e9d6c1b2', '2:30', 'Sweet Seventeen'),
('8d8e309f-2439-4f22-b4d6-fdd9e9d6c1b2', '2:30', 'End Of Love'),
('8d8e309f-2439-4f22-b4d6-fdd9e9d6c1b2', '2:30', 'Kick-Ass Usa'),
('d8d96054-ae60-4284-90a7-2050fda32823', '2:30', 'I Told You So'),
('a01a9325-3d27-4f2e-851a-41a9597aa87f', '2:30', 'Intro'),
('a01a9325-3d27-4f2e-851a-41a9597aa87f', '2:30', 'Mecca And The Soul Brother'),
('a01a9325-3d27-4f2e-851a-41a9597aa87f', '2:30', 'If The Papes Come'),
('a01a9325-3d27-4f2e-851a-41a9597aa87f', '2:30', 'Road To The Riches'),
('a01a9325-3d27-4f2e-851a-41a9597aa87f', '2:30', 'Jimbrowski (Blend)'),
('a01a9325-3d27-4f2e-851a-41a9597aa87f', '2:30', 'I Gotta Have It'),
('a01a9325-3d27-4f2e-851a-41a9597aa87f', '2:30', 'Times Up (Blend)'),
('a01a9325-3d27-4f2e-851a-41a9597aa87f', '2:30', 'It Aint Hard To Tell (Remix)'),
('a01a9325-3d27-4f2e-851a-41a9597aa87f', '2:30', '5 Men And A Mic'),
('a01a9325-3d27-4f2e-851a-41a9597aa87f', '2:30', 'Reign Of The Tec'),
('a01a9325-3d27-4f2e-851a-41a9597aa87f', '2:30', 'Sound Of Da Police'),
('a01a9325-3d27-4f2e-851a-41a9597aa87f', '2:30', 'Saturday Night Live'),
('a01a9325-3d27-4f2e-851a-41a9597aa87f', '2:30', 'Live At The BBQ'),
('a01a9325-3d27-4f2e-851a-41a9597aa87f', '2:30', 'Who Got Da Props'),
('a01a9325-3d27-4f2e-851a-41a9597aa87f', '2:30', 'Sally'),
('a01a9325-3d27-4f2e-851a-41a9597aa87f', '2:30', 'Dwyck'),
('a01a9325-3d27-4f2e-851a-41a9597aa87f', '2:30', 'Dwyck (Remix)'),
('a01a9325-3d27-4f2e-851a-41a9597aa87f', '2:30', 'Let Me Turn You On'),
('a01a9325-3d27-4f2e-851a-41a9597aa87f', '2:30', 'Saturdays'),
('a01a9325-3d27-4f2e-851a-41a9597aa87f', '2:30', 'One To Grow On'),
('a01a9325-3d27-4f2e-851a-41a9597aa87f', '2:30', 'Fakin The Funk'),
('a01a9325-3d27-4f2e-851a-41a9597aa87f', '2:30', 'Spellbound'),
('a01a9325-3d27-4f2e-851a-41a9597aa87f', '2:30', 'Scenario (Remix)'),
('a01a9325-3d27-4f2e-851a-41a9597aa87f', '2:30', 'Like A Throttle'),
('a01a9325-3d27-4f2e-851a-41a9597aa87f', '2:30', 'Just To Get A Rep (Blend)'),
('a01a9325-3d27-4f2e-851a-41a9597aa87f', '2:30', 'Come Clean'),
('a01a9325-3d27-4f2e-851a-41a9597aa87f', '2:30', 'Shut Em Down'),
('a01a9325-3d27-4f2e-851a-41a9597aa87f', '2:30', 'Funky Enough (Blend)'),
('a01a9325-3d27-4f2e-851a-41a9597aa87f', '2:30', 'Afro Puffs'),
('a01a9325-3d27-4f2e-851a-41a9597aa87f', '2:30', 'Tell Ya Bitch To Come Here'),
('a01a9325-3d27-4f2e-851a-41a9597aa87f', '2:30', 'Growin Up In The Hood'),
('a01a9325-3d27-4f2e-851a-41a9597aa87f', '2:30', 'Ill Street Blues'),
('a01a9325-3d27-4f2e-851a-41a9597aa87f', '2:30', 'Flow Joe'),
('a01a9325-3d27-4f2e-851a-41a9597aa87f', '2:30', 'Passin Me By (Blend)'),
('a01a9325-3d27-4f2e-851a-41a9597aa87f', '2:30', 'Butter'),
('a01a9325-3d27-4f2e-851a-41a9597aa87f', '2:30', 'Young, Gifted And Black'),
('52a957a1-beb8-4224-82b2-aade816832cc', '4:14', 'Lucid Dreaming'),
('52a957a1-beb8-4224-82b2-aade816832cc', '5:39', 'Hydroponic Garden'),
('52a957a1-beb8-4224-82b2-aade816832cc', '5:05', 'Sacred Mushrooms'),
('52a957a1-beb8-4224-82b2-aade816832cc', '3:48', 'We Are All One'),
('52a957a1-beb8-4224-82b2-aade816832cc', '4:09', 'Spaced Out'),
('52a957a1-beb8-4224-82b2-aade816832cc', '3:06', 'Lost'),
('52a957a1-beb8-4224-82b2-aade816832cc', '3:41', 'Ecstasy'),
('52a957a1-beb8-4224-82b2-aade816832cc', '4:10', 'Ego Death'),
('52a957a1-beb8-4224-82b2-aade816832cc', '3:24', 'Nirvana'),
('52a957a1-beb8-4224-82b2-aade816832cc', '3:44', 'The Psychedelic Experience Pt. I'),
('52a957a1-beb8-4224-82b2-aade816832cc', '3:01', 'The Psychedelic Experience Pt. II'),
('81eed66f-1432-425b-9fd6-811e5b31ece3', '3:23', 'These Days'),
('81eed66f-1432-425b-9fd6-811e5b31ece3', '1:56', 'Candidate'),
('81eed66f-1432-425b-9fd6-811e5b31ece3', '3:40', 'The Only Mistake'),
('81eed66f-1432-425b-9fd6-811e5b31ece3', '4:48', 'Chance (Atmosphere)'),
('81eed66f-1432-425b-9fd6-811e5b31ece3', '4:15', 'Atrocity Exhibition'),
('81eed66f-1432-425b-9fd6-811e5b31ece3', '2:10', 'Passover'),
('81eed66f-1432-425b-9fd6-811e5b31ece3', '4:30', 'New Dawn Fades'),
('81eed66f-1432-425b-9fd6-811e5b31ece3', '3:29', 'Transmission'),
('81eed66f-1432-425b-9fd6-811e5b31ece3', '4:03', 'Novelty'),
('81eed66f-1432-425b-9fd6-811e5b31ece3', '4:54', 'Dead Souls'),
('81eed66f-1432-425b-9fd6-811e5b31ece3', '2:50', 'Something Must Break'),
('81eed66f-1432-425b-9fd6-811e5b31ece3', '4:04', 'Auto-Suggestion'),
('81eed66f-1432-425b-9fd6-811e5b31ece3', '5:32', 'I Remember Nothing'),
('500defbb-196b-41b9-b502-26a3ff59077e', '4:01', 'Mad Props (Remix 2)'),
('500defbb-196b-41b9-b502-26a3ff59077e', '3:56', 'Mad Props (Remix 1)'),
('500defbb-196b-41b9-b502-26a3ff59077e', '4:18', 'Mad Props (Album Version)'),
('500defbb-196b-41b9-b502-26a3ff59077e', '4:02', 'Mad Props (Remix 2 Instrumental)'),
('500defbb-196b-41b9-b502-26a3ff59077e', '4:12', 'No More Hard Times (Remix)'),
('500defbb-196b-41b9-b502-26a3ff59077e', '4:12', 'No More Hard Times (Remix Instrumental)'),
('500defbb-196b-41b9-b502-26a3ff59077e', '4:12', 'No More Hard Times (Album Version)'),
('500defbb-196b-41b9-b502-26a3ff59077e', '3:59', 'Mad Props (A Cappella)'),
('495f4435-7b6d-4b83-82a0-8fcba6b17ecf', '3:17', 'The Man I Love'),
('495f4435-7b6d-4b83-82a0-8fcba6b17ecf', '4:08', 'Rhapsody In Blue (Edit)'),
('daa6dd15-52c8-432a-b0a6-d7f86206aa41', '4:41', 'Never Shouldve Let You Go'),
('daa6dd15-52c8-432a-b0a6-d7f86206aa41', '4:25', 'Miss U Girl'),
('daa6dd15-52c8-432a-b0a6-d7f86206aa41', '4:44', 'Im In Need'),
('daa6dd15-52c8-432a-b0a6-d7f86206aa41', '5:07', 'Faithful'),
('daa6dd15-52c8-432a-b0a6-d7f86206aa41', '4:28', 'What Can I Say To You (To Justify My Love)'),
('daa6dd15-52c8-432a-b0a6-d7f86206aa41', '5:01', 'Ready 4 U 2 Love'),
('daa6dd15-52c8-432a-b0a6-d7f86206aa41', '4:41', 'As One'),
('daa6dd15-52c8-432a-b0a6-d7f86206aa41', '5:04', 'Unconditional Love'),
('87ba7f93-b9bd-4154-b59d-d50bc1c55f81', '2:30', 'Sweet Caroline'),
('87ba7f93-b9bd-4154-b59d-d50bc1c55f81', '2:30', 'Kentucky Woman'),
('277c5868-8e78-4490-bb62-23713a5d7483', '3:55', 'A Better Land'),
('277c5868-8e78-4490-bb62-23713a5d7483', '3:36', 'You Are Not Forgotten'),
('277c5868-8e78-4490-bb62-23713a5d7483', '2:42', 'Into Glory They Ride'),
('277c5868-8e78-4490-bb62-23713a5d7483', '2:40', 'Our Land, Not Your Land'),
('277c5868-8e78-4490-bb62-23713a5d7483', '2:40', 'Mr. Down On His Luck'),
('277c5868-8e78-4490-bb62-23713a5d7483', '2:35', 'Justice For Daniel Faulkner (Instrumental)'),
('277c5868-8e78-4490-bb62-23713a5d7483', '2:29', 'Only The Strong Survive'),
('277c5868-8e78-4490-bb62-23713a5d7483', '2:48', 'Forever Your Honor Is True'),
('277c5868-8e78-4490-bb62-23713a5d7483', '2:02', 'Carolina - The Local Soverignty Song'),
('277c5868-8e78-4490-bb62-23713a5d7483', '1:06', 'Traitor Town U.S.A.'),
('277c5868-8e78-4490-bb62-23713a5d7483', '2:36', 'Just Cant Last One More Day'),
('277c5868-8e78-4490-bb62-23713a5d7483', '7:30', 'Keep You Alive'),
('5d3de218-b8ff-4148-abaf-f282955dacc9', '5:51', 'One Step At A Time'),
('5d3de218-b8ff-4148-abaf-f282955dacc9', '6:34', 'You Gotta Keep Gotta Keep Dancin'),
('5d3de218-b8ff-4148-abaf-f282955dacc9', '6:25', 'Two Can Do It'),
('5d3de218-b8ff-4148-abaf-f282955dacc9', '5:52', 'Scratch My Back'),
('5d3de218-b8ff-4148-abaf-f282955dacc9', '5:34', 'Rock Me,Baby (Like My Back Aint Got No Bone)'),
('5d3de218-b8ff-4148-abaf-f282955dacc9', '3:40', 'After The Ball'),
('5d3de218-b8ff-4148-abaf-f282955dacc9', '2:30', 'The Buggs'),
('3174bdb3-c345-4e4e-81d9-c0899101845b', '3:35', 'Paradise (Remix)'),
('3174bdb3-c345-4e4e-81d9-c0899101845b', '4:03', 'Super Bien Total'),
('0a5aa1fb-66c9-4811-a9ac-c2b73879613b', '4:09', 'White Bird'),
('0a5aa1fb-66c9-4811-a9ac-c2b73879613b', '3:03', 'Come Back, Sweet Lady-Oh'),
('9940a253-ff38-4e45-942b-78a434331e1d', '2:50', 'KRS-ONE Attacks'),
('9940a253-ff38-4e45-942b-78a434331e1d', '4:28', 'Outta Here'),
('9940a253-ff38-4e45-942b-78a434331e1d', '2:59', 'Black Cop'),
('9940a253-ff38-4e45-942b-78a434331e1d', '3:19', 'Mortal Thought'),
('9940a253-ff38-4e45-942b-78a434331e1d', '3:34', 'I Cant Wake Up'),
('9940a253-ff38-4e45-942b-78a434331e1d', '3:58', 'Slap Them Up'),
('9940a253-ff38-4e45-942b-78a434331e1d', '4:18', 'Sound Of Da Police'),
('9940a253-ff38-4e45-942b-78a434331e1d', '4:24', 'Mad Crew'),
('9940a253-ff38-4e45-942b-78a434331e1d', '4:05', 'Uh Oh'),
('9940a253-ff38-4e45-942b-78a434331e1d', '4:38', 'Brown Skin Woman'),
('9940a253-ff38-4e45-942b-78a434331e1d', '3:46', 'Return Of The Boom Bap'),
('9940a253-ff38-4e45-942b-78a434331e1d', '4:56', '"P" Is Still Free'),
('9940a253-ff38-4e45-942b-78a434331e1d', '3:19', 'Stop Frontin'),
('9940a253-ff38-4e45-942b-78a434331e1d', '5:13', 'Higher Level'),
('57c19025-70bf-444b-b63a-b99f075361e6', '2:30', 'Marge'),
('57c19025-70bf-444b-b63a-b99f075361e6', '2:30', 'So Ugly'),
('57c19025-70bf-444b-b63a-b99f075361e6', '2:30', 'Houses For The Homeless'),
('57c19025-70bf-444b-b63a-b99f075361e6', '2:30', 'Marigold'),
('57c19025-70bf-444b-b63a-b99f075361e6', '2:30', 'Revival'),
('57c19025-70bf-444b-b63a-b99f075361e6', '2:30', 'On The Bog'),
('57c19025-70bf-444b-b63a-b99f075361e6', '2:30', 'Dead In The Head'),
('57c19025-70bf-444b-b63a-b99f075361e6', '2:30', 'Simba Lion'),
('57c19025-70bf-444b-b63a-b99f075361e6', '2:30', 'Face Value'),
('57c19025-70bf-444b-b63a-b99f075361e6', '2:30', 'Ignorant Bastards'),
('57c19025-70bf-444b-b63a-b99f075361e6', '2:30', 'So Tough'),
('57c19025-70bf-444b-b63a-b99f075361e6', '2:30', 'Cockroach Salad'),
('57c19025-70bf-444b-b63a-b99f075361e6', '2:30', 'Born Again'),
('57c19025-70bf-444b-b63a-b99f075361e6', '2:30', 'We Got You'),
('0a15fa08-cd6a-41ab-9d2a-5e2eda2aa7e4', '2:30', 'Unutmasen'),
('0a15fa08-cd6a-41ab-9d2a-5e2eda2aa7e4', '2:30', 'Her Akşam'),
('2ca5360d-fd8b-4fd5-ae38-17e83d5cdda6', '2:30', 'How Dare You'),
('2ca5360d-fd8b-4fd5-ae38-17e83d5cdda6', '2:30', 'Witches'),
('2ca5360d-fd8b-4fd5-ae38-17e83d5cdda6', '2:30', 'Thought Transference'),
('2ca5360d-fd8b-4fd5-ae38-17e83d5cdda6', '2:30', 'Spacelab'),
('2ca5360d-fd8b-4fd5-ae38-17e83d5cdda6', '2:30', 'Spaceships'),
('2ca5360d-fd8b-4fd5-ae38-17e83d5cdda6', '2:30', 'Friends'),
('2ca5360d-fd8b-4fd5-ae38-17e83d5cdda6', '2:30', 'Monorail'),
('2ca5360d-fd8b-4fd5-ae38-17e83d5cdda6', '2:30', 'The Sea'),
('2ca5360d-fd8b-4fd5-ae38-17e83d5cdda6', '2:30', 'Sleep'),
('2ca5360d-fd8b-4fd5-ae38-17e83d5cdda6', '2:30', 'Nothings For Free'),
('7b175f88-6cf8-48d0-8b29-22a629507ac5', '2:30', 'Yes Tonight, Josephine'),
('7b175f88-6cf8-48d0-8b29-22a629507ac5', '2:40', 'Just Walkin In The Rain'),
('754d400d-7931-44c9-acf0-54792ee50e73', '2:30', 'Smash Your Head Off'),
('754d400d-7931-44c9-acf0-54792ee50e73', '2:30', 'Byddy, Buddy'),
('754d400d-7931-44c9-acf0-54792ee50e73', '2:30', 'My Job'),
('754d400d-7931-44c9-acf0-54792ee50e73', '2:30', 'Still Not Going'),
('ffabb808-b62e-4cc7-b5ce-709389f88b37', '7:23', 'Vyatka At Night (Original Mix)'),
('ffabb808-b62e-4cc7-b5ce-709389f88b37', '7:32', 'Vyatka At Night (Pierre Pienaar Remix)'),
('de505696-cb97-421b-8dfa-92366af2cedd', '8:16', 'Night Waves'),
('de505696-cb97-421b-8dfa-92366af2cedd', '7:18', 'Moonlight'),
('de505696-cb97-421b-8dfa-92366af2cedd', '7:17', 'Milepost'),
('de505696-cb97-421b-8dfa-92366af2cedd', '5:48', 'Lowland'),
('de505696-cb97-421b-8dfa-92366af2cedd', '8:28', 'Flowers Of Life'),
('de505696-cb97-421b-8dfa-92366af2cedd', '6:40', 'Morning Mist'),
('de505696-cb97-421b-8dfa-92366af2cedd', '7:45', 'Changes'),
('de505696-cb97-421b-8dfa-92366af2cedd', '7:50', 'City At Night'),
('de505696-cb97-421b-8dfa-92366af2cedd', '8:46', 'Over The Sky'),
('de505696-cb97-421b-8dfa-92366af2cedd', '7:30', 'Wintertime'),
('de505696-cb97-421b-8dfa-92366af2cedd', '2:30', 'Bonus Track'),
('de505696-cb97-421b-8dfa-92366af2cedd', '6:05', 'Influx'),
('457042d5-8b5e-4b44-97a3-6579ef4ce1c9', '3:52', 'Hou Je Kop! (Hold You Back)'),
('457042d5-8b5e-4b44-97a3-6579ef4ce1c9', '3:31', 'De Handelaar (The Wanderer)'),
('457042d5-8b5e-4b44-97a3-6579ef4ce1c9', '3:34', 'Rocken Op De Hollandse Klei (Rockin All Over The World)'),
('457042d5-8b5e-4b44-97a3-6579ef4ce1c9', '3:41', 'Helène (Again And Again)'),
('457042d5-8b5e-4b44-97a3-6579ef4ce1c9', '3:52', 'Nou Nou (Down Down)'),
('457042d5-8b5e-4b44-97a3-6579ef4ce1c9', '4:38', 'Wat Doet Ie T Goed (Roll Over Lay Down)'),
('457042d5-8b5e-4b44-97a3-6579ef4ce1c9', '3:53', 'Dikke Sjaak (Fuckin Bossche Bol) (Caroline)'),
('457042d5-8b5e-4b44-97a3-6579ef4ce1c9', '3:34', 'Wat Je Maar Wilt (Whatever You Want)'),
('457042d5-8b5e-4b44-97a3-6579ef4ce1c9', '4:27', 'Ode Aan De Bouw (Sjouwen, Bouwen) (Rain)'),
('457042d5-8b5e-4b44-97a3-6579ef4ce1c9', '4:06', 'Je Zit Op Rozen (What Youre Proposin)'),
('457042d5-8b5e-4b44-97a3-6579ef4ce1c9', '3:32', 'Dat Is Niks Voor Mij (Wild Side Of Life)'),
('457042d5-8b5e-4b44-97a3-6579ef4ce1c9', '3:37', 'De Quo Party'),
('8917174f-c562-443e-b633-6e97e8fae932', '5:57', 'Sun Oh Son'),
('8917174f-c562-443e-b633-6e97e8fae932', '4:32', 'Lonely Feelin'),
('8917174f-c562-443e-b633-6e97e8fae932', '6:43', 'Back Home'),
('8917174f-c562-443e-b633-6e97e8fae932', '3:52', 'War Drums'),
('8917174f-c562-443e-b633-6e97e8fae932', '8:03', 'Vibeka'),
('8917174f-c562-443e-b633-6e97e8fae932', '11:03', 'Fidels Fantasy'),
('449cbfa2-d007-41a5-9dcf-94e4784bb904', '2:30', 'Scream'),
('449cbfa2-d007-41a5-9dcf-94e4784bb904', '2:30', 'They Dont Care About Us'),
('449cbfa2-d007-41a5-9dcf-94e4784bb904', '2:30', 'In The Closet'),
('449cbfa2-d007-41a5-9dcf-94e4784bb904', '2:30', 'Wanna Be Startin Somethin'),
('449cbfa2-d007-41a5-9dcf-94e4784bb904', '2:30', 'Stranger In Moscow'),
('449cbfa2-d007-41a5-9dcf-94e4784bb904', '2:30', 'Smooth Criminal'),
('449cbfa2-d007-41a5-9dcf-94e4784bb904', '2:30', 'You Are Not Alone'),
('449cbfa2-d007-41a5-9dcf-94e4784bb904', '2:30', 'The Way You MAke Me Feel'),
('449cbfa2-d007-41a5-9dcf-94e4784bb904', '2:30', 'Jackson 5 Medley'),
('449cbfa2-d007-41a5-9dcf-94e4784bb904', '2:30', 'Ill Be There'),
('449cbfa2-d007-41a5-9dcf-94e4784bb904', '2:30', 'Black Or White'),
('1c2663c3-8c10-4781-b62e-5a8bbb135e54', '4:42', 'Ill Be Waiting'),
('1c2663c3-8c10-4781-b62e-5a8bbb135e54', '5:01', 'Wish Upon A Star'),
('1c2663c3-8c10-4781-b62e-5a8bbb135e54', '4:27', 'Guide My Energy (Parts 1 & 2)'),
('1c2663c3-8c10-4781-b62e-5a8bbb135e54', '2:57', 'Say Girl'),
('1c2663c3-8c10-4781-b62e-5a8bbb135e54', '3:48', 'Responsibility'),
('1c2663c3-8c10-4781-b62e-5a8bbb135e54', '2:49', 'Kerri'),
('1c2663c3-8c10-4781-b62e-5a8bbb135e54', '4:10', 'Leslie'),
('1c2663c3-8c10-4781-b62e-5a8bbb135e54', '4:07', 'Wreck My Mind'),
('1c2663c3-8c10-4781-b62e-5a8bbb135e54', '3:59', 'Debbies Theme'),
('1c2663c3-8c10-4781-b62e-5a8bbb135e54', '3:40', 'Tell Me About It, "Slim"'),
('3e435ac6-f9e0-4932-9244-6449d84a49e0', '3:16', 'Company'),
('3e435ac6-f9e0-4932-9244-6449d84a49e0', '4:19', 'Ariel'),
('3e435ac6-f9e0-4932-9244-6449d84a49e0', '4:17', 'Solitaire'),
('3e435ac6-f9e0-4932-9244-6449d84a49e0', '2:58', 'Woman Of Mine'),
('3e435ac6-f9e0-4932-9244-6449d84a49e0', '3:43', 'Song For My Mother'),
('3e435ac6-f9e0-4932-9244-6449d84a49e0', '4:38', 'The Letter'),
('3e435ac6-f9e0-4932-9244-6449d84a49e0', '3:16', 'I May Be Young'),
('3e435ac6-f9e0-4932-9244-6449d84a49e0', '2:41', 'Humor Me'),
('3e435ac6-f9e0-4932-9244-6449d84a49e0', '2:17', 'Funny Papers'),
('3e435ac6-f9e0-4932-9244-6449d84a49e0', '3:24', 'Love Is Not Enough'),
('0e9382e8-4680-47e3-848a-5d90a18ea9b2', '2:11', 'Satchel'),
('0e9382e8-4680-47e3-848a-5d90a18ea9b2', '4:42', 'American Executive'),
('0e9382e8-4680-47e3-848a-5d90a18ea9b2', '2:17', 'Perfect Cake'),
('0e9382e8-4680-47e3-848a-5d90a18ea9b2', '1:22', 'Stephasaurus'),
('0e9382e8-4680-47e3-848a-5d90a18ea9b2', '1:57', 'Camp Jack Hazard'),
('6e3a18c7-1047-42d8-9344-2601c91e82f2', '2:54', 'Suspicious Icons'),
('6e3a18c7-1047-42d8-9344-2601c91e82f2', '2:12', 'Lackluster Blooms'),
('6e3a18c7-1047-42d8-9344-2601c91e82f2', '2:55', 'Inhuman Resources'),
('6e3a18c7-1047-42d8-9344-2601c91e82f2', '2:33', 'The Rise Of Phantom White'),
('6e3a18c7-1047-42d8-9344-2601c91e82f2', '2:35', 'Riposte In Pieces'),
('6e3a18c7-1047-42d8-9344-2601c91e82f2', '2:12', 'Gamma Free'),
('6e3a18c7-1047-42d8-9344-2601c91e82f2', '1:46', 'The Paper Blanket'),
('6e3a18c7-1047-42d8-9344-2601c91e82f2', '3:11', 'Tears Of The Siren'),
('6e3a18c7-1047-42d8-9344-2601c91e82f2', '2:09', 'Suffering Submarines'),
('6e3a18c7-1047-42d8-9344-2601c91e82f2', '3:18', 'Roiling The Panacea'),
('1f474169-b67d-4522-84f8-b87fdc46313b', '7:35', 'Yerusha (Original Mix)'),
('5f6057f3-2c9c-484e-877e-78bcdcbeb50b', '2:30', 'Love And Loneliness'),
('5f6057f3-2c9c-484e-877e-78bcdcbeb50b', '2:30', 'Time For Make Up'),
('a33edcb6-1732-4d6b-8a76-d3aea9699391', '2:30', 'Youre Invited (But Your Friend Cant Come)'),
('a33edcb6-1732-4d6b-8a76-d3aea9699391', '2:30', 'Wild Thing'),
('a33edcb6-1732-4d6b-8a76-d3aea9699391', '2:30', 'Stone Cold Crazy'),
('a33edcb6-1732-4d6b-8a76-d3aea9699391', '2:30', 'Mama Said Knock You Out'),
('a33edcb6-1732-4d6b-8a76-d3aea9699391', '2:30', 'You Turn Me On'),
('a33edcb6-1732-4d6b-8a76-d3aea9699391', '2:30', 'Treaty (Filthy Lucre Radio Mix)'),
('a33edcb6-1732-4d6b-8a76-d3aea9699391', '2:30', 'Feed The Monkey'),
('a33edcb6-1732-4d6b-8a76-d3aea9699391', '2:30', 'Wooly Bully'),
('a33edcb6-1732-4d6b-8a76-d3aea9699391', '2:30', 'Frankenstein'),
('a33edcb6-1732-4d6b-8a76-d3aea9699391', '2:30', 'Young And Dumb'),
('a33edcb6-1732-4d6b-8a76-d3aea9699391', '2:30', 'Whyd You Want Me'),
('a33edcb6-1732-4d6b-8a76-d3aea9699391', '2:30', 'Get The Hell Out Of Here'),
('a33edcb6-1732-4d6b-8a76-d3aea9699391', '2:30', 'Leave My Curl Alone'),
('a33edcb6-1732-4d6b-8a76-d3aea9699391', '2:30', 'Luxury Cruiser'),
('a33edcb6-1732-4d6b-8a76-d3aea9699391', '2:30', 'Cool Hand Loc'),
('20596847-e7cd-44c9-bd2c-13df09bdbcdc', '2:30', 'Tiger Rag'),
('20596847-e7cd-44c9-bd2c-13df09bdbcdc', '2:30', 'The Faithful Hussar'),
('20596847-e7cd-44c9-bd2c-13df09bdbcdc', '2:30', 'Back O Town Blues'),
('20596847-e7cd-44c9-bd2c-13df09bdbcdc', '2:30', 'Mack The Knife (Mackie Messer) (From The Threepenny Opera)'),
('f1efa4c7-03fd-41b7-b394-7eee9b97526b', '2:20', 'Spinnin Top'),
('f1efa4c7-03fd-41b7-b394-7eee9b97526b', '2:30', 'Anyone Who Had A Heart'),
('9d23ca74-12db-414a-a6fa-fc650bdca8e1', '3:37', 'Sweetness'),
('04d0a240-5a38-4031-af71-4a9b5789a5e1', '4:34', 'Petite Planète'),
('04d0a240-5a38-4031-af71-4a9b5789a5e1', '5:50', 'Breizh-Zion'),
('04d0a240-5a38-4031-af71-4a9b5789a5e1', '5:00', 'Petite Piaule Créole'),
('04d0a240-5a38-4031-af71-4a9b5789a5e1', '4:42', 'Kana Diskan'),
('04d0a240-5a38-4031-af71-4a9b5789a5e1', '4:20', 'Deep African Roots'),
('04d0a240-5a38-4031-af71-4a9b5789a5e1', '5:58', 'Sans Interférences'),
('04d0a240-5a38-4031-af71-4a9b5789a5e1', '6:07', 'Sense'),
('04d0a240-5a38-4031-af71-4a9b5789a5e1', '4:19', 'Hirochirak'),
('04d0a240-5a38-4031-af71-4a9b5789a5e1', '4:32', 'Tchatche Est Bonne'),
('04d0a240-5a38-4031-af71-4a9b5789a5e1', '5:38', 'À La Tienne'),
('04d0a240-5a38-4031-af71-4a9b5789a5e1', '5:31', 'Commissariat'),
('04d0a240-5a38-4031-af71-4a9b5789a5e1', '17:21', 'J-M'),
('c4096606-98dd-4e46-9a65-158b123d2310', '3:36', 'Still Pretty Nice'),
('c4096606-98dd-4e46-9a65-158b123d2310', '3:06', 'Right Here, Right Now'),
('5791df94-d573-46f7-b5f0-a17c0a20ee0c', '7:48', 'Silicon Drift'),
('5791df94-d573-46f7-b5f0-a17c0a20ee0c', '8:01', 'Silicon Drift (Roman Fluegel Remix)'),
('5791df94-d573-46f7-b5f0-a17c0a20ee0c', '6:58', 'Silicon Drift (Dapayk Remix)'),
('a1c034c3-0c39-422b-be7a-2affe420fcd5', '2:30', '(Im Your) Puppet On A String'),
('a1c034c3-0c39-422b-be7a-2affe420fcd5', '2:30', 'One Less Bell To Answer'),
('a1c034c3-0c39-422b-be7a-2affe420fcd5', '2:30', 'Bridge Over Troubled Water'),
('a1c034c3-0c39-422b-be7a-2affe420fcd5', '2:30', 'Wedding Bell Blues'),
('a1c034c3-0c39-422b-be7a-2affe420fcd5', '2:30', 'Love (Can Make You Happy)'),
('a1c034c3-0c39-422b-be7a-2affe420fcd5', '2:30', 'Cherish'),
('a1c034c3-0c39-422b-be7a-2affe420fcd5', '2:30', 'Love, Patience And Understanding'),
('a1c034c3-0c39-422b-be7a-2affe420fcd5', '2:30', 'One Fine Day'),
('a1c034c3-0c39-422b-be7a-2affe420fcd5', '2:30', 'Youre All I Need (To Get By)'),
('2f340fc8-905c-4694-949e-e0be03965963', '2:30', 'Et Maintenant Je Lui Appartiens... '),
('2f340fc8-905c-4694-949e-e0be03965963', '2:30', 'Je Me Dresse Devant Le Trône... '),
('2f340fc8-905c-4694-949e-e0be03965963', '2:30', 'Si Le Sommeil De Ma Raison Se Fait... '),
('2f340fc8-905c-4694-949e-e0be03965963', '2:30', ' Il Ny A Pas De Repos Ni Le Jour Ni La Nuit... '),
('392320e9-365c-4f3e-b9a8-6134801b7128', '4:30', 'Happy Holidays To You '),
('392320e9-365c-4f3e-b9a8-6134801b7128', '5:09', 'Try And Make It Better'),
('5dbce0b9-4455-42d8-82af-5ac53db39564', '6:35', 'Loco'),
('d3ac92ba-bf5a-44df-af4c-69f8784ba320', '3:14', 'Sex Ed'),
('2006622a-ccb4-4256-9718-692df99a2557', '2:30', 'Fear A Bhata (Oh! My Boatman)'),
('2006622a-ccb4-4256-9718-692df99a2557', '2:30', 'A Cur Nan Gobhar As A Chreig (Herding The Goats From The Rocks)'),
('c86b16a4-07bd-402a-b94e-25770bafbb56', '7:27', 'No, Non Mi Scorderò Mai (Non, Je NAi Rien Oublié)'),
('c86b16a4-07bd-402a-b94e-25770bafbb56', '3:50', 'Sei Tornato A Casa Tua'),
('c86b16a4-07bd-402a-b94e-25770bafbb56', '3:25', 'E Di Amare Te (De TAvoir Aimée)'),
('c86b16a4-07bd-402a-b94e-25770bafbb56', '4:16', 'Tutto '),
('c86b16a4-07bd-402a-b94e-25770bafbb56', '3:50', 'Chi Sono Io'),
('c86b16a4-07bd-402a-b94e-25770bafbb56', '3:43', 'Vendetta'),
('c86b16a4-07bd-402a-b94e-25770bafbb56', '4:20', 'LIndifferenza'),
('c86b16a4-07bd-402a-b94e-25770bafbb56', '3:00', 'I Colori Di Dicembre'),
('c86b16a4-07bd-402a-b94e-25770bafbb56', '4:00', 'È Colpa Mia'),
('c86b16a4-07bd-402a-b94e-25770bafbb56', '3:09', 'Lassame Sta'),
('c86b16a4-07bd-402a-b94e-25770bafbb56', '3:59', 'Ti Lasci Andare (Tu Te Laisses Aller)'),
('ad867f22-1b58-4fd9-8f4b-ca9210856cdd', '3:48', 'Gracias Por La Musica = Thank You For The Music'),
('ad867f22-1b58-4fd9-8f4b-ca9210856cdd', '3:50', 'Reina Danzante = Dancing Queen'),
('ad867f22-1b58-4fd9-8f4b-ca9210856cdd', '4:05', 'Al Andar = Move On'),
('ad867f22-1b58-4fd9-8f4b-ca9210856cdd', '4:45', 'Dame! Dame! Dame! = Gimme! Gimme! Gimme!'),
('ad867f22-1b58-4fd9-8f4b-ca9210856cdd', '4:15', 'Fernando'),
('ad867f22-1b58-4fd9-8f4b-ca9210856cdd', '4:44', 'Estoy Soñando = I Have A Dream'),
('ad867f22-1b58-4fd9-8f4b-ca9210856cdd', '3:32', 'Mamma Mia'),
('ad867f22-1b58-4fd9-8f4b-ca9210856cdd', '3:05', 'Hasta Mañana'),
('ad867f22-1b58-4fd9-8f4b-ca9210856cdd', '4:02', 'Conociendome, Conociendote = Knowing Me, Knowing You'),
('ad867f22-1b58-4fd9-8f4b-ca9210856cdd', '5:26', 'Chiquitita'),
('c7ea850f-5cfe-475d-b48f-c2420d8f7600', '5:12', 'Thank You Lord'),
('c7ea850f-5cfe-475d-b48f-c2420d8f7600', '3:15', 'Meinst Du Wirklich'),
('c7ea850f-5cfe-475d-b48f-c2420d8f7600', '5:56', 'Sound Of Loneliness'),
('c7ea850f-5cfe-475d-b48f-c2420d8f7600', '4:03', 'Tausend Jahre'),
('c7ea850f-5cfe-475d-b48f-c2420d8f7600', '7:35', 'Kreislauf'),
('c7ea850f-5cfe-475d-b48f-c2420d8f7600', '3:50', 'Im So Very Suprised'),
('c7ea850f-5cfe-475d-b48f-c2420d8f7600', '2:54', 'Gibts Denn Niemand'),
('c7ea850f-5cfe-475d-b48f-c2420d8f7600', '3:50', 'Amazing Grace'),
('740c05e4-7cf8-414c-8248-347f761eb594', '7:20', 'Step Off'),
('740c05e4-7cf8-414c-8248-347f761eb594', '7:12', 'Step Off (Instrumental)'),
('2c5a4a77-7304-4231-a3c3-c1d600e853e2', '2:30', 'Videos'),
('2c5a4a77-7304-4231-a3c3-c1d600e853e2', '2:30', 'Metal Thrashing Mad (Live In Germany)'),
('2c5a4a77-7304-4231-a3c3-c1d600e853e2', '2:30', 'Madhouse'),
('2c5a4a77-7304-4231-a3c3-c1d600e853e2', '2:30', 'Indians'),
('2c5a4a77-7304-4231-a3c3-c1d600e853e2', '2:30', 'Armed And Dangerous (Live In London)'),
('2c5a4a77-7304-4231-a3c3-c1d600e853e2', '2:30', 'Among The Living (Live In London)'),
('2c5a4a77-7304-4231-a3c3-c1d600e853e2', '2:30', 'Caught In A Mosh (Live In London)'),
('2c5a4a77-7304-4231-a3c3-c1d600e853e2', '2:30', 'I Am The Law'),
('2c5a4a77-7304-4231-a3c3-c1d600e853e2', '2:30', 'Im The Man'),
('2c5a4a77-7304-4231-a3c3-c1d600e853e2', '2:30', 'Who Cares Wins'),
('2c5a4a77-7304-4231-a3c3-c1d600e853e2', '2:30', 'Belly Of The Beast'),
('2c5a4a77-7304-4231-a3c3-c1d600e853e2', '2:30', 'Got The Time'),
('2c5a4a77-7304-4231-a3c3-c1d600e853e2', '2:30', 'In My World'),
('2c5a4a77-7304-4231-a3c3-c1d600e853e2', '2:30', 'Bring Tha Noize'),
('2c5a4a77-7304-4231-a3c3-c1d600e853e2', '2:30', 'Bonus'),
('2c5a4a77-7304-4231-a3c3-c1d600e853e2', '2:30', 'Madhouse (MTV Version)'),
('2c5a4a77-7304-4231-a3c3-c1d600e853e2', '2:30', 'Im The Man (Live Montage)'),
('2c5a4a77-7304-4231-a3c3-c1d600e853e2', '2:30', 'Band Video Commentary'),
('e3b69620-105b-4aaf-889f-f14b06f76b40', '6:15', 'One More Day'),
('e3b69620-105b-4aaf-889f-f14b06f76b40', '5:16', 'Another Man Down'),
('e3b69620-105b-4aaf-889f-f14b06f76b40', '4:35', 'An Empty Shell'),
('e3b69620-105b-4aaf-889f-f14b06f76b40', '5:14', 'Hard Rains Coming'),
('e3b69620-105b-4aaf-889f-f14b06f76b40', '5:38', 'Half Past Loneliness'),
('e3b69620-105b-4aaf-889f-f14b06f76b40', '10:05', 'Show Me How To Live'),
('e3b69620-105b-4aaf-889f-f14b06f76b40', '5:11', 'Angels Gone'),
('08fbf1ec-c840-4518-87eb-eedd1a373644', '3:58', 'Cómo Será'),
('b749093a-a3ef-4752-9bd4-9e51f639d674', '7:04', 'Around The Sun (Dan Stone Remix)'),
('b749093a-a3ef-4752-9bd4-9e51f639d674', '6:09', 'Around The Sun (LTN Remix)'),
('b749093a-a3ef-4752-9bd4-9e51f639d674', '6:08', 'Around The Sun (Funtom Cruisers Remix)'),
('e7c67a52-f46c-4ba3-8cf6-dedf99cacb02', '1:45', 'Intro'),
('e7c67a52-f46c-4ba3-8cf6-dedf99cacb02', '3:55', 'Slaughtered In Darkness'),
('e7c67a52-f46c-4ba3-8cf6-dedf99cacb02', '4:36', 'Anti-Human Devotion'),
('e7c67a52-f46c-4ba3-8cf6-dedf99cacb02', '4:21', 'Ravaged By Venom'),
('e7c67a52-f46c-4ba3-8cf6-dedf99cacb02', '4:12', 'Vomit On Heaven'),
('e7c67a52-f46c-4ba3-8cf6-dedf99cacb02', '4:25', 'We Watch You Rot'),
('e7c67a52-f46c-4ba3-8cf6-dedf99cacb02', '3:56', 'Hellish Violence'),
('e7c67a52-f46c-4ba3-8cf6-dedf99cacb02', '4:26', 'Raping Christian Blood'),
('e7c67a52-f46c-4ba3-8cf6-dedf99cacb02', '0:53', 'Outro'),
('1bb84701-b70f-4f06-a5f9-1e49926ee9d7', '2:30', 'Moonman'),
('1bb84701-b70f-4f06-a5f9-1e49926ee9d7', '2:30', 'Moonman (Gantz Remix)'),
('a07dc1a0-2da6-4e6f-b8fc-b526a8690482', '5:20', 'Radiant'),
('a07dc1a0-2da6-4e6f-b8fc-b526a8690482', '5:43', 'Approaching Perigee'),
('a07dc1a0-2da6-4e6f-b8fc-b526a8690482', '6:00', '6.15 Am'),
('a07dc1a0-2da6-4e6f-b8fc-b526a8690482', '3:40', 'Chrome Skin'),
('a07dc1a0-2da6-4e6f-b8fc-b526a8690482', '5:45', 'Conduit'),
('a07dc1a0-2da6-4e6f-b8fc-b526a8690482', '3:36', 'Emerald Veil'),
('a07dc1a0-2da6-4e6f-b8fc-b526a8690482', '6:15', 'Serendipity'),
('a07dc1a0-2da6-4e6f-b8fc-b526a8690482', '5:37', 'Freespace'),
('a07dc1a0-2da6-4e6f-b8fc-b526a8690482', '4:46', 'On Hold'),
('d6dd71c5-a3cb-42c2-8cc0-69fa55532de8', '2:30', 'Il Boat Del Mambo'),
('d6dd71c5-a3cb-42c2-8cc0-69fa55532de8', '2:30', 'Thank You (For Being You)'),
('d6dd71c5-a3cb-42c2-8cc0-69fa55532de8', '2:30', 'Loving You'),
('d6dd71c5-a3cb-42c2-8cc0-69fa55532de8', '2:30', 'You Are My Fantasy'),
('d6dd71c5-a3cb-42c2-8cc0-69fa55532de8', '2:30', 'Thats What They Call Love'),
('d6dd71c5-a3cb-42c2-8cc0-69fa55532de8', '2:30', 'Il Boat Del Mambo (Strumentale)'),
('d6dd71c5-a3cb-42c2-8cc0-69fa55532de8', '2:30', 'Sogni Doro'),
('d6dd71c5-a3cb-42c2-8cc0-69fa55532de8', '2:30', 'Take Me In Your Arms'),
('d6dd71c5-a3cb-42c2-8cc0-69fa55532de8', '2:30', 'Love Is'),
('d6dd71c5-a3cb-42c2-8cc0-69fa55532de8', '2:30', 'Something Special'),
('d6dd71c5-a3cb-42c2-8cc0-69fa55532de8', '2:30', 'Cin Cin'),
('c1c0568b-9010-425c-8eb9-6811e582fd07', '2:30', 'Sign "☮" The Times'),
('c1c0568b-9010-425c-8eb9-6811e582fd07', '2:30', 'Play In The Sunshine'),
('c1c0568b-9010-425c-8eb9-6811e582fd07', '2:30', 'Little Red Corvette'),
('c1c0568b-9010-425c-8eb9-6811e582fd07', '2:30', 'Housequake'),
('c1c0568b-9010-425c-8eb9-6811e582fd07', '2:30', 'Slow Love'),
('c1c0568b-9010-425c-8eb9-6811e582fd07', '2:30', 'I Could Never Take The Place Of Your Man'),
('c1c0568b-9010-425c-8eb9-6811e582fd07', '2:30', 'Hot Thing'),
('c1c0568b-9010-425c-8eb9-6811e582fd07', '2:30', 'Nows The Time'),
('c1c0568b-9010-425c-8eb9-6811e582fd07', '2:30', 'U Got The Look'),
('c1c0568b-9010-425c-8eb9-6811e582fd07', '2:30', 'If I Was Your Girlfriend'),
('c1c0568b-9010-425c-8eb9-6811e582fd07', '2:30', 'Forever In My Life'),
('c1c0568b-9010-425c-8eb9-6811e582fd07', '2:30', 'Its Gonna Be A Beautiful Night'),
('c1c0568b-9010-425c-8eb9-6811e582fd07', '2:30', 'The Cross'),
('9925a3f9-1eba-4394-a5b6-7f4eec55944d', '2:30', 'Aliens'),
('9925a3f9-1eba-4394-a5b6-7f4eec55944d', '2:30', 'No Return'),
('9925a3f9-1eba-4394-a5b6-7f4eec55944d', '2:30', ''),
('9925a3f9-1eba-4394-a5b6-7f4eec55944d', '2:30', ''),
('0ef8e5a2-7a17-48e9-bd1a-fc30d53819a0', '3:26', 'O Voskos'),
('0ef8e5a2-7a17-48e9-bd1a-fc30d53819a0', '3:38', 'Fig For A Kiss / The Butterfly / Drwosy Maggie'),
('0ef8e5a2-7a17-48e9-bd1a-fc30d53819a0', '4:13', 'The War & Peace Set: Otan Mou Eipen / Ma Na Vu'),
('0ef8e5a2-7a17-48e9-bd1a-fc30d53819a0', '4:51', 'The Celtic Sonata: The Star Of Munster / Cremonea / Glenlivet'),
('0ef8e5a2-7a17-48e9-bd1a-fc30d53819a0', '6:44', 'La Rosa Enflorece / To Rinaki'),
('0ef8e5a2-7a17-48e9-bd1a-fc30d53819a0', '3:07', 'When I Open My Eyes'),
('0ef8e5a2-7a17-48e9-bd1a-fc30d53819a0', '5:18', 'The Sea Set: Arran Boat / Thalassaki Mou'),
('0ef8e5a2-7a17-48e9-bd1a-fc30d53819a0', '6:09', 'The Love Set: Yo MEnamori DUn Aire'),
('0ef8e5a2-7a17-48e9-bd1a-fc30d53819a0', '3:34', 'The Cathedral Set: Lo Yisa Goi / Kol HanShamah / Ablakomba'),
('0ef8e5a2-7a17-48e9-bd1a-fc30d53819a0', '2:04', 'The Teasing Set: Carifalia / Mia Papadia'),
('0ef8e5a2-7a17-48e9-bd1a-fc30d53819a0', '3:13', 'Chi Mi Na Morbheanna'),
('0ef8e5a2-7a17-48e9-bd1a-fc30d53819a0', '3:24', 'Grainnes Set: Flying To The Fleadh / Glass Of Beer'),
('0ef8e5a2-7a17-48e9-bd1a-fc30d53819a0', '3:31', 'The Holy Trinity: Wayfaring Stranger / Rosa Das Rosas / Sinner Man'),
('10b699f7-0c18-4e3c-b2b7-28bb15d0d144', '3:22', 'Stenka Rasin'),
('10b699f7-0c18-4e3c-b2b7-28bb15d0d144', '3:34', 'Gesang Der Wolgaschiffer'),
('10b699f7-0c18-4e3c-b2b7-28bb15d0d144', '2:36', 'Abendglocken'),
('10b699f7-0c18-4e3c-b2b7-28bb15d0d144', '4:58', 'Die Legende Von Den 12 Räubern'),
('10b699f7-0c18-4e3c-b2b7-28bb15d0d144', '3:10', 'Eintönig Klingt Das Glöckchen'),
('10b699f7-0c18-4e3c-b2b7-28bb15d0d144', '4:57', 'Meine Glocken, Meine Steppenblümchen'),
('10b699f7-0c18-4e3c-b2b7-28bb15d0d144', '6:10', 'Te Deum'),
('10b699f7-0c18-4e3c-b2b7-28bb15d0d144', '5:30', 'Möge Mein Gebet Dir Wohlgefallen'),
('10b699f7-0c18-4e3c-b2b7-28bb15d0d144', '1:47', 'Vater Unser'),
('10b699f7-0c18-4e3c-b2b7-28bb15d0d144', '4:46', 'Gesegnet Sei Der Mann'),
('10b699f7-0c18-4e3c-b2b7-28bb15d0d144', '3:49', 'Credo'),
('10b699f7-0c18-4e3c-b2b7-28bb15d0d144', '2:46', 'Ich Bete An Die Macht Der Liebe'),
('10b699f7-0c18-4e3c-b2b7-28bb15d0d144', '3:44', 'Moskauer Troika'),
('10b699f7-0c18-4e3c-b2b7-28bb15d0d144', '2:25', 'Über Den Feldern'),
('10b699f7-0c18-4e3c-b2b7-28bb15d0d144', '5:39', 'Ein Großes Dorf Liegt Dort Am Wege'),
('10b699f7-0c18-4e3c-b2b7-28bb15d0d144', '3:53', 'Mädchen Vom Dnjepr'),
('10b699f7-0c18-4e3c-b2b7-28bb15d0d144', '2:29', 'Casatschok'),
('10b699f7-0c18-4e3c-b2b7-28bb15d0d144', '2:30', 'Wladi-Casatschok'),
('10b699f7-0c18-4e3c-b2b7-28bb15d0d144', '2:12', 'Banditen-Tango (Murka)'),
('10b699f7-0c18-4e3c-b2b7-28bb15d0d144', '2:16', 'Moskauer Nächte'),
('10b699f7-0c18-4e3c-b2b7-28bb15d0d144', '3:33', 'Dolchtanz'),
('10b699f7-0c18-4e3c-b2b7-28bb15d0d144', '2:33', 'Gori, Gori'),
('10b699f7-0c18-4e3c-b2b7-28bb15d0d144', '2:52', 'Syp, Simeon'),
('10b699f7-0c18-4e3c-b2b7-28bb15d0d144', '3:07', 'Gaspodi Pomikij'),
('10b699f7-0c18-4e3c-b2b7-28bb15d0d144', '4:08', 'Suliko'),
('10b699f7-0c18-4e3c-b2b7-28bb15d0d144', '3:11', 'Ize Cheruvimy'),
('10b699f7-0c18-4e3c-b2b7-28bb15d0d144', '3:25', 'Zeplionok'),
('10b699f7-0c18-4e3c-b2b7-28bb15d0d144', '3:11', 'Nynje Otpuschtschajeschy'),
('10b699f7-0c18-4e3c-b2b7-28bb15d0d144', '2:42', 'Strassen-Romanzen'),
('10b699f7-0c18-4e3c-b2b7-28bb15d0d144', '2:16', 'Gospodi Wozzwach'),
('10b699f7-0c18-4e3c-b2b7-28bb15d0d144', '2:55', 'Die Steppe'),
('10b699f7-0c18-4e3c-b2b7-28bb15d0d144', '3:03', 'Otce Nasch Vater Unser'),
('a09ef4a7-c539-4a13-b2ba-bce45621cf0b', '2:30', 'Well Balanced (Special Radio Edit)'),
('a09ef4a7-c539-4a13-b2ba-bce45621cf0b', '2:30', 'Well Balanced '),
('a09ef4a7-c539-4a13-b2ba-bce45621cf0b', '2:30', 'Chief White Bear´s Trance Dance (Special Radio Edit)'),
('a09ef4a7-c539-4a13-b2ba-bce45621cf0b', '2:30', 'Chief White Bear´s Trance Dance'),
('743104da-38ff-45f7-a50a-9868ef7f50d5', '2:30', 'Teen Taal (16 Beats)'),
('743104da-38ff-45f7-a50a-9868ef7f50d5', '2:30', 'Dadra (6 Beats)'),
('743104da-38ff-45f7-a50a-9868ef7f50d5', '2:30', 'Roopak (7 Beats)'),
('743104da-38ff-45f7-a50a-9868ef7f50d5', '2:30', 'Ik Tala (11 Beats)'),
('743104da-38ff-45f7-a50a-9868ef7f50d5', '2:30', 'Gat Torha (16 Beats)'),
('743104da-38ff-45f7-a50a-9868ef7f50d5', '2:30', 'Dhammar (14 Beats)'),
('743104da-38ff-45f7-a50a-9868ef7f50d5', '2:30', 'Sol Fakhta (5 Beats)'),
('743104da-38ff-45f7-a50a-9868ef7f50d5', '2:30', 'Kehrwa (4 Beats)'),
('4ce3255e-7b2e-4ebd-8ced-1def84e5f7b0', '2:30', 'Hey Love'),
('4ce3255e-7b2e-4ebd-8ced-1def84e5f7b0', '2:30', 'Ive Got Dancing Fever'),
('e230ed10-1ec7-4b37-9f8e-1356fa563a0e', '2:30', 'Live At Wiesenhaus 22/10/2011, Totenkopf Side'),
('e230ed10-1ec7-4b37-9f8e-1356fa563a0e', '2:30', 'Till The Living Flesh Is Burned'),
('e230ed10-1ec7-4b37-9f8e-1356fa563a0e', '2:30', 'Bring In The Night'),
('e230ed10-1ec7-4b37-9f8e-1356fa563a0e', '2:30', 'Ku Ku Ku'),
('e230ed10-1ec7-4b37-9f8e-1356fa563a0e', '2:30', 'Luthers Army'),
('e230ed10-1ec7-4b37-9f8e-1356fa563a0e', '2:30', 'Symbols Of The Sun'),
('e230ed10-1ec7-4b37-9f8e-1356fa563a0e', '2:30', 'Death Is The Martyr Of Beauty'),
('e230ed10-1ec7-4b37-9f8e-1356fa563a0e', '2:30', 'Peaceful Snow'),
('e230ed10-1ec7-4b37-9f8e-1356fa563a0e', '2:30', 'Kameradschaft'),
('e230ed10-1ec7-4b37-9f8e-1356fa563a0e', '2:30', 'The Honour Of Silence'),
('e230ed10-1ec7-4b37-9f8e-1356fa563a0e', '2:30', 'The Golden Wedding Of Sorrow'),
('e230ed10-1ec7-4b37-9f8e-1356fa563a0e', '2:30', 'Wolf Rose'),
('e230ed10-1ec7-4b37-9f8e-1356fa563a0e', '2:30', 'Giddy Giddy Carousel'),
('e230ed10-1ec7-4b37-9f8e-1356fa563a0e', '2:30', 'Come Before Christ And Murder Love'),
('e230ed10-1ec7-4b37-9f8e-1356fa563a0e', '2:30', 'All Pigs Must Die'),
('e230ed10-1ec7-4b37-9f8e-1356fa563a0e', '2:30', 'Fields Of Rape'),
('e230ed10-1ec7-4b37-9f8e-1356fa563a0e', '2:30', 'Live At Wiesenhaus 22/10/2011, Whiphand Side'),
('e230ed10-1ec7-4b37-9f8e-1356fa563a0e', '2:30', 'Death Of The West'),
('e230ed10-1ec7-4b37-9f8e-1356fa563a0e', '2:30', 'Leopard Flowers'),
('e230ed10-1ec7-4b37-9f8e-1356fa563a0e', '2:30', 'To Drown A Rose'),
('e230ed10-1ec7-4b37-9f8e-1356fa563a0e', '2:30', 'Rocking Horse Night'),
('e230ed10-1ec7-4b37-9f8e-1356fa563a0e', '2:30', 'Good Mourning Sun'),
('e230ed10-1ec7-4b37-9f8e-1356fa563a0e', '2:30', 'Hollows Of Devotion'),
('e230ed10-1ec7-4b37-9f8e-1356fa563a0e', '2:30', 'But, What Ends The Symbols Shatter?'),
('e230ed10-1ec7-4b37-9f8e-1356fa563a0e', '2:30', ' She Said Destroy'),
('e230ed10-1ec7-4b37-9f8e-1356fa563a0e', '2:30', 'Little Black Angel'),
('e230ed10-1ec7-4b37-9f8e-1356fa563a0e', '2:30', 'Fall Apart'),
('e230ed10-1ec7-4b37-9f8e-1356fa563a0e', '2:30', 'Runes And Men'),
('e230ed10-1ec7-4b37-9f8e-1356fa563a0e', '2:30', 'Rose Clouds Of Deutsche Bollocks'),
('e230ed10-1ec7-4b37-9f8e-1356fa563a0e', '2:30', 'Heaven Street'),
('e230ed10-1ec7-4b37-9f8e-1356fa563a0e', '2:30', 'Cest Un Rêve'),
('e230ed10-1ec7-4b37-9f8e-1356fa563a0e', '2:30', 'Live At Bug Club – Athens - 21/05/1999'),
('e230ed10-1ec7-4b37-9f8e-1356fa563a0e', '2:30', 'Bring In The Night'),
('e230ed10-1ec7-4b37-9f8e-1356fa563a0e', '2:30', 'Only Europa Knows'),
('e230ed10-1ec7-4b37-9f8e-1356fa563a0e', '2:30', 'Despair'),
('e230ed10-1ec7-4b37-9f8e-1356fa563a0e', '2:30', 'Little Blue Butterfly'),
('e230ed10-1ec7-4b37-9f8e-1356fa563a0e', '2:30', 'The Bunker'),
('e230ed10-1ec7-4b37-9f8e-1356fa563a0e', '2:30', 'Death Of A Man'),
('e230ed10-1ec7-4b37-9f8e-1356fa563a0e', '2:30', 'Smashed To Bits'),
('e230ed10-1ec7-4b37-9f8e-1356fa563a0e', '2:30', 'Little Black Angel'),
('e230ed10-1ec7-4b37-9f8e-1356fa563a0e', '3:19', 'Death Of The West'),
('e230ed10-1ec7-4b37-9f8e-1356fa563a0e', '2:30', 'To Drown A Rose'),
('e230ed10-1ec7-4b37-9f8e-1356fa563a0e', '2:30', 'Kameradschaft'),
('e230ed10-1ec7-4b37-9f8e-1356fa563a0e', '2:30', 'Giddy Giddy Carousel'),
('e230ed10-1ec7-4b37-9f8e-1356fa563a0e', '2:30', 'Runes And Men'),
('e230ed10-1ec7-4b37-9f8e-1356fa563a0e', '2:30', 'Rose Clouds Of Holocaust'),
('e230ed10-1ec7-4b37-9f8e-1356fa563a0e', '2:30', 'Symbols Of The Sun'),
('e230ed10-1ec7-4b37-9f8e-1356fa563a0e', '2:30', 'Fall Apart'),
('e230ed10-1ec7-4b37-9f8e-1356fa563a0e', '2:30', 'Leopard Flowers'),
('e230ed10-1ec7-4b37-9f8e-1356fa563a0e', '2:30', 'Fields Of Rape'),
('e230ed10-1ec7-4b37-9f8e-1356fa563a0e', '2:30', 'Cest Un Reve'),
('e230ed10-1ec7-4b37-9f8e-1356fa563a0e', '2:30', 'Heaven Street'),
('e230ed10-1ec7-4b37-9f8e-1356fa563a0e', '2:30', 'Total War'),
('e230ed10-1ec7-4b37-9f8e-1356fa563a0e', '10:47', 'Total War - Live In Dresden 2012'),
('e230ed10-1ec7-4b37-9f8e-1356fa563a0e', '3:45', 'Total War - Live In Brest 2002'),
('e230ed10-1ec7-4b37-9f8e-1356fa563a0e', '5:04', 'Total War - Live In Osaka 1989'),
('e230ed10-1ec7-4b37-9f8e-1356fa563a0e', '2:30', 'Live 1985 - 2013 '),
('e230ed10-1ec7-4b37-9f8e-1356fa563a0e', '24:37', 'Live In The Hague - 1985'),
('e230ed10-1ec7-4b37-9f8e-1356fa563a0e', '26:57', 'Live In Montreal - 2013'),
('e230ed10-1ec7-4b37-9f8e-1356fa563a0e', '2:30', 'Live 1988-1991'),
('e230ed10-1ec7-4b37-9f8e-1356fa563a0e', '2:30', 'Tree'),
('e230ed10-1ec7-4b37-9f8e-1356fa563a0e', '2:30', 'Happy Birthday'),
('e230ed10-1ec7-4b37-9f8e-1356fa563a0e', '2:30', 'The Death Of The Corn'),
('e230ed10-1ec7-4b37-9f8e-1356fa563a0e', '2:30', 'Earth Covers Earth'),
('e230ed10-1ec7-4b37-9f8e-1356fa563a0e', '2:30', 'Black Flowers Please'),
('e230ed10-1ec7-4b37-9f8e-1356fa563a0e', '2:30', 'Oh Coal Black Smith'),
('e230ed10-1ec7-4b37-9f8e-1356fa563a0e', '2:30', 'Summer Of Love'),
('e230ed10-1ec7-4b37-9f8e-1356fa563a0e', '2:30', 'Be'),
('e230ed10-1ec7-4b37-9f8e-1356fa563a0e', '2:30', 'Black Sun Bloody Moon'),
('e230ed10-1ec7-4b37-9f8e-1356fa563a0e', '2:30', 'Hooves'),
('e230ed10-1ec7-4b37-9f8e-1356fa563a0e', '2:30', 'Horsey'),
('e230ed10-1ec7-4b37-9f8e-1356fa563a0e', '2:30', 'They Returned To Their Hearth'),
('e230ed10-1ec7-4b37-9f8e-1356fa563a0e', '2:30', 'Since Yesterday '),
('e230ed10-1ec7-4b37-9f8e-1356fa563a0e', '2:30', 'Since Yesterday'),
('e230ed10-1ec7-4b37-9f8e-1356fa563a0e', '2:30', 'Christ And The Pale Queens Mighty In Sorrow (Excerpt)'),
('e230ed10-1ec7-4b37-9f8e-1356fa563a0e', '2:30', 'Happy Birthday Pigface Christus'),
('e230ed10-1ec7-4b37-9f8e-1356fa563a0e', '2:30', '(This Aint) The Summer Of Love'),
('e230ed10-1ec7-4b37-9f8e-1356fa563a0e', '2:30', 'Messages From God'),
('e230ed10-1ec7-4b37-9f8e-1356fa563a0e', '2:30', 'Nylon Coverin Body Smotherin '),
('e230ed10-1ec7-4b37-9f8e-1356fa563a0e', '12:15', 'Nylon Coverin Body Smotherin'),
('e230ed10-1ec7-4b37-9f8e-1356fa563a0e', '6:23', 'The Great In The Small'),
('e230ed10-1ec7-4b37-9f8e-1356fa563a0e', '1:46', 'A Token Sylvie And Babs Ditty Chicken In Drag'),
('e230ed10-1ec7-4b37-9f8e-1356fa563a0e', '7:00', 'Glory Hole'),
('e230ed10-1ec7-4b37-9f8e-1356fa563a0e', '9:43', 'Automating (Again)'),
('e230ed10-1ec7-4b37-9f8e-1356fa563a0e', '6:18', 'Well What Dya Know Henry?'),
('e2ed0bd7-6ba0-460d-a887-62be704aff9d', '2:30', '1,2,3'),
('e2ed0bd7-6ba0-460d-a887-62be704aff9d', '2:30', 'Make Your Move'),
('e2ed0bd7-6ba0-460d-a887-62be704aff9d', '2:30', 'Deja Voodoo'),
('e2ed0bd7-6ba0-460d-a887-62be704aff9d', '2:30', 'Save My Soul'),
('e2ed0bd7-6ba0-460d-a887-62be704aff9d', '2:30', 'Like A Dream'),
('e2ed0bd7-6ba0-460d-a887-62be704aff9d', '2:30', 'Passion'),
('e2ed0bd7-6ba0-460d-a887-62be704aff9d', '2:30', 'Paraiso'),
('e2ed0bd7-6ba0-460d-a887-62be704aff9d', '2:30', 'Cmon Cmon'),
('e2ed0bd7-6ba0-460d-a887-62be704aff9d', '2:30', 'Lamento'),
('e2ed0bd7-6ba0-460d-a887-62be704aff9d', '2:30', '3,2,1'),
('6f69e952-df82-4760-9ba5-b97d12890488', '2:09', 'Party-Party'),
('6f69e952-df82-4760-9ba5-b97d12890488', '2:00', 'Take Me Love'),
('0086daae-3e97-445e-8abe-4a9e5d9db0c8', '2:30', 'Beware The Witch Of Death'),
('0086daae-3e97-445e-8abe-4a9e5d9db0c8', '2:30', 'Levamisole'),
('0086daae-3e97-445e-8abe-4a9e5d9db0c8', '2:30', 'Night Of The Shit Creep'),
('0086daae-3e97-445e-8abe-4a9e5d9db0c8', '2:30', 'I Breed In The Swamp'),
('0086daae-3e97-445e-8abe-4a9e5d9db0c8', '2:30', 'Acid Brain'),
('04a38d25-92ac-4649-ac16-346c6c657750', '5:53', 'Tenderness'),
('04a38d25-92ac-4649-ac16-346c6c657750', '5:52', 'Lucid Flower'),
('04a38d25-92ac-4649-ac16-346c6c657750', '2:30', ''),
('04a38d25-92ac-4649-ac16-346c6c657750', '2:30', ''),
('dd90736e-38c4-41dd-ac8c-cb34824cca33', '1:38', 'Intro - Life Reborn'),
('dd90736e-38c4-41dd-ac8c-cb34824cca33', '4:17', 'You Had My Heart'),
('dd90736e-38c4-41dd-ac8c-cb34824cca33', '3:33', 'Walk You Through'),
('dd90736e-38c4-41dd-ac8c-cb34824cca33', '4:03', 'You Gotta Go'),
('dd90736e-38c4-41dd-ac8c-cb34824cca33', '4:05', 'Higher'),
('dd90736e-38c4-41dd-ac8c-cb34824cca33', '4:42', 'My Bird'),
('dd90736e-38c4-41dd-ac8c-cb34824cca33', '5:34', 'Can I Keep The Pictures? (2013 Version)'),
('dd90736e-38c4-41dd-ac8c-cb34824cca33', '3:28', '10 OClock'),
('dd90736e-38c4-41dd-ac8c-cb34824cca33', '5:03', 'My Love (2013 Version)'),
('dd90736e-38c4-41dd-ac8c-cb34824cca33', '4:29', 'Without You'),
('dd90736e-38c4-41dd-ac8c-cb34824cca33', '4:55', 'Je Suis Malade (2013 Version)'),
('c9427fb5-a26a-4893-aaeb-6de75773c260', '4:11', 'Higher And Higher'),
('c9427fb5-a26a-4893-aaeb-6de75773c260', '3:23', 'Eyes Of A Child, Part I'),
('c9427fb5-a26a-4893-aaeb-6de75773c260', '3:00', 'Floating'),
('c9427fb5-a26a-4893-aaeb-6de75773c260', '1:22', 'Eyes Of A Child, Part II'),
('c9427fb5-a26a-4893-aaeb-6de75773c260', '1:05', 'I Never Thought Id Live To Be A Hundred'),
('c9427fb5-a26a-4893-aaeb-6de75773c260', '2:58', 'Beyond'),
('c9427fb5-a26a-4893-aaeb-6de75773c260', '3:41', 'Out And In'),
('c9427fb5-a26a-4893-aaeb-6de75773c260', '3:33', 'Gypsy'),
('c9427fb5-a26a-4893-aaeb-6de75773c260', '4:18', 'Eternity Road'),
('c9427fb5-a26a-4893-aaeb-6de75773c260', '4:18', 'Candle Of Life'),
('c9427fb5-a26a-4893-aaeb-6de75773c260', '3:36', 'Sun Is Still Shining'),
('c9427fb5-a26a-4893-aaeb-6de75773c260', '0:33', 'I Never Thought Id Live To Be A Million'),
('c9427fb5-a26a-4893-aaeb-6de75773c260', '4:16', 'Watching And Waiting'),
('493c3688-bf4c-4374-9f2f-38e154d48adc', '2:30', 'Disco 1'),
('493c3688-bf4c-4374-9f2f-38e154d48adc', '2:30', 'Il Grande Leviatano'),
('493c3688-bf4c-4374-9f2f-38e154d48adc', '2:30', 'Loceano Oilalà'),
('493c3688-bf4c-4374-9f2f-38e154d48adc', '2:30', 'Pryntyl'),
('493c3688-bf4c-4374-9f2f-38e154d48adc', '2:30', 'Polpo DAmor'),
('493c3688-bf4c-4374-9f2f-38e154d48adc', '2:30', 'Lord Jim'),
('493c3688-bf4c-4374-9f2f-38e154d48adc', '2:30', 'La Bianchezza Della Balena'),
('493c3688-bf4c-4374-9f2f-38e154d48adc', '2:30', 'Billy Budd'),
('493c3688-bf4c-4374-9f2f-38e154d48adc', '2:30', 'I Fuochi Fatui'),
('493c3688-bf4c-4374-9f2f-38e154d48adc', '2:30', 'Job'),
('493c3688-bf4c-4374-9f2f-38e154d48adc', '2:30', 'La Lancia Del Pelide'),
('493c3688-bf4c-4374-9f2f-38e154d48adc', '2:30', 'Goliath'),
('493c3688-bf4c-4374-9f2f-38e154d48adc', '2:30', 'Vinocolo'),
('493c3688-bf4c-4374-9f2f-38e154d48adc', '2:30', 'Le Pleiadi'),
('493c3688-bf4c-4374-9f2f-38e154d48adc', '2:30', 'Aedo'),
('493c3688-bf4c-4374-9f2f-38e154d48adc', '2:30', 'La Madonna Delle Conchiglie'),
('493c3688-bf4c-4374-9f2f-38e154d48adc', '2:30', 'Calipso'),
('493c3688-bf4c-4374-9f2f-38e154d48adc', '2:30', 'Dimmi Tiresia'),
('493c3688-bf4c-4374-9f2f-38e154d48adc', '2:30', 'Nostos'),
('493c3688-bf4c-4374-9f2f-38e154d48adc', '2:30', 'Le Sirene'),
('c1d56a2f-6e11-4cae-90b5-7d2126098003', '2:36', 'Shuckin The Corn'),
('c1d56a2f-6e11-4cae-90b5-7d2126098003', '2:10', 'Foggy Mountain Breakdown'),
('c1d56a2f-6e11-4cae-90b5-7d2126098003', '2:47', 'Farewell Blues'),
('c1d56a2f-6e11-4cae-90b5-7d2126098003', '2:36', 'Dear Old Dixie'),
('c1d56a2f-6e11-4cae-90b5-7d2126098003', '2:48', 'Under The Double Eagle'),
('c1d56a2f-6e11-4cae-90b5-7d2126098003', '2:11', 'Banjoy'),
('c1d56a2f-6e11-4cae-90b5-7d2126098003', '2:17', 'Randy Lynn Rag'),
('c1d56a2f-6e11-4cae-90b5-7d2126098003', '2:38', 'Pair Of  Fives'),
('c1d56a2f-6e11-4cae-90b5-7d2126098003', '2:40', 'Nightcap'),
('c1d56a2f-6e11-4cae-90b5-7d2126098003', '3:16', 'Duelin Banjos'),
('47c8fa69-cb76-445d-a6b5-83ddb5ce2c08', '3:20', 'Panic!'),
('47c8fa69-cb76-445d-a6b5-83ddb5ce2c08', '4:01', 'Say It Again'),
('47c8fa69-cb76-445d-a6b5-83ddb5ce2c08', '4:12', 'Not Right Now'),
('47c8fa69-cb76-445d-a6b5-83ddb5ce2c08', '4:36', 'How It Has To Be'),
('47c8fa69-cb76-445d-a6b5-83ddb5ce2c08', '4:02', 'Less And Less'),
('47c8fa69-cb76-445d-a6b5-83ddb5ce2c08', '2:26', 'We Need To Talk'),
('47c8fa69-cb76-445d-a6b5-83ddb5ce2c08', '3:42', 'Trouble'),
('47c8fa69-cb76-445d-a6b5-83ddb5ce2c08', '6:16', 'We Wear The Mask'),
('47c8fa69-cb76-445d-a6b5-83ddb5ce2c08', '4:21', 'King For A Day'),
('47c8fa69-cb76-445d-a6b5-83ddb5ce2c08', '3:30', 'Its Been Done'),
('47c8fa69-cb76-445d-a6b5-83ddb5ce2c08', '3:59', 'You Know Seh Mr. Radics'),
('47c8fa69-cb76-445d-a6b5-83ddb5ce2c08', '6:55', 'Dub The Mask'),
('917caf14-1f1f-415f-8ea3-fc6d7bc0edf0', '3:36', 'Ulazak U Harem'),
('917caf14-1f1f-415f-8ea3-fc6d7bc0edf0', '5:30', 'Šumadijski Blues'),
('917caf14-1f1f-415f-8ea3-fc6d7bc0edf0', '4:54', 'El Dumo'),
('917caf14-1f1f-415f-8ea3-fc6d7bc0edf0', '3:20', 'Mračni Mol'),
('917caf14-1f1f-415f-8ea3-fc6d7bc0edf0', '2:30', 'Oro'),
('917caf14-1f1f-415f-8ea3-fc6d7bc0edf0', '4:27', 'Plava Pesma'),
('917caf14-1f1f-415f-8ea3-fc6d7bc0edf0', '3:18', 'Ljudi Nije Fer'),
('917caf14-1f1f-415f-8ea3-fc6d7bc0edf0', '4:00', 'Perle'),
('917caf14-1f1f-415f-8ea3-fc6d7bc0edf0', '2:58', 'Slikar Sa Pikadilija'),
('917caf14-1f1f-415f-8ea3-fc6d7bc0edf0', '4:05', 'Satelit'),
('b68a43c9-2159-4eb9-b319-baa0710d25c6', '2:55', 'Silver Hawks'),
('b68a43c9-2159-4eb9-b319-baa0710d25c6', '3:37', 'Allez Silver Hawks'),
('fdce8c53-e790-439f-8f16-eb7975fbdd36', '2:30', 'Demo 1984 "Los Gobiernos Pasan, Las Sociedades Mueren, Pero La Policia Es Eterna"'),
('fdce8c53-e790-439f-8f16-eb7975fbdd36', '2:30', 'Intro + Cerebros Podridos'),
('fdce8c53-e790-439f-8f16-eb7975fbdd36', '2:30', 'Animales Muertos'),
('fdce8c53-e790-439f-8f16-eb7975fbdd36', '2:30', 'Vomito Social'),
('fdce8c53-e790-439f-8f16-eb7975fbdd36', '2:30', 'Me Quieren Encerrar'),
('fdce8c53-e790-439f-8f16-eb7975fbdd36', '2:30', 'Buitres'),
('fdce8c53-e790-439f-8f16-eb7975fbdd36', '2:30', 'Revolucion'),
('fdce8c53-e790-439f-8f16-eb7975fbdd36', '2:30', 'Fuerzas De Seguridad'),
('fdce8c53-e790-439f-8f16-eb7975fbdd36', '2:30', 'Ley De Vida'),
('fdce8c53-e790-439f-8f16-eb7975fbdd36', '2:30', 'Consume'),
('fdce8c53-e790-439f-8f16-eb7975fbdd36', '2:30', 'Requiem Final'),
('fdce8c53-e790-439f-8f16-eb7975fbdd36', '2:30', 'Demo 1986 "¿No Es Esto Terror?"'),
('fdce8c53-e790-439f-8f16-eb7975fbdd36', '2:30', 'Ley Antiterrorista'),
('fdce8c53-e790-439f-8f16-eb7975fbdd36', '2:30', 'Instinto Criminal'),
('fdce8c53-e790-439f-8f16-eb7975fbdd36', '2:30', 'Deslumbrante Brillo'),
('fdce8c53-e790-439f-8f16-eb7975fbdd36', '2:30', 'Ama Shantalen Jaiak 85'),
('fdce8c53-e790-439f-8f16-eb7975fbdd36', '2:30', 'No Mas Tortura'),
('fdce8c53-e790-439f-8f16-eb7975fbdd36', '2:30', 'Niños Terroristas'),
('fdce8c53-e790-439f-8f16-eb7975fbdd36', '2:30', 'Mierda Su Ley + Soy Una Bomba'),
('fdce8c53-e790-439f-8f16-eb7975fbdd36', '2:30', 'Ya No Hay Solucion'),
('fdce8c53-e790-439f-8f16-eb7975fbdd36', '2:30', 'Vomito Social'),
('fdce8c53-e790-439f-8f16-eb7975fbdd36', '2:30', 'Irun, Irun, Irun'),
('fdce8c53-e790-439f-8f16-eb7975fbdd36', '2:30', 'Demo 2009 "Regreso A la Escena Del Crimen"'),
('fdce8c53-e790-439f-8f16-eb7975fbdd36', '2:30', 'Radio terror'),
('fdce8c53-e790-439f-8f16-eb7975fbdd36', '2:30', 'En Otro Tiempo En Otro Lugar'),
('fdce8c53-e790-439f-8f16-eb7975fbdd36', '2:30', 'Un Dia Mas'),
('fdce8c53-e790-439f-8f16-eb7975fbdd36', '2:30', 'Escapando de la Jaula'),
('fdce8c53-e790-439f-8f16-eb7975fbdd36', '2:30', 'Al Borde de la Carretera'),
('fdce8c53-e790-439f-8f16-eb7975fbdd36', '2:30', 'Soy Una Bomba'),
('fdce8c53-e790-439f-8f16-eb7975fbdd36', '2:30', 'Deslumbrante Brillo + Al Olor Del Dinero'),
('fdce8c53-e790-439f-8f16-eb7975fbdd36', '2:30', 'Dicen Que No'),
('fdce8c53-e790-439f-8f16-eb7975fbdd36', '2:30', 'Lucha!!!'),
('fdce8c53-e790-439f-8f16-eb7975fbdd36', '2:30', 'Cerebros Destruidos (Cover Eskorbuto)'),
('fdce8c53-e790-439f-8f16-eb7975fbdd36', '2:30', 'Vomito Social'),
('1283881b-16c7-4024-a7dd-58786b767779', '2:52', 'Im An Old Cowhand (From The Rio Grande)'),
('1283881b-16c7-4024-a7dd-58786b767779', '5:02', 'Woe, The Luck'),
('6791b414-9644-4c9b-a956-de8ccbbcffee', '2:30', 'Stop Making Sense'),
('6791b414-9644-4c9b-a956-de8ccbbcffee', '2:30', 'Psycho Killer'),
('6791b414-9644-4c9b-a956-de8ccbbcffee', '2:30', 'Swamp'),
('6791b414-9644-4c9b-a956-de8ccbbcffee', '2:30', 'Slippery People'),
('6791b414-9644-4c9b-a956-de8ccbbcffee', '2:30', 'Burning Down The House'),
('6791b414-9644-4c9b-a956-de8ccbbcffee', '2:30', 'Girlfriend Is Better'),
('6791b414-9644-4c9b-a956-de8ccbbcffee', '2:30', 'Once In A Lifetime'),
('6791b414-9644-4c9b-a956-de8ccbbcffee', '2:30', 'What A Day That Was'),
('6791b414-9644-4c9b-a956-de8ccbbcffee', '2:30', 'Life During Wartime'),
('6791b414-9644-4c9b-a956-de8ccbbcffee', '2:30', 'Take Me To The River'),
('6791b414-9644-4c9b-a956-de8ccbbcffee', '2:30', 'Little Creatures'),
('6791b414-9644-4c9b-a956-de8ccbbcffee', '2:30', 'And She Was'),
('6791b414-9644-4c9b-a956-de8ccbbcffee', '2:30', 'Give Me Back My Name'),
('6791b414-9644-4c9b-a956-de8ccbbcffee', '2:30', 'Creatures Of Love'),
('6791b414-9644-4c9b-a956-de8ccbbcffee', '2:30', 'The Lady Dont Mind'),
('6791b414-9644-4c9b-a956-de8ccbbcffee', '2:30', 'Perfect World'),
('6791b414-9644-4c9b-a956-de8ccbbcffee', '2:30', 'Stay Up Late'),
('6791b414-9644-4c9b-a956-de8ccbbcffee', '2:30', 'Walk It Down'),
('6791b414-9644-4c9b-a956-de8ccbbcffee', '2:30', 'Television Man'),
('6791b414-9644-4c9b-a956-de8ccbbcffee', '2:30', 'Road To Nowhere'),
('6791b414-9644-4c9b-a956-de8ccbbcffee', '2:30', 'True Stories'),
('6791b414-9644-4c9b-a956-de8ccbbcffee', '2:30', 'Love For Sale'),
('6791b414-9644-4c9b-a956-de8ccbbcffee', '2:30', 'Puzzlin Evidence'),
('6791b414-9644-4c9b-a956-de8ccbbcffee', '2:30', 'Hey Now'),
('6791b414-9644-4c9b-a956-de8ccbbcffee', '2:30', 'Papa Legba'),
('6791b414-9644-4c9b-a956-de8ccbbcffee', '2:30', 'Wild Wild Life'),
('6791b414-9644-4c9b-a956-de8ccbbcffee', '2:30', 'Radio Head'),
('6791b414-9644-4c9b-a956-de8ccbbcffee', '2:30', 'Dream Operator'),
('6791b414-9644-4c9b-a956-de8ccbbcffee', '2:30', 'People Like Us'),
('6791b414-9644-4c9b-a956-de8ccbbcffee', '2:30', 'City Of Dreams'),
('a3c76561-9e3e-429c-9d34-944c83dedb7d', '5:15', 'Sarah'),
('a3c76561-9e3e-429c-9d34-944c83dedb7d', '3:38', '(Tout ça pour finir) Chanteur de blues'),
('968b07a5-f47a-4db9-a7cd-a8d2254eaa68', '2:30', 'Steve B Goode'),
('968b07a5-f47a-4db9-a7cd-a8d2254eaa68', '2:30', 'TV Bloopers'),
('968b07a5-f47a-4db9-a7cd-a8d2254eaa68', '2:30', 'Rib Meat'),
('968b07a5-f47a-4db9-a7cd-a8d2254eaa68', '2:30', 'Leather Gloves'),
('968b07a5-f47a-4db9-a7cd-a8d2254eaa68', '2:30', 'Im So Bored'),
('c026e89a-78f7-4426-be3c-94ab98f5e0f5', '4:23', 'Tu Ne MAs Pas Laissé Le Temps'),
('c026e89a-78f7-4426-be3c-94ab98f5e0f5', '3:51', 'Bu Gece (Kir Zincirlerini)'),
('c026e89a-78f7-4426-be3c-94ab98f5e0f5', '3:35', 'Saté San'),
('c026e89a-78f7-4426-be3c-94ab98f5e0f5', '3:45', 'Les Démons De Minuit'),
('c026e89a-78f7-4426-be3c-94ab98f5e0f5', '3:20', 'Zaama Zaama'),
('c026e89a-78f7-4426-be3c-94ab98f5e0f5', '2:59', 'La Manivelle'),
('c026e89a-78f7-4426-be3c-94ab98f5e0f5', '3:22', 'Abeô'),
('c026e89a-78f7-4426-be3c-94ab98f5e0f5', '3:51', 'La Confession'),
('c026e89a-78f7-4426-be3c-94ab98f5e0f5', '3:43', 'Au Nom De LAmour'),
('c026e89a-78f7-4426-be3c-94ab98f5e0f5', '4:04', 'Sober'),
('c026e89a-78f7-4426-be3c-94ab98f5e0f5', '5:06', 'Baïda (Oriental Version)'),
('c026e89a-78f7-4426-be3c-94ab98f5e0f5', '3:51', 'Délicate Chatte'),
('c026e89a-78f7-4426-be3c-94ab98f5e0f5', '2:28', 'La Banana'),
('c026e89a-78f7-4426-be3c-94ab98f5e0f5', '3:35', 'Flash In The Night'),
('c026e89a-78f7-4426-be3c-94ab98f5e0f5', '3:14', 'Samba Del Diablo (Original Radio)'),
('c026e89a-78f7-4426-be3c-94ab98f5e0f5', '3:51', 'Straddi.Virus Is Back (1,2,3,4 Violon Mix Edit)'),
('0df1c4d2-4b92-4c3b-91d3-68a9b9778379', '3:35', 'Take Me Away'),
('0df1c4d2-4b92-4c3b-91d3-68a9b9778379', '3:14', 'Here'),
('0df1c4d2-4b92-4c3b-91d3-68a9b9778379', '3:19', 'At The Sea'),
('0df1c4d2-4b92-4c3b-91d3-68a9b9778379', '2:46', 'Cluster Bomb'),
('8a79f1da-6c37-4d27-952b-e4b28bb30374', '3:28', 'Full Moon On The Highway'),
('8a79f1da-6c37-4d27-952b-e4b28bb30374', '4:34', 'Half Past One'),
('8a79f1da-6c37-4d27-952b-e4b28bb30374', '4:17', 'Hunters And Collectors'),
('8a79f1da-6c37-4d27-952b-e4b28bb30374', '8:39', 'Vernal Equinox'),
('8a79f1da-6c37-4d27-952b-e4b28bb30374', '5:34', 'Red Hot Indians'),
('8a79f1da-6c37-4d27-952b-e4b28bb30374', '13:20', 'Unfinished'),
('eff6ec1a-9306-428c-9dc8-12937b7c684c', '2:30', 'Requiem For X'),
('eff6ec1a-9306-428c-9dc8-12937b7c684c', '2:30', 'Back In 74'),
('eff6ec1a-9306-428c-9dc8-12937b7c684c', '2:30', 'Book Of Skulls'),
('eff6ec1a-9306-428c-9dc8-12937b7c684c', '2:30', 'Forest'),
('eff6ec1a-9306-428c-9dc8-12937b7c684c', '2:30', 'Evil In The Machine'),
('eff6ec1a-9306-428c-9dc8-12937b7c684c', '2:30', 'Mysterium'),
('eff6ec1a-9306-428c-9dc8-12937b7c684c', '2:30', 'Dark Bolero'),
('eff6ec1a-9306-428c-9dc8-12937b7c684c', '2:30', 'Rebirth'),
('564fe957-ddf1-414b-93fc-c9c7de036b7a', '2:30', 'Runaway'),
('564fe957-ddf1-414b-93fc-c9c7de036b7a', '2:30', 'Gonzo'),
('564fe957-ddf1-414b-93fc-c9c7de036b7a', '2:30', 'God Save Anna Nicole'),
('564fe957-ddf1-414b-93fc-c9c7de036b7a', '2:30', 'Service Is Our Business'),
('564fe957-ddf1-414b-93fc-c9c7de036b7a', '2:30', 'The Highway'),
('564fe957-ddf1-414b-93fc-c9c7de036b7a', '2:30', 'Falling Up Stairs'),
('564fe957-ddf1-414b-93fc-c9c7de036b7a', '2:30', 'The Invisible Man'),
('564fe957-ddf1-414b-93fc-c9c7de036b7a', '2:30', 'Kitchen Punks'),
('564fe957-ddf1-414b-93fc-c9c7de036b7a', '2:30', 'No Name'),
('564fe957-ddf1-414b-93fc-c9c7de036b7a', '2:30', 'Nameless'),
('564fe957-ddf1-414b-93fc-c9c7de036b7a', '2:30', 'Shea Politika'),
('564fe957-ddf1-414b-93fc-c9c7de036b7a', '2:30', 'Keep The Bubble In The Middle'),
('5ed6a6d8-689e-4e69-9f17-1a7f5050af42', '2:30', 'Sigue Cantando (Keep On Singing)'),
('5ed6a6d8-689e-4e69-9f17-1a7f5050af42', '2:30', 'No Hay Lugar Como Casa (Theres No Place Like Home)'),
('991ec892-b949-4819-9c06-52a9bad41861', '2:30', 'Side 1'),
('991ec892-b949-4819-9c06-52a9bad41861', '2:30', 'Side 2'),
('d5e69c4f-b909-45df-b77d-282275dfd500', '2:30', 'Rinmin ça'),
('d5e69c4f-b909-45df-b77d-282275dfd500', '2:30', 'Ti Coc Ac Codin'),
('d5e69c4f-b909-45df-b77d-282275dfd500', '2:30', 'La Roule'),
('d5e69c4f-b909-45df-b77d-282275dfd500', '2:30', 'Dagobert'),
('d5e69c4f-b909-45df-b77d-282275dfd500', '2:30', 'Bain chaud'),
('d5e69c4f-b909-45df-b77d-282275dfd500', '2:30', 'Ti Gaçon'),
('d5e69c4f-b909-45df-b77d-282275dfd500', '2:30', 'Ti Vicieux'),
('d5e69c4f-b909-45df-b77d-282275dfd500', '2:30', 'Feville'),
('d5e69c4f-b909-45df-b77d-282275dfd500', '2:30', 'Bouqui Chasseu'),
('d22bc15b-7e9d-4464-8e15-6d7777d903bc', '2:30', 'Interviews Part 1'),
('d22bc15b-7e9d-4464-8e15-6d7777d903bc', '2:30', 'Interviews Part 2'),
('713120dc-5ac1-401a-9b08-1d235c3b2ad3', '3:58', 'The Queen Of Swans'),
('713120dc-5ac1-401a-9b08-1d235c3b2ad3', '3:57', 'Amelie '),
('713120dc-5ac1-401a-9b08-1d235c3b2ad3', '3:30', 'Youve Gone With So Little For So Long'),
('713120dc-5ac1-401a-9b08-1d235c3b2ad3', '6:14', 'Central Park East'),
('713120dc-5ac1-401a-9b08-1d235c3b2ad3', '4:17', 'Emotional Free Fall'),
('713120dc-5ac1-401a-9b08-1d235c3b2ad3', '3:17', 'Coming Up For Air'),
('713120dc-5ac1-401a-9b08-1d235c3b2ad3', '4:32', 'Autumns In The Air'),
('713120dc-5ac1-401a-9b08-1d235c3b2ad3', '3:47', 'Are You Ready?'),
('713120dc-5ac1-401a-9b08-1d235c3b2ad3', '3:28', 'Sunflower'),
('713120dc-5ac1-401a-9b08-1d235c3b2ad3', '3:44', 'Moth Light'),
('713120dc-5ac1-401a-9b08-1d235c3b2ad3', '3:41', 'Rainy Day Record'),
('713120dc-5ac1-401a-9b08-1d235c3b2ad3', '3:58', 'The Queen Of Swans'),
('713120dc-5ac1-401a-9b08-1d235c3b2ad3', '3:57', 'Amelie'),
('713120dc-5ac1-401a-9b08-1d235c3b2ad3', '3:30', 'Youve Gone With So Little For So Long'),
('713120dc-5ac1-401a-9b08-1d235c3b2ad3', '6:14', 'Central Park East'),
('713120dc-5ac1-401a-9b08-1d235c3b2ad3', '4:17', 'Emotional Free Fall'),
('713120dc-5ac1-401a-9b08-1d235c3b2ad3', '3:17', 'Coming Up For Air'),
('713120dc-5ac1-401a-9b08-1d235c3b2ad3', '4:32', 'Autumns In The Air'),
('713120dc-5ac1-401a-9b08-1d235c3b2ad3', '3:47', 'Are You Ready?'),
('713120dc-5ac1-401a-9b08-1d235c3b2ad3', '3:28', 'Sunflower'),
('713120dc-5ac1-401a-9b08-1d235c3b2ad3', '3:44', 'Moth Light'),
('713120dc-5ac1-401a-9b08-1d235c3b2ad3', '3:41', 'Rainy Day Record'),
('f86da700-7762-4cb7-ad44-96ffc06e9270', '2:30', 'Det Står Skrivet'),
('f86da700-7762-4cb7-ad44-96ffc06e9270', '2:30', 'Irrljus'),
('f86da700-7762-4cb7-ad44-96ffc06e9270', '2:30', 'Kataklysmen'),
('f86da700-7762-4cb7-ad44-96ffc06e9270', '2:30', 'Kapellskär'),
('f86da700-7762-4cb7-ad44-96ffc06e9270', '2:30', 'Bakom Stjärnorna, Bakom Tiden'),
('f86da700-7762-4cb7-ad44-96ffc06e9270', '2:30', 'Mörkertal'),
('f86da700-7762-4cb7-ad44-96ffc06e9270', '2:30', 'Kall Luft'),
('f86da700-7762-4cb7-ad44-96ffc06e9270', '2:30', 'Förbi Horisonten'),
('f86da700-7762-4cb7-ad44-96ffc06e9270', '2:30', 'Du Är Inget Hav'),
('727454d4-15dc-482a-96cd-72e4e81ce30d', '2:30', 'Days Of Pearly Spencer'),
('727454d4-15dc-482a-96cd-72e4e81ce30d', '2:30', 'Harlem Lady'),
('727454d4-15dc-482a-96cd-72e4e81ce30d', '2:30', 'Letter To My Love'),
('727454d4-15dc-482a-96cd-72e4e81ce30d', '2:30', 'And I Am Free'),
('269d4874-fa0b-4c80-a918-4a8ac4e1b642', '2:30', 'Crazy (Radio Mix)'),
('269d4874-fa0b-4c80-a918-4a8ac4e1b642', '2:30', 'Stand Defiant (Radio Mix)'),
('63ac24f0-1eba-42ed-b6b8-95382d41ed40', '1:13', 'MCs Missing'),
('63ac24f0-1eba-42ed-b6b8-95382d41ed40', '4:16', 'Dont Gimme The Funk'),
('63ac24f0-1eba-42ed-b6b8-95382d41ed40', '4:02', 'Im Your Pusher'),
('63ac24f0-1eba-42ed-b6b8-95382d41ed40', '4:08', 'Where Do We Go?'),
('63ac24f0-1eba-42ed-b6b8-95382d41ed40', '4:19', 'Sex Dwarf'),
('63ac24f0-1eba-42ed-b6b8-95382d41ed40', '4:54', 'Shes The Sun'),
('63ac24f0-1eba-42ed-b6b8-95382d41ed40', '5:55', 'Space Cowboy'),
('63ac24f0-1eba-42ed-b6b8-95382d41ed40', '3:58', 'Never Slow Down'),
('63ac24f0-1eba-42ed-b6b8-95382d41ed40', '4:14', 'Down To The Bone'),
('63ac24f0-1eba-42ed-b6b8-95382d41ed40', '3:47', 'Summer Wine'),
('63ac24f0-1eba-42ed-b6b8-95382d41ed40', '4:55', 'Dusty Vinyl'),
('63ac24f0-1eba-42ed-b6b8-95382d41ed40', '5:07', 'Cubic'),
('63ac24f0-1eba-42ed-b6b8-95382d41ed40', '7:59', 'Im Your Pusher (Airscape Mix)'),
('63ac24f0-1eba-42ed-b6b8-95382d41ed40', '5:53', 'The Pusher 1'),
('fbbae207-009f-4bf9-a76d-e60720c7c1ce', '2:30', 'Stormy Monday'),
('fbbae207-009f-4bf9-a76d-e60720c7c1ce', '2:30', 'What Will I Tell My Heart'),
('fbbae207-009f-4bf9-a76d-e60720c7c1ce', '2:30', 'I Know The Lord'),
('fbbae207-009f-4bf9-a76d-e60720c7c1ce', '2:30', 'Many Things'),
('fbbae207-009f-4bf9-a76d-e60720c7c1ce', '2:30', 'I Believee In A Woman'),
('fbbae207-009f-4bf9-a76d-e60720c7c1ce', '2:30', 'Boot Hill'),
('fbbae207-009f-4bf9-a76d-e60720c7c1ce', '2:30', 'Im Gonna Take A Chance'),
('fbbae207-009f-4bf9-a76d-e60720c7c1ce', '2:30', 'Thats The Way'),
('fbbae207-009f-4bf9-a76d-e60720c7c1ce', '2:30', 'Help Me'),
('0a227564-d9bc-44c1-9be3-e144e622e604', '7:18', 'Be Cool'),
('0a227564-d9bc-44c1-9be3-e144e622e604', '7:00', 'French Minimal'),
('9fa60178-3f92-47d6-8b96-1d54a25d79d1', '2:30', 'Gypsy Train'),
('9fa60178-3f92-47d6-8b96-1d54a25d79d1', '2:30', 'Dont Chain My Heart'),
('9fa60178-3f92-47d6-8b96-1d54a25d79d1', '2:30', 'Never Enough'),
('9fa60178-3f92-47d6-8b96-1d54a25d79d1', '2:30', 'How Many Times'),
('9fa60178-3f92-47d6-8b96-1d54a25d79d1', '2:30', '2 Hearts'),
('9fa60178-3f92-47d6-8b96-1d54a25d79d1', '2:30', 'Wings Of Time'),
('9fa60178-3f92-47d6-8b96-1d54a25d79d1', '2:30', 'She Knows The Devil'),
('9fa60178-3f92-47d6-8b96-1d54a25d79d1', '2:30', 'The Other Side'),
('9fa60178-3f92-47d6-8b96-1d54a25d79d1', '2:30', 'Only You'),
('9fa60178-3f92-47d6-8b96-1d54a25d79d1', '2:30', 'Kick Down The Walls'),
('9fa60178-3f92-47d6-8b96-1d54a25d79d1', '2:30', 'Kingdom Of Desire'),
('9fa60178-3f92-47d6-8b96-1d54a25d79d1', '2:30', 'Jake To The Bone'),
('6078c623-0f9a-4977-8329-0135cba150aa', '2:30', '~ Live From Beelzebub Final at Liquidroom ~ "2006.07.04 Ebisu Liquidroom Live"'),
('6078c623-0f9a-4977-8329-0135cba150aa', '2:30', '$500'),
('6078c623-0f9a-4977-8329-0135cba150aa', '2:30', 'Everglow'),
('6078c623-0f9a-4977-8329-0135cba150aa', '2:30', 'No Exit'),
('6078c623-0f9a-4977-8329-0135cba150aa', '2:30', 'Money Money'),
('6078c623-0f9a-4977-8329-0135cba150aa', '2:30', 'Eject'),
('6078c623-0f9a-4977-8329-0135cba150aa', '2:30', 'Boom Boom Everyone'),
('6078c623-0f9a-4977-8329-0135cba150aa', '2:30', 'Endless'),
('6078c623-0f9a-4977-8329-0135cba150aa', '2:30', 'The End'),
('6078c623-0f9a-4977-8329-0135cba150aa', '2:30', 'Disco'),
('6078c623-0f9a-4977-8329-0135cba150aa', '2:30', 'Pulse -English Version-'),
('6078c623-0f9a-4977-8329-0135cba150aa', '2:30', 'Nervous To Sleep'),
('6078c623-0f9a-4977-8329-0135cba150aa', '2:30', 'Automatic'),
('6078c623-0f9a-4977-8329-0135cba150aa', '2:30', 'Someday'),
('6078c623-0f9a-4977-8329-0135cba150aa', '2:30', 'Taste Maximum'),
('6078c623-0f9a-4977-8329-0135cba150aa', '2:30', '<Extra Live Document From Korea>'),
('6078c623-0f9a-4977-8329-0135cba150aa', '2:30', 'Incheon, Korea Pentaport Rock Festival Document "2006.07.29"'),
('6078c623-0f9a-4977-8329-0135cba150aa', '2:30', '<Extra Music Clips>'),
('6078c623-0f9a-4977-8329-0135cba150aa', '2:30', 'Just Like Billy'),
('6078c623-0f9a-4977-8329-0135cba150aa', '2:30', 'Pulse -English Version-'),
('c63cec21-dde5-40f8-bdf1-8d22c97e8a8c', '2:30', 'Te Amaré'),
('c63cec21-dde5-40f8-bdf1-8d22c97e8a8c', '2:30', 'Por Si Acaso'),
('c63cec21-dde5-40f8-bdf1-8d22c97e8a8c', '2:30', '¡Ay Mi Amor!'),
('c63cec21-dde5-40f8-bdf1-8d22c97e8a8c', '2:30', 'Que Alce La Mano'),
('c63cec21-dde5-40f8-bdf1-8d22c97e8a8c', '2:30', 'Le Lo Lai'),
('c63cec21-dde5-40f8-bdf1-8d22c97e8a8c', '2:30', 'El Millonario'),
('c63cec21-dde5-40f8-bdf1-8d22c97e8a8c', '2:30', 'Que Pena Nos Da Por El'),
('c63cec21-dde5-40f8-bdf1-8d22c97e8a8c', '2:30', 'Por Eso'),
('c63cec21-dde5-40f8-bdf1-8d22c97e8a8c', '2:30', 'Se Me Sigue Olvidando'),
('c63cec21-dde5-40f8-bdf1-8d22c97e8a8c', '2:30', 'Preludio Azteco'),
('fcc2aeb6-86dc-4082-809f-7c3991b237a7', '5:46', '最期'),
('fcc2aeb6-86dc-4082-809f-7c3991b237a7', '7:22', '月桂冠は嗤う'),
('fcc2aeb6-86dc-4082-809f-7c3991b237a7', '5:36', '嘲る死体'),
('fcc2aeb6-86dc-4082-809f-7c3991b237a7', '4:18', '狂う水兵たち'),
('fcc2aeb6-86dc-4082-809f-7c3991b237a7', '5:26', '探照灯の先に'),
('fcc2aeb6-86dc-4082-809f-7c3991b237a7', '4:17', '狂気という名の慈悲'),
('fcc2aeb6-86dc-4082-809f-7c3991b237a7', '3:56', '不可侵の海'),
('fcc2aeb6-86dc-4082-809f-7c3991b237a7', '3:40', '神の横顔'),
('fcc2aeb6-86dc-4082-809f-7c3991b237a7', '6:28', '燐光の歌'),
('fcc2aeb6-86dc-4082-809f-7c3991b237a7', '6:32', '忘却の海に死す'),
('803bee33-c475-4bbe-8125-3b92052a5386', '2:05', 'Meet Me In The Alley, Sally'),
('803bee33-c475-4bbe-8125-3b92052a5386', '2:01', 'I Wanted You'),
('943d0a39-5fc7-4856-8e61-9213383f27ae', '2:46', 'Come Closer To Me (Acercate Mas)'),
('943d0a39-5fc7-4856-8e61-9213383f27ae', '2:38', 'Nothing In The World'),
('abb258b1-72ae-4587-8a07-e2627003d458', '8:00', 'Prophet (Original Mix)'),
('abb258b1-72ae-4587-8a07-e2627003d458', '7:22', 'Prophet (Maxi Iborquiza Remix)'),
('abb258b1-72ae-4587-8a07-e2627003d458', '8:23', 'Prophet (Frezel Remix)'),
('abb258b1-72ae-4587-8a07-e2627003d458', '7:36', 'Prophet (Ilya Gerus Crosstime Remix)'),
('73467153-39aa-4d26-ad49-95094dc5d21b', '6:16', 'Untitled'),
('73467153-39aa-4d26-ad49-95094dc5d21b', '4:43', 'Untitled'),
('73467153-39aa-4d26-ad49-95094dc5d21b', '5:48', 'Untitled'),
('73467153-39aa-4d26-ad49-95094dc5d21b', '6:11', 'Untitled'),
('73467153-39aa-4d26-ad49-95094dc5d21b', '5:04', 'Untitled'),
('73467153-39aa-4d26-ad49-95094dc5d21b', '4:52', 'Untitled'),
('73467153-39aa-4d26-ad49-95094dc5d21b', '4:44', 'Untitled'),
('73467153-39aa-4d26-ad49-95094dc5d21b', '6:08', 'Untitled'),
('73467153-39aa-4d26-ad49-95094dc5d21b', '6:13', 'Untitled'),
('73467153-39aa-4d26-ad49-95094dc5d21b', '5:43', 'Untitled'),
('73467153-39aa-4d26-ad49-95094dc5d21b', '5:18', 'Untitled'),
('b59a4e0f-daa5-4bb1-91b9-20fc7f5a9318', '2:30', 'Gathering Song Of The Tribe Of Awlaqi'),
('b59a4e0f-daa5-4bb1-91b9-20fc7f5a9318', '2:30', 'Sword Dance'),
('b59a4e0f-daa5-4bb1-91b9-20fc7f5a9318', '2:30', 'Gathering Song Of The Tribe Of Awdali'),
('b59a4e0f-daa5-4bb1-91b9-20fc7f5a9318', '2:30', 'War Song'),
('b59a4e0f-daa5-4bb1-91b9-20fc7f5a9318', '2:30', 'Love Song'),
('b59a4e0f-daa5-4bb1-91b9-20fc7f5a9318', '2:30', 'Song About The Paying Of Taxes'),
('b59a4e0f-daa5-4bb1-91b9-20fc7f5a9318', '2:30', 'Dramatic Representation Of Tribal Quarrel'),
('b59a4e0f-daa5-4bb1-91b9-20fc7f5a9318', '2:30', 'Folk Song'),
('b59a4e0f-daa5-4bb1-91b9-20fc7f5a9318', '2:30', 'Dance'),
('b59a4e0f-daa5-4bb1-91b9-20fc7f5a9318', '2:30', 'Wedding Song'),
('b59a4e0f-daa5-4bb1-91b9-20fc7f5a9318', '2:30', 'Wedding Song'),
('b59a4e0f-daa5-4bb1-91b9-20fc7f5a9318', '2:30', 'Love Song'),
('b59a4e0f-daa5-4bb1-91b9-20fc7f5a9318', '2:30', 'Love Song'),
('b747b75c-fa5c-45df-9a11-06440ee29d76', '3:10', 'Nothing Is Anything (Without You)'),
('56e4b1dd-8efe-4133-9435-43e72afe17a2', '2:30', 'I Left My Heart In San Francisco'),
('56e4b1dd-8efe-4133-9435-43e72afe17a2', '2:30', 'The Good Life'),
('c2bc97dc-938d-42f5-90ea-9037ad552120', '2:30', 'Precious'),
('c2bc97dc-938d-42f5-90ea-9037ad552120', '2:30', 'The Phone Call'),
('c2bc97dc-938d-42f5-90ea-9037ad552120', '2:30', 'Up The Neck'),
('c2bc97dc-938d-42f5-90ea-9037ad552120', '2:30', 'Tattooed Love Boys'),
('c2bc97dc-938d-42f5-90ea-9037ad552120', '2:30', 'Space Invader'),
('c2bc97dc-938d-42f5-90ea-9037ad552120', '2:30', 'The Wait'),
('c2bc97dc-938d-42f5-90ea-9037ad552120', '2:30', 'Stop Your Sobbing'),
('c2bc97dc-938d-42f5-90ea-9037ad552120', '2:30', 'Kid'),
('c2bc97dc-938d-42f5-90ea-9037ad552120', '2:30', 'Private Life'),
('c2bc97dc-938d-42f5-90ea-9037ad552120', '2:30', 'Brass In Pocket'),
('c2bc97dc-938d-42f5-90ea-9037ad552120', '2:30', 'Lovers Of Today'),
('c2bc97dc-938d-42f5-90ea-9037ad552120', '2:30', 'Mystery Achievement'),
('4ba0eb63-971d-448b-a845-4df27c5e876f', '2:18', 'Il Faut Vivre Vite'),
('4ba0eb63-971d-448b-a845-4df27c5e876f', '2:30', 'Quest Ce Que Jen Sais'),
('4ba0eb63-971d-448b-a845-4df27c5e876f', '2:25', 'Je Dis Non Mais Je Pense Oui'),
('4ba0eb63-971d-448b-a845-4df27c5e876f', '2:20', 'Ecoute Le Silence'),
('0d284404-c1d3-454c-b386-72cfb8c04ecf', '2:30', 'Terminator'),
('0d284404-c1d3-454c-b386-72cfb8c04ecf', '2:30', 'Rust'),
('0d284404-c1d3-454c-b386-72cfb8c04ecf', '2:30', 'I Blame You For It All'),
('0d284404-c1d3-454c-b386-72cfb8c04ecf', '2:30', 'Record The Darkness'),
('0d284404-c1d3-454c-b386-72cfb8c04ecf', '2:30', 'The Beast In Your Eyes'),
('0d284404-c1d3-454c-b386-72cfb8c04ecf', '2:30', 'Rawhide'),
('0d284404-c1d3-454c-b386-72cfb8c04ecf', '2:30', 'We Get Hurt'),
('0d284404-c1d3-454c-b386-72cfb8c04ecf', '2:30', 'Time Is A Line'),
('0d284404-c1d3-454c-b386-72cfb8c04ecf', '2:30', 'Playground'),
('829427b6-b6df-4d4a-96f4-7a9d88124a5f', '4:31', 'Find Out'),
('829427b6-b6df-4d4a-96f4-7a9d88124a5f', '4:52', 'What If I Should Fall In Love'),
('829427b6-b6df-4d4a-96f4-7a9d88124a5f', '4:54', 'Born In The U.S.A.'),
('829427b6-b6df-4d4a-96f4-7a9d88124a5f', '5:15', 'The Skys The Limit'),
('829427b6-b6df-4d4a-96f4-7a9d88124a5f', '4:03', 'Dont Turn The Lights Out'),
('829427b6-b6df-4d4a-96f4-7a9d88124a5f', '4:13', 'Campo Americano'),
('829427b6-b6df-4d4a-96f4-7a9d88124a5f', '2:41', 'Stereotypica'),
('829427b6-b6df-4d4a-96f4-7a9d88124a5f', '4:25', 'Psychedelic'),
('829427b6-b6df-4d4a-96f4-7a9d88124a5f', '4:42', 'My Life'),
('2da9fec5-1cde-40ad-96a7-71863d5c4fa0', '7:32', 'Introduzione - Più Non Ti Affligger Tanto...'),
('2da9fec5-1cde-40ad-96a7-71863d5c4fa0', '5:29', 'Piangerò, Ma Figlio Amato...'),
('2da9fec5-1cde-40ad-96a7-71863d5c4fa0', '4:28', 'Ah, Che Il Mio Cor Giammai...'),
('2da9fec5-1cde-40ad-96a7-71863d5c4fa0', '4:17', 'Sento Orror Del Tuo Delitto...'),
('2da9fec5-1cde-40ad-96a7-71863d5c4fa0', '2:00', 'Ah, Tu Padre Ammutisci?...'),
('2da9fec5-1cde-40ad-96a7-71863d5c4fa0', '3:55', 'Non Abbandona Mai...'),
('2da9fec5-1cde-40ad-96a7-71863d5c4fa0', '4:23', 'Sì, Solo A Te, Mio Dio...'),
('2da9fec5-1cde-40ad-96a7-71863d5c4fa0', '5:33', 'Il Rimorso Opprime Il Seno...'),
('2da9fec5-1cde-40ad-96a7-71863d5c4fa0', '2:34', 'Caro Germano, Al Fine Tabbraccio...'),
('2da9fec5-1cde-40ad-96a7-71863d5c4fa0', '5:07', 'Come Fra Venti INsani...'),
('2da9fec5-1cde-40ad-96a7-71863d5c4fa0', '1:31', 'E Nessun Lo Soccorre?...'),
('2da9fec5-1cde-40ad-96a7-71863d5c4fa0', '3:05', 'Inspira O Dio Clemente...'),
('2da9fec5-1cde-40ad-96a7-71863d5c4fa0', '1:14', 'Il Figlio Ancor Non Vedo...'),
('2da9fec5-1cde-40ad-96a7-71863d5c4fa0', '5:04', 'Ah, Veder Già Parmi Il Figlio...'),
('2da9fec5-1cde-40ad-96a7-71863d5c4fa0', '2:19', 'Simpliciano, Che Rechi?...'),
('2da9fec5-1cde-40ad-96a7-71863d5c4fa0', '7:22', 'Piange, E Quel Pianto Avviva...'),
('2da9fec5-1cde-40ad-96a7-71863d5c4fa0', '8:27', 'Ecco Che Giunge A Noi...'),
('2da9fec5-1cde-40ad-96a7-71863d5c4fa0', '4:15', 'Or Mi Pento, Oh Dio, Che Tardi...'),
('2da9fec5-1cde-40ad-96a7-71863d5c4fa0', '5:10', 'Ah, Figlio!...'),
('2da9fec5-1cde-40ad-96a7-71863d5c4fa0', '5:29', 'A Dio Ritornate...'),
('2da9fec5-1cde-40ad-96a7-71863d5c4fa0', '5:27', 'Si Lodi Il Ciel Pietoso...'),
('d7754530-9452-45e3-b0ec-5ab13728561c', '2:30', 'Prinz Eitel Friederich Marsch'),
('d7754530-9452-45e3-b0ec-5ab13728561c', '2:30', 'Satiric Dances 1: Allegro'),
('d7754530-9452-45e3-b0ec-5ab13728561c', '2:30', 'Satiric Dances 2: Adagio Mesto'),
('d7754530-9452-45e3-b0ec-5ab13728561c', '2:30', 'Satiric Dances 3: Allegro Spumante'),
('d7754530-9452-45e3-b0ec-5ab13728561c', '2:30', 'Porgy And Bess Selection'),
('d7754530-9452-45e3-b0ec-5ab13728561c', '2:30', 'By The Light Of The Polar Star'),
('d7754530-9452-45e3-b0ec-5ab13728561c', '2:30', 'Toccaa Marziale'),
('d7754530-9452-45e3-b0ec-5ab13728561c', '2:30', 'Rhosymedre'),
('d7754530-9452-45e3-b0ec-5ab13728561c', '2:30', 'Finale To Symphony No.1 In E Flat'),
('d18f49e9-8c92-4510-92a6-f55eb76c9dd8', '2:30', 'Σε Γυρεύω'),
('d18f49e9-8c92-4510-92a6-f55eb76c9dd8', '2:30', 'Για Μένα Ποιος'),
('d18f49e9-8c92-4510-92a6-f55eb76c9dd8', '2:30', 'Μια Ζωή Θυσίες'),
('d18f49e9-8c92-4510-92a6-f55eb76c9dd8', '2:30', 'Ατελείωτα'),
('d18f49e9-8c92-4510-92a6-f55eb76c9dd8', '2:30', 'Έφυγες'),
('d18f49e9-8c92-4510-92a6-f55eb76c9dd8', '2:30', 'Είναι Η Τρέλλα Που Νιώθω'),
('d18f49e9-8c92-4510-92a6-f55eb76c9dd8', '2:30', 'Τι Να Πω'),
('d18f49e9-8c92-4510-92a6-f55eb76c9dd8', '2:30', 'Είσαι Συ'),
('d18f49e9-8c92-4510-92a6-f55eb76c9dd8', '2:30', 'Η Τράπεζα Του Έρωτα'),
('d18f49e9-8c92-4510-92a6-f55eb76c9dd8', '2:30', 'Νοιώσε Με'),
('d18f49e9-8c92-4510-92a6-f55eb76c9dd8', '2:30', 'Λιγοστεύω'),
('d18f49e9-8c92-4510-92a6-f55eb76c9dd8', '2:30', 'Εσένα Που Λάτρεψα'),
('f521d2b9-e31b-43a3-bdb8-6c2e20c1949a', '2:31', 'スペランカー'),
('f521d2b9-e31b-43a3-bdb8-6c2e20c1949a', '3:16', '迷宮組曲'),
('f521d2b9-e31b-43a3-bdb8-6c2e20c1949a', '1:33', 'マッピー'),
('f521d2b9-e31b-43a3-bdb8-6c2e20c1949a', '4:25', 'ツインビー'),
('f521d2b9-e31b-43a3-bdb8-6c2e20c1949a', '1:22', 'けっきょく南極大冒険'),
('f521d2b9-e31b-43a3-bdb8-6c2e20c1949a', '2:12', '忍者じゃじゃ丸くん'),
('f521d2b9-e31b-43a3-bdb8-6c2e20c1949a', '4:38', 'スーパーマリオブラザーズ'),
('4c7becb8-6e70-4641-9757-b8610424db8d', '3:26', 'Keyfi Yolunda Aşkı Sonunda'),
('1d839ee0-4ee7-45dd-92c2-4c71bfb1fb06', '5:10', 'Born On The Bayou'),
('1d839ee0-4ee7-45dd-92c2-4c71bfb1fb06', '2:58', 'Bootleg'),
('1d839ee0-4ee7-45dd-92c2-4c71bfb1fb06', '8:32', 'Graveyard Train'),
('1d839ee0-4ee7-45dd-92c2-4c71bfb1fb06', '2:39', 'Good Golly Miss Molly'),
('1d839ee0-4ee7-45dd-92c2-4c71bfb1fb06', '3:37', 'Penthouse Pauper'),
('1d839ee0-4ee7-45dd-92c2-4c71bfb1fb06', '3:07', 'Proud Mary'),
('1d839ee0-4ee7-45dd-92c2-4c71bfb1fb06', '7:40', 'Keep On Chooglin'),
('848e336c-ea61-4ae1-9c63-57f41be1f148', '2:30', 'Sos Ojos De Sa Jana'),
('848e336c-ea61-4ae1-9c63-57f41be1f148', '2:30', 'A Sa Zente'),
('848e336c-ea61-4ae1-9c63-57f41be1f148', '2:30', 'A Deus Piachende'),
('848e336c-ea61-4ae1-9c63-57f41be1f148', '2:30', 'SUrtima Luche'),
('848e336c-ea61-4ae1-9c63-57f41be1f148', '2:30', 'Carrasecare'),
('848e336c-ea61-4ae1-9c63-57f41be1f148', '2:30', '...A Passu Lentu'),
('848e336c-ea61-4ae1-9c63-57f41be1f148', '2:30', 'Chelu Nieddu'),
('848e336c-ea61-4ae1-9c63-57f41be1f148', '2:30', 'Sentimentu'),
('848e336c-ea61-4ae1-9c63-57f41be1f148', '2:30', 'No Potho Reposare'),
('848e336c-ea61-4ae1-9c63-57f41be1f148', '2:30', 'Mamoiada'),
('848e336c-ea61-4ae1-9c63-57f41be1f148', '2:30', 'Spunta La Luna Dal Monte'),
('848e336c-ea61-4ae1-9c63-57f41be1f148', '2:30', 'Sa Mama E Su Sole'),
('848e336c-ea61-4ae1-9c63-57f41be1f148', '2:30', 'Niunu Intende'),
('848e336c-ea61-4ae1-9c63-57f41be1f148', '2:30', 'Desvelos'),
('848e336c-ea61-4ae1-9c63-57f41be1f148', '2:30', 'In Sas Nues Tuas'),
('848e336c-ea61-4ae1-9c63-57f41be1f148', '2:30', 'Un Alenu E Sole'),
('848e336c-ea61-4ae1-9c63-57f41be1f148', '2:30', 'Bon Nadale'),
('848e336c-ea61-4ae1-9c63-57f41be1f148', '2:30', 'Disamparados'),
('848e336c-ea61-4ae1-9c63-57f41be1f148', '2:30', 'Naneddu (Lettera A Nanni Sutis)'),
('848e336c-ea61-4ae1-9c63-57f41be1f148', '2:30', 'Limba'),
('848e336c-ea61-4ae1-9c63-57f41be1f148', '2:30', 'Pitzinnos In Sa Gherra'),
('848e336c-ea61-4ae1-9c63-57f41be1f148', '2:30', 'SIspera Manna'),
('848e336c-ea61-4ae1-9c63-57f41be1f148', '2:30', 'Non La Giamedas Maria'),
('848e336c-ea61-4ae1-9c63-57f41be1f148', '2:30', 'Vai (Senza Di Noi)'),
('848e336c-ea61-4ae1-9c63-57f41be1f148', '2:30', 'Suite: Preghiera Semplice'),
('848e336c-ea61-4ae1-9c63-57f41be1f148', '2:30', 'Deus Ti Salvet Et Maria'),
('848e336c-ea61-4ae1-9c63-57f41be1f148', '2:30', 'Sa Festa'),
('848e336c-ea61-4ae1-9c63-57f41be1f148', '2:30', 'Etta Abba, Chelu'),
('848e336c-ea61-4ae1-9c63-57f41be1f148', '2:30', 'Astrolicanus'),
('848e336c-ea61-4ae1-9c63-57f41be1f148', '2:30', 'Bettamus Intro A Nois'),
('848e336c-ea61-4ae1-9c63-57f41be1f148', '2:30', 'Il Popolo Rock'),
('848e336c-ea61-4ae1-9c63-57f41be1f148', '2:30', 'Sa Dansa'),
('848e336c-ea61-4ae1-9c63-57f41be1f148', '2:30', 'Rios De Alenos'),
('848e336c-ea61-4ae1-9c63-57f41be1f148', '2:30', 'Frore In Su Nie'),
('848e336c-ea61-4ae1-9c63-57f41be1f148', '2:30', 'Fortza Paris'),
('848e336c-ea61-4ae1-9c63-57f41be1f148', '2:30', 'Sutt E Su Sole'),
('848e336c-ea61-4ae1-9c63-57f41be1f148', '2:30', 'SIstrada E Sa Luna'),
('848e336c-ea61-4ae1-9c63-57f41be1f148', '2:30', 'Bumba'),
('848e336c-ea61-4ae1-9c63-57f41be1f148', '2:30', 'E Sarà Natale'),
('848e336c-ea61-4ae1-9c63-57f41be1f148', '2:30', 'Armentos'),
('848e336c-ea61-4ae1-9c63-57f41be1f148', '2:30', 'Domo Mia'),
('848e336c-ea61-4ae1-9c63-57f41be1f148', '2:30', 'La Ricerca Di Te'),
('848e336c-ea61-4ae1-9c63-57f41be1f148', '2:30', 'Desperada E Laudada'),
('848e336c-ea61-4ae1-9c63-57f41be1f148', '2:30', 'Madre Terra'),
('848e336c-ea61-4ae1-9c63-57f41be1f148', '2:30', 'Patria Quieta'),
('848e336c-ea61-4ae1-9c63-57f41be1f148', '2:30', 'Piove Luce'),
('848e336c-ea61-4ae1-9c63-57f41be1f148', '2:30', 'Ischidados'),
('848e336c-ea61-4ae1-9c63-57f41be1f148', '2:30', 'Mielacrime'),
('848e336c-ea61-4ae1-9c63-57f41be1f148', '2:30', 'Il Respiro Del Silenzio (Live)'),
('848e336c-ea61-4ae1-9c63-57f41be1f148', '2:30', 'Cuore E Vento'),
('848e336c-ea61-4ae1-9c63-57f41be1f148', '2:30', 'Amore Nou'),
('848e336c-ea61-4ae1-9c63-57f41be1f148', '2:30', 'Sa Oghe'),
('e504d5f1-421b-475a-9b35-7ddcae444454', '2:10', 'Fairy Snails / Once Upon A Slime'),
('e504d5f1-421b-475a-9b35-7ddcae444454', '0:12', 'Wafen Arabic Luftwaffe Is An Incredible Domina'),
('e504d5f1-421b-475a-9b35-7ddcae444454', '1:26', 'Mon Ténia Sappelle Wily'),
('e504d5f1-421b-475a-9b35-7ddcae444454', '0:52', 'Explosion Of Diarrhoea With Ingrown Nails'),
('e504d5f1-421b-475a-9b35-7ddcae444454', '1:27', 'Ma Bite Macht Frei!!'),
('e504d5f1-421b-475a-9b35-7ddcae444454', '1:01', 'Enculinaire'),
('e504d5f1-421b-475a-9b35-7ddcae444454', '1:23', 'Change De Trou Ça Fume'),
('e504d5f1-421b-475a-9b35-7ddcae444454', '0:41', 'A Brutal Beneficial Anal'),
('e504d5f1-421b-475a-9b35-7ddcae444454', '0:24', 'La Moula'),
('e504d5f1-421b-475a-9b35-7ddcae444454', '1:29', 'Escarre Go'),
('e504d5f1-421b-475a-9b35-7ddcae444454', '1:28', 'Gluten'),
('e504d5f1-421b-475a-9b35-7ddcae444454', '1:15', 'Lime Ass'),
('e504d5f1-421b-475a-9b35-7ddcae444454', '1:03', 'Xenomorphic Pony Hunter'),
('e504d5f1-421b-475a-9b35-7ddcae444454', '1:48', 'Suce Moi Et On En Parle Plus'),
('e504d5f1-421b-475a-9b35-7ddcae444454', '1:23', 'Lactose In Demonic Land'),
('e504d5f1-421b-475a-9b35-7ddcae444454', '1:19', 'Goi In The Hood'),
('e504d5f1-421b-475a-9b35-7ddcae444454', '1:04', 'Patarice Confrère'),
('e504d5f1-421b-475a-9b35-7ddcae444454', '1:18', 'Le Zbeul'),
('e504d5f1-421b-475a-9b35-7ddcae444454', '0:43', 'Sortez Wous Les Doigts Du Métal !'),
('e504d5f1-421b-475a-9b35-7ddcae444454', '0:57', 'Fragili-thé : Paroxysm Of A Gyom'),
('e504d5f1-421b-475a-9b35-7ddcae444454', '1:29', 'Rampe ďAcces PMR'),
('e504d5f1-421b-475a-9b35-7ddcae444454', '1:14', 'Staphylocock'),
('e504d5f1-421b-475a-9b35-7ddcae444454', '2:08', 'Raw Snails Army'),
('e504d5f1-421b-475a-9b35-7ddcae444454', '1:33', 'Slug Mucus Bukkake'),
('e504d5f1-421b-475a-9b35-7ddcae444454', '1:09', 'Palm Oil'),
('e504d5f1-421b-475a-9b35-7ddcae444454', '0:49', 'World Of Whorecraft'),
('e504d5f1-421b-475a-9b35-7ddcae444454', '1:35', 'Histerical Injection Of Traumatic Lethal Excrement Remnants'),
('e504d5f1-421b-475a-9b35-7ddcae444454', '0:58', 'PD (Fallait Bien Placer Un PD)'),
('e504d5f1-421b-475a-9b35-7ddcae444454', '0:50', 'Gilles De La Twerkette'),
('e504d5f1-421b-475a-9b35-7ddcae444454', '0:36', 'Varicelle'),
('e504d5f1-421b-475a-9b35-7ddcae444454', '0:56', 'Hipsterodactyle'),
('e504d5f1-421b-475a-9b35-7ddcae444454', '0:25', 'Adventure On The Boat (Jig-Ai Cover)'),
('e504d5f1-421b-475a-9b35-7ddcae444454', '1:02', 'Com=plete Rectal Prolapse (Regurgitate Cover)'),
('e504d5f1-421b-475a-9b35-7ddcae444454', '0:49', 'Consanguin Orchestra'),
('e504d5f1-421b-475a-9b35-7ddcae444454', '1:50', 'Stanley Lombrik'),
('18f4094c-58d2-4e63-970f-bfa56ca88765', '2:30', 'Ария'),
('18f4094c-58d2-4e63-970f-bfa56ca88765', '2:30', 'Хор Дервишей, Из Музыки К Пьесе А. Коцебу „Афинские Развалины“'),
('18f4094c-58d2-4e63-970f-bfa56ca88765', '2:30', 'Фантазия На Тему Романса А. Гурилева „Отгадай, Моя Родная“'),
('18f4094c-58d2-4e63-970f-bfa56ca88765', '2:30', 'Мазурка, Соль Мажор'),
('18f4094c-58d2-4e63-970f-bfa56ca88765', '2:30', 'Славянский Танец, Фа Мажор, Соч. 72'),
('18f4094c-58d2-4e63-970f-bfa56ca88765', '2:30', 'Размышление, Из Оперы „Таис“'),
('18f4094c-58d2-4e63-970f-bfa56ca88765', '2:30', 'Грустный Вальс'),
('18f4094c-58d2-4e63-970f-bfa56ca88765', '2:30', 'Краковяк'),
('557efd3c-25ec-45e8-9b5c-c718ecaf6520', '2:54', 'Go Leila ( 1986 Version )'),
('557efd3c-25ec-45e8-9b5c-c718ecaf6520', '2:30', 'Go Leila (1976 Version)'),
('76a10a67-9373-41d5-8a3a-e0ca2a6b1180', '2:30', 'Al General Del Pueblo'),
('76a10a67-9373-41d5-8a3a-e0ca2a6b1180', '2:30', 'Discursos (Fragmentos)'),
('76a10a67-9373-41d5-8a3a-e0ca2a6b1180', '2:30', 'Hombres A Caballo 1a. Parte'),
('76a10a67-9373-41d5-8a3a-e0ca2a6b1180', '2:30', 'Himno De La Fuerza Aerea'),
('fcf6edc2-abc0-4aba-ac8a-68209c422be0', '2:30', 'When I Do What I Do'),
('fcf6edc2-abc0-4aba-ac8a-68209c422be0', '2:30', 'Loped Our Ride'),
('fcf6edc2-abc0-4aba-ac8a-68209c422be0', '2:30', 'Pushing That Funk'),
('fcf6edc2-abc0-4aba-ac8a-68209c422be0', '2:30', 'Cruzin’ Hard In That Thang'),
('fcf6edc2-abc0-4aba-ac8a-68209c422be0', '2:30', 'The Love'),
('fcf6edc2-abc0-4aba-ac8a-68209c422be0', '2:30', 'Thumping In The Trunk'),
('fcf6edc2-abc0-4aba-ac8a-68209c422be0', '2:30', 'Bad To The Bone'),
('fcf6edc2-abc0-4aba-ac8a-68209c422be0', '2:30', 'Mackadosha’s Is The Poshion'),
('fcf6edc2-abc0-4aba-ac8a-68209c422be0', '2:30', 'Earthquake'),
('fcf6edc2-abc0-4aba-ac8a-68209c422be0', '2:30', 'Honey And The Bump'),
('88e53b1b-2574-45fc-8793-05c23ef62b9f', '2:30', 'Atto I'),
('88e53b1b-2574-45fc-8793-05c23ef62b9f', '2:30', 'Atto II'),
('88e53b1b-2574-45fc-8793-05c23ef62b9f', '2:30', 'Atto III'),
('564f838a-e657-4081-b4e3-ca14a10382d8', '2:30', 'Rockin Daddy'),
('564f838a-e657-4081-b4e3-ca14a10382d8', '2:30', 'Sweet Girl'),
('564f838a-e657-4081-b4e3-ca14a10382d8', '2:30', 'Baby Lets Play House'),
('564f838a-e657-4081-b4e3-ca14a10382d8', '2:30', 'Crazy Alligator'),
('564f838a-e657-4081-b4e3-ca14a10382d8', '2:30', 'Ghost Riders'),
('564f838a-e657-4081-b4e3-ca14a10382d8', '2:30', 'Guitar Rag'),
('87571be1-cb1c-411d-baff-7f435b781dc7', '2:54', 'Morgengruß'),
('87571be1-cb1c-411d-baff-7f435b781dc7', '3:30', 'Und dann singt der Gesangsverein'),
('87571be1-cb1c-411d-baff-7f435b781dc7', '2:32', 'Spielkarten-Polka'),
('87571be1-cb1c-411d-baff-7f435b781dc7', '2:54', 'Franz aus Oberkrain'),
('87571be1-cb1c-411d-baff-7f435b781dc7', '1:46', 'Trompeten-König'),
('87571be1-cb1c-411d-baff-7f435b781dc7', '3:30', 'Vater ist unser Bester'),
('87571be1-cb1c-411d-baff-7f435b781dc7', '2:05', 'Die Feuerwehr muß her'),
('87571be1-cb1c-411d-baff-7f435b781dc7', '2:08', 'Hoch hinaus'),
('87571be1-cb1c-411d-baff-7f435b781dc7', '2:45', 'Narzissen-Walzer'),
('87571be1-cb1c-411d-baff-7f435b781dc7', '3:00', 'Keine Strümpf und keine Schuh'),
('87571be1-cb1c-411d-baff-7f435b781dc7', '2:28', 'Rechts-rum-Polka'),
('87571be1-cb1c-411d-baff-7f435b781dc7', '3:15', 'Wenn du meinst'),
('87571be1-cb1c-411d-baff-7f435b781dc7', '2:25', 'Das Herz vom Schützenkönig'),
('87571be1-cb1c-411d-baff-7f435b781dc7', '3:16', 'Im Zwei-Viertel-Takt'),
('87571be1-cb1c-411d-baff-7f435b781dc7', '1:54', 'Moj fantic je prijezdil'),
('87571be1-cb1c-411d-baff-7f435b781dc7', '3:20', 'Wunschtraum-Walzer'),
('87571be1-cb1c-411d-baff-7f435b781dc7', '2:30', 'Aber dann, aber dann'),
('87571be1-cb1c-411d-baff-7f435b781dc7', '2:28', 'Karawanken-Jodler'),
('87571be1-cb1c-411d-baff-7f435b781dc7', '2:49', 'Ja, das gibt es nur in Oberkrain'),
('87571be1-cb1c-411d-baff-7f435b781dc7', '2:24', 'Im Wald da rief der Kuckuk'),
('87571be1-cb1c-411d-baff-7f435b781dc7', '3:02', 'Aus dem Alpenland'),
('87571be1-cb1c-411d-baff-7f435b781dc7', '2:20', 'Jäger-Polka'),
('87571be1-cb1c-411d-baff-7f435b781dc7', '3:37', 'Denk nicht an vergangne Tage'),
('87571be1-cb1c-411d-baff-7f435b781dc7', '2:26', 'So sind wir'),
('dd2cdf9b-8e61-4f5b-ae5e-8ca7249ed385', '14:56', 'March On The Stones'),
('dd2cdf9b-8e61-4f5b-ae5e-8ca7249ed385', '14:57', 'Necklace Of Tears'),
('1fb1089a-0e2d-4c0a-9ec3-51c6ea145413', '2:34', 'I Wish You Would'),
('1fb1089a-0e2d-4c0a-9ec3-51c6ea145413', '2:53', 'I Am Going Away'),
('1fb1089a-0e2d-4c0a-9ec3-51c6ea145413', '3:00', 'A Good Song'),
('1fb1089a-0e2d-4c0a-9ec3-51c6ea145413', '3:00', 'Ill Get Back My 57 Chevy'),
('1fb1089a-0e2d-4c0a-9ec3-51c6ea145413', '2:53', 'Mic In Hand'),
('1fb1089a-0e2d-4c0a-9ec3-51c6ea145413', '3:12', 'Tomorrow'),
('1fb1089a-0e2d-4c0a-9ec3-51c6ea145413', '2:24', 'Merry Christmas Tonight'),
('1fb1089a-0e2d-4c0a-9ec3-51c6ea145413', '1:52', 'Still 17'),
('1fb1089a-0e2d-4c0a-9ec3-51c6ea145413', '2:18', 'Jezebel'),
('1fb1089a-0e2d-4c0a-9ec3-51c6ea145413', '3:11', 'Special Time'),
('1fb1089a-0e2d-4c0a-9ec3-51c6ea145413', '2:53', 'Be My Girl'),
('1fb1089a-0e2d-4c0a-9ec3-51c6ea145413', '3:29', 'Fantasy World'),
('1fb1089a-0e2d-4c0a-9ec3-51c6ea145413', '2:17', 'She Just Looked'),
('1fb1089a-0e2d-4c0a-9ec3-51c6ea145413', '2:34', 'A Day Like Today'),
('1fb1089a-0e2d-4c0a-9ec3-51c6ea145413', '3:48', 'Keep Goin'),
('bb52f6d9-2c2a-47b4-81b4-78b42146d8bf', '4:06', 'Armed And Dangerous'),
('bb52f6d9-2c2a-47b4-81b4-78b42146d8bf', '4:34', 'I Am On The Rock'),
('bb52f6d9-2c2a-47b4-81b4-78b42146d8bf', '4:35', 'Creed'),
('bb52f6d9-2c2a-47b4-81b4-78b42146d8bf', '5:02', 'Beyond Belief'),
('bb52f6d9-2c2a-47b4-81b4-78b42146d8bf', '4:11', 'Love'),
('bb52f6d9-2c2a-47b4-81b4-78b42146d8bf', '4:29', 'Underground'),
('bb52f6d9-2c2a-47b4-81b4-78b42146d8bf', '3:54', 'Seen And Not Heard'),
('bb52f6d9-2c2a-47b4-81b4-78b42146d8bf', '5:01', 'Last Daze'),
('bb52f6d9-2c2a-47b4-81b4-78b42146d8bf', '3:32', 'Whats In A Name'),
('bb52f6d9-2c2a-47b4-81b4-78b42146d8bf', '4:14', 'Prayer'),
('f4957ecd-1ba1-4bd9-8330-dec9cb8ccb5e', '4:09', 'Cleopatras Theme'),
('f4957ecd-1ba1-4bd9-8330-dec9cb8ccb5e', '3:20', 'Life Aint Easy'),
('f4957ecd-1ba1-4bd9-8330-dec9cb8ccb5e', '3:56', 'Dont Suffer In Silence'),
('f4957ecd-1ba1-4bd9-8330-dec9cb8ccb5e', '5:08', 'A Touch Of Love'),
('f4957ecd-1ba1-4bd9-8330-dec9cb8ccb5e', '4:51', 'The Bird Song'),
('f4957ecd-1ba1-4bd9-8330-dec9cb8ccb5e', '4:09', 'Thinking About You'),
('f4957ecd-1ba1-4bd9-8330-dec9cb8ccb5e', '5:01', 'What You Gonna Do Boy?'),
('f4957ecd-1ba1-4bd9-8330-dec9cb8ccb5e', '5:36', 'The World We Live In'),
('f4957ecd-1ba1-4bd9-8330-dec9cb8ccb5e', '3:42', 'Dying Rose'),
('f4957ecd-1ba1-4bd9-8330-dec9cb8ccb5e', '4:36', 'Two Timer'),
('f4957ecd-1ba1-4bd9-8330-dec9cb8ccb5e', '4:05', 'I Want You Back'),
('f4957ecd-1ba1-4bd9-8330-dec9cb8ccb5e', '2:30', 'Bonus Track'),
('f4957ecd-1ba1-4bd9-8330-dec9cb8ccb5e', '4:22', 'We Havent Finished Yet'),
('f4957ecd-1ba1-4bd9-8330-dec9cb8ccb5e', '5:00', 'Bird Song (Live Version)'),
('b2dbc020-16b3-4a60-a86f-311bfebe72bb', '2:47', 'Lady Of Spain'),
('b2dbc020-16b3-4a60-a86f-311bfebe72bb', '2:42', 'Beautiful Love'),
('b2dbc020-16b3-4a60-a86f-311bfebe72bb', '2:38', 'Moonlight And Roses'),
('b2dbc020-16b3-4a60-a86f-311bfebe72bb', '3:11', 'Love Walked In'),
('b2dbc020-16b3-4a60-a86f-311bfebe72bb', '2:27', 'Our Waltz'),
('b2dbc020-16b3-4a60-a86f-311bfebe72bb', '3:41', 'I Concentrate On You'),
('b2dbc020-16b3-4a60-a86f-311bfebe72bb', '3:09', 'Take Me In Your Arms'),
('b2dbc020-16b3-4a60-a86f-311bfebe72bb', '3:20', 'Malaguena'),
('b2dbc020-16b3-4a60-a86f-311bfebe72bb', '3:05', 'Imagination'),
('b2dbc020-16b3-4a60-a86f-311bfebe72bb', '2:43', 'Kiss Of Fire'),
('b2dbc020-16b3-4a60-a86f-311bfebe72bb', '2:29', 'To My Love'),
('b2dbc020-16b3-4a60-a86f-311bfebe72bb', '3:28', 'My Romance'),
('2665fc25-9297-4e1a-9eae-8d0dff38c537', '2:30', 'Dusk'),
('2665fc25-9297-4e1a-9eae-8d0dff38c537', '2:30', 'The Time Has Come'),
('2665fc25-9297-4e1a-9eae-8d0dff38c537', '2:30', 'Deaths Not The End '),
('2665fc25-9297-4e1a-9eae-8d0dff38c537', '2:30', 'The Fall Of The Ballerine'),
('2665fc25-9297-4e1a-9eae-8d0dff38c537', '2:30', 'Mind War'),
('2665fc25-9297-4e1a-9eae-8d0dff38c537', '2:30', 'Wetdream'),
('2665fc25-9297-4e1a-9eae-8d0dff38c537', '2:30', 'Rapture Of Mortal Pleasures'),
('f181c033-9236-4d3a-9870-a0d5038b0f5f', '2:30', 'Whiskey River'),
('f181c033-9236-4d3a-9870-a0d5038b0f5f', '2:30', 'Take This Job And Shove It'),
('f181c033-9236-4d3a-9870-a0d5038b0f5f', '2:30', 'Numbers'),
('f181c033-9236-4d3a-9870-a0d5038b0f5f', '2:30', 'Just Good Ol Boys'),
('f181c033-9236-4d3a-9870-a0d5038b0f5f', '2:30', 'Barstool Mountain'),
('f181c033-9236-4d3a-9870-a0d5038b0f5f', '2:30', 'Dont All The Girls Get Prettier At Closing Time'),
('f181c033-9236-4d3a-9870-a0d5038b0f5f', '2:30', 'Eastbound And Down'),
('f181c033-9236-4d3a-9870-a0d5038b0f5f', '2:30', 'Wasnt That A Party'),
('f181c033-9236-4d3a-9870-a0d5038b0f5f', '2:30', 'Up Against The Wall Red Neck Mother'),
('f181c033-9236-4d3a-9870-a0d5038b0f5f', '2:30', 'Panama Red'),
('f181c033-9236-4d3a-9870-a0d5038b0f5f', '2:30', 'Willie, Waylon And Me'),
('f181c033-9236-4d3a-9870-a0d5038b0f5f', '2:30', 'Red Necks, White Socks, & Blue Ribbon Beer'),
('f181c033-9236-4d3a-9870-a0d5038b0f5f', '2:30', 'Mammas Dont Let Your Babies Grow Up To Be Cowboys'),
('f181c033-9236-4d3a-9870-a0d5038b0f5f', '2:30', 'Shes Actin Single (Im Drinkin Doubles)'),
('f181c033-9236-4d3a-9870-a0d5038b0f5f', '2:30', 'I Think Ill Just Stay Here And Drink'),
('594a05d4-2416-4f09-ba1c-8dadfd9e1863', '2:30', 'El regreso de los jipis. Deicidas'),
('594a05d4-2416-4f09-ba1c-8dadfd9e1863', '2:30', 'Oh Sharon. Deicidas'),
('594a05d4-2416-4f09-ba1c-8dadfd9e1863', '2:30', ''),
('594a05d4-2416-4f09-ba1c-8dadfd9e1863', '2:30', ''),
('d2a852c3-0cae-47dc-8db6-51680fb45a88', '6:18', 'Mein Berlin'),
('d2a852c3-0cae-47dc-8db6-51680fb45a88', '3:44', 'Kleines Mädchen'),
('d2a852c3-0cae-47dc-8db6-51680fb45a88', '2:19', 'Wahlsonntag'),
('d2a852c3-0cae-47dc-8db6-51680fb45a88', '5:27', 'Allein'),
('d2a852c3-0cae-47dc-8db6-51680fb45a88', '2:40', 'In Lucianos Restaurant'),
('d2a852c3-0cae-47dc-8db6-51680fb45a88', '3:41', 'Mein Dorf Am Ende Der Welt'),
('d2a852c3-0cae-47dc-8db6-51680fb45a88', '6:04', 'Alle Soldaten Wolln Nach Haus'),
('d2a852c3-0cae-47dc-8db6-51680fb45a88', '2:46', 'Zwischen Allen Stühlen'),
('d2a852c3-0cae-47dc-8db6-51680fb45a88', '4:01', 'Ich Hab Meine Rostlaube Tiefergelegt'),
('d2a852c3-0cae-47dc-8db6-51680fb45a88', '2:29', 'Die Kinderhosenballade'),
('d2a852c3-0cae-47dc-8db6-51680fb45a88', '4:30', 'Golf November'),
('d2a852c3-0cae-47dc-8db6-51680fb45a88', '4:40', 'Wir'),
('a28d49fe-1baf-4cca-a243-ff7b5bcfa3b1', '4:00', 'Still'),
('a28d49fe-1baf-4cca-a243-ff7b5bcfa3b1', '2:52', 'Oh My God'),
('a28d49fe-1baf-4cca-a243-ff7b5bcfa3b1', '4:35', 'Until The Night Is Done'),
('a28d49fe-1baf-4cca-a243-ff7b5bcfa3b1', '3:45', 'Rough Diamond Falls'),
('a28d49fe-1baf-4cca-a243-ff7b5bcfa3b1', '4:14', 'Nowheres Home'),
('a28d49fe-1baf-4cca-a243-ff7b5bcfa3b1', '3:56', 'Cynic'),
('a28d49fe-1baf-4cca-a243-ff7b5bcfa3b1', '4:13', 'Innocence'),
('a28d49fe-1baf-4cca-a243-ff7b5bcfa3b1', '3:36', 'Time Is A Riddle'),
('a28d49fe-1baf-4cca-a243-ff7b5bcfa3b1', '3:19', 'Hunger'),
('a28d49fe-1baf-4cca-a243-ff7b5bcfa3b1', '4:21', 'Killing Me'),
('a28d49fe-1baf-4cca-a243-ff7b5bcfa3b1', '5:52', 'Slow Down'),
('9a2835d7-adfd-4d63-9295-0b7af4042dab', '3:10', 'Good Times Bad Times'),
('9a2835d7-adfd-4d63-9295-0b7af4042dab', '5:37', 'Ramble On'),
('9a2835d7-adfd-4d63-9295-0b7af4042dab', '5:18', 'Black Dog'),
('9a2835d7-adfd-4d63-9295-0b7af4042dab', '11:01', 'In My Time Of Dying'),
('9a2835d7-adfd-4d63-9295-0b7af4042dab', '6:08', 'For Your Life'),
('9a2835d7-adfd-4d63-9295-0b7af4042dab', '6:02', 'Trampled Under Foot'),
('9a2835d7-adfd-4d63-9295-0b7af4042dab', '6:24', 'Nobodys Fault But Mine'),
('9a2835d7-adfd-4d63-9295-0b7af4042dab', '9:00', 'No Quarter'),
('9a2835d7-adfd-4d63-9295-0b7af4042dab', '7:35', 'Since Ive Been Loving You'),
('9a2835d7-adfd-4d63-9295-0b7af4042dab', '11:19', 'Dazed And Confused'),
('9a2835d7-adfd-4d63-9295-0b7af4042dab', '8:28', 'Stairway To Heaven'),
('9a2835d7-adfd-4d63-9295-0b7af4042dab', '5:35', 'The Song Remains The Same'),
('9a2835d7-adfd-4d63-9295-0b7af4042dab', '4:48', 'Misty Mountain Hop'),
('9a2835d7-adfd-4d63-9295-0b7af4042dab', '8:48', 'Kashmir'),
('9a2835d7-adfd-4d63-9295-0b7af4042dab', '6:49', 'Whole Lotta Love'),
('9a2835d7-adfd-4d63-9295-0b7af4042dab', '4:19', 'Rock And Roll'),
('9a2835d7-adfd-4d63-9295-0b7af4042dab', '3:10', 'Good Times Bad Times'),
('9a2835d7-adfd-4d63-9295-0b7af4042dab', '5:37', 'Ramble On'),
('9a2835d7-adfd-4d63-9295-0b7af4042dab', '5:18', 'Black Dog'),
('9a2835d7-adfd-4d63-9295-0b7af4042dab', '11:01', 'In My Time Of Dying'),
('9a2835d7-adfd-4d63-9295-0b7af4042dab', '6:08', 'For Your Life'),
('9a2835d7-adfd-4d63-9295-0b7af4042dab', '6:02', 'Trampled Under Foot'),
('9a2835d7-adfd-4d63-9295-0b7af4042dab', '6:24', 'Nobodys Fault But Mine'),
('9a2835d7-adfd-4d63-9295-0b7af4042dab', '9:00', 'No Quarter'),
('9a2835d7-adfd-4d63-9295-0b7af4042dab', '7:35', 'Since Ive Been Loving You'),
('9a2835d7-adfd-4d63-9295-0b7af4042dab', '11:19', 'Dazed And Confused'),
('9a2835d7-adfd-4d63-9295-0b7af4042dab', '8:28', 'Stairway To Heaven'),
('9a2835d7-adfd-4d63-9295-0b7af4042dab', '5:35', 'The Song Remains The Same'),
('9a2835d7-adfd-4d63-9295-0b7af4042dab', '4:48', 'Misty Mountain Hop'),
('9a2835d7-adfd-4d63-9295-0b7af4042dab', '8:48', 'Kashmir'),
('9a2835d7-adfd-4d63-9295-0b7af4042dab', '6:49', 'Whole Lotta Love'),
('9a2835d7-adfd-4d63-9295-0b7af4042dab', '4:19', 'Rock And Roll'),
('f5aaf502-bbc5-43d5-adb0-6a908c7ecf6b', '1:17', 'Welcome (Demo 1990)'),
('f5aaf502-bbc5-43d5-adb0-6a908c7ecf6b', '4:08', 'Screaming In Horror (Demo 1990)'),
('f5aaf502-bbc5-43d5-adb0-6a908c7ecf6b', '4:47', 'Operation Overlord (Demo 1990)'),
('f5aaf502-bbc5-43d5-adb0-6a908c7ecf6b', '5:51', 'Into The Realm Of Death (Demo 1990)'),
('f5aaf502-bbc5-43d5-adb0-6a908c7ecf6b', '7:29', 'Between (Demo 1990)'),
('f5aaf502-bbc5-43d5-adb0-6a908c7ecf6b', '3:07', 'In Dust The Darkness Ended (Demo 1990)'),
('f5aaf502-bbc5-43d5-adb0-6a908c7ecf6b', '4:53', 'Psycho (Demo 1990)'),
('f5aaf502-bbc5-43d5-adb0-6a908c7ecf6b', '0:28', 'My Mission (Demo 1990)'),
('f5aaf502-bbc5-43d5-adb0-6a908c7ecf6b', '1:47', 'Sedative Highs (Demo 1990)'),
('f5aaf502-bbc5-43d5-adb0-6a908c7ecf6b', '5:59', 'Another Moon Is Rising (Demo 1990)'),
('f5aaf502-bbc5-43d5-adb0-6a908c7ecf6b', '7:46', 'In Blood (Demo 1990)'),
('f5aaf502-bbc5-43d5-adb0-6a908c7ecf6b', '6:18', 'Sinister Path (Demo 1991)'),
('f5aaf502-bbc5-43d5-adb0-6a908c7ecf6b', '6:27', 'Fear In My Dreams (Demo 1991)'),
('f5aaf502-bbc5-43d5-adb0-6a908c7ecf6b', '5:52', 'Prophecies (Demo 1992)'),
('f5aaf502-bbc5-43d5-adb0-6a908c7ecf6b', '4:09', 'Sinister Path (Demo 1992)'),
('f5aaf502-bbc5-43d5-adb0-6a908c7ecf6b', '0:44', 'Terminal Sick (Demo 1992)'),
('f5aaf502-bbc5-43d5-adb0-6a908c7ecf6b', '4:08', 'Ceremony Of The Dead (Demo 1992)'),
('f5aaf502-bbc5-43d5-adb0-6a908c7ecf6b', '2:43', 'Captive In Suction Of Aeon (Demo 1992)'),
('f5aaf502-bbc5-43d5-adb0-6a908c7ecf6b', '4:55', 'The Purified Flesh (Demo 1992)'),
('f5aaf502-bbc5-43d5-adb0-6a908c7ecf6b', '3:26', 'Soultaker (Demo 1992)'),
('f5aaf502-bbc5-43d5-adb0-6a908c7ecf6b', '1:40', 'The Return (Demo 1992)'),
('f5aaf502-bbc5-43d5-adb0-6a908c7ecf6b', '5:06', 'Birth Of Descendants (Demo 1992)'),
('f5aaf502-bbc5-43d5-adb0-6a908c7ecf6b', '3:56', 'Ceremony Of The Dead (Vielklang 1993)'),
('f5aaf502-bbc5-43d5-adb0-6a908c7ecf6b', '5:31', 'Drift (Vielklang 1993)'),
('f5aaf502-bbc5-43d5-adb0-6a908c7ecf6b', '6:01', 'Prophecies (CD Roughmix 1993)'),
('f5aaf502-bbc5-43d5-adb0-6a908c7ecf6b', '4:44', 'Sinister Path (CD Roughmix 1993)'),
('f5aaf502-bbc5-43d5-adb0-6a908c7ecf6b', '4:03', 'Ceremony Of The Dead (CD Roughmix 1993)'),
('f5aaf502-bbc5-43d5-adb0-6a908c7ecf6b', '3:15', ' Soultaker (CD Roughmix 1993)'),
('f5aaf502-bbc5-43d5-adb0-6a908c7ecf6b', '4:56', 'The Purified Flesh (CD Roughmix 1993)'),
('f5aaf502-bbc5-43d5-adb0-6a908c7ecf6b', '5:02', 'Birth Of Descendants (CD Roughmix 1993)'),
('f5aaf502-bbc5-43d5-adb0-6a908c7ecf6b', '5:45', 'Drift (CD Roughmix 1993)'),
('f5aaf502-bbc5-43d5-adb0-6a908c7ecf6b', '4:12', 'Desire (CD Roughmix 1993)'),
('f5aaf502-bbc5-43d5-adb0-6a908c7ecf6b', '6:07', 'Genetic Malfunction (CD Roughmix 1993)'),
('f5aaf502-bbc5-43d5-adb0-6a908c7ecf6b', '4:05', 'God Of Thunder (CD Roughmix 1993)'),
('f5aaf502-bbc5-43d5-adb0-6a908c7ecf6b', '4:15', 'The Orients Breath (Demo 1996)'),
('702f71f9-ae33-4a8d-b8ac-6c894e2416fc', '3:53', 'Bird Flu'),
('702f71f9-ae33-4a8d-b8ac-6c894e2416fc', '4:58', 'Bird Flu (Extended Mix)'),
('4767fbf8-4664-48e6-a202-f435ae572a80', '1:52', 'Gone To The Moon (45 Version)'),
('4767fbf8-4664-48e6-a202-f435ae572a80', '3:20', 'Go All The Way'),
('4767fbf8-4664-48e6-a202-f435ae572a80', '2:03', 'The Right Thing'),
('4767fbf8-4664-48e6-a202-f435ae572a80', '3:43', 'Fanfare'),
('06e71d07-b313-48fa-a49e-bdab306ac305', '2:16', 'Madame Bonaparte'),
('06e71d07-b313-48fa-a49e-bdab306ac305', '3:34', 'Derwentwaters Farewell / Rowantree Hill'),
('06e71d07-b313-48fa-a49e-bdab306ac305', '3:57', 'Oh Dear, What Can The Matter Be'),
('06e71d07-b313-48fa-a49e-bdab306ac305', '2:48', 'Barrington Hornpipe / Redesdale Hornpipe'),
('06e71d07-b313-48fa-a49e-bdab306ac305', '2:23', 'The Wild Hills Of Wannies'),
('06e71d07-b313-48fa-a49e-bdab306ac305', '3:25', 'Highland Laddie'),
('06e71d07-b313-48fa-a49e-bdab306ac305', '2:14', 'Bracken Riggs / Happy Hours'),
('06e71d07-b313-48fa-a49e-bdab306ac305', '4:44', 'Blow The Wind Southerly'),
('06e71d07-b313-48fa-a49e-bdab306ac305', '4:24', 'Memories / Nancy'),
('06e71d07-b313-48fa-a49e-bdab306ac305', '5:56', 'Johnny Armstrong / Crooked Bawbee / The Rowan Tree / Whittingham Green Lane'),
('06e71d07-b313-48fa-a49e-bdab306ac305', '2:38', 'Proudlocks Hornpipe / Carrick Hornpipe'),
('06e71d07-b313-48fa-a49e-bdab306ac305', '2:22', 'Chevy Chase / Come Ye Not From Newcastle?'),
('06e71d07-b313-48fa-a49e-bdab306ac305', '2:05', 'Bonny Woodside'),
('06e71d07-b313-48fa-a49e-bdab306ac305', '2:08', 'Bonny North Tyne / Lads Of Alnwick'),
('06e71d07-b313-48fa-a49e-bdab306ac305', '2:20', 'Gypsies Lullaby'),
('06e71d07-b313-48fa-a49e-bdab306ac305', '3:21', 'Rothbury Hills / Bill Charltons Fancy'),
('18d7338f-d6d5-4b35-8af9-bf8161c2d9ac', '4:39', 'A Interference Gilt'),
('18d7338f-d6d5-4b35-8af9-bf8161c2d9ac', '5:16', 'Eye Sky'),
('b3e51473-8d72-4e8e-ae04-cd5e07450343', '2:30', 'Cadence Rempa'),
('b3e51473-8d72-4e8e-ae04-cd5e07450343', '2:30', 'Diol Boquière'),
('b3e51473-8d72-4e8e-ae04-cd5e07450343', '2:30', 'Haïti Pays De Rêves'),
('b3e51473-8d72-4e8e-ae04-cd5e07450343', '2:30', 'Marchande Poules'),
('b3e51473-8d72-4e8e-ae04-cd5e07450343', '2:30', 'Pachanga Créole'),
('b3e51473-8d72-4e8e-ae04-cd5e07450343', '2:30', 'Alphabet Musical'),
('b3e51473-8d72-4e8e-ae04-cd5e07450343', '2:30', 'Femme Têtue'),
('b3e51473-8d72-4e8e-ae04-cd5e07450343', '2:30', 'Nou Mélé Yo'),
('b3e51473-8d72-4e8e-ae04-cd5e07450343', '2:30', 'Réalisation'),
('b3e51473-8d72-4e8e-ae04-cd5e07450343', '2:30', 'Cadence Rempa No. 2'),
('d541a702-1ef6-49d5-a31d-99d9f3e469f2', '2:30', 'Ooh I Love It (Love Break) (Dimitri From Paris DJ Friendly Classic 12" Re-Edit)'),
('d541a702-1ef6-49d5-a31d-99d9f3e469f2', '2:30', 'First Time Around (Dimitri From Paris DJ Friendly Classic Re-Edit)'),
('d541a702-1ef6-49d5-a31d-99d9f3e469f2', '2:30', 'Be Mine Tonight (Dimitri From Paris DJ Friendly Classic Re-Edit)'),
('d541a702-1ef6-49d5-a31d-99d9f3e469f2', '2:30', 'Just As Long As I Got You (Dimitri From Paris DJ Friendly Classic Re-Edit)'),
('3feab082-53b4-4869-839a-6b376c5bf8f4', '3:37', 'The 12 Days Of Christmas'),
('3feab082-53b4-4869-839a-6b376c5bf8f4', '2:30', 'Breakfast Conversations'),
('2f93af3c-113c-4faf-a9be-50869f3148cb', '6:47', 'A.I Takeover'),
('2f93af3c-113c-4faf-a9be-50869f3148cb', '6:52', 'A.I Takeover (Yence505 Rmx)'),
('2f93af3c-113c-4faf-a9be-50869f3148cb', '7:24', 'A.I Takeover (Zafro Rmx)'),
('a7c29fdb-59a5-4015-930d-deb3f68a0091', '4:03', 'Deadly Zone (Clean Radio)'),
('37cba9f9-dd08-46b4-910b-25c142d980be', '2:30', 'Farmer'),
('37cba9f9-dd08-46b4-910b-25c142d980be', '2:30', 'Farmer (Version)'),
('222cc354-67c0-49e8-9d6d-f8541cda72b8', '2:24', 'I Love Jazz'),
('222cc354-67c0-49e8-9d6d-f8541cda72b8', '2:43', 'Deed I Do'),
('222cc354-67c0-49e8-9d6d-f8541cda72b8', '2:51', 'Agua De Beber'),
('222cc354-67c0-49e8-9d6d-f8541cda72b8', '3:32', 'A Fine Romance'),
('222cc354-67c0-49e8-9d6d-f8541cda72b8', '4:16', 'Youd Be So Nice To Come Home To'),
('222cc354-67c0-49e8-9d6d-f8541cda72b8', '3:24', 'C-Jam -Blues'),
('222cc354-67c0-49e8-9d6d-f8541cda72b8', '2:40', 'Ill Build A Stairway To Paradise'),
('222cc354-67c0-49e8-9d6d-f8541cda72b8', '3:54', 'Love Walked In'),
('222cc354-67c0-49e8-9d6d-f8541cda72b8', '3:33', 'Samba Dees Days'),
('222cc354-67c0-49e8-9d6d-f8541cda72b8', '5:47', 'Fajista'),
('222cc354-67c0-49e8-9d6d-f8541cda72b8', '3:04', 'Downstairs'),
('222cc354-67c0-49e8-9d6d-f8541cda72b8', '4:24', 'All The Things You Are'),
('222cc354-67c0-49e8-9d6d-f8541cda72b8', '3:28', 'Minor Swing'),
('222cc354-67c0-49e8-9d6d-f8541cda72b8', '4:04', 'Love Me Or Leave Me'),
('222cc354-67c0-49e8-9d6d-f8541cda72b8', '2:01', 'Mumbles'),
('222cc354-67c0-49e8-9d6d-f8541cda72b8', '3:05', 'Dinner With Friends'),
('222cc354-67c0-49e8-9d6d-f8541cda72b8', '4:51', 'Sunny'),
('222cc354-67c0-49e8-9d6d-f8541cda72b8', '5:36', 'Fever'),
('222cc354-67c0-49e8-9d6d-f8541cda72b8', '5:31', 'Just One Of Those Things'),
('222cc354-67c0-49e8-9d6d-f8541cda72b8', '7:33', 'Four'),
('222cc354-67c0-49e8-9d6d-f8541cda72b8', '5:35', 'Just Another Rhumba'),
('222cc354-67c0-49e8-9d6d-f8541cda72b8', '6:21', 'Cascavelo'),
('222cc354-67c0-49e8-9d6d-f8541cda72b8', '3:56', 'Makin Whoopee'),
('222cc354-67c0-49e8-9d6d-f8541cda72b8', '6:04', 'Grand Street'),
('222cc354-67c0-49e8-9d6d-f8541cda72b8', '4:40', 'Stars Fell On Alabama'),
('222cc354-67c0-49e8-9d6d-f8541cda72b8', '6:23', 'Jumpin At The Woodside'),
('222cc354-67c0-49e8-9d6d-f8541cda72b8', '5:51', 'Ad Lib Blues'),
('222cc354-67c0-49e8-9d6d-f8541cda72b8', '4:38', 'Brown Skin Girl'),
('222cc354-67c0-49e8-9d6d-f8541cda72b8', '3:50', 'Ive Got You Under My Skin'),
('222cc354-67c0-49e8-9d6d-f8541cda72b8', '5:08', 'Spartacus Love Theme'),
('222cc354-67c0-49e8-9d6d-f8541cda72b8', '3:20', 'Evrything Ive Got'),
('222cc354-67c0-49e8-9d6d-f8541cda72b8', '2:35', 'I Get A Kick Out Of You'),
('222cc354-67c0-49e8-9d6d-f8541cda72b8', '3:25', 'Bloomdido'),
('222cc354-67c0-49e8-9d6d-f8541cda72b8', '2:27', 'Gal From Joes'),
('222cc354-67c0-49e8-9d6d-f8541cda72b8', '2:42', 'Relax Max'),
('222cc354-67c0-49e8-9d6d-f8541cda72b8', '5:03', 'Tour De Force'),
('222cc354-67c0-49e8-9d6d-f8541cda72b8', '6:25', 'Wabash Blues'),
('222cc354-67c0-49e8-9d6d-f8541cda72b8', '3:48', 'Woodyn You'),
('222cc354-67c0-49e8-9d6d-f8541cda72b8', '6:23', 'Autumn Leaves'),
('222cc354-67c0-49e8-9d6d-f8541cda72b8', '5:20', 'Heres That Rainy Day'),
('222cc354-67c0-49e8-9d6d-f8541cda72b8', '5:40', 'On The Sunny Si De Of The Street'),
('222cc354-67c0-49e8-9d6d-f8541cda72b8', '3:29', 'Star Eyes'),
('222cc354-67c0-49e8-9d6d-f8541cda72b8', '4:22', 'A Quote From Clifford Brown'),
('222cc354-67c0-49e8-9d6d-f8541cda72b8', '6:38', 'Smoke Gets In Your Eyes'),
('222cc354-67c0-49e8-9d6d-f8541cda72b8', '3:23', 'Stardust'),
('222cc354-67c0-49e8-9d6d-f8541cda72b8', '4:58', 'The Shadow Of Your Smile'),
('222cc354-67c0-49e8-9d6d-f8541cda72b8', '3:49', 'The World Is Waitung For The Sunrise'),
('222cc354-67c0-49e8-9d6d-f8541cda72b8', '5:58', 'Cheers'),
('65473fa6-0087-40f5-b006-6d9bf62165f4', '2:30', 'Love Meeting Love'),
('65473fa6-0087-40f5-b006-6d9bf62165f4', '2:30', '(Flying On The) Wings Of Love'),
('65473fa6-0087-40f5-b006-6d9bf62165f4', '2:30', 'Love Games'),
('65473fa6-0087-40f5-b006-6d9bf62165f4', '2:30', 'Turn It On'),
('65473fa6-0087-40f5-b006-6d9bf62165f4', '2:30', 'Starchild'),
('65473fa6-0087-40f5-b006-6d9bf62165f4', '2:30', 'Are You Hearing (What I Hear)?'),
('65473fa6-0087-40f5-b006-6d9bf62165f4', '2:30', 'Weave Your Spell'),
('65473fa6-0087-40f5-b006-6d9bf62165f4', '2:30', 'The Chinese Way'),
('65473fa6-0087-40f5-b006-6d9bf62165f4', '2:30', 'Out Of Sight, Out Of Mind'),
('65473fa6-0087-40f5-b006-6d9bf62165f4', '2:30', 'The Sun Goes Down (Living It Up)'),
('65473fa6-0087-40f5-b006-6d9bf62165f4', '2:30', 'Micro-Kid'),
('65473fa6-0087-40f5-b006-6d9bf62165f4', '2:30', 'Hot Water (Long Version)'),
('65473fa6-0087-40f5-b006-6d9bf62165f4', '2:30', 'The Chant Has Begun'),
('65473fa6-0087-40f5-b006-6d9bf62165f4', '2:30', 'Something About You'),
('65473fa6-0087-40f5-b006-6d9bf62165f4', '2:30', 'Leaving Me Now'),
('65473fa6-0087-40f5-b006-6d9bf62165f4', '2:30', 'Lessons In Love'),
('65473fa6-0087-40f5-b006-6d9bf62165f4', '2:30', 'Running In The Family'),
('65473fa6-0087-40f5-b006-6d9bf62165f4', '2:30', 'To Be With You Again'),
('65473fa6-0087-40f5-b006-6d9bf62165f4', '2:30', 'Its Over (Remix)'),
('65473fa6-0087-40f5-b006-6d9bf62165f4', '2:30', 'Children Say (Remix)'),
('65473fa6-0087-40f5-b006-6d9bf62165f4', '2:30', 'Heaven In My Hands'),
('65473fa6-0087-40f5-b006-6d9bf62165f4', '2:30', 'Take A Look'),
('65473fa6-0087-40f5-b006-6d9bf62165f4', '2:30', 'Tracie (Remix)'),
('65473fa6-0087-40f5-b006-6d9bf62165f4', '2:30', 'Take Care Of Yourself'),
('65473fa6-0087-40f5-b006-6d9bf62165f4', '2:30', 'Guaranteed'),
('65473fa6-0087-40f5-b006-6d9bf62165f4', '2:30', 'Overtime'),
('65473fa6-0087-40f5-b006-6d9bf62165f4', '2:30', 'My Fathers Shoes'),
('65473fa6-0087-40f5-b006-6d9bf62165f4', '2:30', 'Forever Now'),
('65473fa6-0087-40f5-b006-6d9bf62165f4', '2:30', 'All Over You'),
('65473fa6-0087-40f5-b006-6d9bf62165f4', '2:30', 'Love In A Peacefull World'),
('4343c3aa-8442-4837-bfce-a1e5260ba48f', '2:30', 'Fuzzy Logic'),
('4343c3aa-8442-4837-bfce-a1e5260ba48f', '2:30', 'Good For Nothin'),
('4343c3aa-8442-4837-bfce-a1e5260ba48f', '2:30', 'Bgock!'),
('4343c3aa-8442-4837-bfce-a1e5260ba48f', '2:30', 'Seven Come Eleven'),
('4343c3aa-8442-4837-bfce-a1e5260ba48f', '2:30', 'The Me Variations'),
('4343c3aa-8442-4837-bfce-a1e5260ba48f', '2:30', 'Old Smoother'),
('4343c3aa-8442-4837-bfce-a1e5260ba48f', '2:30', 'Four On Six'),
('4343c3aa-8442-4837-bfce-a1e5260ba48f', '2:30', 'Too Bad'),
('4343c3aa-8442-4837-bfce-a1e5260ba48f', '2:30', 'Chupa Chup'),
('4343c3aa-8442-4837-bfce-a1e5260ba48f', '2:30', 'Scratch N Sniff'),
('4343c3aa-8442-4837-bfce-a1e5260ba48f', '2:30', 'Bloomdido'),
('4343c3aa-8442-4837-bfce-a1e5260ba48f', '2:30', '11:47 Pm'),
('b6fc2548-e96a-4e4b-ab2c-c753db03174e', '5:26', 'Gloria Ann'),
('b6fc2548-e96a-4e4b-ab2c-c753db03174e', '5:30', 'Vineland Dreams'),
('b6fc2548-e96a-4e4b-ab2c-c753db03174e', '5:01', 'Lets Stay Together'),
('b6fc2548-e96a-4e4b-ab2c-c753db03174e', '6:24', 'When Dreams Come True'),
('b6fc2548-e96a-4e4b-ab2c-c753db03174e', '5:34', 'The Moon Beneath The Clouds'),
('b6fc2548-e96a-4e4b-ab2c-c753db03174e', '4:42', 'Ill Be There'),
('b6fc2548-e96a-4e4b-ab2c-c753db03174e', '5:15', 'Cara Mia'),
('b6fc2548-e96a-4e4b-ab2c-c753db03174e', '5:32', 'Lullaby For Laura'),
('b6fc2548-e96a-4e4b-ab2c-c753db03174e', '5:38', '59th Street'),
('b6fc2548-e96a-4e4b-ab2c-c753db03174e', '4:26', 'Angel'),
('ab4c35f6-00e3-4c46-9f0b-cc40b7e15b28', '2:30', 'Night Transcendence'),
('ab4c35f6-00e3-4c46-9f0b-cc40b7e15b28', '2:30', 'Exultation Through Blood'),
('ab4c35f6-00e3-4c46-9f0b-cc40b7e15b28', '2:30', 'Recurrent Hallway'),
('ab4c35f6-00e3-4c46-9f0b-cc40b7e15b28', '2:30', 'Haunted Red Oak'),
('ab4c35f6-00e3-4c46-9f0b-cc40b7e15b28', '2:30', 'Ruination'),
('ab4c35f6-00e3-4c46-9f0b-cc40b7e15b28', '2:30', 'Night Transcendence'),
('ab4c35f6-00e3-4c46-9f0b-cc40b7e15b28', '2:30', 'Exultation Through Blood'),
('ab4c35f6-00e3-4c46-9f0b-cc40b7e15b28', '2:30', 'Recurrent Hallway'),
('ab4c35f6-00e3-4c46-9f0b-cc40b7e15b28', '2:30', 'Haunted Red Oak'),
('ab4c35f6-00e3-4c46-9f0b-cc40b7e15b28', '2:30', 'Ruination'),
('1132a3b4-8c80-4fc2-acfa-1173adb0fe57', '2:30', 'Es Fährt Ein Schiff'),
('1132a3b4-8c80-4fc2-acfa-1173adb0fe57', '2:30', 'Blue Melodie Aus Tennessee'),
('a50b7f73-73ae-43b0-b3e5-3e312e01031e', '2:30', 'Son Of My Father'),
('a50b7f73-73ae-43b0-b3e5-3e312e01031e', '2:30', 'Pride Comes Before A Fall'),
('1e235ce0-9725-49f7-b712-424861c6f084', '8:41', 'Just Blues'),
('1e235ce0-9725-49f7-b712-424861c6f084', '6:07', 'Violets For Your Furs'),
('1e235ce0-9725-49f7-b712-424861c6f084', '6:41', 'Down Home'),
('1e235ce0-9725-49f7-b712-424861c6f084', '6:13', 'Almost Like Being In Love'),
('1e235ce0-9725-49f7-b712-424861c6f084', '7:26', 'Wee-Dot'),
('1e235ce0-9725-49f7-b712-424861c6f084', '6:50', 'Too Close For Comfort'),
('fe39b5ce-ac50-4ceb-84f2-292bdd14d74e', '2:50', 'Ciao Ciao Bambina'),
('fe39b5ce-ac50-4ceb-84f2-292bdd14d74e', '2:23', 'Nie (Eux)'),
('fe39b5ce-ac50-4ceb-84f2-292bdd14d74e', '4:00', 'An Jenem Tag (Those Were The Days)'),
('fe39b5ce-ac50-4ceb-84f2-292bdd14d74e', '3:03', 'Petruschka (Casatschok)'),
('fe39b5ce-ac50-4ceb-84f2-292bdd14d74e', '3:28', 'Weit Übers Meer'),
('fe39b5ce-ac50-4ceb-84f2-292bdd14d74e', '3:05', ' Abschiedsmelodie (Il Silenzio)'),
('fe39b5ce-ac50-4ceb-84f2-292bdd14d74e', '2:55', 'Am Tag Als Der Regen Kam'),
('fe39b5ce-ac50-4ceb-84f2-292bdd14d74e', '3:04', 'Ich Werde Warten'),
('fe39b5ce-ac50-4ceb-84f2-292bdd14d74e', '2:20', 'El Cordobes'),
('fe39b5ce-ac50-4ceb-84f2-292bdd14d74e', '3:39', 'Mama'),
('fe39b5ce-ac50-4ceb-84f2-292bdd14d74e', '3:16', 'Wenn Die Soldaten'),
('fe39b5ce-ac50-4ceb-84f2-292bdd14d74e', '3:34', 'La Bambola'),
('c127261e-cf0d-451d-9d52-8d5113b93040', '4:10', 'King Size '),
('c127261e-cf0d-451d-9d52-8d5113b93040', '5:56', 'King Size (Rockstar Remix)'),
('c127261e-cf0d-451d-9d52-8d5113b93040', '5:54', 'King Size (El Vol. Six Floorfiller Remix)'),
('c127261e-cf0d-451d-9d52-8d5113b93040', '7:37', 'King Size (El Brujo Remix)'),
('c127261e-cf0d-451d-9d52-8d5113b93040', '5:08', 'King Size (SOLAYR Remix)'),
('3dc94c7c-0350-4477-91e9-5d8a2225162d', '5:32', 'Durban Deep'),
('3dc94c7c-0350-4477-91e9-5d8a2225162d', '4:23', 'Healing Hands'),
('3dc94c7c-0350-4477-91e9-5d8a2225162d', '5:29', 'Whispers'),
('3dc94c7c-0350-4477-91e9-5d8a2225162d', '4:49', 'Club At The End Of The Street'),
('3dc94c7c-0350-4477-91e9-5d8a2225162d', '4:58', 'Sleeping With The Past'),
('3dc94c7c-0350-4477-91e9-5d8a2225162d', '4:55', 'Stones Throw From Hurtin'),
('3dc94c7c-0350-4477-91e9-5d8a2225162d', '5:07', 'Sacrifice'),
('3dc94c7c-0350-4477-91e9-5d8a2225162d', '3:31', 'I Never Knew Her Name'),
('3dc94c7c-0350-4477-91e9-5d8a2225162d', '4:39', 'Amazes Me'),
('3dc94c7c-0350-4477-91e9-5d8a2225162d', '4:21', 'Blue Avenue'),
('a23829cc-0816-4da7-bc86-e132d3733f56', '2:30', 'Veneration'),
('a23829cc-0816-4da7-bc86-e132d3733f56', '2:30', 'Propensity'),
('a23829cc-0816-4da7-bc86-e132d3733f56', '2:30', 'Temerity'),
('a23829cc-0816-4da7-bc86-e132d3733f56', '2:30', 'Sadact'),
('a23829cc-0816-4da7-bc86-e132d3733f56', '2:30', 'Flippant'),
('a23829cc-0816-4da7-bc86-e132d3733f56', '2:30', 'Deleterious'),
('a23829cc-0816-4da7-bc86-e132d3733f56', '2:30', 'Idyllic'),
('a23829cc-0816-4da7-bc86-e132d3733f56', '2:30', 'Jackaninny'),
('a23829cc-0816-4da7-bc86-e132d3733f56', '2:30', 'Feculent'),
('a23829cc-0816-4da7-bc86-e132d3733f56', '2:30', 'Surreptitious'),
('a23829cc-0816-4da7-bc86-e132d3733f56', '2:30', 'Plaxidental'),
('a78b9fde-9f84-4739-9012-55558c6200bf', '2:30', 'Love Songs'),
('a78b9fde-9f84-4739-9012-55558c6200bf', '2:30', 'Think About You'),
('a78b9fde-9f84-4739-9012-55558c6200bf', '2:30', 'Would You Love Me?'),
('a78b9fde-9f84-4739-9012-55558c6200bf', '2:30', 'Fields Of Gold'),
('a78b9fde-9f84-4739-9012-55558c6200bf', '2:30', 'Wild Mountain Thyme'),
('a78b9fde-9f84-4739-9012-55558c6200bf', '2:30', 'Come Rain Or Come Shine'),
('a78b9fde-9f84-4739-9012-55558c6200bf', '2:30', 'Just Kiss Me'),
('a78b9fde-9f84-4739-9012-55558c6200bf', '2:30', 'Anti-Love Songs'),
('a78b9fde-9f84-4739-9012-55558c6200bf', '2:30', 'They Call It Love'),
('a78b9fde-9f84-4739-9012-55558c6200bf', '2:30', 'This Is The Last Time (I’m Ever Gonna Hurt)'),
('a78b9fde-9f84-4739-9012-55558c6200bf', '2:30', 'Stupid Love'),
('a78b9fde-9f84-4739-9012-55558c6200bf', '2:30', 'U Don’t Know How Much I Hate U'),
('a78b9fde-9f84-4739-9012-55558c6200bf', '2:30', 'Anti Love Song'),
('a78b9fde-9f84-4739-9012-55558c6200bf', '2:30', 'The Other Side Of Town'),
('8fe553d0-4e1d-499b-8791-56e631521f15', '2:30', 'Symphony No. 2 In C Minor "Resurrection"'),
('8fe553d0-4e1d-499b-8791-56e631521f15', '22:22', 'First Movement'),
('8fe553d0-4e1d-499b-8791-56e631521f15', '10:15', 'Second Movement'),
('8fe553d0-4e1d-499b-8791-56e631521f15', '10:40', 'Third Movement'),
('8fe553d0-4e1d-499b-8791-56e631521f15', '5:34', 'Fourth Movement "Urlicht" (From Des Knaben Wunderhorn)'),
('8fe553d0-4e1d-499b-8791-56e631521f15', '34:26', 'Fifth Movement'),
('681a92b6-0412-4176-a390-1fbfe1aa2786', '2:30', 'Salvation is Created'),
('681a92b6-0412-4176-a390-1fbfe1aa2786', '2:30', 'Nunc Dimittis'),
('681a92b6-0412-4176-a390-1fbfe1aa2786', '2:30', 'A May Day Carol'),
('681a92b6-0412-4176-a390-1fbfe1aa2786', '2:30', 'Poor Man Lazarus'),
('681a92b6-0412-4176-a390-1fbfe1aa2786', '2:30', 'Summer Evening (Featuring The "16")'),
('681a92b6-0412-4176-a390-1fbfe1aa2786', '2:30', 'Waters Ripple And Flow'),
('681a92b6-0412-4176-a390-1fbfe1aa2786', '2:30', 'Where Go The Boats'),
('681a92b6-0412-4176-a390-1fbfe1aa2786', '2:30', 'Malaguena'),
('681a92b6-0412-4176-a390-1fbfe1aa2786', '2:30', 'Youll Never Walk Alone'),
('681a92b6-0412-4176-a390-1fbfe1aa2786', '2:30', 'Visions'),
('681a92b6-0412-4176-a390-1fbfe1aa2786', '2:30', 'Cant Help Loving Dat Man'),
('681a92b6-0412-4176-a390-1fbfe1aa2786', '2:30', 'Imagination'),
('681a92b6-0412-4176-a390-1fbfe1aa2786', '2:30', 'Christopher Robin'),
('681a92b6-0412-4176-a390-1fbfe1aa2786', '2:30', 'Where On When'),
('681a92b6-0412-4176-a390-1fbfe1aa2786', '2:30', 'Angry'),
('681a92b6-0412-4176-a390-1fbfe1aa2786', '2:30', 'Moon River'),
('681a92b6-0412-4176-a390-1fbfe1aa2786', '2:30', 'The Things We did Last Summer'),
('681a92b6-0412-4176-a390-1fbfe1aa2786', '2:30', 'An Affair To Remember'),
('681a92b6-0412-4176-a390-1fbfe1aa2786', '2:30', 'Swing Low Sweet Chariot'),
('681a92b6-0412-4176-a390-1fbfe1aa2786', '2:30', 'Loreley'),
('4e0a1a89-26e0-40c8-a7a2-a6d0cb12346a', '4:14', 'Tambo'),
('4e0a1a89-26e0-40c8-a7a2-a6d0cb12346a', '4:17', 'Areito Va Sonar'),
('013ce782-1537-4a7a-ae23-b472a85351fa', '2:03', 'Down Yonder'),
('013ce782-1537-4a7a-ae23-b472a85351fa', '1:49', 'Im Looking Over A Four Leaf Clover'),
('013ce782-1537-4a7a-ae23-b472a85351fa', '1:49', 'Alabamy Bound'),
('013ce782-1537-4a7a-ae23-b472a85351fa', '2:04', 'Bill Bailey'),
('013ce782-1537-4a7a-ae23-b472a85351fa', '1:57', 'Frankie & Johnnie'),
('013ce782-1537-4a7a-ae23-b472a85351fa', '1:50', 'Hot Time In The Old Town Tonight'),
('013ce782-1537-4a7a-ae23-b472a85351fa', '2:00', 'Maple Leaf Rag'),
('013ce782-1537-4a7a-ae23-b472a85351fa', '1:50', 'Wang Wang Blues'),
('013ce782-1537-4a7a-ae23-b472a85351fa', '1:53', 'Pagan Love Song'),
('013ce782-1537-4a7a-ae23-b472a85351fa', '1:58', 'Spaghetti Rag'),
('013ce782-1537-4a7a-ae23-b472a85351fa', '1:46', 'Baby Face'),
('013ce782-1537-4a7a-ae23-b472a85351fa', '1:54', 'Black & White Rag'),
('013ce782-1537-4a7a-ae23-b472a85351fa', '2:02', 'Down Home Rag'),
('013ce782-1537-4a7a-ae23-b472a85351fa', '2:09', 'Sweet Georgia Brown'),
('013ce782-1537-4a7a-ae23-b472a85351fa', '2:12', 'Dill Pickles Rag'),
('013ce782-1537-4a7a-ae23-b472a85351fa', '2:07', 'When You & I Were Young Maggie'),
('013ce782-1537-4a7a-ae23-b472a85351fa', '2:00', 'In A Shanty In Old Shanty Town'),
('013ce782-1537-4a7a-ae23-b472a85351fa', '2:05', 'The Sheik Of Araby'),
('013ce782-1537-4a7a-ae23-b472a85351fa', '2:15', 'Tickle The Ivories Rag'),
('013ce782-1537-4a7a-ae23-b472a85351fa', '1:49', 'Skater Boogie'),
('013ce782-1537-4a7a-ae23-b472a85351fa', '2:12', 'Down Among The Sheltering Palms'),
('013ce782-1537-4a7a-ae23-b472a85351fa', '2:09', 'The Days Of Old Vaudeville'),
('7f852b36-0397-46da-8045-e90463ff65d3', '2:30', 'Bend In The River'),
('7f852b36-0397-46da-8045-e90463ff65d3', '2:30', 'The Babalawo At 5.30 AM'),
('7f852b36-0397-46da-8045-e90463ff65d3', '2:30', 'Low Sun Long Shadow'),
('7f852b36-0397-46da-8045-e90463ff65d3', '2:30', 'Amplify'),
('7f852b36-0397-46da-8045-e90463ff65d3', '2:30', 'More'),
('7f852b36-0397-46da-8045-e90463ff65d3', '2:30', 'Afrodisia Lagos'),
('7f852b36-0397-46da-8045-e90463ff65d3', '2:30', 'Somethimes'),
('7f852b36-0397-46da-8045-e90463ff65d3', '2:30', 'Whale'),
('7f852b36-0397-46da-8045-e90463ff65d3', '2:30', 'A Prayer For Olayinka'),
('7f852b36-0397-46da-8045-e90463ff65d3', '2:30', 'Jellyfish'),
('7f852b36-0397-46da-8045-e90463ff65d3', '2:30', 'Stick & Groove'),
('b37f3179-049e-4a23-a7db-68b28fbcb087', '2:17', 'Black Heart'),
('b37f3179-049e-4a23-a7db-68b28fbcb087', '3:08', 'You Dont Talk To Me'),
('b37f3179-049e-4a23-a7db-68b28fbcb087', '2:40', 'Im On Fire'),
('b37f3179-049e-4a23-a7db-68b28fbcb087', '3:38', 'The Last Time'),
('b37f3179-049e-4a23-a7db-68b28fbcb087', '3:07', '21 Different Ways'),
('b37f3179-049e-4a23-a7db-68b28fbcb087', '1:58', 'Demon Dark Love'),
('b37f3179-049e-4a23-a7db-68b28fbcb087', '3:33', 'Anna Lee'),
('b37f3179-049e-4a23-a7db-68b28fbcb087', '3:34', 'I Believe Youre An Angel'),
('b37f3179-049e-4a23-a7db-68b28fbcb087', '2:28', 'Stop Wasting Time'),
('b37f3179-049e-4a23-a7db-68b28fbcb087', '2:43', 'Gonna Love You All Night'),
('b37f3179-049e-4a23-a7db-68b28fbcb087', '2:56', 'The Mishkee'),
('b37f3179-049e-4a23-a7db-68b28fbcb087', '3:45', 'Down Down Down'),
('edf8765b-236f-48fd-b5b9-56801cd40326', '2:30', 'Pour Une Nuit'),
('edf8765b-236f-48fd-b5b9-56801cd40326', '2:30', 'Tu Étais Là'),
('edf8765b-236f-48fd-b5b9-56801cd40326', '2:30', 'Je Tombe'),
('edf8765b-236f-48fd-b5b9-56801cd40326', '2:30', 'Moi Sans Toi'),
('edf8765b-236f-48fd-b5b9-56801cd40326', '2:30', 'Que La Musique Soit Avec Vous'),
('edf8765b-236f-48fd-b5b9-56801cd40326', '2:30', 'Pour Une Femme'),
('edf8765b-236f-48fd-b5b9-56801cd40326', '2:30', 'Entre Charme Et Beauté'),
('edf8765b-236f-48fd-b5b9-56801cd40326', '2:30', 'Tout Doux'),
('edf8765b-236f-48fd-b5b9-56801cd40326', '2:30', 'Quelque Chose Tient Mon Coeur (Solo)'),
('edf8765b-236f-48fd-b5b9-56801cd40326', '2:30', 'Aimer'),
('edf8765b-236f-48fd-b5b9-56801cd40326', '2:30', 'La Saison De Lindifférence'),
('edf8765b-236f-48fd-b5b9-56801cd40326', '2:30', 'Santa'),
('edf8765b-236f-48fd-b5b9-56801cd40326', '2:30', 'Tu Pourrais Être Ma Fille'),
('edf8765b-236f-48fd-b5b9-56801cd40326', '2:30', 'Quelque Chose Tient Mon Coeur'),
('edf8765b-236f-48fd-b5b9-56801cd40326', '2:30', 'Pour Le Plaisir (Version Groove 2004)'),
('f1ed8fe2-dbb8-402b-b69f-6e8b1ff6abc3', '2:30', 'I Was Doin All Right'),
('f1ed8fe2-dbb8-402b-b69f-6e8b1ff6abc3', '2:30', 'Round Midnight'),
('f1ed8fe2-dbb8-402b-b69f-6e8b1ff6abc3', '2:30', 'My Shining Hour'),
('f1ed8fe2-dbb8-402b-b69f-6e8b1ff6abc3', '2:30', 'When The World Was Young'),
('f1ed8fe2-dbb8-402b-b69f-6e8b1ff6abc3', '2:30', 'Mississippi Mud'),
('f1ed8fe2-dbb8-402b-b69f-6e8b1ff6abc3', '2:30', 'My Heart Stood Still'),
('f1ed8fe2-dbb8-402b-b69f-6e8b1ff6abc3', '2:30', 'Youre My Everything'),
('f1ed8fe2-dbb8-402b-b69f-6e8b1ff6abc3', '2:30', 'When Its Sleepy Time Down South'),
('f1ed8fe2-dbb8-402b-b69f-6e8b1ff6abc3', '2:30', 'Swinging On A Star'),
('f1ed8fe2-dbb8-402b-b69f-6e8b1ff6abc3', '2:30', 'What Is There To Say'),
('f1ed8fe2-dbb8-402b-b69f-6e8b1ff6abc3', '2:30', 'Down The Old Ox Road'),
('f1ed8fe2-dbb8-402b-b69f-6e8b1ff6abc3', '2:30', 'I Could Write A Book'),
('223649ff-613b-4c54-812d-e79097ef42ef', '2:44', 'Los Jibaros'),
('223649ff-613b-4c54-812d-e79097ef42ef', '3:26', 'Gaujira En Azul'),
('223649ff-613b-4c54-812d-e79097ef42ef', '3:51', 'Ritmo Uni'),
('223649ff-613b-4c54-812d-e79097ef42ef', '7:04', 'Picadillo'),
('223649ff-613b-4c54-812d-e79097ef42ef', '2:28', 'Modesty ("Modesty Blaise" Theme)'),
('223649ff-613b-4c54-812d-e79097ef42ef', '4:34', 'Unidos'),
('223649ff-613b-4c54-812d-e79097ef42ef', '1:52', 'On A Clear Day (You Can See Forever)'),
('223649ff-613b-4c54-812d-e79097ef42ef', '5:02', 'El Sonido Nuevo'),
('223649ff-613b-4c54-812d-e79097ef42ef', '2:32', 'Fuji'),
('223649ff-613b-4c54-812d-e79097ef42ef', '7:16', 'Black Orchid'),
('223649ff-613b-4c54-812d-e79097ef42ef', '7:16', 'Los Bandidos'),
('223649ff-613b-4c54-812d-e79097ef42ef', '3:25', 'Poinciana'),
('223649ff-613b-4c54-812d-e79097ef42ef', '2:19', 'Yellow Days'),
('223649ff-613b-4c54-812d-e79097ef42ef', '3:20', 'Along Comes Mary'),
('47c5dfdd-39ee-4f0a-a934-abd65d7b87fe', '2:30', 'Why Didnt William Tell?'),
('47c5dfdd-39ee-4f0a-a934-abd65d7b87fe', '2:30', 'You Gave Me The Go-By'),
('65daa839-8c4c-43af-b73f-820112315b59', '2:30', 'Spring Symphony (No. 1)'),
('65daa839-8c4c-43af-b73f-820112315b59', '2:30', 'Andante Un Poco Maestoso'),
('65daa839-8c4c-43af-b73f-820112315b59', '2:30', 'Allegro Molto Vivace'),
('65daa839-8c4c-43af-b73f-820112315b59', '2:30', 'Larghetto'),
('65daa839-8c4c-43af-b73f-820112315b59', '2:30', 'Scherzo (Molto Vivace)'),
('65daa839-8c4c-43af-b73f-820112315b59', '2:30', 'Allegro Animato E Grazioso'),
('65daa839-8c4c-43af-b73f-820112315b59', '2:30', 'Piano Concerto In A Minor'),
('65daa839-8c4c-43af-b73f-820112315b59', '2:30', 'Allegro Affettuoso Intermezzo (Andantino Grazioso)'),
('65daa839-8c4c-43af-b73f-820112315b59', '2:30', 'Allegro Vivace'),
('76cab45f-e42a-4c59-854f-a87ad73027a6', '5:31', 'I Dont Wanna Let You Down (Dance Mix)'),
('76cab45f-e42a-4c59-854f-a87ad73027a6', '5:18', 'I Dont Wanna Let You Down (Akasaka Mix)'),
('6574532d-d3b2-4fb2-9116-d8cd6e62ad91', '3:09', 'Freedom'),
('6574532d-d3b2-4fb2-9116-d8cd6e62ad91', '3:46', 'Where In The World'),
('6574532d-d3b2-4fb2-9116-d8cd6e62ad91', '3:46', 'Crying In The Rain'),
('6574532d-d3b2-4fb2-9116-d8cd6e62ad91', '4:35', 'Perchance To Dream'),
('6574532d-d3b2-4fb2-9116-d8cd6e62ad91', '4:32', 'Alien'),
('6574532d-d3b2-4fb2-9116-d8cd6e62ad91', '3:50', 'Mad As We Are'),
('6574532d-d3b2-4fb2-9116-d8cd6e62ad91', '3:43', 'Here In My Heart'),
('6574532d-d3b2-4fb2-9116-d8cd6e62ad91', '4:09', 'Love Is The Rage'),
('6574532d-d3b2-4fb2-9116-d8cd6e62ad91', '3:38', 'Catch 22'),
('6574532d-d3b2-4fb2-9116-d8cd6e62ad91', '4:22', 'Moon & The Sky'),
('6574532d-d3b2-4fb2-9116-d8cd6e62ad91', '5:09', 'Surreal'),
('30e0eccd-2f8d-4860-9a61-95e999a0eaad', '9:35', 'Festival Variations'),
('30e0eccd-2f8d-4860-9a61-95e999a0eaad', '10:16', 'Selections From Les Misérables'),
('30e0eccd-2f8d-4860-9a61-95e999a0eaad', '3:02', 'Bohemia Rag'),
('30e0eccd-2f8d-4860-9a61-95e999a0eaad', '2:52', 'High School Cadets'),
('30e0eccd-2f8d-4860-9a61-95e999a0eaad', '2:19', 'Im Sailing'),
('30e0eccd-2f8d-4860-9a61-95e999a0eaad', '2:09', 'Selection Of British Seasongs'),
('30e0eccd-2f8d-4860-9a61-95e999a0eaad', '3:22', 'Defileermars Der Koninklijke Marine'),
('30e0eccd-2f8d-4860-9a61-95e999a0eaad', '3:58', 'Duchi Meringue / El Perico'),
('30e0eccd-2f8d-4860-9a61-95e999a0eaad', '5:09', 'Richards Rogers Medley'),
('30e0eccd-2f8d-4860-9a61-95e999a0eaad', '2:09', 'Children Of Sanchez'),
('d32c1b6c-9db3-4c1f-97b5-135eb5a19c12', '6:32', 'One Nation Under A Frost'),
('d32c1b6c-9db3-4c1f-97b5-135eb5a19c12', '6:50', ' The Dark Side Of The Frost'),
('d32c1b6c-9db3-4c1f-97b5-135eb5a19c12', '6:48', 'Set The Controls For The Heart Of The Frost'),
('d32c1b6c-9db3-4c1f-97b5-135eb5a19c12', '6:21', 'Hard Frosts Night'),
('d32c1b6c-9db3-4c1f-97b5-135eb5a19c12', '6:28', 'Frost In The Key Of Life'),
('d32c1b6c-9db3-4c1f-97b5-135eb5a19c12', '4:10', 'Hardfrost Jollies'),
('d32c1b6c-9db3-4c1f-97b5-135eb5a19c12', '8:13', 'Frost Against The Machine'),
('d32c1b6c-9db3-4c1f-97b5-135eb5a19c12', '5:37', 'We Are All Frostitutes'),
('d32c1b6c-9db3-4c1f-97b5-135eb5a19c12', '4:54', 'A Frost Supreme'),
('d32c1b6c-9db3-4c1f-97b5-135eb5a19c12', '5:45', 'Atom Frost Mother'),
('d32c1b6c-9db3-4c1f-97b5-135eb5a19c12', '9:52', 'Journey To The Centre Of The Frost'),
('70ad4335-27eb-4537-ae71-cb946b69067c', '4:30', 'Indestructible'),
('70ad4335-27eb-4537-ae71-cb946b69067c', '4:50', 'Change Of Heart'),
('70ad4335-27eb-4537-ae71-cb946b69067c', '4:30', 'If Ever A Love There Was'),
('70ad4335-27eb-4537-ae71-cb946b69067c', '4:53', 'The Sun Aint Gonna Shine'),
('70ad4335-27eb-4537-ae71-cb946b69067c', '3:29', 'Next Time'),
('70ad4335-27eb-4537-ae71-cb946b69067c', '4:32', 'Loco In Acapulco'),
('70ad4335-27eb-4537-ae71-cb946b69067c', '4:37', 'Are You With Me'),
('70ad4335-27eb-4537-ae71-cb946b69067c', '4:00', 'Im Only Wounded'),
('70ad4335-27eb-4537-ae71-cb946b69067c', '5:07', 'When You Dance'),
('70ad4335-27eb-4537-ae71-cb946b69067c', '4:22', 'Lets Jam'),
('044375fc-d365-47a6-95b5-57c5043dcf61', '6:44', 'Ancestors'),
('044375fc-d365-47a6-95b5-57c5043dcf61', '6:27', 'Renaissance'),
('044375fc-d365-47a6-95b5-57c5043dcf61', '6:10', 'Friendship'),
('044375fc-d365-47a6-95b5-57c5043dcf61', '6:08', 'Orange Azimuth'),
('044375fc-d365-47a6-95b5-57c5043dcf61', '6:36', 'Teleportation Garden'),
('044375fc-d365-47a6-95b5-57c5043dcf61', '6:33', 'Field Research'),
('044375fc-d365-47a6-95b5-57c5043dcf61', '6:30', 'Guardian Of The Hills'),
('044375fc-d365-47a6-95b5-57c5043dcf61', '7:16', 'Astral Axis'),
('044375fc-d365-47a6-95b5-57c5043dcf61', '7:18', 'I Love You'),
('044375fc-d365-47a6-95b5-57c5043dcf61', '7:43', 'I Was Born In The Galaxy Of Your Eyes (Kytel Remix)'),
('044375fc-d365-47a6-95b5-57c5043dcf61', '6:30', 'Photosynthesis'),
('044375fc-d365-47a6-95b5-57c5043dcf61', '6:28', 'Into The Cosmic Forest'),
('044375fc-d365-47a6-95b5-57c5043dcf61', '6:12', 'The Afterlife'),
('044375fc-d365-47a6-95b5-57c5043dcf61', '8:24', 'Sacred Landscapes'),
('044375fc-d365-47a6-95b5-57c5043dcf61', '5:53', 'Dee'),
('10f199b2-6989-42dd-ac74-a1b1dd82a77e', '2:30', 'Encanto Da Noite'),
('10f199b2-6989-42dd-ac74-a1b1dd82a77e', '2:30', 'Eu Te Amo Mais A Madrugadar'),
('10f199b2-6989-42dd-ac74-a1b1dd82a77e', '2:30', 'Tempos Idos'),
('10f199b2-6989-42dd-ac74-a1b1dd82a77e', '2:30', 'Curtindo Voce'),
('10f199b2-6989-42dd-ac74-a1b1dd82a77e', '2:30', 'O Meu Menino'),
('10f199b2-6989-42dd-ac74-a1b1dd82a77e', '2:30', 'Na Sombra Do Meu Cajueiro'),
('10f199b2-6989-42dd-ac74-a1b1dd82a77e', '2:30', 'Desencontro'),
('10f199b2-6989-42dd-ac74-a1b1dd82a77e', '2:30', 'O Vendedor De Mangaba'),
('10f199b2-6989-42dd-ac74-a1b1dd82a77e', '2:30', 'Cancao De Lilian'),
('10f199b2-6989-42dd-ac74-a1b1dd82a77e', '2:30', 'O Que E Que O Xote Tem'),
('10f199b2-6989-42dd-ac74-a1b1dd82a77e', '2:30', 'Noturna Despedida'),
('10f199b2-6989-42dd-ac74-a1b1dd82a77e', '2:30', 'Caixa De Fosforo'),
('142ba046-639a-46b8-bf60-df569bda293a', '2:30', 'Gaplek'),
('142ba046-639a-46b8-bf60-df569bda293a', '2:30', 'Dedak Mas Salendro'),
('f4fdc855-c85b-4e41-834c-fb128a96262e', '4:46', 'Again'),
('f4fdc855-c85b-4e41-834c-fb128a96262e', '5:54', 'Oneness'),
('f4fdc855-c85b-4e41-834c-fb128a96262e', '5:40', 'Just Now'),
('f4fdc855-c85b-4e41-834c-fb128a96262e', '8:09', 'The Dance Of The Soul'),
('f4fdc855-c85b-4e41-834c-fb128a96262e', '3:35', 'Song For You'),
('f4fdc855-c85b-4e41-834c-fb128a96262e', '3:35', 'Moon'),
('f4fdc855-c85b-4e41-834c-fb128a96262e', '2:22', 'Alone'),
('f4fdc855-c85b-4e41-834c-fb128a96262e', '6:36', 'Clouds'),
('f4fdc855-c85b-4e41-834c-fb128a96262e', '2:03', 'The Dance Of The Soul #3'),
('f4fdc855-c85b-4e41-834c-fb128a96262e', '5:54', 'Im Here'),
('f4fdc855-c85b-4e41-834c-fb128a96262e', '5:06', 'You Have To Wait'),
('add0509e-cbeb-4b61-b141-e890885dfeac', '2:30', 'Love Theme From "A Star Is Born" (Evergreen)'),
('add0509e-cbeb-4b61-b141-e890885dfeac', '2:30', 'Love Theme From "The Eyes Of Laura Mars" (Prisoner)'),
('add0509e-cbeb-4b61-b141-e890885dfeac', '2:30', 'My Heart Belongs To Me'),
('add0509e-cbeb-4b61-b141-e890885dfeac', '2:30', 'Songbird'),
('add0509e-cbeb-4b61-b141-e890885dfeac', '2:30', 'You Dont Bring Me Flowers'),
('add0509e-cbeb-4b61-b141-e890885dfeac', '2:30', 'The Way We Were'),
('add0509e-cbeb-4b61-b141-e890885dfeac', '2:30', 'Sweet Inspiration / Where You Lead'),
('add0509e-cbeb-4b61-b141-e890885dfeac', '2:30', 'All In Love Is Fair'),
('add0509e-cbeb-4b61-b141-e890885dfeac', '2:30', 'Superman'),
('add0509e-cbeb-4b61-b141-e890885dfeac', '2:30', 'Stoney End'),
('9e3a29b2-064f-41ca-92d0-7083e5b72886', '0:58', 'Astro'),
('9e3a29b2-064f-41ca-92d0-7083e5b72886', '3:47', 'Therion'),
('9e3a29b2-064f-41ca-92d0-7083e5b72886', '4:27', 'Arena'),
('9e3a29b2-064f-41ca-92d0-7083e5b72886', '3:59', 'Karnavali'),
('9e3a29b2-064f-41ca-92d0-7083e5b72886', '4:19', 'Kitro'),
('9e3a29b2-064f-41ca-92d0-7083e5b72886', '2:34', 'Lycanthropy'),
('9e3a29b2-064f-41ca-92d0-7083e5b72886', '3:06', 'Argonautes'),
('9e3a29b2-064f-41ca-92d0-7083e5b72886', '5:08', 'Trauma'),
('9e3a29b2-064f-41ca-92d0-7083e5b72886', '3:57', 'Parapono'),
('9e3a29b2-064f-41ca-92d0-7083e5b72886', '5:06', 'Phrygia'),
('9e3a29b2-064f-41ca-92d0-7083e5b72886', '4:46', 'Gramma'),
('9e3a29b2-064f-41ca-92d0-7083e5b72886', '3:31', 'Fortuna'),
('1d29621b-4659-4496-bf2e-8c83f4893811', '2:30', 'Flat Earth'),
('1d29621b-4659-4496-bf2e-8c83f4893811', '2:30', 'Beckys Queer  '),
('1d29621b-4659-4496-bf2e-8c83f4893811', '2:30', 'Blue Sun'),
('1d29621b-4659-4496-bf2e-8c83f4893811', '2:30', 'Its Not You'),
('1d29621b-4659-4496-bf2e-8c83f4893811', '2:30', 'Fade to Black '),
('1d29621b-4659-4496-bf2e-8c83f4893811', '2:30', 'The Singularity '),
('c458891c-9589-4611-bee7-0bf21c639075', '2:30', 'Tus Mejores Horas'),
('c458891c-9589-4611-bee7-0bf21c639075', '2:30', 'Un Poco Más'),
('c458891c-9589-4611-bee7-0bf21c639075', '2:30', 'La Canción Del Dinero'),
('c458891c-9589-4611-bee7-0bf21c639075', '2:30', 'Vendaval Sin Rumbo'),
('c458891c-9589-4611-bee7-0bf21c639075', '2:30', 'Una Docena De Besos'),
('c458891c-9589-4611-bee7-0bf21c639075', '2:30', 'Juventud'),
('c458891c-9589-4611-bee7-0bf21c639075', '2:30', 'Cuando La Lluvia Cae'),
('c458891c-9589-4611-bee7-0bf21c639075', '2:30', 'Sin Pensar En Ti'),
('c458891c-9589-4611-bee7-0bf21c639075', '2:30', 'El Sobre'),
('c458891c-9589-4611-bee7-0bf21c639075', '2:30', 'Total'),
('c458891c-9589-4611-bee7-0bf21c639075', '2:30', 'Perfidia'),
('c458891c-9589-4611-bee7-0bf21c639075', '2:30', 'Quemame Los Ojos'),
('c458891c-9589-4611-bee7-0bf21c639075', '2:30', 'Cien Mil Cosas'),
('c458891c-9589-4611-bee7-0bf21c639075', '2:30', 'Pos Me Queda'),
('c458891c-9589-4611-bee7-0bf21c639075', '2:30', 'En El Balcón Aquel'),
('c458891c-9589-4611-bee7-0bf21c639075', '2:30', 'Verdad Amarga'),
('c458891c-9589-4611-bee7-0bf21c639075', '2:30', 'Quimera Fugaz'),
('c458891c-9589-4611-bee7-0bf21c639075', '2:30', 'Como Fue'),
('c458891c-9589-4611-bee7-0bf21c639075', '2:30', 'Atribulado'),
('c458891c-9589-4611-bee7-0bf21c639075', '2:30', 'Recuerdos De Navidad'),
('c458891c-9589-4611-bee7-0bf21c639075', '2:30', 'Intruso Corazón'),
('c458891c-9589-4611-bee7-0bf21c639075', '2:30', 'Virgencita'),
('c458891c-9589-4611-bee7-0bf21c639075', '2:30', 'Por Una Cara Bonita'),
('c458891c-9589-4611-bee7-0bf21c639075', '2:30', 'Mi Suplica'),
('c458891c-9589-4611-bee7-0bf21c639075', '2:30', 'Si Dios Lo Permite'),
('c458891c-9589-4611-bee7-0bf21c639075', '2:30', 'Después De Las Seis'),
('c458891c-9589-4611-bee7-0bf21c639075', '2:30', 'Delirio'),
('c458891c-9589-4611-bee7-0bf21c639075', '2:30', 'Amor Sin Esperanza'),
('c458891c-9589-4611-bee7-0bf21c639075', '2:30', 'Asombro'),
('c458891c-9589-4611-bee7-0bf21c639075', '2:30', 'El Rosario De Mi Madre'),
('77cea893-54a1-42e5-9f2c-5585ecc1f1ef', '7:27', 'Burning'),
('a851b454-352c-410e-af6f-ff3253702f37', '2:27', 'Hes Forgotten You'),
('a851b454-352c-410e-af6f-ff3253702f37', '2:00', 'Right From The Git Go'),
('3d02ad05-2092-4160-a7bb-a2a0df20c0d6', '2:30', 'Serenata A Malaga'),
('3d02ad05-2092-4160-a7bb-a2a0df20c0d6', '2:30', 'Antonio Vargas'),
('3d02ad05-2092-4160-a7bb-a2a0df20c0d6', '2:30', 'Guajira Española'),
('3d02ad05-2092-4160-a7bb-a2a0df20c0d6', '2:30', 'Jota Aragonesa'),
('3d02ad05-2092-4160-a7bb-a2a0df20c0d6', '2:30', 'El Piconero'),
('3d02ad05-2092-4160-a7bb-a2a0df20c0d6', '2:30', 'Triana'),
('3d02ad05-2092-4160-a7bb-a2a0df20c0d6', '2:30', 'Serenata De Almeria'),
('3d02ad05-2092-4160-a7bb-a2a0df20c0d6', '2:30', 'Serenata Sevillana'),
('8e968e37-3ad9-4948-b7af-1244aeab2796', '2:30', 'Midnight Train To Georgia'),
('8e968e37-3ad9-4948-b7af-1244aeab2796', '2:30', 'So Sad The Song'),
('8e968e37-3ad9-4948-b7af-1244aeab2796', '2:30', 'Baby Dont Change Your Mind '),
('8e968e37-3ad9-4948-b7af-1244aeab2796', '2:30', 'Home Is Where The Heart Is'),
('8e968e37-3ad9-4948-b7af-1244aeab2796', '2:30', 'Nobody But You'),
('8e968e37-3ad9-4948-b7af-1244aeab2796', '2:30', 'I Feel A Song'),
('8e968e37-3ad9-4948-b7af-1244aeab2796', '2:30', 'Feel Like Making Love'),
('8e968e37-3ad9-4948-b7af-1244aeab2796', '2:30', 'Hold On'),
('8e968e37-3ad9-4948-b7af-1244aeab2796', '2:30', 'Little Bit Of Love'),
('8e968e37-3ad9-4948-b7af-1244aeab2796', '2:30', 'Try To Remember/The Way We Were'),
('8e968e37-3ad9-4948-b7af-1244aeab2796', '2:30', 'Come Back And Finish What You Started'),
('8e968e37-3ad9-4948-b7af-1244aeab2796', '2:30', 'Part Time Love'),
('8e968e37-3ad9-4948-b7af-1244aeab2796', '2:30', 'Its Better Than Good Time'),
('8e968e37-3ad9-4948-b7af-1244aeab2796', '2:30', 'Georgia On My Mind'),
('8e968e37-3ad9-4948-b7af-1244aeab2796', '2:30', 'Make Yours A Happy Home'),
('8e968e37-3ad9-4948-b7af-1244aeab2796', '2:30', 'Best Thing That Ever Happened To Me'),
('8e968e37-3ad9-4948-b7af-1244aeab2796', '2:30', 'We Dont Make Each Other Laugh Anymore'),
('8e968e37-3ad9-4948-b7af-1244aeab2796', '2:30', 'Sorry Doesnt Always Make It Right'),
('d8d05dbb-6511-4119-a2db-6f264e5ab236', '5:10', 'Dream Lover'),
('d8d05dbb-6511-4119-a2db-6f264e5ab236', '5:16', 'Dreamin'),
('f54d482f-135f-40a3-bed1-87a76fb11b5c', '2:30', 'Gamblers Blues'),
('f54d482f-135f-40a3-bed1-87a76fb11b5c', '2:30', 'Sweets'),
('f54d482f-135f-40a3-bed1-87a76fb11b5c', '2:30', 'Puppet Queen'),
('f54d482f-135f-40a3-bed1-87a76fb11b5c', '2:30', 'Playground For Life'),
('f54d482f-135f-40a3-bed1-87a76fb11b5c', '2:30', 'For Your Skin'),
('f54d482f-135f-40a3-bed1-87a76fb11b5c', '2:30', 'Walking My Own Ground'),
('f54d482f-135f-40a3-bed1-87a76fb11b5c', '2:30', 'Dark Meets Light'),
('f54d482f-135f-40a3-bed1-87a76fb11b5c', '2:30', 'Sleeping Gun'),
('f54d482f-135f-40a3-bed1-87a76fb11b5c', '2:30', 'Over And Over'),
('f54d482f-135f-40a3-bed1-87a76fb11b5c', '2:30', 'The Merrygoround'),
('c5e29eb4-7014-4593-8e71-01f9e34b058e', '2:56', 'Drum Opera'),
('c5e29eb4-7014-4593-8e71-01f9e34b058e', '4:08', 'Mediate'),
('c5e29eb4-7014-4593-8e71-01f9e34b058e', '4:21', 'Original Sin'),
('c5e29eb4-7014-4593-8e71-01f9e34b058e', '3:57', 'Never Tear Us Apart'),
('c5e29eb4-7014-4593-8e71-01f9e34b058e', '4:08', 'Beautiful Girl'),
('c5e29eb4-7014-4593-8e71-01f9e34b058e', '3:42', 'New Sensation'),
('c5e29eb4-7014-4593-8e71-01f9e34b058e', '2:42', 'Just Keep Walking'),
('c5e29eb4-7014-4593-8e71-01f9e34b058e', '5:49', 'Mystify'),
('c5e29eb4-7014-4593-8e71-01f9e34b058e', '3:59', 'To Look At You'),
('c5e29eb4-7014-4593-8e71-01f9e34b058e', '5:11', 'Kick'),
('c5e29eb4-7014-4593-8e71-01f9e34b058e', '4:16', 'Dont Change'),
('c5e29eb4-7014-4593-8e71-01f9e34b058e', '4:31', 'The Stairs'),
('3608bc28-62e3-4038-a75c-90226e396830', '3:36', 'Rollerblade (Original Edit)'),
('3608bc28-62e3-4038-a75c-90226e396830', '6:08', 'Rollerblade (Original Mix)'),
('3608bc28-62e3-4038-a75c-90226e396830', '8:17', 'Rollerblade (Club 69 Future Mix)'),
('3608bc28-62e3-4038-a75c-90226e396830', '5:41', 'Rollerblade (Oliver Liebs LSG Mix)'),
('0cf3db8a-e869-4235-9076-e1f3f2c896c2', '2:30', 'Pepe El Sabroso'),
('0cf3db8a-e869-4235-9076-e1f3f2c896c2', '2:30', 'Tapiz De Retazos'),
('0cf3db8a-e869-4235-9076-e1f3f2c896c2', '2:30', 'Cumbia Pa Oriente'),
('0cf3db8a-e869-4235-9076-e1f3f2c896c2', '2:30', 'Las Africanas'),
('0cf3db8a-e869-4235-9076-e1f3f2c896c2', '2:30', 'Los Lamentos'),
('0cf3db8a-e869-4235-9076-e1f3f2c896c2', '2:30', 'Mamando Gallo'),
('0cf3db8a-e869-4235-9076-e1f3f2c896c2', '2:30', 'Las Cara Lindas'),
('0cf3db8a-e869-4235-9076-e1f3f2c896c2', '2:30', 'Tu Seras Mi Cumbia Y Yo Tu Mapale'),
('0cf3db8a-e869-4235-9076-e1f3f2c896c2', '2:30', 'Amor Lindo'),
('0cf3db8a-e869-4235-9076-e1f3f2c896c2', '2:30', 'Y De Plata Que?'),
('0cf3db8a-e869-4235-9076-e1f3f2c896c2', '2:30', 'Chapeada Y Morena'),
('0cf3db8a-e869-4235-9076-e1f3f2c896c2', '2:30', 'El Amor'),
('0cf3db8a-e869-4235-9076-e1f3f2c896c2', '2:30', 'Corazon Contento'),
('0cf3db8a-e869-4235-9076-e1f3f2c896c2', '2:30', 'Cumbia De Los Locos'),
('0cf3db8a-e869-4235-9076-e1f3f2c896c2', '2:30', 'El Pasado Ya Paso'),
('0cf3db8a-e869-4235-9076-e1f3f2c896c2', '2:30', 'Otra Vez Contigo'),
('b883f4f9-7d2f-422d-b9b1-4e77a19da0bf', '3:20', 'Gorak Će Otrov Popiti'),
('b883f4f9-7d2f-422d-b9b1-4e77a19da0bf', '3:28', 'Ja Ne Žalim Sve Sam Izgubila'),
('b883f4f9-7d2f-422d-b9b1-4e77a19da0bf', '3:54', 'Ponovo Sam Noćas Tužna'),
('b883f4f9-7d2f-422d-b9b1-4e77a19da0bf', '3:02', 'Moja Nana Priča Svima'),
('b883f4f9-7d2f-422d-b9b1-4e77a19da0bf', '2:53', 'Opusti Se, Opusti'),
('b883f4f9-7d2f-422d-b9b1-4e77a19da0bf', '4:23', 'Ako Se Nekad Umreti Mora'),
('b883f4f9-7d2f-422d-b9b1-4e77a19da0bf', '3:23', 'U Srce Se Pesma Urezala'),
('b883f4f9-7d2f-422d-b9b1-4e77a19da0bf', '3:02', 'Nisu Važne Godine'),
('02edf5d8-0c77-4d38-a2aa-f192c5dc39f2', '2:30', 'Ichirou & Mamiya'),
('02edf5d8-0c77-4d38-a2aa-f192c5dc39f2', '2:30', 'Central Lobby Theme'),
('02edf5d8-0c77-4d38-a2aa-f192c5dc39f2', '2:30', 'Eastern Garden Theme'),
('02edf5d8-0c77-4d38-a2aa-f192c5dc39f2', '2:30', 'Flooded Basement'),
('02edf5d8-0c77-4d38-a2aa-f192c5dc39f2', '2:30', 'Upper Floor Theme'),
('02edf5d8-0c77-4d38-a2aa-f192c5dc39f2', '2:30', 'Western Garden'),
('02edf5d8-0c77-4d38-a2aa-f192c5dc39f2', '2:30', 'Cavern Theme'),
('02edf5d8-0c77-4d38-a2aa-f192c5dc39f2', '2:30', 'Haunted Quarters'),
('02edf5d8-0c77-4d38-a2aa-f192c5dc39f2', '2:30', 'Mamiyas Quarters'),
('02edf5d8-0c77-4d38-a2aa-f192c5dc39f2', '2:30', 'Help!'),
('02edf5d8-0c77-4d38-a2aa-f192c5dc39f2', '2:30', 'Ichirous Death'),
('02edf5d8-0c77-4d38-a2aa-f192c5dc39f2', '2:30', 'Fresco'),
('02edf5d8-0c77-4d38-a2aa-f192c5dc39f2', '2:30', 'Event Theme'),
('02edf5d8-0c77-4d38-a2aa-f192c5dc39f2', '2:30', 'Encounter Theme'),
('02edf5d8-0c77-4d38-a2aa-f192c5dc39f2', '2:30', 'Enemy Encounter'),
('02edf5d8-0c77-4d38-a2aa-f192c5dc39f2', '2:30', 'Battle Theme'),
('02edf5d8-0c77-4d38-a2aa-f192c5dc39f2', '2:30', 'Final Battle Theme'),
('02edf5d8-0c77-4d38-a2aa-f192c5dc39f2', '2:30', 'Encounter With Mamiya'),
('02edf5d8-0c77-4d38-a2aa-f192c5dc39f2', '2:30', 'Ending Theme'),
('5700c0fb-5fca-4752-ab5a-c680e4a3f7f4', '4:25', 'Voglio Ridere'),
('5700c0fb-5fca-4752-ab5a-c680e4a3f7f4', '3:00', 'Ieri Sera Sognavo Di Te'),
('b0ef1475-6f7a-4f45-9f52-5d028eece7ef', '2:30', 'Ricketts Hornpipe'),
('b0ef1475-6f7a-4f45-9f52-5d028eece7ef', '2:30', 'Stack Of Barley'),
('b0ef1475-6f7a-4f45-9f52-5d028eece7ef', '2:30', 'Fairy Reel'),
('b0ef1475-6f7a-4f45-9f52-5d028eece7ef', '2:30', 'ODonnell Abu'),
('c267ebde-b966-45a9-b417-593d78b6fe13', '3:57', 'Mielessäni (In My Mind)'),
('c267ebde-b966-45a9-b417-593d78b6fe13', '4:36', 'I Riden Så (Ye Ride So Carefully)'),
('c267ebde-b966-45a9-b417-593d78b6fe13', '6:04', 'I Was Sorrowful When You Finally Came'),
('c267ebde-b966-45a9-b417-593d78b6fe13', '2:43', 'At Dawn When I Wake Up'),
('c267ebde-b966-45a9-b417-593d78b6fe13', '2:27', 'Wheels'),
('c267ebde-b966-45a9-b417-593d78b6fe13', '4:20', 'Spring'),
('c267ebde-b966-45a9-b417-593d78b6fe13', '2:09', 'Petroskoi'),
('c267ebde-b966-45a9-b417-593d78b6fe13', '5:00', 'Wedding Waltz'),
('c267ebde-b966-45a9-b417-593d78b6fe13', '2:00', 'Six Etudes: Presto'),
('c267ebde-b966-45a9-b417-593d78b6fe13', '5:23', 'Pollati Poro Lullati (Reindeer Lullaby)'),
('c267ebde-b966-45a9-b417-593d78b6fe13', '3:27', 'What Kind Of Song Shall We Sing?'),
('c267ebde-b966-45a9-b417-593d78b6fe13', '2:48', 'Tsihi Tsihi'),
('c267ebde-b966-45a9-b417-593d78b6fe13', '4:53', 'Aquas'),
('c267ebde-b966-45a9-b417-593d78b6fe13', '2:57', 'Bells Of Konevitsa Monastery'),
('c267ebde-b966-45a9-b417-593d78b6fe13', '2:19', 'Ruskie Neitsyt (Brown-haired Maiden)'),
('c267ebde-b966-45a9-b417-593d78b6fe13', '2:59', 'Sorja Poika (Pretty Boy)'),
('c267ebde-b966-45a9-b417-593d78b6fe13', '1:51', 'Carelian Spring'),
('c267ebde-b966-45a9-b417-593d78b6fe13', '3:02', 'Liekkulaulu (Swing Song)'),
('c267ebde-b966-45a9-b417-593d78b6fe13', '5:28', 'Konungen Och Trolkvinnen (The King And The Enchantress)'),
('c267ebde-b966-45a9-b417-593d78b6fe13', '1:33', 'Áillohas'),
('c267ebde-b966-45a9-b417-593d78b6fe13', '3:12', 'Muohtačalmmit (Snowflakes)'),
('dee336ba-1b04-4460-92ca-1fd290b4e585', '9:20', 'Surreality (Ruede Hagelstein Dark Dreams Dub)'),
('dee336ba-1b04-4460-92ca-1fd290b4e585', '6:29', 'Glowing (Marek Hemmann Remix)'),
('dee336ba-1b04-4460-92ca-1fd290b4e585', '4:16', 'My Rose Red'),
('dee336ba-1b04-4460-92ca-1fd290b4e585', '9:17', 'Magic Bleep (Negativ Dekadent Re-Bleep)'),
('dee336ba-1b04-4460-92ca-1fd290b4e585', '8:32', 'Surreality (Gunjah Remix)'),
('dee336ba-1b04-4460-92ca-1fd290b4e585', '6:36', 'Magic Bleep'),
('dee336ba-1b04-4460-92ca-1fd290b4e585', '3:30', 'What If'),
('dee336ba-1b04-4460-92ca-1fd290b4e585', '4:46', 'Domino'),
('dee336ba-1b04-4460-92ca-1fd290b4e585', '6:22', 'Magic Bleep (Chris Von B. Rework)'),
('dee336ba-1b04-4460-92ca-1fd290b4e585', '6:07', 'Glowing (Marek Hemmann Dub) '),
('12bc06a5-dde8-445c-b86b-fd85fdccbdba', '2:30', 'This Is The Time Of The Evening / While Were Young'),
('12bc06a5-dde8-445c-b86b-fd85fdccbdba', '2:30', 'Medley: You Made Me Love You (I Didnt Want To Do It) / For Me And My Gal / The Trolley Song'),
('12bc06a5-dde8-445c-b86b-fd85fdccbdba', '2:30', 'A Pretty Girl Milking Her Cow'),
('12bc06a5-dde8-445c-b86b-fd85fdccbdba', '2:30', 'Rock-A-Bye Your Baby With A Dixie Melody'),
('12bc06a5-dde8-445c-b86b-fd85fdccbdba', '2:30', 'Happiness Is A Thing Called Joe'),
('12bc06a5-dde8-445c-b86b-fd85fdccbdba', '2:30', 'Judy At The Palace Medley: Shine On Harvest Moon / Some Of These Days / My Man / I Dont Care'),
('12bc06a5-dde8-445c-b86b-fd85fdccbdba', '2:30', 'Carolina In The Morning'),
('12bc06a5-dde8-445c-b86b-fd85fdccbdba', '2:30', 'Danny Boy'),
('12bc06a5-dde8-445c-b86b-fd85fdccbdba', '2:30', 'After Youve Gone'),
('12bc06a5-dde8-445c-b86b-fd85fdccbdba', '2:30', 'Over The Rainbow'),
('abf875b8-cc14-4a0f-a5db-2aa1a9a41233', '4:42', 'Animals and Nature our Friends'),
('abf875b8-cc14-4a0f-a5db-2aa1a9a41233', '4:56', 'Care For Your Animals With Love'),
('abf875b8-cc14-4a0f-a5db-2aa1a9a41233', '4:43', 'Carola Greta You And Me For a Brigther Future'),
('abf875b8-cc14-4a0f-a5db-2aa1a9a41233', '4:59', 'Green and Fair for People And Nature'),
('abf875b8-cc14-4a0f-a5db-2aa1a9a41233', '5:04', 'Green Fair For Justice'),
('abf875b8-cc14-4a0f-a5db-2aa1a9a41233', '4:59', 'Green Justice For Future'),
('abf875b8-cc14-4a0f-a5db-2aa1a9a41233', '5:07', 'Hear The Call For Justice'),
('abf875b8-cc14-4a0f-a5db-2aa1a9a41233', '3:58', 'Love And Solidarity For All Of Us'),
('abf875b8-cc14-4a0f-a5db-2aa1a9a41233', '4:59', 'Love And Wisdom To Act For Future'),
('abf875b8-cc14-4a0f-a5db-2aa1a9a41233', '4:56', 'Love in Rheinauen'),
('abf875b8-cc14-4a0f-a5db-2aa1a9a41233', '4:45', 'Protect The Dignity of All'),
('abf875b8-cc14-4a0f-a5db-2aa1a9a41233', '4:45', 'Time To Act For Good'),
('abf875b8-cc14-4a0f-a5db-2aa1a9a41233', '4:59', 'United For The Youth And All'),
('abf875b8-cc14-4a0f-a5db-2aa1a9a41233', '4:28', 'Young And Old For Justice'),
('a45d2e78-1751-480d-8f79-ff3503e51f15', '3:37', 'Mein Verstand'),
('a45d2e78-1751-480d-8f79-ff3503e51f15', '3:42', 'Selena'),
('768fce7e-aca5-4ec4-8c0f-7d87e1dc0e21', '1:03', 'Feed'),
('768fce7e-aca5-4ec4-8c0f-7d87e1dc0e21', '4:38', 'You'),
('768fce7e-aca5-4ec4-8c0f-7d87e1dc0e21', '4:25', 'Sons Of Sorrow'),
('768fce7e-aca5-4ec4-8c0f-7d87e1dc0e21', '3:53', 'Upside Down'),
('768fce7e-aca5-4ec4-8c0f-7d87e1dc0e21', '4:33', 'Awake'),
('768fce7e-aca5-4ec4-8c0f-7d87e1dc0e21', '3:01', 'Closer'),
('8c60b3fa-6d0f-4636-a513-5ba49466385a', '4:52', 'Cosa CÈ'),
('8c60b3fa-6d0f-4636-a513-5ba49466385a', '4:22', 'Domani Sì, Adesso No'),
('8c60b3fa-6d0f-4636-a513-5ba49466385a', '4:01', 'Cosa Succede In Città'),
('8c60b3fa-6d0f-4636-a513-5ba49466385a', '5:10', 'Toffee'),
('8c60b3fa-6d0f-4636-a513-5ba49466385a', '3:46', 'Ti Taglio La Gola'),
('8c60b3fa-6d0f-4636-a513-5ba49466385a', '3:50', 'Una Nuova Canzone Per Lei'),
('8c60b3fa-6d0f-4636-a513-5ba49466385a', '3:55', 'TImmagini'),
('8c60b3fa-6d0f-4636-a513-5ba49466385a', '3:44', 'Bolle Di Sapone'),
('8c60b3fa-6d0f-4636-a513-5ba49466385a', '3:37', 'Dormi, Dormi'),
('4181712c-adb7-4bab-b405-367db4490a0d', '2:30', 'Drive Alone'),
('4181712c-adb7-4bab-b405-367db4490a0d', '2:30', 'Finding Bliss'),
('4181712c-adb7-4bab-b405-367db4490a0d', '2:30', 'Take Away The Sad'),
('4181712c-adb7-4bab-b405-367db4490a0d', '2:30', 'Dont Stop'),
('4181712c-adb7-4bab-b405-367db4490a0d', '2:30', 'My One Belief'),
('4181712c-adb7-4bab-b405-367db4490a0d', '2:30', 'Highway Lights'),
('4181712c-adb7-4bab-b405-367db4490a0d', '2:30', 'We Could Be'),
('4181712c-adb7-4bab-b405-367db4490a0d', '2:30', 'Your Son'),
('4181712c-adb7-4bab-b405-367db4490a0d', '2:30', 'Life Without The Fight'),
('4181712c-adb7-4bab-b405-367db4490a0d', '2:30', 'As A Ghost'),
('4181712c-adb7-4bab-b405-367db4490a0d', '2:30', 'All Well Ever Need'),
('059be853-1a92-454d-a908-6201ca75fb0e', '0:43', 'Get Out Of My Sandbox'),
('059be853-1a92-454d-a908-6201ca75fb0e', '0:23', 'Invasion Of The Fedora Snatchers'),
('059be853-1a92-454d-a908-6201ca75fb0e', '0:54', 'Test Tube Baby'),
('059be853-1a92-454d-a908-6201ca75fb0e', '1:19', 'Bill Yourself'),
('1898f4e3-be4e-40c8-82d5-bf22a9cd4ddd', '2:30', 'Fresh-Garbage'),
('1898f4e3-be4e-40c8-82d5-bf22a9cd4ddd', '2:30', 'Uncle Jack'),
('1898f4e3-be4e-40c8-82d5-bf22a9cd4ddd', '2:30', 'Mechanical World'),
('1898f4e3-be4e-40c8-82d5-bf22a9cd4ddd', '2:30', 'Taurus'),
('1898f4e3-be4e-40c8-82d5-bf22a9cd4ddd', '2:30', 'Girl In Your Eye'),
('1898f4e3-be4e-40c8-82d5-bf22a9cd4ddd', '2:30', 'Straight Arrow'),
('1898f4e3-be4e-40c8-82d5-bf22a9cd4ddd', '2:30', 'Topanga Windows'),
('1898f4e3-be4e-40c8-82d5-bf22a9cd4ddd', '2:30', 'Gramophone Man'),
('1898f4e3-be4e-40c8-82d5-bf22a9cd4ddd', '2:30', 'Water Woman'),
('1898f4e3-be4e-40c8-82d5-bf22a9cd4ddd', '2:30', 'The Great Canyon Fire In General'),
('1898f4e3-be4e-40c8-82d5-bf22a9cd4ddd', '2:30', 'Elijah'),
('9ab12c94-43f6-4a90-97ad-31edd461ee08', '7:50', 'Winter Mouvement'),
('9ab12c94-43f6-4a90-97ad-31edd461ee08', '9:24', 'Crystal Travelling'),
('9ab12c94-43f6-4a90-97ad-31edd461ee08', '7:39', 'The Empty Night'),
('9ab12c94-43f6-4a90-97ad-31edd461ee08', '17:21', 'Echoing Delight'),
('9ab12c94-43f6-4a90-97ad-31edd461ee08', '09:57', 'Narrow Gloom (Part Two)'),
('9ab12c94-43f6-4a90-97ad-31edd461ee08', '15:24', 'Glass Splendour'),
('9fc387e5-d099-4e7e-aa8a-d6b84768a663', '4:35', 'Nun Komm der Heiden Heiland'),
('9fc387e5-d099-4e7e-aa8a-d6b84768a663', '3:55', 'Wir glauben all an Einen Gott'),
('9fc387e5-d099-4e7e-aa8a-d6b84768a663', '14:15', 'Toccata and Fugue in D minor (Dorian)'),
('9fc387e5-d099-4e7e-aa8a-d6b84768a663', '6:45', 'O Mensch, Bewein Dein Suende Gross'),
('9fc387e5-d099-4e7e-aa8a-d6b84768a663', '17:10', 'Toccata and Fugue in F major'),
('a5169fbc-439f-4c0c-9071-da7f22d6033b', '2:30', 'She Is Free'),
('a5169fbc-439f-4c0c-9071-da7f22d6033b', '2:30', 'Song To No One'),
('a5169fbc-439f-4c0c-9071-da7f22d6033b', '2:30', 'How Long Will It Take'),
('a5169fbc-439f-4c0c-9071-da7f22d6033b', '2:30', 'Grace (Studio Demo)'),
('a5169fbc-439f-4c0c-9071-da7f22d6033b', '2:30', 'Cruel'),
('a5169fbc-439f-4c0c-9071-da7f22d6033b', '2:30', 'Satisfied Mind'),
('a5169fbc-439f-4c0c-9071-da7f22d6033b', '2:30', 'Hymne À LAmour'),
('a5169fbc-439f-4c0c-9071-da7f22d6033b', '2:30', 'Mojo Pin'),
('a5169fbc-439f-4c0c-9071-da7f22d6033b', '2:30', 'Malign Fiesta (No Soul)'),
('a5169fbc-439f-4c0c-9071-da7f22d6033b', '2:30', 'Harem Man'),
('a5169fbc-439f-4c0c-9071-da7f22d6033b', '2:30', 'Grace (Live)'),
('a0e16482-3483-46a8-a48d-ea080b442e44', '3:34', 'Every Single Day'),
('a0e16482-3483-46a8-a48d-ea080b442e44', '4:20', 'Boulevard Of Broken Dreams'),
('a0e16482-3483-46a8-a48d-ea080b442e44', '3:27', 'Everybody'),
('a0e16482-3483-46a8-a48d-ea080b442e44', '3:01', 'Maniac'),
('a0e16482-3483-46a8-a48d-ea080b442e44', '3:11', 'Lets Get Down'),
('a0e16482-3483-46a8-a48d-ea080b442e44', '4:11', 'The Power And The Glory'),
('a0e16482-3483-46a8-a48d-ea080b442e44', '3:26', 'Chanson DAmour'),
('a0e16482-3483-46a8-a48d-ea080b442e44', '3:48', 'Most Precious Love'),
('a0e16482-3483-46a8-a48d-ea080b442e44', '3:41', 'Everytime Youre Feeling Down'),
('a0e16482-3483-46a8-a48d-ea080b442e44', '5:32', 'No Surprise'),
('a0e16482-3483-46a8-a48d-ea080b442e44', '5:00', 'The Drill'),
('a0e16482-3483-46a8-a48d-ea080b442e44', '5:24', 'Muda Na Ora'),
('a0e16482-3483-46a8-a48d-ea080b442e44', '3:24', 'I Like It'),
('a0e16482-3483-46a8-a48d-ea080b442e44', '4:03', 'You Are For Real'),
('a0e16482-3483-46a8-a48d-ea080b442e44', '3:00', 'Hose Sensation'),
('a0e16482-3483-46a8-a48d-ea080b442e44', '5:16', 'Interactive'),
('a0e16482-3483-46a8-a48d-ea080b442e44', '3:12', 'Happy Days'),
('a0e16482-3483-46a8-a48d-ea080b442e44', '3:50', 'Deeper Love'),
('a0e16482-3483-46a8-a48d-ea080b442e44', '2:30', 'Bonus Track:'),
('a0e16482-3483-46a8-a48d-ea080b442e44', '3:51', 'And Now Relax'),
('c866c896-850c-4e51-a3bb-a35a43959768', '2:30', 'Le Dimanche Matin (Du Film "Le Chanteur De Mexico")'),
('c866c896-850c-4e51-a3bb-a35a43959768', '2:30', 'Oranges, Tabac, Café'),
('66756993-f992-4757-a5bc-590628b21f73', '1:24', 'A Storytellers Moon (Intro)'),
('66756993-f992-4757-a5bc-590628b21f73', '3:26', 'State Of The Union Now      '),
('66756993-f992-4757-a5bc-590628b21f73', '4:14', 'Change Is Coming'),
('66756993-f992-4757-a5bc-590628b21f73', '3:06', 'Starstruck?'),
('66756993-f992-4757-a5bc-590628b21f73', '3:03', 'A Heavy Price To Pay'),
('66756993-f992-4757-a5bc-590628b21f73', '5:38', 'Words Fail Me'),
('66756993-f992-4757-a5bc-590628b21f73', '3:39', 'Forward Into The Past'),
('66756993-f992-4757-a5bc-590628b21f73', '0:57', 'Unresolved (Instrumental)'),
('66756993-f992-4757-a5bc-590628b21f73', '3:08', 'The Queen Of The Moors'),
('66756993-f992-4757-a5bc-590628b21f73', '5:34', 'Last Summers Rain'),
('66756993-f992-4757-a5bc-590628b21f73', '2:52', 'The Measure'),
('66756993-f992-4757-a5bc-590628b21f73', '4:33', 'Borderline'),
('66756993-f992-4757-a5bc-590628b21f73', '1:35', 'A Storytellers Moon (Outro)'),
('66756993-f992-4757-a5bc-590628b21f73', '5:45', 'Words Fail Me'),
('551bfff0-31eb-485b-9583-aa41810ca5eb', '2:30', 'Wukkin Party'),
('551bfff0-31eb-485b-9583-aa41810ca5eb', '2:30', 'D.J. Ride'),
('551bfff0-31eb-485b-9583-aa41810ca5eb', '2:30', 'Hole It Down'),
('551bfff0-31eb-485b-9583-aa41810ca5eb', '2:30', 'Dont Bother Me'),
('551bfff0-31eb-485b-9583-aa41810ca5eb', '2:30', 'The Search'),
('551bfff0-31eb-485b-9583-aa41810ca5eb', '2:30', 'Back It Up'),
('551bfff0-31eb-485b-9583-aa41810ca5eb', '2:30', 'Get On Bad'),
('551bfff0-31eb-485b-9583-aa41810ca5eb', '2:30', 'Speedo'),
('551bfff0-31eb-485b-9583-aa41810ca5eb', '2:30', '25'),
('551bfff0-31eb-485b-9583-aa41810ca5eb', '2:30', 'No Behaviour'),
('551bfff0-31eb-485b-9583-aa41810ca5eb', '2:30', 'Titanic'),
('551bfff0-31eb-485b-9583-aa41810ca5eb', '2:30', 'Grind Dem'),
('551bfff0-31eb-485b-9583-aa41810ca5eb', '2:30', 'Up Under Me'),
('551bfff0-31eb-485b-9583-aa41810ca5eb', '2:30', 'De Pepper Song'),
('551bfff0-31eb-485b-9583-aa41810ca5eb', '2:30', 'Melt Me Down'),
('551bfff0-31eb-485b-9583-aa41810ca5eb', '2:30', 'Oil Pumping'),
('9d6abbfb-556d-4ae7-95c0-bef49b9016bd', '2:51', 'The Unknown Soldier'),
('9d6abbfb-556d-4ae7-95c0-bef49b9016bd', '2:25', 'We Could Be So Good Together '),
('b63cfad3-79e6-452e-b0e3-99adcbe2bd75', '2:30', 'Side A'),
('b63cfad3-79e6-452e-b0e3-99adcbe2bd75', '2:30', 'Discipline (Sacramento)'),
('b63cfad3-79e6-452e-b0e3-99adcbe2bd75', '2:30', 'Centurion at the Mall'),
('b63cfad3-79e6-452e-b0e3-99adcbe2bd75', '2:30', 'Side B'),
('b63cfad3-79e6-452e-b0e3-99adcbe2bd75', '2:30', 'Chad at the Danube'),
('b63cfad3-79e6-452e-b0e3-99adcbe2bd75', '2:30', 'Big Wheels'),
('b63cfad3-79e6-452e-b0e3-99adcbe2bd75', '2:30', 'Bowel Romp'),
('b63cfad3-79e6-452e-b0e3-99adcbe2bd75', '2:30', 'Side C'),
('b63cfad3-79e6-452e-b0e3-99adcbe2bd75', '2:30', 'Peer into the Buttocks of Baby Jesus (Its Clean)'),
('b63cfad3-79e6-452e-b0e3-99adcbe2bd75', '2:30', 'Get on the Good Foot'),
('b63cfad3-79e6-452e-b0e3-99adcbe2bd75', '2:30', 'Okie Doke'),
('b63cfad3-79e6-452e-b0e3-99adcbe2bd75', '2:30', 'Side D'),
('b63cfad3-79e6-452e-b0e3-99adcbe2bd75', '2:30', 'Ear Destruction Jam'),
('b63cfad3-79e6-452e-b0e3-99adcbe2bd75', '2:30', 'Goodnight Jam'),
('82501928-b1ae-485c-b9e1-a6294b13b7bb', '2:30', '83z'),
('d3091dca-0d20-4e56-9b80-961340492a66', '2:30', 'Irish Polka'),
('d3091dca-0d20-4e56-9b80-961340492a66', '2:30', 'Medley Of Irish Reels '),
('5a6c1c44-4f53-4cc8-8a4c-a502cda93c6f', '12:26', 'Konzert G-Dur Für 2 Mandolinen Und ZO'),
('5a6c1c44-4f53-4cc8-8a4c-a502cda93c6f', '6:36', 'Konzert Nr. II (C-Dur) Für Blockflöte Und ZO'),
('5a6c1c44-4f53-4cc8-8a4c-a502cda93c6f', '6:32', 'Konzert E-Moll Für 2 Mandolinen Und ZO'),
('5a6c1c44-4f53-4cc8-8a4c-a502cda93c6f', '10:01', 'Sinfonia Concertante Für Cembalo Und ZO'),
('5a6c1c44-4f53-4cc8-8a4c-a502cda93c6f', '15:48', 'Konzert F-Dur (Original Für Maultrommel, Gitarre Und Zupf- Oder Streichorchester)'),
('5a6c1c44-4f53-4cc8-8a4c-a502cda93c6f', '6:06', 'Latin Groove Für ZO Und Percussion'),
('5a6c1c44-4f53-4cc8-8a4c-a502cda93c6f', '5:19', 'Drink To Me Only'),
('5a6c1c44-4f53-4cc8-8a4c-a502cda93c6f', '4:22', 'Zupf-Boogie'),
('3888680c-1cae-4c75-99c1-6b3a6ee0d13b', '12:50', '«Символы», шесть пьес для фортепиано: зов. луч. время. образ. маска. шаги'),
('3888680c-1cae-4c75-99c1-6b3a6ee0d13b', '8:48', '«Мимолетности», четыре пьесы для скрипки и фортепиано'),
('3888680c-1cae-4c75-99c1-6b3a6ee0d13b', '24:07', 'Третий квартет для двух скрипок, альта и виолончели'),
('4765108f-48bb-4444-a165-1edb67227bfc', '2:30', 'La Paloma '),
('4765108f-48bb-4444-a165-1edb67227bfc', '2:30', 'Destiny'),
('67c17f4e-2960-4e04-a51d-17a43ae4ab0c', '2:30', 'Title'),
('67c17f4e-2960-4e04-a51d-17a43ae4ab0c', '2:30', 'Destruction'),
('67c17f4e-2960-4e04-a51d-17a43ae4ab0c', '2:30', 'Wasteland'),
('67c17f4e-2960-4e04-a51d-17a43ae4ab0c', '2:30', 'Title'),
('67c17f4e-2960-4e04-a51d-17a43ae4ab0c', '2:30', 'Destruction'),
('67c17f4e-2960-4e04-a51d-17a43ae4ab0c', '2:30', 'Wasteland'),
('a29e1aff-9df8-4d29-9177-908412febff9', '2:30', 'Anger Means'),
('a29e1aff-9df8-4d29-9177-908412febff9', '2:30', 'Proven Hollow'),
('4bf332da-c515-43f9-9dc1-b58059d9571f', '2:30', 'Who Is Speaking?'),
('4bf332da-c515-43f9-9dc1-b58059d9571f', '2:30', 'Dark Oscillations'),
('4bf332da-c515-43f9-9dc1-b58059d9571f', '2:30', 'Joy'),
('4bf332da-c515-43f9-9dc1-b58059d9571f', '2:30', 'I Dont Want Children'),
('4bf332da-c515-43f9-9dc1-b58059d9571f', '2:30', 'Relay Runner'),
('4bf332da-c515-43f9-9dc1-b58059d9571f', '2:30', 'White Glass'),
('4bf332da-c515-43f9-9dc1-b58059d9571f', '2:30', 'Sundogs'),
('4bf332da-c515-43f9-9dc1-b58059d9571f', '2:30', 'Jornada'),
('4bf332da-c515-43f9-9dc1-b58059d9571f', '2:30', 'Shadow Relief'),
('4bf332da-c515-43f9-9dc1-b58059d9571f', '2:30', 'Black Willow'),
('a7725b3d-d936-41ed-940d-a6fff79aa0d2', '18:29', 'Birth Of Action'),
('a7725b3d-d936-41ed-940d-a6fff79aa0d2', '12:51', 'Cycle Circle'),
('a7725b3d-d936-41ed-940d-a6fff79aa0d2', '17:32', 'Ode To Workman'),
('a7725b3d-d936-41ed-940d-a6fff79aa0d2', '7:33', 'Alone, Alone And Alone'),
('23cdc89a-8c0b-492e-95bc-927e7194fc8f', '2:30', 'Ill Be Home For Christmas'),
('23cdc89a-8c0b-492e-95bc-927e7194fc8f', '2:30', 'Jingle Bells'),
('23cdc89a-8c0b-492e-95bc-927e7194fc8f', '2:30', 'Have Yourself A Merry Little Christmas'),
('23cdc89a-8c0b-492e-95bc-927e7194fc8f', '2:30', 'Santa Claus Is Coming To Town'),
('23cdc89a-8c0b-492e-95bc-927e7194fc8f', '2:30', 'White Christmas'),
('23cdc89a-8c0b-492e-95bc-927e7194fc8f', '2:30', 'Silver Bells'),
('23cdc89a-8c0b-492e-95bc-927e7194fc8f', '2:30', 'I Think You Know What I Want For Christmas'),
('23cdc89a-8c0b-492e-95bc-927e7194fc8f', '2:30', 'The Little Drummer Boy'),
('23cdc89a-8c0b-492e-95bc-927e7194fc8f', '2:30', 'Hes The Little Boy That Santa Claus Forgot'),
('23cdc89a-8c0b-492e-95bc-927e7194fc8f', '2:30', 'Silent Night'),
('23cdc89a-8c0b-492e-95bc-927e7194fc8f', '2:30', 'Das Christkind Kennt Sich Nicht Mehr Aus'),
('23cdc89a-8c0b-492e-95bc-927e7194fc8f', '2:30', 'Es Wird Scho Glei Dumpa'),
('23cdc89a-8c0b-492e-95bc-927e7194fc8f', '2:30', 'Auld Lang Syne'),
('23cdc89a-8c0b-492e-95bc-927e7194fc8f', '2:30', 'Stille Nacht'),
('013db7d0-42e2-48f1-a58e-57d7f7165c37', '3:43', 'I Fucking Love Nichijou!!!'),
('10597797-b969-4b89-84c1-fb117699b883', '2:07', 'Square One'),
('10597797-b969-4b89-84c1-fb117699b883', '3:30', 'Divide And Dissolve'),
('10597797-b969-4b89-84c1-fb117699b883', '2:43', 'Andalucia'),
('10597797-b969-4b89-84c1-fb117699b883', '5:17', 'Hold Her Hand Hard'),
('10597797-b969-4b89-84c1-fb117699b883', '2:20', 'Warm Waves'),
('10597797-b969-4b89-84c1-fb117699b883', '2:35', 'In The Clear'),
('20646e42-dc4f-441f-af21-6734ac545f2a', '3:20', 'Garagem'),
('20646e42-dc4f-441f-af21-6734ac545f2a', '1:45', 'Tribe'),
('20646e42-dc4f-441f-af21-6734ac545f2a', '3:56', 'Cara De Luna'),
('20646e42-dc4f-441f-af21-6734ac545f2a', '3:42', 'Sleepy Lagoon'),
('20646e42-dc4f-441f-af21-6734ac545f2a', '3:58', 'Soulful Night'),
('20646e42-dc4f-441f-af21-6734ac545f2a', '3:50', 'Red With Anger'),
('20646e42-dc4f-441f-af21-6734ac545f2a', '3:28', 'Tie Up Your Raft'),
('20646e42-dc4f-441f-af21-6734ac545f2a', '3:24', 'Weve Gone Off Chocolate'),
('20646e42-dc4f-441f-af21-6734ac545f2a', '11:20', 'Orchestral Family'),
('20646e42-dc4f-441f-af21-6734ac545f2a', '3:34', 'Super Sax'),
('20646e42-dc4f-441f-af21-6734ac545f2a', '2:16', 'Keyboard Of 60s And 70s'),
('f6cfc149-13dd-444e-86dc-7b7870a0a4ae', '2:30', 'Bollywood Apologetics'),
('f6cfc149-13dd-444e-86dc-7b7870a0a4ae', '2:30', 'Ominous 80'),
('f6cfc149-13dd-444e-86dc-7b7870a0a4ae', '2:30', 'Always A Last Time'),
('f6cfc149-13dd-444e-86dc-7b7870a0a4ae', '2:30', 'Is This Real Life, Jesus Christ'),
('f6cfc149-13dd-444e-86dc-7b7870a0a4ae', '2:30', 'Always Hurt'),
('f6cfc149-13dd-444e-86dc-7b7870a0a4ae', '2:30', 'Vulnerable'),
('f6cfc149-13dd-444e-86dc-7b7870a0a4ae', '2:30', 'Sleep Apneac'),
('f6cfc149-13dd-444e-86dc-7b7870a0a4ae', '2:30', 'Choir Of Assholes/You Think Itll Make You Happy But It Wont'),
('f6cfc149-13dd-444e-86dc-7b7870a0a4ae', '2:30', 'Twinkling'),
('c8c2ece8-593a-4259-8d88-be2e3ace09cf', '3:12', 'Stop Pretending'),
('ab93f303-a664-42d9-961b-8c4a60aee587', '5:01', 'Untitled'),
('ab93f303-a664-42d9-961b-8c4a60aee587', '6:56', 'Untitled'),
('ab93f303-a664-42d9-961b-8c4a60aee587', '4:30', 'Untitled'),
('ab93f303-a664-42d9-961b-8c4a60aee587', '4:28', 'Untitled'),
('ab93f303-a664-42d9-961b-8c4a60aee587', '4:10', 'Untitled'),
('ab93f303-a664-42d9-961b-8c4a60aee587', '4:14', 'Untitled'),
('ab93f303-a664-42d9-961b-8c4a60aee587', '4:29', 'Untitled'),
('ab93f303-a664-42d9-961b-8c4a60aee587', '5:43', 'Untitled'),
('ab93f303-a664-42d9-961b-8c4a60aee587', '4:27', 'Untitled'),
('ab93f303-a664-42d9-961b-8c4a60aee587', '4:49', 'Untitled'),
('ab93f303-a664-42d9-961b-8c4a60aee587', '5:56', 'Untitled'),
('ab93f303-a664-42d9-961b-8c4a60aee587', '4:59', 'Untitled'),
('ab93f303-a664-42d9-961b-8c4a60aee587', '3:59', 'Untitled'),
('ab93f303-a664-42d9-961b-8c4a60aee587', '6:56', 'Untitled'),
('ab93f303-a664-42d9-961b-8c4a60aee587', '7:14', 'Untitled'),
('ab93f303-a664-42d9-961b-8c4a60aee587', '3:29', 'Untitled'),
('ab93f303-a664-42d9-961b-8c4a60aee587', '6:16', 'Untitled'),
('ab93f303-a664-42d9-961b-8c4a60aee587', '3:54', 'Untitled'),
('ab93f303-a664-42d9-961b-8c4a60aee587', '6:20', 'Untitled'),
('ab93f303-a664-42d9-961b-8c4a60aee587', '5:29', 'Untitled'),
('ab93f303-a664-42d9-961b-8c4a60aee587', '4:29', 'Untitled'),
('ab93f303-a664-42d9-961b-8c4a60aee587', '6:18', 'Untitled'),
('ab93f303-a664-42d9-961b-8c4a60aee587', '4:10', 'Untitled'),
('ab93f303-a664-42d9-961b-8c4a60aee587', '4:22', 'Untitled'),
('ab93f303-a664-42d9-961b-8c4a60aee587', '3:43', 'Untitled'),
('ab93f303-a664-42d9-961b-8c4a60aee587', '3:09', 'Untitled'),
('ab93f303-a664-42d9-961b-8c4a60aee587', '3:46', 'Untitled'),
('ab93f303-a664-42d9-961b-8c4a60aee587', '4:51', 'Untitled'),
('ab93f303-a664-42d9-961b-8c4a60aee587', '4:29', 'Untitled'),
('ab93f303-a664-42d9-961b-8c4a60aee587', '5:45', 'Untitled'),
('ab93f303-a664-42d9-961b-8c4a60aee587', '3:50', 'Untitled'),
('ab93f303-a664-42d9-961b-8c4a60aee587', '3:35', 'Untitled'),
('ab93f303-a664-42d9-961b-8c4a60aee587', '5:01', 'Untitled'),
('ab93f303-a664-42d9-961b-8c4a60aee587', '4:40', 'Untitled'),
('ab93f303-a664-42d9-961b-8c4a60aee587', '2:55', 'Untitled'),
('ab93f303-a664-42d9-961b-8c4a60aee587', '3:01', 'Untitled'),
('ab93f303-a664-42d9-961b-8c4a60aee587', '5:37', 'Untitled'),
('fe2ca070-6055-4afb-8b43-f570e8a4d5fa', '2:45', 'Vendredi Mobsède = Friday On My Mind'),
('fe2ca070-6055-4afb-8b43-f570e8a4d5fa', '2:37', 'Jai Cru À Mon Rêve = Im A Believer'),
('fe2ca070-6055-4afb-8b43-f570e8a4d5fa', '3:15', 'Il A Suffi Dun Jour'),
('fe2ca070-6055-4afb-8b43-f570e8a4d5fa', '2:00', 'Je Devine La Vérité = I Got The Feelin'),
('8488b038-3781-41de-a71c-855f8a0118bb', '2:30', 'Listen To The Music'),
('8488b038-3781-41de-a71c-855f8a0118bb', '2:30', 'Still The One'),
('8488b038-3781-41de-a71c-855f8a0118bb', '2:30', 'December, 1963 (Oh What A Night)'),
('8488b038-3781-41de-a71c-855f8a0118bb', '2:30', 'You Are The Woman'),
('8488b038-3781-41de-a71c-855f8a0118bb', '2:30', 'Summer Breeze'),
('8488b038-3781-41de-a71c-855f8a0118bb', '2:30', 'Id Really Love To See You Tonight'),
('8488b038-3781-41de-a71c-855f8a0118bb', '2:30', 'Cats In The Cradle'),
('8488b038-3781-41de-a71c-855f8a0118bb', '2:30', 'Pick Up The Pieces'),
('8488b038-3781-41de-a71c-855f8a0118bb', '2:30', 'Hello Its Me'),
('8488b038-3781-41de-a71c-855f8a0118bb', '2:30', 'Then Came You'),
('8488b038-3781-41de-a71c-855f8a0118bb', '2:30', 'You Make Me feel like Dancing'),
('8488b038-3781-41de-a71c-855f8a0118bb', '2:30', 'I Got A Name'),
('8488b038-3781-41de-a71c-855f8a0118bb', '2:30', 'Ride Captain Ride'),
('8488b038-3781-41de-a71c-855f8a0118bb', '2:30', 'The Lion Sleeps Tonight'),
('8488b038-3781-41de-a71c-855f8a0118bb', '2:30', 'Dream Weaver'),
('d4be53f6-30f8-476c-9b6d-89ceed5b7427', '2:55', 'Give Me My Drugs (Original Mix)'),
('d4be53f6-30f8-476c-9b6d-89ceed5b7427', '3:30', 'Give Me My Drugs (Extended)'),
('2a251806-130f-4b98-b41c-7f9c5d4cb9c6', '04:26', 'Shattered'),
('0bd6d231-59b3-476e-bf9b-94d67e984a7c', '2:30', 'Uno'),
('0bd6d231-59b3-476e-bf9b-94d67e984a7c', '2:30', 'Stelle Cadenti'),
('0bd6d231-59b3-476e-bf9b-94d67e984a7c', '2:30', 'Un Milione di Cose Da Dirti'),
('0bd6d231-59b3-476e-bf9b-94d67e984a7c', '2:30', 'Il Destino Universale'),
('0bd6d231-59b3-476e-bf9b-94d67e984a7c', '2:30', 'Nina E Sara'),
('0bd6d231-59b3-476e-bf9b-94d67e984a7c', '2:30', 'No Satisfaction'),
('0bd6d231-59b3-476e-bf9b-94d67e984a7c', '2:30', 'Non Bastano Le Mani'),
('0bd6d231-59b3-476e-bf9b-94d67e984a7c', '2:30', 'Un Altro Sole'),
('0bd6d231-59b3-476e-bf9b-94d67e984a7c', '2:30', 'Gli Invisibili'),
('0bd6d231-59b3-476e-bf9b-94d67e984a7c', '2:30', 'Vita Da Fenomeni'),
('0bd6d231-59b3-476e-bf9b-94d67e984a7c', '2:30', 'Un Po Di Pace'),
('b271d088-e479-4417-92e1-2fd8baa16e3b', '2:48', 'The Ten Commandments'),
('b271d088-e479-4417-92e1-2fd8baa16e3b', '2:42', 'With You I Am'),
('b271d088-e479-4417-92e1-2fd8baa16e3b', '2:15', 'Gloria'),
('b271d088-e479-4417-92e1-2fd8baa16e3b', '3:32', 'Father I Put My Life In Your Hands'),
('b271d088-e479-4417-92e1-2fd8baa16e3b', '1:54', 'Take My Hand'),
('b271d088-e479-4417-92e1-2fd8baa16e3b', '2:42', 'The Lords Prayer'),
('b271d088-e479-4417-92e1-2fd8baa16e3b', '2:56', 'Lamb Of God'),
('b271d088-e479-4417-92e1-2fd8baa16e3b', '1:49', 'Keep Me Safe'),
('b271d088-e479-4417-92e1-2fd8baa16e3b', '2:46', 'The Earth Is Filled'),
('b271d088-e479-4417-92e1-2fd8baa16e3b', '2:47', 'Hold On'),
('b271d088-e479-4417-92e1-2fd8baa16e3b', '2:29', 'God My God'),
('b271d088-e479-4417-92e1-2fd8baa16e3b', '4:49', 'He Is King'),
('3cb28446-9efa-4bc3-a58b-73ecb6301b5a', '2:30', 'Side A'),
('3cb28446-9efa-4bc3-a58b-73ecb6301b5a', '1:54', 'Intro'),
('3cb28446-9efa-4bc3-a58b-73ecb6301b5a', '3:03', 'King Of Kingz'),
('3cb28446-9efa-4bc3-a58b-73ecb6301b5a', '2:52', 'Superheroes'),
('3cb28446-9efa-4bc3-a58b-73ecb6301b5a', '3:06', 'Arschfick'),
('3cb28446-9efa-4bc3-a58b-73ecb6301b5a', '4:34', 'Ich Hab Euch Nicht Vergessen'),
('3cb28446-9efa-4bc3-a58b-73ecb6301b5a', '3:33', 'Nutte Bounce'),
('3cb28446-9efa-4bc3-a58b-73ecb6301b5a', '2:45', 'Fick Rap'),
('3cb28446-9efa-4bc3-a58b-73ecb6301b5a', '2:55', 'MittelfingAH'),
('3cb28446-9efa-4bc3-a58b-73ecb6301b5a', '2:30', 'Side B'),
('3cb28446-9efa-4bc3-a58b-73ecb6301b5a', '3:51', 'Schwarze Seite'),
('3cb28446-9efa-4bc3-a58b-73ecb6301b5a', '3:26', 'Wie Ein Engel'),
('3cb28446-9efa-4bc3-a58b-73ecb6301b5a', '4:02', 'Pit Bull'),
('3cb28446-9efa-4bc3-a58b-73ecb6301b5a', '2:50', 'Kalter Krieg'),
('3cb28446-9efa-4bc3-a58b-73ecb6301b5a', '3:35', 'Mit Dem Schwanz In Der Hand'),
('3cb28446-9efa-4bc3-a58b-73ecb6301b5a', '3:11', 'Hast Du Mut?'),
('3cb28446-9efa-4bc3-a58b-73ecb6301b5a', '1:44', 'Outro'),
('3cb28446-9efa-4bc3-a58b-73ecb6301b5a', '2:18', 'Vack You'),
('3700664f-6a82-4574-af6a-2bbca3506f5c', '2:10', 'Dont Ask A Lady'),
('3700664f-6a82-4574-af6a-2bbca3506f5c', '5:00', 'Old Friend / In A Simple Way'),
('3700664f-6a82-4574-af6a-2bbca3506f5c', '3:00', 'Someone'),
('3700664f-6a82-4574-af6a-2bbca3506f5c', '2:25', 'When Youre Smiling'),
('3700664f-6a82-4574-af6a-2bbca3506f5c', '3:00', 'I Wanna Be Around'),
('3700664f-6a82-4574-af6a-2bbca3506f5c', '3:00', 'Wherever He Aint'),
('3700664f-6a82-4574-af6a-2bbca3506f5c', '3:20', 'Dear Tom'),
('3700664f-6a82-4574-af6a-2bbca3506f5c', '2:25', 'Its My Party'),
('3700664f-6a82-4574-af6a-2bbca3506f5c', '4:10', 'Fifty Percent'),
('5f94c949-8c3f-4572-a1f4-7a3f97ccdc08', '4:22', 'Soul Years'),
('5f94c949-8c3f-4572-a1f4-7a3f97ccdc08', '4:50', 'King Of The Hypocrites'),
('5f94c949-8c3f-4572-a1f4-7a3f97ccdc08', '4:46', 'Diamond Avenue'),
('5f94c949-8c3f-4572-a1f4-7a3f97ccdc08', '4:22', 'This Little Town'),
('5f94c949-8c3f-4572-a1f4-7a3f97ccdc08', '4:31', 'On Fire'),
('5f94c949-8c3f-4572-a1f4-7a3f97ccdc08', '5:05', 'Heaven And Earth'),
('5f94c949-8c3f-4572-a1f4-7a3f97ccdc08', '5:21', 'Love Shines'),
('5f94c949-8c3f-4572-a1f4-7a3f97ccdc08', '4:28', 'Party Town'),
('5f94c949-8c3f-4572-a1f4-7a3f97ccdc08', '4:42', 'Mr. Reed'),
('5f94c949-8c3f-4572-a1f4-7a3f97ccdc08', '4:04', 'Fashion Bomb'),
('5f94c949-8c3f-4572-a1f4-7a3f97ccdc08', '4:23', 'Jack Talking'),
('5f94c949-8c3f-4572-a1f4-7a3f97ccdc08', '5:17', 'Hey Johnny'),
('5f94c949-8c3f-4572-a1f4-7a3f97ccdc08', '5:41', 'The Devils Just Been Using You'),
('5f94c949-8c3f-4572-a1f4-7a3f97ccdc08', '6:05', 'Spiritual Love'),
('5f94c949-8c3f-4572-a1f4-7a3f97ccdc08', '2:30', 'Bonus Tracks For Japan'),
('5f94c949-8c3f-4572-a1f4-7a3f97ccdc08', '5:41', 'Victims Of Fame'),
('5f94c949-8c3f-4572-a1f4-7a3f97ccdc08', '5:04', 'Marianne'),
('981395db-e10c-472a-9e25-9d33422c03ee', '2:25', 'Sweet Georgia Brown'),
('981395db-e10c-472a-9e25-9d33422c03ee', '1:52', 'Yes Sir Thats My Baby'),
('981395db-e10c-472a-9e25-9d33422c03ee', '2:59', 'On The Sunny Side Of The Street'),
('981395db-e10c-472a-9e25-9d33422c03ee', '1:58', 'Paper Moon'),
('981395db-e10c-472a-9e25-9d33422c03ee', '3:59', 'Body And Soul'),
('981395db-e10c-472a-9e25-9d33422c03ee', '1:59', 'Tea For Two'),
('981395db-e10c-472a-9e25-9d33422c03ee', '2:44', 'Sweet Lorraine'),
('981395db-e10c-472a-9e25-9d33422c03ee', '3:42', 'Old Piano Plays The Blues'),
('981395db-e10c-472a-9e25-9d33422c03ee', '3:26', 'Dont Cry, Cry Baby'),
('981395db-e10c-472a-9e25-9d33422c03ee', '2:42', 'If You Cant Smile And Say Yes'),
('981395db-e10c-472a-9e25-9d33422c03ee', '2:01', 'Miss Thing'),
('981395db-e10c-472a-9e25-9d33422c03ee', '4:40', 'Nat Meets June'),
('981395db-e10c-472a-9e25-9d33422c03ee', '3:12', 'Blues'),
('981395db-e10c-472a-9e25-9d33422c03ee', '3:24', 'Satchel Mouth Baby'),
('981395db-e10c-472a-9e25-9d33422c03ee', '3:59', 'Coles Bop Blues'),
('981395db-e10c-472a-9e25-9d33422c03ee', '2:31', 'Last But Not Least'),
('981395db-e10c-472a-9e25-9d33422c03ee', '4:14', 'The Trouble With Me Is You'),
('981395db-e10c-472a-9e25-9d33422c03ee', '2:20', 'The Greatest Inventor'),
('981395db-e10c-472a-9e25-9d33422c03ee', '2:28', 'Firm Fram Sauce'),
('981395db-e10c-472a-9e25-9d33422c03ee', '1:45', 'Im Lost'),
('1bd22606-c986-423e-86d8-daea2acd87d2', '8:36', 'Forgiven'),
('1bd22606-c986-423e-86d8-daea2acd87d2', '7:41', 'Prayer'),
('61d9fd78-754a-40b6-8d07-a9900e60a3f0', '2:30', 'Peter The Image'),
('61d9fd78-754a-40b6-8d07-a9900e60a3f0', '2:30', 'Living Room'),
('61d9fd78-754a-40b6-8d07-a9900e60a3f0', '2:30', 'String'),
('61d9fd78-754a-40b6-8d07-a9900e60a3f0', '2:30', 'Factory Work'),
('61d9fd78-754a-40b6-8d07-a9900e60a3f0', '2:30', 'For What Its Worth'),
('61d9fd78-754a-40b6-8d07-a9900e60a3f0', '2:30', 'Instant This/Instant That'),
('61d9fd78-754a-40b6-8d07-a9900e60a3f0', '2:30', 'Slow Boat'),
('61d9fd78-754a-40b6-8d07-a9900e60a3f0', '2:30', 'Shards'),
('61d9fd78-754a-40b6-8d07-a9900e60a3f0', '2:30', 'Airplane Head'),
('61d9fd78-754a-40b6-8d07-a9900e60a3f0', '2:30', 'Young Men'),
('61d9fd78-754a-40b6-8d07-a9900e60a3f0', '2:30', 'Patterns For Living'),
('61d9fd78-754a-40b6-8d07-a9900e60a3f0', '2:30', 'Weekend'),
('61d9fd78-754a-40b6-8d07-a9900e60a3f0', '2:30', 'Monopole'),
('61d9fd78-754a-40b6-8d07-a9900e60a3f0', '2:30', 'Spearhead'),
('61d9fd78-754a-40b6-8d07-a9900e60a3f0', '2:30', 'Monofunk'),
('61d9fd78-754a-40b6-8d07-a9900e60a3f0', '2:30', 'Steady Job'),
('61d9fd78-754a-40b6-8d07-a9900e60a3f0', '2:30', 'Rebound'),
('61d9fd78-754a-40b6-8d07-a9900e60a3f0', '2:30', 'Boys Life'),
('61d9fd78-754a-40b6-8d07-a9900e60a3f0', '2:30', 'Flesh Kingdom'),
('61d9fd78-754a-40b6-8d07-a9900e60a3f0', '2:30', 'We Dont Have To Lie'),
('61d9fd78-754a-40b6-8d07-a9900e60a3f0', '2:30', 'How Cruel'),
('ecbbb080-21a7-4fc8-9338-93bc03e1425b', '3:18', 'Musketiere'),
('6d10f26a-8fc5-4135-9a3d-b6b7f6b22004', '2:30', 'Sprites'),
('6d10f26a-8fc5-4135-9a3d-b6b7f6b22004', '2:30', 'Just Smile'),
('6d10f26a-8fc5-4135-9a3d-b6b7f6b22004', '2:30', 'Different Pages'),
('6d10f26a-8fc5-4135-9a3d-b6b7f6b22004', '2:30', 'Addiction'),
('6d10f26a-8fc5-4135-9a3d-b6b7f6b22004', '2:30', 'Naughty Angel'),
('6d10f26a-8fc5-4135-9a3d-b6b7f6b22004', '2:30', 'Rainfall'),
('6d10f26a-8fc5-4135-9a3d-b6b7f6b22004', '2:30', 'Dawn'),
('6d10f26a-8fc5-4135-9a3d-b6b7f6b22004', '2:30', 'Insomnia'),
('6d10f26a-8fc5-4135-9a3d-b6b7f6b22004', '2:30', 'Realization'),
('6d10f26a-8fc5-4135-9a3d-b6b7f6b22004', '2:30', 'Fading & Ascending'),
('1c910198-b9bc-4f49-8c03-5cb553e79cce', '2:13', '私とあなたの関係に於いて、私は私自身についてベッドの上で考察する= In My Relationship With You, I Think About Myself On The Bed (Panpot Version)'),
('1c910198-b9bc-4f49-8c03-5cb553e79cce', '6:12', '原始の愛 = Primitive Love (Delayed Version)'),
('1c910198-b9bc-4f49-8c03-5cb553e79cce', '2:23', '旅立ち = Tabidachi/ Start On A Journey'),
('1c910198-b9bc-4f49-8c03-5cb553e79cce', '5:23', 'Sound LSD #.SS05/7.83HZ (For Radio Mix)'),
('1c910198-b9bc-4f49-8c03-5cb553e79cce', '3:23', 'Eco-Loocation (Stargazer Version)'),
('1c910198-b9bc-4f49-8c03-5cb553e79cce', '0:50', 'アンクルンの唄 = Sing An Anklungs (Edit)'),
('1c910198-b9bc-4f49-8c03-5cb553e79cce', '4:33', 'ライラックの弦 = Lilac Strings (First Version)'),
('1c910198-b9bc-4f49-8c03-5cb553e79cce', '4:06', '[Java] Dance #2. “Relaxed”'),
('1c910198-b9bc-4f49-8c03-5cb553e79cce', '3:05', 'Nanpū (First 1992 Version)'),
('1c910198-b9bc-4f49-8c03-5cb553e79cce', '4:07', '博物館の子供達 = Children In The Museum (Original Nov. 1991 Mix)'),
('1c910198-b9bc-4f49-8c03-5cb553e79cce', '11:37', 'ニケの小舟 = Nicea ’N Bark'),
('1c910198-b9bc-4f49-8c03-5cb553e79cce', '7:58', 'Yebisu/Yellow #2.'),
('1c910198-b9bc-4f49-8c03-5cb553e79cce', '1:20', 'Yorokobi-No-Koe'),
('1c910198-b9bc-4f49-8c03-5cb553e79cce', '5:13', 'エンドルフィンのゆく先 = Destination of Endorphins (Original Edit)'),
('1c910198-b9bc-4f49-8c03-5cb553e79cce', '9:24', '電子ニューロン回路の舞踏 = Dance Of Electronic Neuron Circuits (Third Mix)'),
('1e04cf3f-7ac8-4dd6-8a04-17db02df8b39', '4:57', 'Face Of A Stranger'),
('1e04cf3f-7ac8-4dd6-8a04-17db02df8b39', '5:30', 'Every Heart Is Burning'),
('1e04cf3f-7ac8-4dd6-8a04-17db02df8b39', '4:57', 'Where The Angels Fly'),
('32909434-d9c9-40f7-9eaf-b15d67581f65', '3:47', 'Posun času'),
('32909434-d9c9-40f7-9eaf-b15d67581f65', '3:15', 'Mech'),
('32909434-d9c9-40f7-9eaf-b15d67581f65', '5:29', 'Walk'),
('32909434-d9c9-40f7-9eaf-b15d67581f65', '3:10', 'Obzor'),
('32909434-d9c9-40f7-9eaf-b15d67581f65', '3:11', 'Kapesník'),
('32909434-d9c9-40f7-9eaf-b15d67581f65', '5:44', 'Karate'),
('32909434-d9c9-40f7-9eaf-b15d67581f65', '2:46', 'Čidlo'),
('32909434-d9c9-40f7-9eaf-b15d67581f65', '4:14', 'Dreams'),
('32909434-d9c9-40f7-9eaf-b15d67581f65', '3:15', 'Výmol'),
('8ead4eb9-bdd7-42f4-9327-711006100845', '2:30', 'Memories Of A Dream'),
('8ead4eb9-bdd7-42f4-9327-711006100845', '2:30', 'Memories Of A Dream'),
('5d53cdd3-dc9e-4837-bcb0-a821454f708f', '0:36', 'Welcome_back'),
('5d53cdd3-dc9e-4837-bcb0-a821454f708f', '0:34', 'Watching'),
('5d53cdd3-dc9e-4837-bcb0-a821454f708f', '0:29', 'Please_leave_me'),
('5d53cdd3-dc9e-4837-bcb0-a821454f708f', '0:36', 'As_i_roam'),
('5d53cdd3-dc9e-4837-bcb0-a821454f708f', '0:30', 'It_seems_different'),
('5d53cdd3-dc9e-4837-bcb0-a821454f708f', '0:51', 'But_nothing_has_changed'),
('5d53cdd3-dc9e-4837-bcb0-a821454f708f', '0:33', 'I_belong_here'),
('5d53cdd3-dc9e-4837-bcb0-a821454f708f', '0:43', 'But_i_dont_feel_safe'),
('5d53cdd3-dc9e-4837-bcb0-a821454f708f', '0:38', 'I_dont_want_to_leave'),
('5d53cdd3-dc9e-4837-bcb0-a821454f708f', '0:44', 'But_i_have_to'),
('a3db1521-3bfb-4c37-8cc1-2f9652bce392', '2:30', 'Bericht Zum Album Mit O-Tönen / Mit Musik'),
('a3db1521-3bfb-4c37-8cc1-2f9652bce392', '2:30', 'Bericht Zum Album Mit O-Tönen / Ohne Musik'),
('a3db1521-3bfb-4c37-8cc1-2f9652bce392', '2:30', '"Die Wahrheit Übers Kornfeld"'),
('a3db1521-3bfb-4c37-8cc1-2f9652bce392', '2:30', 'Stefans Lieblingswitz Mit Verpackung'),
('a3db1521-3bfb-4c37-8cc1-2f9652bce392', '2:30', 'Bürger Lars Dietrich - Beats Unplugged'),
('a3db1521-3bfb-4c37-8cc1-2f9652bce392', '2:30', 'Interview Statements Stefan Raab: Über Vogts Reaktionen'),
('a3db1521-3bfb-4c37-8cc1-2f9652bce392', '2:30', 'Interview Statements Stefan Raab: Über Vogts Und Raab'),
('a3db1521-3bfb-4c37-8cc1-2f9652bce392', '2:30', 'Interview Statements Stefan Raab: Zu Den "Drei Kleinen Schweinchen"'),
('a3db1521-3bfb-4c37-8cc1-2f9652bce392', '2:30', 'Interview Statements Stefan Raab: Zu "Ricky King"'),
('a3db1521-3bfb-4c37-8cc1-2f9652bce392', '2:30', 'Interview Statements Stefan Raab: Zu "Franz Lambert"'),
('a3db1521-3bfb-4c37-8cc1-2f9652bce392', '2:30', 'Interview Statements Stefan Raab: Zu "Frauen"'),
('a3db1521-3bfb-4c37-8cc1-2f9652bce392', '2:30', 'Interview Statements Stefan Raab: Zu "Seit Ich Dich Traf"'),
('a3db1521-3bfb-4c37-8cc1-2f9652bce392', '2:30', 'Interview Statements Stefan Raab: Zu "Hans Meiser"'),
('a3db1521-3bfb-4c37-8cc1-2f9652bce392', '2:30', 'Interview Statements Stefan Raab: Zum Neuen Album "Raab"'),
('a3db1521-3bfb-4c37-8cc1-2f9652bce392', '2:30', 'Interview Statements Stefan Raab: Zur Produktion'),
('a3db1521-3bfb-4c37-8cc1-2f9652bce392', '2:30', 'Interview Statements Stefan Raab: Zu Inspirationen'),
('a3db1521-3bfb-4c37-8cc1-2f9652bce392', '2:30', 'Interview Statements Stefan Raab: Zur Karriere'),
('a3db1521-3bfb-4c37-8cc1-2f9652bce392', '2:30', 'Interview Statements Stefan Raab: Der Musikalische Autodidakt'),
('a3db1521-3bfb-4c37-8cc1-2f9652bce392', '2:30', 'Interview Statements Stefan Raab: 3 Fragen - 3 Antworten'),
('a3db1521-3bfb-4c37-8cc1-2f9652bce392', '2:30', 'Interview Statements Stefan Raab: Der "Alternde" TV-Star'),
('a3db1521-3bfb-4c37-8cc1-2f9652bce392', '2:30', 'Interview-Statement Bürger Lars Dietrich: Zum "Kornfeld"'),
('a3db1521-3bfb-4c37-8cc1-2f9652bce392', '2:30', 'Interview-Statement Jürgen Drews: Im "Kornfeld"'),
('a3db1521-3bfb-4c37-8cc1-2f9652bce392', '2:30', 'Promo 1 - Unplugged'),
('a3db1521-3bfb-4c37-8cc1-2f9652bce392', '2:30', 'Promo 2 - Unplugged'),
('c9002dcf-d3a5-40a1-b875-2b9842be61b1', '4:18', 'Walking In Memphis'),
('c9002dcf-d3a5-40a1-b875-2b9842be61b1', '4:10', 'Ghost Train'),
('c9002dcf-d3a5-40a1-b875-2b9842be61b1', '4:38', 'Silver Thunderbird'),
('c9002dcf-d3a5-40a1-b875-2b9842be61b1', '5:08', 'Dig Down Deep'),
('c9002dcf-d3a5-40a1-b875-2b9842be61b1', '4:00', 'Walk On Water'),
('c9002dcf-d3a5-40a1-b875-2b9842be61b1', '3:22', 'Miles Away'),
('c9002dcf-d3a5-40a1-b875-2b9842be61b1', '5:31', 'Saving The Best For Last'),
('c9002dcf-d3a5-40a1-b875-2b9842be61b1', '2:46', 'Strangers In A Car'),
('c9002dcf-d3a5-40a1-b875-2b9842be61b1', '3:05', '29 Ways'),
('c9002dcf-d3a5-40a1-b875-2b9842be61b1', '4:18', 'Perfect Love'),
('c9002dcf-d3a5-40a1-b875-2b9842be61b1', '4:09', 'True Companion'),
('3211c570-e9b1-40ab-9be2-8d0845aeba20', '2:30', 'Style Wars (Pressure Rise Mix)'),
('3211c570-e9b1-40ab-9be2-8d0845aeba20', '2:30', 'Style Wars (Psion Mix)'),
('f1ece506-ff94-4407-84b7-8fd5b5572e51', '15:53', 'Brad'),
('f1ece506-ff94-4407-84b7-8fd5b5572e51', '8:29', 'Iarba Fiarelor'),
('f1ece506-ff94-4407-84b7-8fd5b5572e51', '6:59', 'Obrăzar'),
('f1ece506-ff94-4407-84b7-8fd5b5572e51', '7:59', 'Tinerețe Fără Bătrânețe'),
('f1ece506-ff94-4407-84b7-8fd5b5572e51', '11:39', ' Toacă Din Cer'),
('f1ece506-ff94-4407-84b7-8fd5b5572e51', '15:59', 'Brad (Uncut Version)'),
('f1ece506-ff94-4407-84b7-8fd5b5572e51', '5:08', 'Brad (Single Edit)'),
('9133a945-c990-4e9b-8c7a-44655da1a3dd', '3:39', 'This Calling'),
('9133a945-c990-4e9b-8c7a-44655da1a3dd', '3:30', 'Not Alone'),
('9133a945-c990-4e9b-8c7a-44655da1a3dd', '3:14', 'It Dwells In Me'),
('9133a945-c990-4e9b-8c7a-44655da1a3dd', '3:47', 'We Stand'),
('9133a945-c990-4e9b-8c7a-44655da1a3dd', '3:40', 'Whispers (I Hear Your)'),
('9133a945-c990-4e9b-8c7a-44655da1a3dd', '4:06', 'The Weak Willed'),
('9133a945-c990-4e9b-8c7a-44655da1a3dd', '3:23', 'Six'),
('9133a945-c990-4e9b-8c7a-44655da1a3dd', '3:07', 'Become The Catalyst'),
('9133a945-c990-4e9b-8c7a-44655da1a3dd', '3:34', 'The Air That I Breathe'),
('9133a945-c990-4e9b-8c7a-44655da1a3dd', '3:23', 'Empty Inside'),
('9133a945-c990-4e9b-8c7a-44655da1a3dd', '3:42', 'Indictment'),
('56a322cd-04fb-41d8-b59d-7291b8372cd6', '2:30', 'Songs Of Milarepa'),
('56a322cd-04fb-41d8-b59d-7291b8372cd6', '2:30', 'Three Songs For Baritone & Piano'),
('171d30fa-d12b-4dd9-b054-43c689136969', '2:30', 'Night And Day'),
('171d30fa-d12b-4dd9-b054-43c689136969', '4:00', 'Another World'),
('171d30fa-d12b-4dd9-b054-43c689136969', '4:08', 'Chinatown'),
('171d30fa-d12b-4dd9-b054-43c689136969', '3:45', 'T.V. Age'),
('171d30fa-d12b-4dd9-b054-43c689136969', '3:52', 'Target'),
('171d30fa-d12b-4dd9-b054-43c689136969', '4:34', 'Steppin Out'),
('171d30fa-d12b-4dd9-b054-43c689136969', '4:57', 'Breaking Us In Two'),
('171d30fa-d12b-4dd9-b054-43c689136969', '6:06', 'Cancer'),
('171d30fa-d12b-4dd9-b054-43c689136969', '4:05', 'Real Men'),
('171d30fa-d12b-4dd9-b054-43c689136969', '7:13', 'A Slow Song'),
('171d30fa-d12b-4dd9-b054-43c689136969', '2:30', 'Night And Day - Joe Jacksons Original Demos'),
('171d30fa-d12b-4dd9-b054-43c689136969', '4:14', 'Steppin Out'),
('171d30fa-d12b-4dd9-b054-43c689136969', '3:05', 'Chinatown'),
('171d30fa-d12b-4dd9-b054-43c689136969', '3:56', 'Breaking Us In Two'),
('171d30fa-d12b-4dd9-b054-43c689136969', '4:23', 'Cancer'),
('171d30fa-d12b-4dd9-b054-43c689136969', '4:20', 'Real Men'),
('171d30fa-d12b-4dd9-b054-43c689136969', '4:11', 'Target'),
('171d30fa-d12b-4dd9-b054-43c689136969', '2:30', 'Tracks From Mikes Murder Soundtrack'),
('171d30fa-d12b-4dd9-b054-43c689136969', '4:38', 'Cosmopolitan'),
('171d30fa-d12b-4dd9-b054-43c689136969', '3:02', '1-2-3 Go (This Towns A Fairground)'),
('171d30fa-d12b-4dd9-b054-43c689136969', '3:33', 'Laundromat Monday'),
('171d30fa-d12b-4dd9-b054-43c689136969', '4:46', 'Memphis'),
('171d30fa-d12b-4dd9-b054-43c689136969', '4:28', 'Moonlight'),
('171d30fa-d12b-4dd9-b054-43c689136969', '2:30', 'Live Tracks From Joe Jackson Live 1980/86'),
('171d30fa-d12b-4dd9-b054-43c689136969', '5:07', 'On Your Radio'),
('171d30fa-d12b-4dd9-b054-43c689136969', '7:44', 'Fools In Love'),
('171d30fa-d12b-4dd9-b054-43c689136969', '8:26', 'Cancer'),
('171d30fa-d12b-4dd9-b054-43c689136969', '4:43', 'Is She Really Going Out With Him (A Cappella Version)'),
('171d30fa-d12b-4dd9-b054-43c689136969', '4:29', 'Look Sharp!'),
('1c97f037-3dfb-40b6-9157-b70509a7ae5a', '2:30', '最高の一日 ～One Day～'),
('1c97f037-3dfb-40b6-9157-b70509a7ae5a', '2:30', '最高の一日 ～One Day～（オリジナル・カラオケ）'),
('1c97f037-3dfb-40b6-9157-b70509a7ae5a', '2:30', '半分恋人'),
('1c97f037-3dfb-40b6-9157-b70509a7ae5a', '2:30', '半分恋人（オリジナル・カラオケ）'),
('386b6690-3b5f-4658-87a7-28c2cf883557', '2:30', 'Prelude: Climbing, Striving, Fighting, Praying'),
('386b6690-3b5f-4658-87a7-28c2cf883557', '2:30', 'Chosen Vessel'),
('386b6690-3b5f-4658-87a7-28c2cf883557', '2:30', 'You Are Worthy'),
('386b6690-3b5f-4658-87a7-28c2cf883557', '2:30', 'The Answer'),
('386b6690-3b5f-4658-87a7-28c2cf883557', '2:30', 'Keep On Moving'),
('386b6690-3b5f-4658-87a7-28c2cf883557', '2:30', 'Just Ask'),
('386b6690-3b5f-4658-87a7-28c2cf883557', '2:30', 'I’m Not Tired Yet'),
('386b6690-3b5f-4658-87a7-28c2cf883557', '2:30', 'Interlude: A Crown For Me'),
('386b6690-3b5f-4658-87a7-28c2cf883557', '2:30', 'Here I Am'),
('386b6690-3b5f-4658-87a7-28c2cf883557', '2:30', 'Yes Lord'),
('386b6690-3b5f-4658-87a7-28c2cf883557', '2:30', 'Beyond The Glory'),
('386b6690-3b5f-4658-87a7-28c2cf883557', '2:30', 'Who Can Be Against Me'),
('386b6690-3b5f-4658-87a7-28c2cf883557', '2:30', 'Thank You Lord'),
('386b6690-3b5f-4658-87a7-28c2cf883557', '2:30', 'It’s Alright'),
('386b6690-3b5f-4658-87a7-28c2cf883557', '2:30', 'Everlasting Love'),
('3c5f07d1-476f-4ca6-8d2f-a18ae05d3025', '4:03', 'Inner Wisdom'),
('3c5f07d1-476f-4ca6-8d2f-a18ae05d3025', '3:10', 'Wreck'),
('3c5f07d1-476f-4ca6-8d2f-a18ae05d3025', '1:59', 'Brush My Hair (And Tell Me That You Love Me)'),
('3c5f07d1-476f-4ca6-8d2f-a18ae05d3025', '3:15', 'Stand'),
('3c5f07d1-476f-4ca6-8d2f-a18ae05d3025', '1:24', 'I'),
('3c5f07d1-476f-4ca6-8d2f-a18ae05d3025', '2:36', 'She'),
('3c5f07d1-476f-4ca6-8d2f-a18ae05d3025', '2:06', 'Voices'),
('3c5f07d1-476f-4ca6-8d2f-a18ae05d3025', '3:08', 'Sticky Sweet'),
('3c5f07d1-476f-4ca6-8d2f-a18ae05d3025', '3:12', 'Im A Good Friend'),
('3c5f07d1-476f-4ca6-8d2f-a18ae05d3025', '1:19', 'II'),
('3c5f07d1-476f-4ca6-8d2f-a18ae05d3025', '5:08', 'Journey'),
('4b5ddfee-63ad-4bd3-94ed-c143a2883316', '20:18', 'Á Annan Veg Pt1'),
('4b5ddfee-63ad-4bd3-94ed-c143a2883316', '20:39', 'Á Annan Veg Pt2'),
('4b5ddfee-63ad-4bd3-94ed-c143a2883316', '19:01', 'Á Annan Veg Pt3'),
('4b5ddfee-63ad-4bd3-94ed-c143a2883316', '20:36', 'Á Annan Veg Pt4'),
('4f8288b8-7259-412a-8597-67405b32ad44', '2:30', 'How Many Times (Remarkable) (Album)'),
('4f8288b8-7259-412a-8597-67405b32ad44', '2:30', 'How Many Times (Remarkable) (Radio)'),
('4f8288b8-7259-412a-8597-67405b32ad44', '2:30', 'How Many Times (Remarkable) (Instrumental)'),
('4f8288b8-7259-412a-8597-67405b32ad44', '2:30', 'Get Fresh (Do The Beat Box) (Radio)'),
('4f8288b8-7259-412a-8597-67405b32ad44', '2:30', 'Get Fresh (Do The Beat Box) (Instrumental)'),
('4d2e06be-9549-4344-9e82-add25d91b1a5', '6:18', 'Desolation (Exolight Extended Remix)'),
('4d2e06be-9549-4344-9e82-add25d91b1a5', '3:32', 'Desolation (Exolight Remix)'),
('34f3da37-752d-44cc-b4a5-d683fc92c0ec', '2:30', 'Asturias (Preludio)'),
('34f3da37-752d-44cc-b4a5-d683fc92c0ec', '2:30', 'Danza del Terror (de "El amor brujo")'),
('34f3da37-752d-44cc-b4a5-d683fc92c0ec', '2:30', 'Pavana-Capricho'),
('56539769-0e54-49c8-be4b-e814af9af6fe', '4:00', 'Bringers Of Blasphemy'),
('56539769-0e54-49c8-be4b-e814af9af6fe', '3:36', 'In Mortal Confinement '),
('56539769-0e54-49c8-be4b-e814af9af6fe', '3:51', 'The Brutal Path (Straight To Hell)'),
('56539769-0e54-49c8-be4b-e814af9af6fe', '3:58', 'Remain The Same Again'),
('56539769-0e54-49c8-be4b-e814af9af6fe', '3:14', 'The Obsessive & The Deranged'),
('56539769-0e54-49c8-be4b-e814af9af6fe', '3:53', 'The Moribund Saints'),
('56539769-0e54-49c8-be4b-e814af9af6fe', '4:19', 'When Madness Has Taken Control'),
('56539769-0e54-49c8-be4b-e814af9af6fe', '3:19', 'In The Reign Of Gore'),
('56539769-0e54-49c8-be4b-e814af9af6fe', '3:45', 'Transcending To Persist'),
('dee7eb33-f9b9-4aba-94c7-8558d0c1afda', '2:30', 'Abertura, Party'),
('dee7eb33-f9b9-4aba-94c7-8558d0c1afda', '2:30', 'Honey Hush'),
('dee7eb33-f9b9-4aba-94c7-8558d0c1afda', '2:30', 'Blue Jean Bop'),
('dee7eb33-f9b9-4aba-94c7-8558d0c1afda', '2:30', 'Brown Eyed Handsome Man'),
('dee7eb33-f9b9-4aba-94c7-8558d0c1afda', '2:30', 'Fabulous'),
('dee7eb33-f9b9-4aba-94c7-8558d0c1afda', '2:30', 'What It Is'),
('dee7eb33-f9b9-4aba-94c7-8558d0c1afda', '2:30', 'Lonesome Town'),
('dee7eb33-f9b9-4aba-94c7-8558d0c1afda', '2:30', 'Twenty Flight Rock'),
('dee7eb33-f9b9-4aba-94c7-8558d0c1afda', '2:30', 'No Other Baby'),
('dee7eb33-f9b9-4aba-94c7-8558d0c1afda', '2:30', 'Try Not To Cry'),
('dee7eb33-f9b9-4aba-94c7-8558d0c1afda', '2:30', 'Shake A Hand'),
('dee7eb33-f9b9-4aba-94c7-8558d0c1afda', '2:30', 'All Shook Up'),
('dee7eb33-f9b9-4aba-94c7-8558d0c1afda', '2:30', 'I Saw Her Standing There'),
('dee7eb33-f9b9-4aba-94c7-8558d0c1afda', '2:30', 'Party'),
('5be0f3b3-b025-4394-a408-f482334a221e', '5:37', 'Apocolyptic Kitchen'),
('5be0f3b3-b025-4394-a408-f482334a221e', '4:16', 'Fire In The Gazizzle'),
('5be0f3b3-b025-4394-a408-f482334a221e', '3:42', 'Laddle Nits'),
('5be0f3b3-b025-4394-a408-f482334a221e', '2:15', 'Steppen Cat'),
('5be0f3b3-b025-4394-a408-f482334a221e', '3:02', 'Earthmoving'),
('5be0f3b3-b025-4394-a408-f482334a221e', '4:21', 'Band. Unproduced.'),
('5be0f3b3-b025-4394-a408-f482334a221e', '7:10', 'Its Three Inches From'),
('5be0f3b3-b025-4394-a408-f482334a221e', '4:24', 'Untitled Baby');

insert into product_artistids (product_productid, artistid) values
('38979ec5-cf59-4677-a1fb-d5baf2c5a9ee', 'dbd7e839-e8c9-41e9-9a97-c54012572916'),
('616817c0-4bd4-4f48-a724-fb3495a92381', '52475c0d-3953-4312-8c59-b3bec5af793f'),
('ec4fbae2-1fc3-4179-b95f-9b9d03c6e4e7', 'e1e5bccd-d1a1-4244-aa53-73d937b2a1f0'),
('a40bf348-1a37-4504-9222-0ae56832eb5d', 'd4b261e7-0bef-4f52-8c4d-8b9225a74793'),
('b2cfffbe-37ce-43f1-90b0-cb391fa38939', '88086750-9d24-49e2-abfc-84e135324850'),
('e86dd2cc-cf84-4486-ae01-048937d9aff3', '4f462dba-ff96-4394-9cfd-ebad57f2f866'),
('f5ba3e3c-e527-4061-be50-7cff5cc24153', 'e555fdf1-6cb5-48e6-b3a2-7bdd84ec680a'),
('48ec0fe9-55c7-4b5c-9373-32cac896ba51', '523da1af-4644-4b8c-874c-a3b755d19d19'),
('fb06b946-3713-40f9-bee4-6eb781189c28', '7a04ec95-5435-4b3f-8e2d-9a8da4ef92ef'),
('fb06b946-3713-40f9-bee4-6eb781189c28', '4d18d29b-e610-4295-8401-752e964a91ee'),
('9cd81e24-04e7-4541-9162-1e619e33a35b', '218fcfc8-bd1b-44a4-b302-ea9c14847502'),
('9437acde-4fa5-44bb-a281-07e9fa912bd1', '69ae5aaf-c803-4dbe-babf-1f28d3f3e45c'),
('4a474e8f-c4e4-4361-b30c-bccf93a245f0', 'b02f0d62-cd0f-4da4-925c-1e5831400d95'),
('a5950a70-706c-4efa-acc4-2aa4c8c41336', '08dcdd6b-480b-42ba-b846-c05fdc3fdd7b'),
('a5950a70-706c-4efa-acc4-2aa4c8c41336', '8c912553-9475-4b3b-b3c3-7020b7dc18d0'),
('a5950a70-706c-4efa-acc4-2aa4c8c41336', '2c2ed0cb-d8a4-40f7-afda-5a47d6d2194e'),
('e06154ec-604f-410c-947b-b2520f4da36a', '5885eb94-743e-46bb-8c81-e17f7a12a6a1'),
('ce8f90d2-b0e8-4899-99e6-a2fe24302e77', '41460874-d346-45d3-8062-8a30f975c975'),
('e9a217ea-fc1e-491c-82bc-c5c596f96238', 'ad675b62-822b-47d3-bbf5-6a0cef2c6928'),
('872c08aa-aa49-403d-aba8-9850c9e0a5b5', '3431c656-319f-41d6-8947-b42552df8db0'),
('06c5ef4a-58f3-455e-845a-0213e8dc90a6', 'de352e3d-69d0-42fe-828f-3473e92867d4'),
('279e8b05-a309-496d-be88-4c806dd017b7', 'c72ef0af-eba9-4355-9a02-f267e3bb60c1'),
('2a09a342-2e43-49a4-a1c8-b6dfdbb30995', 'd9229482-4568-4036-9211-6cf08c71650e'),
('f089ecbe-7572-478d-af34-82f6dde73ad5', 'a930cbf9-b272-48f3-afb6-6d050da6107d'),
('8903750f-39b5-49a9-884e-545993f7dfba', 'e11a3ffa-c40b-486c-9870-46aa308d6a03'),
('09141c6c-5951-43ef-80b6-f320a2eedc1c', '4e169e16-6a40-49d1-a417-d507700f09f8'),
('523f6144-f32b-485c-b3d6-ec4d123e6a27', '23459cb4-5360-43fb-af2b-2aa8d3ed7b13'),
('e9d9c88d-37aa-4d43-add4-d424eb64b968', '68f0a069-4989-459b-829c-bf50e26dd398'),
('af332384-099d-459f-a9b9-20c9de7527c3', 'dcad17d4-0d3b-4fc0-8e94-6bba2db89216'),
('2336f1ca-a643-4479-b32c-c34daf782093', '422247c4-f456-46f2-8819-3e04e0a7dc0a'),
('c799a4b2-7c3a-4944-8e04-5fc4ea9b8590', '61680c4f-63c2-4d15-af29-55de4403c90a'),
('c799a4b2-7c3a-4944-8e04-5fc4ea9b8590', 'e2aaead5-729e-4a0e-b5bc-03cb3980dda7'),
('cccd0746-7d34-464e-955f-9bebe6847fde', '5e03e7dd-1f04-4d2b-91b0-c16ecde56e12'),
('136192fa-8a37-42c0-aaa3-2ca42bc4ae6a', '976ed3a8-b8c1-4028-bbda-472e57cf5dcc'),
('c4a1a626-6f4d-457c-8f07-adfad6da9ff3', 'ae5d9b49-5f6e-4515-b0e7-8dc7f33e8a20'),
('2d4d2474-08d4-40cf-a416-15577ecf5466', '83cad80f-d08a-4ab8-89a1-8fee4a076d21'),
('ad9e4b64-b24d-4c4e-a28f-a2c99215164a', '217ae55a-39ab-47e1-866d-e1ac794a3e0b'),
('a7e46096-a4a9-443d-9e3b-7217c6bdfd1b', '20baf7d3-8ade-45b1-a0f8-76037aeb12ed'),
('83ffa557-959b-417e-a99d-e61105738e64', 'da4f8dff-00b2-405e-b079-1aa19f508559'),
('d4e0f410-06fc-4e37-8fd3-b0c5c611764e', 'f5531e64-3d67-46d3-bcd4-9081cf81afb0'),
('7e410355-4570-460c-9568-bca63453c593', 'c5a57ab5-09d0-47fb-b13a-6739ae5bc09d'),
('c7b6791e-5cfd-4459-923e-57cd0cc7d86d', '1dcd6fc5-9bf7-4b4a-980e-926d63116039'),
('b00e139d-2fd1-4913-95f7-b0c7de8c6bf3', '20fe509e-6fc9-472d-a3e1-d1a7fe5fc711'),
('2a0c49fc-08a3-4bd1-8990-bec226706aba', '6dab8735-6fe7-4594-a68e-66d778035ba9'),
('a717551e-400f-4950-adc9-20c3d4752ed6', 'c3cc8dda-283b-4e1d-a6b5-892a8c439ae3'),
('347c0f29-470a-49bc-be40-f91b681de1f3', 'e26a604b-bbcf-43a6-bd19-5f359f0c0e85'),
('2262573c-b732-46de-8f71-e5a4b731fc96', '5bc0d155-13c3-4b83-b50a-fe6307fa3c4a'),
('67b46f8e-6635-4c8e-91a0-5914902d6861', 'eb2fbe47-803d-4f66-8ccc-162bbb89881f'),
('fd21850a-747d-478e-8c7e-fbab2b5c2a9a', '58c83ac8-9bd4-418d-a7f9-800472ddf10a'),
('fd21850a-747d-478e-8c7e-fbab2b5c2a9a', '0a7ddb80-b941-45a7-bbd3-7322db3d5b1d'),
('3eadb3c9-6c3d-45fd-ad8c-ac15b82f14fe', '3030a61c-a6e8-4d85-a6e6-981d62e1ecae'),
('16d55e44-0d24-45e5-b0a3-8237b29a3a17', '96e61fbf-3d3e-4de9-81a2-80b1f7c025da'),
('9bc59697-7c09-4d21-b8d3-7b765f4039a6', 'bec2863d-cc46-4a3b-ad30-fb915576313a'),
('a1a72105-06ad-4777-b0bf-a5db46df7026', '08932d2a-ade8-43bb-8bb2-49c551fc5785'),
('8d8e309f-2439-4f22-b4d6-fdd9e9d6c1b2', 'ee53778a-30d9-4f7d-aa6f-4a511a78e0f3'),
('d8d96054-ae60-4284-90a7-2050fda32823', '64d66e0a-8c19-4229-a303-d9edbe4bdcbe'),
('a01a9325-3d27-4f2e-851a-41a9597aa87f', 'b7e168d9-876c-44eb-b37b-5df625c0878a'),
('52a957a1-beb8-4224-82b2-aade816832cc', '126ee86c-036a-4f05-944e-fba71c223f15'),
('81eed66f-1432-425b-9fd6-811e5b31ece3', '07400d17-835a-47b5-8ad6-63dcbed76ed2'),
('500defbb-196b-41b9-b502-26a3ff59077e', '8c20cc41-4498-47fb-ab0e-778267ac0afa'),
('495f4435-7b6d-4b83-82a0-8fcba6b17ecf', 'a949d1b2-ea19-45ac-b998-77a7326ee125'),
('495f4435-7b6d-4b83-82a0-8fcba6b17ecf', '4aca6810-74b2-4fe3-b370-fb8940e13a9d'),
('daa6dd15-52c8-432a-b0a6-d7f86206aa41', '602b6373-2889-494b-be0f-081619d14796'),
('87ba7f93-b9bd-4154-b59d-d50bc1c55f81', '70a3a285-64d3-495c-b473-a2944aa3517e'),
('277c5868-8e78-4490-bb62-23713a5d7483', '5e4adb42-46bf-4d36-8903-9939ec58a318'),
('5d3de218-b8ff-4148-abaf-f282955dacc9', '83d3ead2-ddf7-4297-84bb-7c07cea5584b'),
('3174bdb3-c345-4e4e-81d9-c0899101845b', 'be56a87e-6613-4968-8b3d-71204410fed9'),
('0a5aa1fb-66c9-4811-a9ac-c2b73879613b', '179afe5e-882c-4433-bb8b-85fa53af144b'),
('9940a253-ff38-4e45-942b-78a434331e1d', 'bffb76d9-4697-494e-8a6e-5ead04ff24be'),
('57c19025-70bf-444b-b63a-b99f075361e6', '24f67cf7-e8e4-4c6b-8507-93f077df3e16'),
('0a15fa08-cd6a-41ab-9d2a-5e2eda2aa7e4', 'ad2c4f4d-26dd-4f91-89fd-719708d0b6a9'),
('2ca5360d-fd8b-4fd5-ae38-17e83d5cdda6', 'b1f80f7c-56ad-47fd-a9eb-95de1f6f45a9'),
('7b175f88-6cf8-48d0-8b29-22a629507ac5', '660e988f-5337-4e2d-8c6e-41c44a335d04'),
('754d400d-7931-44c9-acf0-54792ee50e73', '5ab496a9-5532-408a-9b71-d185c95c2c2b'),
('754d400d-7931-44c9-acf0-54792ee50e73', 'fdd4044c-ee3c-4ce2-8f86-ab58390c81fa'),
('ffabb808-b62e-4cc7-b5ce-709389f88b37', '585646c3-1773-405c-a9d8-584e36c9bdad'),
('de505696-cb97-421b-8dfa-92366af2cedd', '01e7b4ed-7d75-499c-a69c-87e937b37154'),
('457042d5-8b5e-4b44-97a3-6579ef4ce1c9', 'b65d0047-ee9b-4d0a-bd7d-c4ef94def24f'),
('8917174f-c562-443e-b633-6e97e8fae932', 'e8418e54-48df-4365-ae7b-3f7390107c5a'),
('449cbfa2-d007-41a5-9dcf-94e4784bb904', '4f294ba7-246b-4257-b6a1-594de173aeb9'),
('1c2663c3-8c10-4781-b62e-5a8bbb135e54', '289d3c73-74c5-4005-aaba-1ddf2bc2ba56'),
('3e435ac6-f9e0-4932-9244-6449d84a49e0', '98874efd-1185-47a9-9a15-a1b800b86fea'),
('0e9382e8-4680-47e3-848a-5d90a18ea9b2', '0a2fcfb4-c621-4cd8-beba-0c38e5907c9a'),
('6e3a18c7-1047-42d8-9344-2601c91e82f2', '1fdd8884-6510-4978-8e49-a8bcb6b51dd6'),
('1f474169-b67d-4522-84f8-b87fdc46313b', 'a0e43b26-5222-4e33-b242-81173edee23e'),
('5f6057f3-2c9c-484e-877e-78bcdcbeb50b', 'd2e78a77-45b7-46db-8de0-e182e3849948'),
('a33edcb6-1732-4d6b-8a76-d3aea9699391', '5f6125bd-a8a2-4d68-b4b8-cd0b92d93701'),
('20596847-e7cd-44c9-bd2c-13df09bdbcdc', 'a41aa6f3-0c81-46cd-aac8-6b724b3b60e6'),
('f1efa4c7-03fd-41b7-b394-7eee9b97526b', '2f8d618c-4f3a-45b4-8d8e-e7a0629a7796'),
('9d23ca74-12db-414a-a6fa-fc650bdca8e1', '5fb5e5ef-1a0d-4c33-a4ce-fdfd7a514b6e'),
('04d0a240-5a38-4031-af71-4a9b5789a5e1', '99e10b47-b4e4-4d10-9a72-2f8922c051ce'),
('c4096606-98dd-4e46-9a65-158b123d2310', '54b3bbff-2e1b-477c-bac3-a2a568aee20c'),
('5791df94-d573-46f7-b5f0-a17c0a20ee0c', '557d2411-1b98-4398-85f4-ac7468752aa6'),
('a1c034c3-0c39-422b-be7a-2affe420fcd5', 'a344a3b9-cd03-472e-9031-026e9ebee539'),
('2f340fc8-905c-4694-949e-e0be03965963', 'aee38528-a59c-4f62-8b25-b1f553a86b5d'),
('392320e9-365c-4f3e-b9a8-6134801b7128', '6c390a3f-8576-40d6-a650-3d752d516585'),
('5dbce0b9-4455-42d8-82af-5ac53db39564', '5c45cc1a-2ad8-4c77-b9e3-bc99083539df'),
('d3ac92ba-bf5a-44df-af4c-69f8784ba320', 'e9d9bbc8-4c18-4ea2-bc41-38d651fadbc2'),
('2006622a-ccb4-4256-9718-692df99a2557', '1d42d7f8-9004-47cd-9e29-907c31373b44'),
('c86b16a4-07bd-402a-b94e-25770bafbb56', '0b1fa6a9-8d75-44ff-87bd-5a0f239addcb'),
('ad867f22-1b58-4fd9-8f4b-ca9210856cdd', 'feef3cc2-e11f-4ce0-ae25-0fa0703c3e38'),
('c7ea850f-5cfe-475d-b48f-c2420d8f7600', '104de7c0-802f-4b54-8ac8-22fad40e80ef'),
('740c05e4-7cf8-414c-8248-347f761eb594', 'a016e5cf-ca84-4f66-8bf6-39c0b96870de'),
('740c05e4-7cf8-414c-8248-347f761eb594', '1995cc6e-e6f6-4395-a12b-50a4a76ec582'),
('740c05e4-7cf8-414c-8248-347f761eb594', '1b2d07a2-4f42-497d-b060-a8a1b56687db'),
('740c05e4-7cf8-414c-8248-347f761eb594', '87b90d88-8a90-434b-9fad-a7734722f585'),
('2c5a4a77-7304-4231-a3c3-c1d600e853e2', '1549630c-8def-4028-8786-fff08af39ac1'),
('e3b69620-105b-4aaf-889f-f14b06f76b40', 'a4658c49-9bcf-461c-8bce-0e0064238d15'),
('08fbf1ec-c840-4518-87eb-eedd1a373644', '40ded0cf-d240-4983-9c60-324e69a33dfa'),
('b749093a-a3ef-4752-9bd4-9e51f639d674', 'b46addcb-bd0d-4917-af15-6deff49696e3'),
('b749093a-a3ef-4752-9bd4-9e51f639d674', '31fd3c93-1677-4e0b-9310-a42cfc2d3c23'),
('e7c67a52-f46c-4ba3-8cf6-dedf99cacb02', '1f649ef1-d1ca-4cfc-a1f1-31951201bf22'),
('1bb84701-b70f-4f06-a5f9-1e49926ee9d7', '40d9c1c7-5534-4017-beb3-2950645493b5'),
('a07dc1a0-2da6-4e6f-b8fc-b526a8690482', 'bf3784cf-ac91-422b-bd20-12bb3702f0c1'),
('d6dd71c5-a3cb-42c2-8cc0-69fa55532de8', 'beff18e9-c2c1-4b85-9cee-ef00d4d21647'),
('c1c0568b-9010-425c-8eb9-6811e582fd07', '361b2719-30ba-4c4b-9f55-ccc49e086c0f'),
('9925a3f9-1eba-4394-a5b6-7f4eec55944d', '3eb09882-5b7c-4f0a-be54-322a8687eb9c'),
('0ef8e5a2-7a17-48e9-bd1a-fc30d53819a0', 'ee3c357e-75f7-442e-98e7-521d9418a162'),
('10b699f7-0c18-4e3c-b2b7-28bb15d0d144', '6a71b19a-541e-4b3b-8427-01bc0c04a030'),
('a09ef4a7-c539-4a13-b2ba-bce45621cf0b', '9d27dd1c-6e15-46b4-b677-e3e047fad34f'),
('743104da-38ff-45f7-a50a-9868ef7f50d5', 'cb0d31b6-aed1-418e-ab03-fdba8d0364e2'),
('4ce3255e-7b2e-4ebd-8ced-1def84e5f7b0', '534302be-2d4e-4299-83df-a3ef3707a510'),
('e230ed10-1ec7-4b37-9f8e-1356fa563a0e', '61709929-20cb-4512-aa95-2e2d668165fa'),
('e2ed0bd7-6ba0-460d-a887-62be704aff9d', '5aed6ee8-8c12-466d-a73e-f546300512cb'),
('6f69e952-df82-4760-9ba5-b97d12890488', 'b0b8d4f7-1420-4fb6-b5d0-00f376072e33'),
('0086daae-3e97-445e-8abe-4a9e5d9db0c8', '7ddd7284-df14-4a6a-bdaa-aa2550ea5887'),
('04a38d25-92ac-4649-ac16-346c6c657750', 'd54e438f-cf1e-4e87-bbd3-c517a55e9a58'),
('dd90736e-38c4-41dd-ac8c-cb34824cca33', 'd99f5e1e-524d-44ab-b775-5adb225a184b'),
('c9427fb5-a26a-4893-aaeb-6de75773c260', '5c196c17-589d-4886-b2fc-7e79389f1a4f'),
('493c3688-bf4c-4374-9f2f-38e154d48adc', '9c6371fe-d68f-46df-90ce-60b762d3e9aa'),
('c1d56a2f-6e11-4cae-90b5-7d2126098003', '43762438-255c-4ff7-9194-f1421cd0ec98'),
('c1d56a2f-6e11-4cae-90b5-7d2126098003', 'eb115939-bfb2-4a37-a909-65e49a135169'),
('47c8fa69-cb76-445d-a6b5-83ddb5ce2c08', '7db084a5-0906-4644-bcda-662451f7d2a0'),
('917caf14-1f1f-415f-8ea3-fc6d7bc0edf0', '08fa4910-81e3-4113-ae1e-6b493aa524f5'),
('b68a43c9-2159-4eb9-b319-baa0710d25c6', 'bec7c602-c9bf-46ff-9669-43534407fa88'),
('fdce8c53-e790-439f-8f16-eb7975fbdd36', '3f3f4286-fc2f-47d6-8c8c-313ff7dbb4bb'),
('fdce8c53-e790-439f-8f16-eb7975fbdd36', '9ca05334-b579-40d6-8578-6dead3797e24'),
('1283881b-16c7-4024-a7dd-58786b767779', '9cb43dea-d792-4bec-b277-998509b12c40'),
('6791b414-9644-4c9b-a956-de8ccbbcffee', 'da68a8c2-5f0a-4f3e-967c-8d7684c3ebb5'),
('a3c76561-9e3e-429c-9d34-944c83dedb7d', '15aa7417-f4ee-4630-9a21-e709f7e84349'),
('968b07a5-f47a-4db9-a7cd-a8d2254eaa68', '3aeb28a4-1b12-483d-983b-a16d6832ae04'),
('c026e89a-78f7-4426-be3c-94ab98f5e0f5', 'd0ac9811-f1b3-428f-837f-faf3368bb4d7'),
('0df1c4d2-4b92-4c3b-91d3-68a9b9778379', '233df6cb-adc4-4260-b5ef-adb69290d410'),
('8a79f1da-6c37-4d27-952b-e4b28bb30374', '45f037c5-5d00-45d5-bd91-c4c83f2e33a1'),
('eff6ec1a-9306-428c-9dc8-12937b7c684c', '600504e7-7f0b-4813-8a75-ac73d84357ad'),
('564fe957-ddf1-414b-93fc-c9c7de036b7a', 'b7b05dcc-2db8-4218-a5a3-cad5ed4f9875'),
('5ed6a6d8-689e-4e69-9f17-1a7f5050af42', '374a2e58-eb17-4574-8200-8983a9758142'),
('991ec892-b949-4819-9c06-52a9bad41861', '900e7125-2780-43c3-bbb7-c7b0e7a836f6'),
('d5e69c4f-b909-45df-b77d-282275dfd500', '8e0df022-2e51-4f64-bd7a-89a612b3a2fd'),
('d22bc15b-7e9d-4464-8e15-6d7777d903bc', 'b5646333-c31e-44a0-844a-e37c0b91828a'),
('713120dc-5ac1-401a-9b08-1d235c3b2ad3', '87cc5a95-73b7-4ce7-966a-9bdd280a8af8'),
('f86da700-7762-4cb7-ad44-96ffc06e9270', 'ae287abc-9eb2-47a6-b551-89d0d6b23463'),
('727454d4-15dc-482a-96cd-72e4e81ce30d', 'bf9e6e08-a6cc-4a87-8d94-0bb8116da936'),
('269d4874-fa0b-4c80-a918-4a8ac4e1b642', '543d2431-9ae5-42b7-80f1-3999aaf90ca5'),
('63ac24f0-1eba-42ed-b6b8-95382d41ed40', '8543bd6e-5a4a-4615-8713-224c84972ba5'),
('fbbae207-009f-4bf9-a76d-e60720c7c1ce', 'ebcfda50-0635-46f3-8ffb-6dc7b34bbcdb'),
('0a227564-d9bc-44c1-9be3-e144e622e604', '50e142ee-df72-4e61-a34e-d44c7218f354'),
('9fa60178-3f92-47d6-8b96-1d54a25d79d1', 'b1d3777b-970e-4e25-b06b-dc05bdc6a866'),
('6078c623-0f9a-4977-8329-0135cba150aa', '684cb4d7-3260-4f55-bbad-90b3db6c2c31'),
('c63cec21-dde5-40f8-bdf1-8d22c97e8a8c', 'c9c8484c-6635-441c-8213-cf8cc7d5eb7f'),
('fcc2aeb6-86dc-4082-809f-7c3991b237a7', 'a88cfead-81ac-4fde-9639-b02800954349'),
('803bee33-c475-4bbe-8125-3b92052a5386', '020cc8c0-b6f1-4b38-90ae-36c7ac5184f9'),
('943d0a39-5fc7-4856-8e61-9213383f27ae', 'e828dd0e-571e-4950-860b-6f71bf8e7bf6'),
('abb258b1-72ae-4587-8a07-e2627003d458', '913d6ffc-ae9c-49b4-8cc6-6539a1497042'),
('73467153-39aa-4d26-ad49-95094dc5d21b', '3b5f687a-b36e-40ad-a0c8-855c4b5d9e49'),
('b59a4e0f-daa5-4bb1-91b9-20fc7f5a9318', '338cc993-fcd8-4587-9b45-275fe399b119'),
('b747b75c-fa5c-45df-9a11-06440ee29d76', 'd51b68e0-c5ae-4211-a746-be20286f367e'),
('56e4b1dd-8efe-4133-9435-43e72afe17a2', '099d80eb-fef1-48a7-ba6e-f381e3907f84'),
('c2bc97dc-938d-42f5-90ea-9037ad552120', '20600f4e-02c8-424f-84b6-2aec333f5e32'),
('4ba0eb63-971d-448b-a845-4df27c5e876f', '614b1477-9bc3-4575-9f2a-1484586e89ff'),
('0d284404-c1d3-454c-b386-72cfb8c04ecf', '0b194f82-7914-4b94-879c-f03349dcd649'),
('829427b6-b6df-4d4a-96f4-7a9d88124a5f', '93fcae57-370d-40c4-b3a7-d3090eca2235'),
('2da9fec5-1cde-40ad-96a7-71863d5c4fa0', '2774bfee-e9e7-4e8d-90a1-0e5a597eb98c'),
('d7754530-9452-45e3-b0ec-5ab13728561c', '5bf0c95f-20e2-4b3c-b3dd-9b1420f7b87d'),
('d18f49e9-8c92-4510-92a6-f55eb76c9dd8', '760273f8-9e54-4e36-a862-affefe9bb91b'),
('f521d2b9-e31b-43a3-bdb8-6c2e20c1949a', '4d3d75a6-ab25-473e-b070-874e075a70af'),
('4c7becb8-6e70-4641-9757-b8610424db8d', 'a3eb218b-c0c8-4376-9f64-5311b2f54b26'),
('1d839ee0-4ee7-45dd-92c2-4c71bfb1fb06', 'dc37e3ea-3622-4ab4-97ec-0833ff84470b'),
('848e336c-ea61-4ae1-9c63-57f41be1f148', 'eb427272-eeba-4d0a-ae5c-3c0bea8c2978'),
('e504d5f1-421b-475a-9b35-7ddcae444454', '9bfcf41a-726c-4b82-a55d-72d3fb6eace7'),
('18f4094c-58d2-4e63-970f-bfa56ca88765', '24a8c9cd-c758-49d6-b85a-5c338008a233'),
('557efd3c-25ec-45e8-9b5c-c718ecaf6520', 'eea8f2f5-0008-4dbf-9a3a-6010843dcd76'),
('76a10a67-9373-41d5-8a3a-e0ca2a6b1180', 'a470047f-56c3-430d-a76c-8215266e8bf6'),
('fcf6edc2-abc0-4aba-ac8a-68209c422be0', '2e83c48e-9bef-4b8a-89cc-5619fa3feb19'),
('88e53b1b-2574-45fc-8793-05c23ef62b9f', 'a7494235-b9ea-465d-87d3-6e5f2705a797'),
('88e53b1b-2574-45fc-8793-05c23ef62b9f', '3dd636ae-ad68-445b-b827-f862c6824874'),
('88e53b1b-2574-45fc-8793-05c23ef62b9f', '1a37caf6-8aed-4966-8f0a-8886c7bc1ae7'),
('564f838a-e657-4081-b4e3-ca14a10382d8', 'f7a91ff4-783d-497b-979c-705a3d6cee0f'),
('87571be1-cb1c-411d-baff-7f435b781dc7', 'fd1c86f5-97a1-4f07-8678-ea295fbedcf1'),
('dd2cdf9b-8e61-4f5b-ae5e-8ca7249ed385', '2db6e55b-d9fe-4e27-8253-baad3d87c6e1'),
('dd2cdf9b-8e61-4f5b-ae5e-8ca7249ed385', 'bda0d268-6f63-4eff-bcc7-4ab420db183e'),
('1fb1089a-0e2d-4c0a-9ec3-51c6ea145413', 'f6af1248-a23f-43b6-9a10-d9a2d7447328'),
('bb52f6d9-2c2a-47b4-81b4-78b42146d8bf', '46eb0c0d-f8db-4bfa-8b58-4579c34488f0'),
('f4957ecd-1ba1-4bd9-8330-dec9cb8ccb5e', '490a0eb1-0e1a-41e2-8ce4-2119a82e015d'),
('b2dbc020-16b3-4a60-a86f-311bfebe72bb', 'bf3a1866-7e85-46bb-901d-1795e950175f'),
('2665fc25-9297-4e1a-9eae-8d0dff38c537', 'c143ee95-ba87-431b-92ec-20db3f0e5181'),
('f181c033-9236-4d3a-9870-a0d5038b0f5f', 'cb836177-6760-4646-9783-ff6f8cac5885'),
('594a05d4-2416-4f09-ba1c-8dadfd9e1863', 'b1f031a5-711c-4ce7-b4f4-f3a64b784578'),
('d2a852c3-0cae-47dc-8db6-51680fb45a88', 'c011c786-4265-45c0-b8a9-68e58bbff31d'),
('a28d49fe-1baf-4cca-a243-ff7b5bcfa3b1', '1d25515b-7225-4c37-9230-1af1482f507d'),
('9a2835d7-adfd-4d63-9295-0b7af4042dab', 'c42fbd13-5b38-493a-8af1-b90b49087b3f'),
('f5aaf502-bbc5-43d5-adb0-6a908c7ecf6b', '78bf7a7b-b056-426c-a6c3-04156e3f0af8'),
('702f71f9-ae33-4a8d-b8ac-6c894e2416fc', 'b97e97c8-243c-429b-812c-4fc8863e26a0'),
('702f71f9-ae33-4a8d-b8ac-6c894e2416fc', 'a7f55e92-2955-43c7-889d-fe21804cb6dd'),
('4767fbf8-4664-48e6-a202-f435ae572a80', '05809755-72c2-41b5-b5be-a2b5bb55a050'),
('06e71d07-b313-48fa-a49e-bdab306ac305', '65a1b4a1-2712-4a6d-bdaf-25546f9ad021'),
('18d7338f-d6d5-4b35-8af9-bf8161c2d9ac', 'a7f02d24-5a13-4b82-a3c7-869316933eb1'),
('b3e51473-8d72-4e8e-ae04-cd5e07450343', '86f22528-b5c2-41af-800a-9c2b181fb3ad'),
('d541a702-1ef6-49d5-a31d-99d9f3e469f2', 'd953bb91-6e99-45b7-8e8d-31aebb3c97db'),
('3feab082-53b4-4869-839a-6b376c5bf8f4', '02b99946-5ced-4ef1-b8b1-3aa85d9f0396'),
('2f93af3c-113c-4faf-a9be-50869f3148cb', '429cf9d4-7087-41f3-ab80-bd9dedff8fc9'),
('a7c29fdb-59a5-4015-930d-deb3f68a0091', '6fc9fb1e-1e84-4c5a-8fa2-632598c12dcb'),
('a7c29fdb-59a5-4015-930d-deb3f68a0091', '394275bb-8a2b-445c-85fb-a02a45830df0'),
('a7c29fdb-59a5-4015-930d-deb3f68a0091', 'e32a9ee9-d59b-47d9-8fc6-88263d1be836'),
('37cba9f9-dd08-46b4-910b-25c142d980be', '59ba0cf4-ef80-48f2-bc2a-e13ef341667d'),
('222cc354-67c0-49e8-9d6d-f8541cda72b8', '7eb5833a-77cd-4497-a7bf-42e306a4e9d4'),
('65473fa6-0087-40f5-b006-6d9bf62165f4', 'ec7c7675-dd41-4d6c-9527-efffd3f3a952'),
('4343c3aa-8442-4837-bfce-a1e5260ba48f', '71fd16f4-1edf-49d3-8d7b-cf164c7386ad'),
('b6fc2548-e96a-4e4b-ab2c-c753db03174e', '4978a7d5-44f5-414e-a4ca-7922179111dd'),
('ab4c35f6-00e3-4c46-9f0b-cc40b7e15b28', '235c135f-2e75-4a3a-83db-e087ed6837a4'),
('1132a3b4-8c80-4fc2-acfa-1173adb0fe57', '3d8c6d77-34bc-44c6-8584-c017a8431a1e'),
('a50b7f73-73ae-43b0-b3e5-3e312e01031e', '5c0b8b56-2344-46f0-a6ec-ef0d552ae010'),
('1e235ce0-9725-49f7-b712-424861c6f084', '41180ad3-b88f-4b90-9c05-d1a5d7bd92d7'),
('1e235ce0-9725-49f7-b712-424861c6f084', 'db3f01ea-9b3b-4d97-825c-ddf555ae90de'),
('fe39b5ce-ac50-4ceb-84f2-292bdd14d74e', '7207d428-90fa-43a0-8206-04f341d5506e'),
('c127261e-cf0d-451d-9d52-8d5113b93040', 'eecacd71-a51e-4480-be3e-cd8e9794d8ce'),
('3dc94c7c-0350-4477-91e9-5d8a2225162d', '668a8fb1-f3c9-4820-8901-7d8369946b29'),
('a23829cc-0816-4da7-bc86-e132d3733f56', '9818ed63-6df7-4f68-91b2-159664ce38b8'),
('a78b9fde-9f84-4739-9012-55558c6200bf', '551f5e2c-af41-477d-8f48-8804c36eabe2'),
('8fe553d0-4e1d-499b-8791-56e631521f15', '1a001017-b3c5-4683-9a5a-23baa2dc6801'),
('8fe553d0-4e1d-499b-8791-56e631521f15', '3c6b77c8-6556-4543-9628-80919f295215'),
('8fe553d0-4e1d-499b-8791-56e631521f15', '46eb7962-35f8-48a0-9840-639a1367a63f'),
('681a92b6-0412-4176-a390-1fbfe1aa2786', '558c4cf5-36ea-4e99-85d0-6fe3996f7fca'),
('4e0a1a89-26e0-40c8-a7a2-a6d0cb12346a', 'ac1163fb-52ee-4463-9d5e-a67bc2eb5ac2'),
('013ce782-1537-4a7a-ae23-b472a85351fa', 'c4c1e909-f7ec-4db5-9836-7ffa0727caf6'),
('7f852b36-0397-46da-8045-e90463ff65d3', '3728a52d-407a-4cad-a58c-ddd42f88364f'),
('b37f3179-049e-4a23-a7db-68b28fbcb087', 'd80d5a46-0a74-45bb-813a-9bad92e35f99'),
('edf8765b-236f-48fd-b5b9-56801cd40326', '8e6f2544-135f-4ab4-9d5d-7af3ec2780bc'),
('f1ed8fe2-dbb8-402b-b69f-6e8b1ff6abc3', 'c29f0b26-7131-45b5-9fdc-fda98aec027f'),
('223649ff-613b-4c54-812d-e79097ef42ef', '4965344a-6fae-43d8-866c-f330dc4568ba'),
('223649ff-613b-4c54-812d-e79097ef42ef', 'fa1f9adf-0259-47df-a1f3-d0d93758c533'),
('47c5dfdd-39ee-4f0a-a934-abd65d7b87fe', '2f9eaaaa-0920-496a-a4e2-7cc7dfcdde55'),
('65daa839-8c4c-43af-b73f-820112315b59', 'ef78e1c8-796a-490c-959b-2c55a383897c'),
('76cab45f-e42a-4c59-854f-a87ad73027a6', '981ce1bf-c6c5-47f6-907b-732642db02df'),
('6574532d-d3b2-4fb2-9116-d8cd6e62ad91', '8ab3cfb9-de02-451f-9535-5cfd7a17034f'),
('30e0eccd-2f8d-4860-9a61-95e999a0eaad', '789f4dea-4ac4-43f4-ae0d-8ec1c3f4773d'),
('30e0eccd-2f8d-4860-9a61-95e999a0eaad', 'fd418bd7-6e52-4252-82e5-46c8324b0eb5'),
('d32c1b6c-9db3-4c1f-97b5-135eb5a19c12', 'd7a3b420-9da0-4fcd-a7cc-f2f93a26d345'),
('70ad4335-27eb-4537-ae71-cb946b69067c', '51fcecf7-272d-4e2b-bbf1-97c249a85f0a'),
('044375fc-d365-47a6-95b5-57c5043dcf61', '8c1ba0db-b637-4fbe-a174-b4f4d0690446'),
('10f199b2-6989-42dd-ac74-a1b1dd82a77e', '2e53c89d-0bf5-4230-94fb-4b44864fbcc5'),
('142ba046-639a-46b8-bf60-df569bda293a', 'dba2474b-3040-476d-bdf6-7e6d7acfb395'),
('142ba046-639a-46b8-bf60-df569bda293a', 'ac591a85-f37f-4604-bd41-34f4ed50c59a'),
('f4fdc855-c85b-4e41-834c-fb128a96262e', 'e10402a5-79f0-4762-8a61-bc949a85344a'),
('add0509e-cbeb-4b61-b141-e890885dfeac', 'fdbed96a-21b0-444c-9774-000d77de7c39'),
('9e3a29b2-064f-41ca-92d0-7083e5b72886', '6138cbcd-ab49-4cbf-9676-78bd40835247'),
('1d29621b-4659-4496-bf2e-8c83f4893811', '6606339f-9337-4ec6-938b-0378bbb59c98'),
('c458891c-9589-4611-bee7-0bf21c639075', 'bb74e6ac-8688-4ee5-adb2-97c70a8f8045'),
('77cea893-54a1-42e5-9f2c-5585ecc1f1ef', 'dcea2492-864e-40fe-82de-ec348f532da9'),
('a851b454-352c-410e-af6f-ff3253702f37', '29070b83-8b79-474d-b622-d1aa94bc9086'),
('3d02ad05-2092-4160-a7bb-a2a0df20c0d6', '9154c718-268d-4005-9607-3fe5f5af1452'),
('8e968e37-3ad9-4948-b7af-1244aeab2796', 'd0ab53b3-f7d1-4add-8aed-9c4ac937767f'),
('d8d05dbb-6511-4119-a2db-6f264e5ab236', '7274af98-37fd-491f-9f60-295d2e1d26bc'),
('d8d05dbb-6511-4119-a2db-6f264e5ab236', '7cdcc3a0-3abe-4e95-a31f-c9449b58f734'),
('d8d05dbb-6511-4119-a2db-6f264e5ab236', 'acb96f15-5262-4e3e-9fa5-c0df7a6cf224'),
('f54d482f-135f-40a3-bed1-87a76fb11b5c', 'c3beaa40-15a5-45a5-a0f7-b66c773a8d83'),
('c5e29eb4-7014-4593-8e71-01f9e34b058e', '73a8b103-3803-4a88-b8f9-81fe88b33bb7'),
('3608bc28-62e3-4038-a75c-90226e396830', '23b77ad0-9eed-4737-8147-90a254701cdb'),
('0cf3db8a-e869-4235-9076-e1f3f2c896c2', 'b7b5aa81-6680-4099-9ba2-204cd6cc7d6b'),
('b883f4f9-7d2f-422d-b9b1-4e77a19da0bf', '60bcc6f9-4ae8-42f1-a1f3-1c319466b001'),
('02edf5d8-0c77-4d38-a2aa-f192c5dc39f2', '92d60066-1129-4c46-8ff5-1673adb5c47c'),
('5700c0fb-5fca-4752-ab5a-c680e4a3f7f4', 'e88423fe-d62c-4ab8-a1f9-e0d43e73c7f0'),
('b0ef1475-6f7a-4f45-9f52-5d028eece7ef', '22469de3-2047-4ebd-abe9-87705dba8fff'),
('c267ebde-b966-45a9-b417-593d78b6fe13', 'daed63be-70e6-4546-bfe8-5c6db43f42af'),
('dee336ba-1b04-4460-92ca-1fd290b4e585', 'c26116d7-e183-43b7-a1a8-ba2c869f45f4'),
('12bc06a5-dde8-445c-b86b-fd85fdccbdba', '4b0b908f-a35a-4ee9-b85b-27ad3206819d'),
('abf875b8-cc14-4a0f-a5db-2aa1a9a41233', 'f9c2c84a-5d22-4583-8675-4485b28cada8'),
('a45d2e78-1751-480d-8f79-ff3503e51f15', '87871f61-6c54-4b69-aedd-5b24383c7fe2'),
('768fce7e-aca5-4ec4-8c0f-7d87e1dc0e21', 'bd87a0a9-65a5-4707-864f-52d0a87726a5'),
('8c60b3fa-6d0f-4636-a513-5ba49466385a', 'e646eaa6-fdce-4aa5-a1a0-42e045436531'),
('4181712c-adb7-4bab-b405-367db4490a0d', '36d0be80-947d-4382-b6bc-1c3f5aee002f'),
('059be853-1a92-454d-a908-6201ca75fb0e', '6f2bdc22-145c-4685-b2f4-492483206b61'),
('1898f4e3-be4e-40c8-82d5-bf22a9cd4ddd', 'c5105566-847a-4fd5-9d3c-830acf1f136b'),
('9ab12c94-43f6-4a90-97ad-31edd461ee08', '0df968e8-0d6d-4d39-b1d2-3055b4177d4b'),
('9fc387e5-d099-4e7e-aa8a-d6b84768a663', '3d38ad86-59bd-4913-a6ad-e201a87f3a24'),
('a5169fbc-439f-4c0c-9071-da7f22d6033b', 'b740c73c-278b-4bf5-8c3c-f0f8e60c0e20'),
('a5169fbc-439f-4c0c-9071-da7f22d6033b', '0353801a-f685-4150-a62b-a22adca4258f'),
('a0e16482-3483-46a8-a48d-ea080b442e44', 'cfd4a114-b634-41cd-984a-f6209a925d26'),
('c866c896-850c-4e51-a3bb-a35a43959768', 'eedb0e55-d8b0-452f-ae19-2b70b359fcb8'),
('66756993-f992-4757-a5bc-590628b21f73', '41f12065-2b47-4069-b4c1-dba744508938'),
('551bfff0-31eb-485b-9583-aa41810ca5eb', 'e2c41aa6-2721-454f-9d18-e0d564a1b4f8'),
('551bfff0-31eb-485b-9583-aa41810ca5eb', '0e5a3e3c-c98f-425e-bc83-8a18059da245'),
('551bfff0-31eb-485b-9583-aa41810ca5eb', 'b5dad1c0-f882-4061-aa80-9a6f7d447b62'),
('9d6abbfb-556d-4ae7-95c0-bef49b9016bd', '9503370b-e812-46f7-b048-02e33af19825'),
('b63cfad3-79e6-452e-b0e3-99adcbe2bd75', '1120a1ec-4cb2-4e42-966a-afd8d2b4919d'),
('82501928-b1ae-485c-b9e1-a6294b13b7bb', '04f38132-0ad8-4cb6-9de5-0c8051e91752'),
('d3091dca-0d20-4e56-9b80-961340492a66', 'cfb33901-48de-4581-a524-6d9c7f137c4c'),
('d3091dca-0d20-4e56-9b80-961340492a66', '94143c75-dc35-4a89-a47e-5af96c958ed7'),
('5a6c1c44-4f53-4cc8-8a4c-a502cda93c6f', '4a9852f9-6ed0-43ae-bdfd-4dd6406cb5b7'),
('5a6c1c44-4f53-4cc8-8a4c-a502cda93c6f', 'b9e0ecb5-e1dc-46d6-93b5-596b07e928e0'),
('3888680c-1cae-4c75-99c1-6b3a6ee0d13b', '07586b0f-309b-4be8-8d7c-ec7cadcb3889'),
('4765108f-48bb-4444-a165-1edb67227bfc', '5e2d325d-78c1-4401-8345-bbc308113baf'),
('67c17f4e-2960-4e04-a51d-17a43ae4ab0c', '4aa4ff05-1a9d-488f-ac35-d142d1793fed'),
('a29e1aff-9df8-4d29-9177-908412febff9', 'f4421ac7-2d2f-49b6-8145-9fa9b0b42eff'),
('4bf332da-c515-43f9-9dc1-b58059d9571f', 'e20249a1-aa20-48b3-8669-c0904ef1d69d'),
('a7725b3d-d936-41ed-940d-a6fff79aa0d2', '41fef66a-9ac9-4b3e-98b7-56a85fe42c4f'),
('23cdc89a-8c0b-492e-95bc-927e7194fc8f', '91b53288-2fce-47ec-a588-182f106d49c7'),
('013db7d0-42e2-48f1-a58e-57d7f7165c37', '8104eb77-a840-4021-8c84-d2111e47cb82'),
('10597797-b969-4b89-84c1-fb117699b883', 'c56438ef-9073-4a9f-9e59-daa4a669c08f'),
('20646e42-dc4f-441f-af21-6734ac545f2a', 'ef633e9a-9785-41bc-88e5-13ea335a9662'),
('f6cfc149-13dd-444e-86dc-7b7870a0a4ae', '9b30cedb-867c-4a86-bdf9-e2b59ff1864f'),
('c8c2ece8-593a-4259-8d88-be2e3ace09cf', 'b2b73d47-e000-4f34-981c-1de5ea62a017'),
('ab93f303-a664-42d9-961b-8c4a60aee587', '9270e9eb-bfb4-439f-bbe6-2e94130370b5'),
('ab93f303-a664-42d9-961b-8c4a60aee587', '5a3286a8-5e98-40a7-920e-15e0536473a9'),
('fe2ca070-6055-4afb-8b43-f570e8a4d5fa', '7e822118-28c4-423d-afcb-45fbbbc1ad8a'),
('8488b038-3781-41de-a71c-855f8a0118bb', '80148a99-d708-4769-829a-7c331720e313'),
('d4be53f6-30f8-476c-9b6d-89ceed5b7427', '8b267bce-d134-44cb-b939-d067f379958e'),
('d4be53f6-30f8-476c-9b6d-89ceed5b7427', '4f5079db-a6c9-4657-93be-21cdde324fde'),
('d4be53f6-30f8-476c-9b6d-89ceed5b7427', 'dfe76767-5bd6-4bb6-ac03-4a705f66f342'),
('2a251806-130f-4b98-b41c-7f9c5d4cb9c6', 'b5e5d74c-1157-4e65-9b16-60db6a9d394d'),
('0bd6d231-59b3-476e-bf9b-94d67e984a7c', '1ae94ba3-7c4d-4718-9b14-78c7e2bcb811'),
('b271d088-e479-4417-92e1-2fd8baa16e3b', '760f333a-78ee-4e4c-87a3-1219a274c32a'),
('3cb28446-9efa-4bc3-a58b-73ecb6301b5a', '912a57fe-7ffa-44d4-aaee-93bff421efb1'),
('3700664f-6a82-4574-af6a-2bbca3506f5c', '4f632c64-0205-41d3-977f-e633981c474b'),
('5f94c949-8c3f-4572-a1f4-7a3f97ccdc08', '0ed9aa99-02c5-4a5c-bfc4-907082cd75be'),
('981395db-e10c-472a-9e25-9d33422c03ee', 'd4eb4cb7-00f1-415b-99a0-3203c5e52328'),
('1bd22606-c986-423e-86d8-daea2acd87d2', '9b00a6fa-0fb9-44db-b80e-542bb3e8e723'),
('61d9fd78-754a-40b6-8d07-a9900e60a3f0', '477920d0-1a24-4a12-9efb-89095c1243ef'),
('ecbbb080-21a7-4fc8-9338-93bc03e1425b', 'd2f63b04-1ea4-4519-b01d-c53262b286b0'),
('6d10f26a-8fc5-4135-9a3d-b6b7f6b22004', 'bfd22f45-09c3-4de2-8be2-f9ecf85ca8ff'),
('1c910198-b9bc-4f49-8c03-5cb553e79cce', '51118b3b-d87e-4f6a-bbce-352162e8ef0c'),
('1e04cf3f-7ac8-4dd6-8a04-17db02df8b39', '57e881b1-82c6-40f9-927c-1a5405148d7a'),
('32909434-d9c9-40f7-9eaf-b15d67581f65', 'ebc4008e-c6db-4f60-89e3-dfea81650d7f'),
('8ead4eb9-bdd7-42f4-9327-711006100845', '7e295800-9dfe-4480-ae39-0054a81898d9'),
('5d53cdd3-dc9e-4837-bcb0-a821454f708f', 'c51bb5be-745a-41fe-9f37-0c676fa7fd8e'),
('a3db1521-3bfb-4c37-8cc1-2f9652bce392', 'fbbf5550-4fa6-4760-bab1-6a6bba40197b'),
('c9002dcf-d3a5-40a1-b875-2b9842be61b1', 'e900bf23-7868-4438-9163-8e938822b8b0'),
('3211c570-e9b1-40ab-9be2-8d0845aeba20', '9871f13b-773e-4cb0-92aa-a8f9818127ea'),
('f1ece506-ff94-4407-84b7-8fd5b5572e51', '487e6722-bf82-40b6-bdfb-691315b6945f'),
('9133a945-c990-4e9b-8c7a-44655da1a3dd', '5411feef-4ee1-4af4-8aa9-cad2f8186829'),
('56a322cd-04fb-41d8-b59d-7291b8372cd6', '0a4408f7-8d99-47be-b873-fd66e9d29972'),
('56a322cd-04fb-41d8-b59d-7291b8372cd6', '0fc28943-e98b-4679-aee4-c5e85f459eb1'),
('56a322cd-04fb-41d8-b59d-7291b8372cd6', '9f203e51-8f05-491e-a04f-062fd97eb1ab'),
('171d30fa-d12b-4dd9-b054-43c689136969', '5cd9043e-53bd-404f-938d-dbb05ef5734e'),
('1c97f037-3dfb-40b6-9157-b70509a7ae5a', 'ac6fdc29-4dae-4c66-b9b0-f500634d77ba'),
('386b6690-3b5f-4658-87a7-28c2cf883557', '503d2ec5-71d3-43fc-b1fd-35198612e702'),
('3c5f07d1-476f-4ca6-8d2f-a18ae05d3025', 'de9bdd19-68b7-41c5-a0f9-85e9e9308d37'),
('4b5ddfee-63ad-4bd3-94ed-c143a2883316', '421ddf77-bc9c-458f-bdf9-f47044410ad9'),
('4f8288b8-7259-412a-8597-67405b32ad44', 'c3ff5b20-573b-4b72-b4ef-e2deea8152d2'),
('4d2e06be-9549-4344-9e82-add25d91b1a5', '1f0e090e-90ec-422b-be07-5e03c5a9fd81'),
('4d2e06be-9549-4344-9e82-add25d91b1a5', '8be0e7bd-c3e3-4592-af24-6406fb78f263'),
('34f3da37-752d-44cc-b4a5-d683fc92c0ec', '7005ae3a-fe06-4152-be23-4228ddbf5f05'),
('56539769-0e54-49c8-be4b-e814af9af6fe', 'c69b75a6-0360-4c7c-864d-fe3742c01be5'),
('dee7eb33-f9b9-4aba-94c7-8558d0c1afda', '4671be19-3481-4d16-be7c-2a1a7d369336'),
('5be0f3b3-b025-4394-a408-f482334a221e', '05d95c7e-eac8-4c64-9171-1778a5f79697');

insert into artist (artistid, artistname, countryoforigin) values
('dbd7e839-e8c9-41e9-9a97-c54012572916', 'The Persuader', 'Sweden'),
('52475c0d-3953-4312-8c59-b3bec5af793f', 'Techno Grooves', 'Belgium'),
('e1e5bccd-d1a1-4244-aa53-73d937b2a1f0', 'Various', 'UK & Ireland'),
('d4b261e7-0bef-4f52-8c4d-8b9225a74793', 'Basic Cell', 'Germany'),
('88086750-9d24-49e2-abfc-84e135324850', 'Bassbin Twins', 'US'),
('4f462dba-ff96-4394-9cfd-ebad57f2f866', 'Skeeme', 'Italy'),
('e555fdf1-6cb5-48e6-b3a2-7bdd84ec680a', 'Ludacris', 'UK'),
('523da1af-4644-4b8c-874c-a3b755d19d19', 'Rip Van Hippy', 'Australia'),
('7a04ec95-5435-4b3f-8e2d-9a8da4ef92ef', 'MSD (2)', 'France'),
('4d18d29b-e610-4295-8401-752e964a91ee', 'FKY', 'France'),
('218fcfc8-bd1b-44a4-b302-ea9c14847502', 'M-Zone', 'UK'),
('69ae5aaf-c803-4dbe-babf-1f28d3f3e45c', 'Joshua', 'US'),
('b02f0d62-cd0f-4da4-925c-1e5831400d95', 'Acrisio & Romagnoli', 'Italy'),
('08dcdd6b-480b-42ba-b846-c05fdc3fdd7b', 'Koto', 'Netherlands'),
('8c912553-9475-4b3b-b3c3-7020b7dc18d0', 'Cyber People', 'Netherlands'),
('2c2ed0cb-d8a4-40f7-afda-5a47d6d2194e', 'Proxyon', 'Netherlands'),
('5885eb94-743e-46bb-8c81-e17f7a12a6a1', 'Various', 'Taiwan'),
('41460874-d346-45d3-8062-8a30f975c975', 'Aries', 'UK'),
('ad675b62-822b-47d3-bbf5-6a0cef2c6928', 'Carrion Commandos', 'US'),
('3431c656-319f-41d6-8947-b42552df8db0', 'Surgery (2)', 'US'),
('de352e3d-69d0-42fe-828f-3473e92867d4', 'Peter Murphy', 'UK'),
('c72ef0af-eba9-4355-9a02-f267e3bb60c1', 'Martine', 'France'),
('d9229482-4568-4036-9211-6cf08c71650e', 'America (2)', 'US'),
('a930cbf9-b272-48f3-afb6-6d050da6107d', 'Erasure', 'Spain'),
('e11a3ffa-c40b-486c-9870-46aa308d6a03', 'The Original Lee Love', 'US'),
('4e169e16-6a40-49d1-a417-d507700f09f8', 'Various', 'France'),
('23459cb4-5360-43fb-af2b-2aa8d3ed7b13', 'Manic Street Preachers', 'UK'),
('68f0a069-4989-459b-829c-bf50e26dd398', 'Caroliner', 'US'),
('dcad17d4-0d3b-4fc0-8e94-6bba2db89216', 'The Paul Butterfield Blues Band', 'Europe'),
('422247c4-f456-46f2-8819-3e04e0a7dc0a', 'Ivica Šerfezi', 'Yugoslavia'),
('61680c4f-63c2-4d15-af29-55de4403c90a', 'Happy Toons (2)', 'US'),
('e2aaead5-729e-4a0e-b5bc-03cb3980dda7', 'Dead Fink', 'US'),
('5e03e7dd-1f04-4d2b-91b0-c16ecde56e12', 'Maelstrom (12)', 'Belgium'),
('976ed3a8-b8c1-4028-bbda-472e57cf5dcc', 'LL Cool J', 'UK'),
('ae5d9b49-5f6e-4515-b0e7-8dc7f33e8a20', 'The Rolling Stones', 'Yugoslavia'),
('83cad80f-d08a-4ab8-89a1-8fee4a076d21', 'Roctum', 'Finland'),
('217ae55a-39ab-47e1-866d-e1ac794a3e0b', 'Robert Plant', 'Europe'),
('20baf7d3-8ade-45b1-a0f8-76037aeb12ed', 'The Righteous Brothers', 'Canada'),
('da4f8dff-00b2-405e-b079-1aa19f508559', 'Ellery Cowles', 'US'),
('f5531e64-3d67-46d3-bcd4-9081cf81afb0', 'Evilion', 'Finland'),
('c5a57ab5-09d0-47fb-b13a-6739ae5bc09d', 'Smartyz', 'Canada'),
('1dcd6fc5-9bf7-4b4a-980e-926d63116039', 'Mr. James Barth & A.D.', 'Sweden'),
('20fe509e-6fc9-472d-a3e1-d1a7fe5fc711', 'Brian Hyland', 'US'),
('6dab8735-6fe7-4594-a68e-66d778035ba9', 'Lawrie Immersion', 'UK'),
('c3cc8dda-283b-4e1d-a6b5-892a8c439ae3', 'The Doors', 'Israel'),
('e26a604b-bbcf-43a6-bd19-5f359f0c0e85', 'Black Light Orchestra', 'Netherlands'),
('5bc0d155-13c3-4b83-b50a-fe6307fa3c4a', 'Reed Miller', 'US'),
('eb2fbe47-803d-4f66-8ccc-162bbb89881f', 'Emil Viklický', 'Czech Republic'),
('58c83ac8-9bd4-418d-a7f9-800472ddf10a', 'Mizar (3)', 'Macedonia'),
('0a7ddb80-b941-45a7-bbd3-7322db3d5b1d', 'Harmosini', 'Macedonia'),
('3030a61c-a6e8-4d85-a6e6-981d62e1ecae', 'Toxic Holocaust', 'Belarus'),
('96e61fbf-3d3e-4de9-81a2-80b1f7c025da', 'VO.I.D', 'Czech Republic'),
('bec2863d-cc46-4a3b-ad30-fb915576313a', 'Milanka Aranđelović', 'Yugoslavia'),
('08932d2a-ade8-43bb-8bb2-49c551fc5785', 'Majek Fashek', 'US'),
('ee53778a-30d9-4f7d-aa6f-4a511a78e0f3', 'Pearl Schwartz', 'US'),
('64d66e0a-8c19-4229-a303-d9edbe4bdcbe', 'Carrie Underwood', 'US'),
('b7e168d9-876c-44eb-b37b-5df625c0878a', 'DJ Green Lantern', 'US'),
('126ee86c-036a-4f05-944e-fba71c223f15', 'Reflected Illusions', 'Canada'),
('07400d17-835a-47b5-8ad6-63dcbed76ed2', 'Joy Division', 'Europe'),
('8c20cc41-4498-47fb-ab0e-778267ac0afa', 'Da Youngstas', 'US'),
('a949d1b2-ea19-45ac-b998-77a7326ee125', 'Kate Bush', 'France'),
('4aca6810-74b2-4fe3-b370-fb8940e13a9d', 'Larry Adler', 'France'),
('602b6373-2889-494b-be0f-081619d14796', 'Hi-Five', 'UK'),
('70a3a285-64d3-495c-b473-a2944aa3517e', 'Neil Diamond', 'Japan'),
('5e4adb42-46bf-4d36-8903-9939ec58a318', 'Better Dead Than Red', 'US'),
('83d3ead2-ddf7-4297-84bb-7c07cea5584b', 'David "Fathead" Newman', 'US'),
('be56a87e-6613-4968-8b3d-71204410fed9', 'Sade', 'Canada'),
('179afe5e-882c-4433-bb8b-85fa53af144b', 'Pinball (2)', 'Germany'),
('bffb76d9-4697-494e-8a6e-5ead04ff24be', 'KRS-One', 'US'),
('24f67cf7-e8e4-4c6b-8507-93f077df3e16', 'The Short N Curlies', 'Germany'),
('ad2c4f4d-26dd-4f91-89fd-719708d0b6a9', 'Erol Evgin', 'Turkey'),
('b1f80f7c-56ad-47fd-a9eb-95de1f6f45a9', 'Steaming Satellites', 'Austria'),
('660e988f-5337-4e2d-8c6e-41c44a335d04', 'Johnnie Ray', 'Germany'),
('5ab496a9-5532-408a-9b71-d185c95c2c2b', 'The Nackers', 'Spain'),
('fdd4044c-ee3c-4ce2-8f86-ab58390c81fa', 'The Ultra Twist', 'Spain'),
('585646c3-1773-405c-a9d8-584e36c9bdad', 'oneUP', 'UK'),
('01e7b4ed-7d75-499c-a69c-87e937b37154', 'Paronator', 'UK'),
('b65d0047-ee9b-4d0a-bd7d-c4ef94def24f', 'Bertus Staigerpaip', 'Netherlands'),
('e8418e54-48df-4365-ae7b-3f7390107c5a', 'War', 'Denmark'),
('4f294ba7-246b-4257-b6a1-594de173aeb9', 'Michael Jackson', 'Italy'),
('289d3c73-74c5-4005-aaba-1ddf2bc2ba56', 'Robert Johnson (21)', 'Germany'),
('98874efd-1185-47a9-9a15-a1b800b86fea', 'Dean Friedman', 'Canada'),
('0a2fcfb4-c621-4cd8-beba-0c38e5907c9a', 'Greenlight The Bombers', 'US'),
('1fdd8884-6510-4978-8e49-a8bcb6b51dd6', 'Sicbay', 'US'),
('a0e43b26-5222-4e33-b242-81173edee23e', 'Nilton Joao', 'Mexico'),
('d2e78a77-45b7-46db-8de0-e182e3849948', 'The Motors', 'UK'),
('5f6125bd-a8a2-4d68-b4b8-cd0b92d93701', 'Various', 'UK'),
('a41aa6f3-0c81-46cd-aac8-6b724b3b60e6', 'Louis Armstrong And His All-Stars', 'France'),
('2f8d618c-4f3a-45b4-8d8e-e7a0629a7796', 'The Orlons', 'UK'),
('5fb5e5ef-1a0d-4c33-a4ce-fdfd7a514b6e', 'Jimmy Eat World', 'Germany'),
('99e10b47-b4e4-4d10-9a72-2f8922c051ce', 'Rasta Bigoud', 'France'),
('54b3bbff-2e1b-477c-bac3-a2a568aee20c', 'Tina Stenberg', 'Sweden'),
('557d2411-1b98-4398-85f4-ac7468752aa6', 'Javier Logares', 'Germany'),
('a344a3b9-cd03-472e-9031-026e9ebee539', 'The S.P.Ms', 'Jamaica'),
('aee38528-a59c-4f62-8b25-b1f553a86b5d', 'VI', 'France'),
('6c390a3f-8576-40d6-a650-3d752d516585', 'The Whispers', 'US'),
('5c45cc1a-2ad8-4c77-b9e3-bc99083539df', 'Davide Dalli Cardillo', 'Germany'),
('e9d9bbc8-4c18-4ea2-bc41-38d651fadbc2', 'Heidi Montag', 'None'),
('1d42d7f8-9004-47cd-9e29-907c31373b44', 'Capercaillie', 'UK'),
('0b1fa6a9-8d75-44ff-87bd-5a0f239addcb', 'Iva Zanicchi', 'Italy'),
('feef3cc2-e11f-4ce0-ae25-0fa0703c3e38', 'ABBA', 'UK'),
('104de7c0-802f-4b54-8ac8-22fad40e80ef', 'Os Pescadores', 'Germany'),
('a016e5cf-ca84-4f66-8bf6-39c0b96870de', 'The Furious Five', 'Canada'),
('1995cc6e-e6f6-4395-a12b-50a4a76ec582', 'Cowboy', 'Canada'),
('1b2d07a2-4f42-497d-b060-a8a1b56687db', 'Melle Mel', 'Canada'),
('87b90d88-8a90-434b-9fad-a7734722f585', 'Scorpio (3)', 'Canada'),
('1549630c-8def-4028-8786-fff08af39ac1', 'Anthrax', 'US'),
('a4658c49-9bcf-461c-8bce-0e0064238d15', 'Royal Hunt', 'South Korea'),
('40ded0cf-d240-4983-9c60-324e69a33dfa', 'David Bisbal', 'Spain'),
('b46addcb-bd0d-4917-af15-6deff49696e3', 'EDU', 'Sweden'),
('31fd3c93-1677-4e0b-9310-a42cfc2d3c23', 'Kristoffer Ljungberg', 'Sweden'),
('1f649ef1-d1ca-4cfc-a1f1-31951201bf22', 'Occult Vomit', 'France'),
('40d9c1c7-5534-4017-beb3-2950645493b5', 'Send (2)', 'UK'),
('bf3784cf-ac91-422b-bd20-12bb3702f0c1', 'State Azure', 'UK'),
('beff18e9-c2c1-4b85-9cee-ef00d4d21647', 'Le Ragazze Cin Cin', 'Italy'),
('361b2719-30ba-4c4b-9f55-ccc49e086c0f', 'Prince', 'Canada'),
('3eb09882-5b7c-4f0a-be54-322a8687eb9c', 'Android', 'UK'),
('ee3c357e-75f7-442e-98e7-521d9418a162', 'Diana Rowan', 'US'),
('6a71b19a-541e-4b3b-8427-01bc0c04a030', 'Various', 'Germany'),
('9d27dd1c-6e15-46b4-b677-e3e047fad34f', 'Oliver Shanti & Friends', 'Switzerland'),
('cb0d31b6-aed1-418e-ab03-fdba8d0364e2', 'Ustad Idd Mohd. Ajmeri', 'US'),
('534302be-2d4e-4299-83df-a3ef3707a510', 'The Younghearts', 'US'),
('61709929-20cb-4512-aa95-2e2d668165fa', 'Various', 'Europe'),
('5aed6ee8-8c12-466d-a73e-f546300512cb', 'Various', 'US'),
('b0b8d4f7-1420-4fb6-b5d0-00f376072e33', 'T-Js', 'US'),
('7ddd7284-df14-4a6a-bdaa-aa2550ea5887', 'Nekrofilth', 'Czech Republic'),
('d54e438f-cf1e-4e87-bbd3-c517a55e9a58', 'Bert H', 'Netherlands'),
('d99f5e1e-524d-44ab-b775-5adb225a184b', 'Saara Aalto', 'Finland'),
('5c196c17-589d-4886-b2fc-7e79389f1a4f', 'The Moody Blues', 'Russia'),
('9c6371fe-d68f-46df-90ce-60b762d3e9aa', 'Vinicio Capossela', 'Italy'),
('43762438-255c-4ff7-9194-f1421cd0ec98', 'Roy Clark', 'Canada'),
('eb115939-bfb2-4a37-a909-65e49a135169', 'Buck Trent', 'Canada'),
('7db084a5-0906-4644-bcda-662451f7d2a0', 'Bigger Thomas', 'US'),
('08fa4910-81e3-4113-ae1e-6b493aa524f5', 'Smak (3)', 'Yugoslavia'),
('bec7c602-c9bf-46ff-9669-43534407fa88', 'Les Musclés', 'France'),
('3f3f4286-fc2f-47d6-8c8c-313ff7dbb4bb', 'Vomito Social', 'Mexico'),
('9ca05334-b579-40d6-8578-6dead3797e24', 'Vomito', 'Mexico'),
('9cb43dea-d792-4bec-b277-998509b12c40', 'Dan Hicks And His Hot Licks', 'US'),
('da68a8c2-5f0a-4f3e-967c-8d7684c3ebb5', 'Talking Heads', 'UK'),
('15aa7417-f4ee-4630-9a21-e709f7e84349', 'François Guierre', 'France'),
('3aeb28a4-1b12-483d-983b-a16d6832ae04', 'Rik And The Pigs', 'US'),
('d0ac9811-f1b3-428f-837f-faf3368bb4d7', 'Various', 'France'),
('233df6cb-adc4-4260-b5ef-adb69290d410', 'Pugwash (2)', 'Ireland'),
('45f037c5-5d00-45d5-bd91-c4c83f2e33a1', 'Can', 'UK'),
('600504e7-7f0b-4813-8a75-ac73d84357ad', 'Goblin Rebirth', 'US'),
('b7b05dcc-2db8-4218-a5a3-cad5ed4f9875', 'The Hollow Points', 'US'),
('374a2e58-eb17-4574-8200-8983a9758142', 'Sebastian Santa Maria', 'Chile'),
('900e7125-2780-43c3-bbb7-c7b0e7a836f6', 'Rama (3)', 'US'),
('8e0df022-2e51-4f64-bd7a-89a612b3a2fd', 'Ti Plume', 'Haiti'),
('b5646333-c31e-44a0-844a-e37c0b91828a', 'Columbia Records', 'US'),
('87cc5a95-73b7-4ce7-966a-9bdd280a8af8', 'Mercury Rev', 'Europe'),
('ae287abc-9eb2-47a6-b551-89d0d6b23463', 'Dödens Dal', 'Sweden'),
('bf9e6e08-a6cc-4a87-8d94-0bb8116da936', 'David McWilliams', 'Israel'),
('543d2431-9ae5-42b7-80f1-3999aaf90ca5', 'Oui 3', 'UK'),
('8543bd6e-5a4a-4615-8713-224c84972ba5', 'Scooter', 'Russia'),
('ebcfda50-0635-46f3-8ffb-6dc7b34bbcdb', 'Jimmy Witherspoon', 'US'),
('50e142ee-df72-4e61-a34e-d44c7218f354', 'Fab Gayraud', 'Ireland'),
('b1d3777b-970e-4e25-b06b-dc05bdc6a866', 'Toto', 'US'),
('684cb4d7-3260-4f55-bbad-90b3db6c2c31', 'Fake?', 'Japan'),
('c9c8484c-6635-441c-8213-cf8cc7d5eb7f', 'José Feliciano', 'Spain'),
('a88cfead-81ac-4fde-9639-b02800954349', 'さくらでんぶ', 'Japan'),
('020cc8c0-b6f1-4b38-90ae-36c7ac5184f9', 'Billy Brown (8)', 'Australia'),
('e828dd0e-571e-4950-860b-6f71bf8e7bf6', 'Nat King Cole', 'Denmark'),
('913d6ffc-ae9c-49b4-8cc6-6539a1497042', 'Alfonso Muchacho', 'UK'),
('3b5f687a-b36e-40ad-a0c8-855c4b5d9e49', 'Slava Flash', 'Ukraine'),
('338cc993-fcd8-4587-9b45-275fe399b119', 'Bédouins', 'US'),
('d51b68e0-c5ae-4211-a746-be20286f367e', 'Wintersleep', 'US'),
('099d80eb-fef1-48a7-ba6e-f381e3907f84', 'Tony Bennett', 'Netherlands'),
('20600f4e-02c8-424f-84b6-2aec333f5e32', 'The Pretenders', 'US'),
('614b1477-9bc3-4575-9f2a-1484586e89ff', 'Chriss Argelies', 'France'),
('0b194f82-7914-4b94-879c-f03349dcd649', 'Inouwee', 'Europe'),
('93fcae57-370d-40c4-b3a7-d3090eca2235', 'The Stanley Clarke Band', 'US'),
('2774bfee-e9e7-4e8d-90a1-0e5a597eb98c', 'Johann Adolf Hasse', 'Italy'),
('5bf0c95f-20e2-4b3c-b3dd-9b1420f7b87d', 'St. Thomas - St. Catherine Concert Band', 'US'),
('760273f8-9e54-4e36-a862-affefe9bb91b', 'Έλενα Γιαννακάκη', 'Greece'),
('4d3d75a6-ab25-473e-b070-874e075a70af', 'しうやP', 'Japan'),
('a3eb218b-c0c8-4376-9f64-5311b2f54b26', 'Yalın', 'None'),
('dc37e3ea-3622-4ab4-97ec-0833ff84470b', 'Creedence Clearwater Revival', 'US'),
('eb427272-eeba-4d0a-ae5c-3c0bea8c2978', 'Tazenda', 'Italy'),
('9bfcf41a-726c-4b82-a55d-72d3fb6eace7', 'Gastropode', 'Czech Republic'),
('24a8c9cd-c758-49d6-b85a-5c338008a233', 'Самуил Фурер', 'USSR'),
('eea8f2f5-0008-4dbf-9a3a-6010843dcd76', 'The Garnets', 'Belgium'),
('a470047f-56c3-430d-a76c-8215266e8bf6', 'Various', 'Bolivia'),
('2e83c48e-9bef-4b8a-89cc-5619fa3feb19', 'Sir Bumpin', 'US'),
('a7494235-b9ea-465d-87d3-6e5f2705a797', 'Leonardo Vinci', 'France'),
('3dd636ae-ad68-445b-b827-f862c6824874', 'Cappella Della Pietà De Turchini', 'France'),
('1a37caf6-8aed-4966-8f0a-8886c7bc1ae7', 'Antonio Florio', 'France'),
('f7a91ff4-783d-497b-979c-705a3d6cee0f', 'Rumble Dogs', 'Switzerland'),
('fd1c86f5-97a1-4f07-8678-ea295fbedcf1', 'Janes Kalšek Und Sein Oberkrainer Sextett', 'Germany'),
('2db6e55b-d9fe-4e27-8253-baad3d87c6e1', 'Divorce Ring', 'Spain'),
('bda0d268-6f63-4eff-bcc7-4ab420db183e', 'EQUALITYISAFALSEGOD', 'Spain'),
('f6af1248-a23f-43b6-9a10-d9a2d7447328', 'The Kontroversy', 'US'),
('46eb0c0d-f8db-4bfa-8b58-4579c34488f0', 'Petra (9)', 'US'),
('490a0eb1-0e1a-41e2-8ce4-2119a82e015d', 'Cleopatra', 'Japan'),
('bf3a1866-7e85-46bb-901d-1795e950175f', 'Ray Conniff And His Orchestra & Chorus', 'Canada'),
('c143ee95-ba87-431b-92ec-20db3f0e5181', 'Sister Mary (2)', 'Canada'),
('cb836177-6760-4646-9783-ff6f8cac5885', 'Various', 'US'),
('b1f031a5-711c-4ce7-b4f4-f3a64b784578', 'Deicidas', 'Spain'),
('c011c786-4265-45c0-b8a9-68e58bbff31d', 'Reinhard Mey', 'Germany'),
('1d25515b-7225-4c37-9230-1af1482f507d', 'Luke Sital-Singh', 'UK'),
('c42fbd13-5b38-493a-8af1-b90b49087b3f', 'Led Zeppelin', 'Mexico'),
('78bf7a7b-b056-426c-a6c3-04156e3f0af8', 'Overlord (16)', 'Germany'),
('b97e97c8-243c-429b-812c-4fc8863e26a0', 'Tom Staar', 'Netherlands'),
('a7f55e92-2955-43c7-889d-fe21804cb6dd', 'Corey James', 'Netherlands'),
('05809755-72c2-41b5-b5be-a2b5bb55a050', 'Fastbacks', 'Germany'),
('65a1b4a1-2712-4a6d-bdaf-25546f9ad021', 'Richard Butler (7)', 'UK'),
('a7f02d24-5a13-4b82-a3c7-869316933eb1', 'Good Advices', 'US'),
('86f22528-b5c2-41af-800a-9c2b181fb3ad', 'Super Ensemble Webert Sicot', 'Haiti'),
('d953bb91-6e99-45b7-8e8d-31aebb3c97db', 'Dimitri From Paris', 'UK'),
('02b99946-5ced-4ef1-b8b1-3aa85d9f0396', 'Yin And Yan', 'New Zealand'),
('429cf9d4-7087-41f3-ab80-bd9dedff8fc9', 'BGR (BeatGrooveRhythm)', 'Italy'),
('6fc9fb1e-1e84-4c5a-8fa2-632598c12dcb', 'Bounty Killer', 'US'),
('394275bb-8a2b-445c-85fb-a02a45830df0', 'Mobb Deep', 'US'),
('e32a9ee9-d59b-47d9-8fc6-88263d1be836', 'Rapper Noyd', 'US'),
('59ba0cf4-ef80-48f2-bc2a-e13ef341667d', 'Farmer', 'Jamaica'),
('7eb5833a-77cd-4497-a7bf-42e306a4e9d4', 'Various', 'Europe'),
('ec7c7675-dd41-4d6c-9527-efffd3f3a952', 'Level 42', 'UK'),
('71fd16f4-1edf-49d3-8d7b-cf164c7386ad', 'Fuzz (11)', 'US'),
('4978a7d5-44f5-414e-a4ca-7922179111dd', 'Steve Laury', 'US'),
('235c135f-2e75-4a3a-83db-e087ed6837a4', 'Spiral Staircase (2)', 'Portugal'),
('3d8c6d77-34bc-44c6-8584-c017a8431a1e', 'Blue Capris', 'Germany'),
('5c0b8b56-2344-46f0-a6ec-ef0d552ae010', 'Chicory Tip', 'Italy'),
('41180ad3-b88f-4b90-9c05-d1a5d7bd92d7', 'Jutta Hipp', 'Japan'),
('db3f01ea-9b3b-4d97-825c-ddf555ae90de', 'Zoot Sims', 'Japan'),
('7207d428-90fa-43a0-8206-04f341d5506e', 'Dalida', 'Germany'),
('eecacd71-a51e-4480-be3e-cd8e9794d8ce', 'Bébé DOr', 'US'),
('668a8fb1-f3c9-4820-8901-7d8369946b29', 'Elton John', 'Canada'),
('9818ed63-6df7-4f68-91b2-159664ce38b8', 'GAMESHARK™', 'France'),
('551f5e2c-af41-477d-8f48-8804c36eabe2', 'Various', 'US'),
('1a001017-b3c5-4683-9a5a-23baa2dc6801', 'Gustav Mahler', 'US'),
('3c6b77c8-6556-4543-9628-80919f295215', 'The London Symphony Orchestra', 'US'),
('46eb7962-35f8-48a0-9840-639a1367a63f', 'Gilbert Kaplan', 'US'),
('558c4cf5-36ea-4e99-85d0-6fe3996f7fca', 'The Masters School Glee Club / The Dobbs Sixteen', 'US'),
('ac1163fb-52ee-4463-9d5e-a67bc2eb5ac2', 'Pete Rodriguez', 'US'),
('c4c1e909-f7ec-4db5-9836-7ffa0727caf6', 'Jo Ann Castle', 'US'),
('3728a52d-407a-4cad-a58c-ddd42f88364f', 'Arsenal', 'Belgium'),
('d80d5a46-0a74-45bb-813a-9bad92e35f99', 'Sonny West (2)', 'US'),
('8e6f2544-135f-4ab4-9d5d-7af3ec2780bc', 'Herbert Léonard', 'France'),
('c29f0b26-7131-45b5-9fdc-fda98aec027f', 'Joy Bryan', 'Japan'),
('4965344a-6fae-43d8-866c-f330dc4568ba', 'Cal Tjader', 'Japan'),
('fa1f9adf-0259-47df-a1f3-d0d93758c533', 'Eddie Palmieri', 'Japan'),
('2f9eaaaa-0920-496a-a4e2-7cc7dfcdde55', 'Sextet Of The Rhythm Club Of London', 'US'),
('ef78e1c8-796a-490c-959b-2c55a383897c', 'Robert Schumann', 'UK & Europe'),
('981ce1bf-c6c5-47f6-907b-732642db02df', 'Pow-Wow (2)', 'Italy'),
('8ab3cfb9-de02-451f-9535-5cfd7a17034f', 'Erasure', 'Malaysia'),
('789f4dea-4ac4-43f4-ae0d-8ec1c3f4773d', 'De Marinierskapel der Koninklijke Marine', 'Netherlands'),
('fd418bd7-6e52-4252-82e5-46c8324b0eb5', 'Gert Buitenhuis', 'Netherlands'),
('d7a3b420-9da0-4fcd-a7cc-f2f93a26d345', 'Hardfrost', 'Germany'),
('51fcecf7-272d-4e2b-bbf1-97c249a85f0a', 'Four Tops', 'Germany'),
('8c1ba0db-b637-4fbe-a174-b4f4d0690446', 'Rainforest (4)', 'Mexico'),
('2e53c89d-0bf5-4230-94fb-4b44864fbcc5', 'Lucinha Lyra', 'Brazil'),
('dba2474b-3040-476d-bdf6-7e6d7acfb395', 'Menir Moeda', 'Dutch East Indies'),
('ac591a85-f37f-4604-bd41-34f4ed50c59a', 'Iboek', 'Dutch East Indies'),
('e10402a5-79f0-4762-8a61-bc949a85344a', 'Andrea Marcelli', 'US'),
('fdbed96a-21b0-444c-9774-000d77de7c39', 'Barbra Streisand', 'US'),
('6138cbcd-ab49-4cbf-9676-78bd40835247', 'Raw In Sect', 'Greece'),
('6606339f-9337-4ec6-938b-0378bbb59c98', 'Ken Dixon', 'US'),
('bb74e6ac-8688-4ee5-adb2-97c70a8f8045', 'Celio González', 'Mexico'),
('dcea2492-864e-40fe-82de-ec348f532da9', 'Mario Ochoa', 'UK'),
('29070b83-8b79-474d-b622-d1aa94bc9086', 'The Cleftones', 'US'),
('9154c718-268d-4005-9607-3fe5f5af1452', 'Pepe De Almeria', 'Spain'),
('d0ab53b3-f7d1-4add-8aed-9c4ac937767f', 'Gladys Knight And The Pips', 'France'),
('7274af98-37fd-491f-9f60-295d2e1d26bc', 'Larry Oliver', 'US'),
('7cdcc3a0-3abe-4e95-a31f-c9449b58f734', 'Jahmel', 'US'),
('acb96f15-5262-4e3e-9fa5-c0df7a6cf224', 'The Rhythm Factory', 'US'),
('c3beaa40-15a5-45a5-a0f7-b66c773a8d83', 'Glyder', 'Europe'),
('73a8b103-3803-4a88-b8f9-81fe88b33bb7', 'INXS', 'France'),
('23b77ad0-9eed-4737-8147-90a254701cdb', 'Movin Melodies', 'UK'),
('b7b5aa81-6680-4099-9ba2-204cd6cc7d6b', 'Lisandro Meza', 'UK'),
('60bcc6f9-4ae8-42f1-a1f3-1c319466b001', 'Anđela Anđelić', 'Yugoslavia'),
('92d60066-1129-4c46-8ff5-1673adb5c47c', 'Junko Tamiya', 'US'),
('e88423fe-d62c-4ab8-a1f9-e0d43e73c7f0', 'Nomadi', 'Italy'),
('22469de3-2047-4ebd-abe9-87705dba8fff', 'James OFlynn And His Orchestra', 'Ireland'),
('daed63be-70e6-4546-bfe8-5c6db43f42af', 'Various', 'Finland'),
('c26116d7-e183-43b7-a1a8-ba2c869f45f4', 'Various', 'Germany'),
('4b0b908f-a35a-4ee9-b85b-27ad3206819d', 'Judy Garland', 'New Zealand'),
('f9c2c84a-5d22-4583-8675-4485b28cada8', 'Andreas Klamm', 'Germany'),
('87871f61-6c54-4b69-aedd-5b24383c7fe2', 'Konstantin Unwohl', 'Germany'),
('bd87a0a9-65a5-4707-864f-52d0a87726a5', 'Kjurr', 'None'),
('e646eaa6-fdce-4aa5-a1a0-42e045436531', 'Vasco Rossi', 'Italy'),
('36d0be80-947d-4382-b6bc-1c3f5aee002f', 'Seth Anderson', 'USA & Canada'),
('6f2bdc22-145c-4685-b2f4-492483206b61', 'xCUNTKICKERx', 'US'),
('c5105566-847a-4fd5-9d3c-830acf1f136b', 'Spirit (8)', 'US'),
('0df968e8-0d6d-4d39-b1d2-3055b4177d4b', 'Vidna Obmana', 'Belgium'),
('3d38ad86-59bd-4913-a6ad-e201a87f3a24', 'Marcel Dupré', 'US'),
('b740c73c-278b-4bf5-8c3c-f0f8e60c0e20', 'Jeff Buckley', 'UK'),
('0353801a-f685-4150-a62b-a22adca4258f', 'Gary Lucas', 'UK'),
('cfd4a114-b634-41cd-984a-f6209a925d26', 'Francesco Castelli', 'Italy'),
('eedb0e55-d8b0-452f-ae19-2b70b359fcb8', 'Annie Cordy', 'France'),
('41f12065-2b47-4069-b4c1-dba744508938', 'Skyclad', 'Japan'),
('e2c41aa6-2721-454f-9d18-e0d564a1b4f8', 'Strakers Rebels Orchestra', 'US'),
('0e5a3e3c-c98f-425e-bc83-8a18059da245', 'Designer (3)', 'US'),
('b5dad1c0-f882-4061-aa80-9a6f7d447b62', 'Wendy Mitchell (2)', 'US'),
('9503370b-e812-46f7-b048-02e33af19825', 'The Doors', 'Sweden'),
('1120a1ec-4cb2-4e42-966a-afd8d2b4919d', 'Repressive Proteins', 'US'),
('04f38132-0ad8-4cb6-9de5-0c8051e91752', 'Heman (3)', 'South Korea'),
('cfb33901-48de-4581-a524-6d9c7f137c4c', 'Tom Ennis', 'US'),
('94143c75-dc35-4a89-a47e-5af96c958ed7', 'John Garridy', 'US'),
('4a9852f9-6ed0-43ae-bdfd-4dd6406cb5b7', 'Saiten-Ensemble Steglitz', 'Germany'),
('b9e0ecb5-e1dc-46d6-93b5-596b07e928e0', 'Wolfgang Jentzsch', 'Germany'),
('07586b0f-309b-4be8-8d7c-ec7cadcb3889', 'Владимир Новиков (3)', 'USSR'),
('5e2d325d-78c1-4401-8345-bbc308113baf', 'De Groot And His Orchestra', 'UK'),
('4aa4ff05-1a9d-488f-ac35-d142d1793fed', 'Ural (2)', 'US'),
('f4421ac7-2d2f-49b6-8145-9fa9b0b42eff', 'Ignition (5)', 'US'),
('e20249a1-aa20-48b3-8669-c0904ef1d69d', 'Loma (10)', 'Europe'),
('41fef66a-9ac9-4b3e-98b7-56a85fe42c4f', 'Terumasa Hino Quintet', 'Japan'),
('91b53288-2fce-47ec-a588-182f106d49c7', 'Alfons Haider', 'Austria'),
('8104eb77-a840-4021-8c84-d2111e47cb82', 'Ayane Fukumi', 'US'),
('c56438ef-9073-4a9f-9e59-daa4a669c08f', 'D_rradio', 'UK'),
('ef633e9a-9785-41bc-88e5-13ea335a9662', 'Various', 'Brazil'),
('9b30cedb-867c-4a86-bdf9-e2b59ff1864f', 'Black Wing', 'US'),
('b2b73d47-e000-4f34-981c-1de5ea62a017', 'Eptic', 'Canada'),
('9270e9eb-bfb4-439f-bbe6-2e94130370b5', 'Haruki Murakami (2)', 'Germany'),
('5a3286a8-5e98-40a7-920e-15e0536473a9', 'David Nathan', 'Germany'),
('7e822118-28c4-423d-afcb-45fbbbc1ad8a', 'Erick Saint-Laurent', 'France'),
('80148a99-d708-4769-829a-7c331720e313', 'Various', 'US'),
('8b267bce-d134-44cb-b939-d067f379958e', 'Kokwak', 'France'),
('4f5079db-a6c9-4657-93be-21cdde324fde', 'Brainkicker', 'France'),
('dfe76767-5bd6-4bb6-ac03-4a705f66f342', 'Smiley Beat', 'France'),
('b5e5d74c-1157-4e65-9b16-60db6a9d394d', 'Fate Destroyed', 'US'),
('1ae94ba3-7c4d-4718-9b14-78c7e2bcb811', 'Ermal Meta', 'Europe'),
('760f333a-78ee-4e4c-87a3-1219a274c32a', 'Sister Janet Mead', 'South Korea'),
('912a57fe-7ffa-44d4-aaee-93bff421efb1', 'Bushido (2)', 'Germany'),
('4f632c64-0205-41d3-977f-e633981c474b', 'Carol OShaughnessy', 'US'),
('0ed9aa99-02c5-4a5c-bfc4-907082cd75be', 'Dave Stewart And The Spiritual Cowboys', 'Japan'),
('d4eb4cb7-00f1-415b-99a0-3203c5e52328', 'Nat King Cole', 'US'),
('9b00a6fa-0fb9-44db-b80e-542bb3e8e723', 'Microlin', 'UK'),
('477920d0-1a24-4a12-9efb-89095c1243ef', 'TV Toy', 'US'),
('d2f63b04-1ea4-4519-b01d-c53262b286b0', 'Mark Forster (3)', 'None'),
('bfd22f45-09c3-4de2-8be2-f9ecf85ca8ff', 'Ryan Muns', 'None'),
('51118b3b-d87e-4f6a-bbce-352162e8ef0c', 'Henry Kawahara', 'Japan'),
('57e881b1-82c6-40f9-927c-1a5405148d7a', 'Dirkschneider & The Old Gang', 'Europe'),
('ebc4008e-c6db-4f60-89e3-dfea81650d7f', 'Ventolin (3)', 'Czech Republic & Slovakia'),
('7e295800-9dfe-4480-ae39-0054a81898d9', 'Eddie Jackson (3)', 'US'),
('c51bb5be-745a-41fe-9f37-0c676fa7fd8e', 'Highbury (3)', 'US'),
('fbbf5550-4fa6-4760-bab1-6a6bba40197b', 'Stefan Raab & Die Bekloppten', 'Germany'),
('e900bf23-7868-4438-9163-8e938822b8b0', 'Marc Cohn', 'Europe'),
('9871f13b-773e-4cb0-92aa-a8f9818127ea', 'Hijack (2)', 'UK'),
('487e6722-bf82-40b6-bdfb-691315b6945f', 'Negură Bunget', 'Germany'),
('5411feef-4ee1-4af4-8aa9-cad2f8186829', 'All That Remains', 'US'),
('0a4408f7-8d99-47be-b873-fd66e9d29972', 'Martin Achrainer', 'None'),
('0fc28943-e98b-4679-aee4-c5e85f459eb1', 'Maki Namekawa', 'None'),
('9f203e51-8f05-491e-a04f-062fd97eb1ab', 'Philip Glass', 'None'),
('5cd9043e-53bd-404f-938d-dbb05ef5734e', 'Joe Jackson', 'Europe'),
('ac6fdc29-4dae-4c66-b9b0-f500634d77ba', 'Risa Tachibana', 'Japan'),
('503d2ec5-71d3-43fc-b1fd-35198612e702', 'James Mosley (3)', 'US'),
('de9bdd19-68b7-41c5-a0f9-85e9e9308d37', 'Before Breakfast', 'UK'),
('421ddf77-bc9c-458f-bdf9-f47044410ad9', 'President Bongo', 'None'),
('c3ff5b20-573b-4b72-b4ef-e2deea8152d2', 'Rahzel', 'US'),
('1f0e090e-90ec-422b-be07-5e03c5a9fd81', 'Derek Palmer (2)', 'US'),
('8be0e7bd-c3e3-4592-af24-6406fb78f263', 'Hidden Tigress', 'US'),
('7005ae3a-fe06-4152-be23-4228ddbf5f05', 'Alicia De Larrocha', 'Spain'),
('c69b75a6-0360-4c7c-864d-fe3742c01be5', 'Necrogod', 'India'),
('4671be19-3481-4d16-be7c-2a1a7d369336', 'Paul McCartney', 'Brazil'),
('05d95c7e-eac8-4c64-9171-1778a5f79697', 'Bier Shunt', 'Worldwide');

insert into artist_productids (artist_artistid, productid) values
('dbd7e839-e8c9-41e9-9a97-c54012572916', '38979ec5-cf59-4677-a1fb-d5baf2c5a9ee'),
('52475c0d-3953-4312-8c59-b3bec5af793f', '616817c0-4bd4-4f48-a724-fb3495a92381'),
('e1e5bccd-d1a1-4244-aa53-73d937b2a1f0', 'ec4fbae2-1fc3-4179-b95f-9b9d03c6e4e7'),
('d4b261e7-0bef-4f52-8c4d-8b9225a74793', 'a40bf348-1a37-4504-9222-0ae56832eb5d'),
('88086750-9d24-49e2-abfc-84e135324850', 'b2cfffbe-37ce-43f1-90b0-cb391fa38939'),
('4f462dba-ff96-4394-9cfd-ebad57f2f866', 'e86dd2cc-cf84-4486-ae01-048937d9aff3'),
('e555fdf1-6cb5-48e6-b3a2-7bdd84ec680a', 'f5ba3e3c-e527-4061-be50-7cff5cc24153'),
('523da1af-4644-4b8c-874c-a3b755d19d19', '48ec0fe9-55c7-4b5c-9373-32cac896ba51'),
('7a04ec95-5435-4b3f-8e2d-9a8da4ef92ef', 'fb06b946-3713-40f9-bee4-6eb781189c28'),
('4d18d29b-e610-4295-8401-752e964a91ee', 'fb06b946-3713-40f9-bee4-6eb781189c28'),
('218fcfc8-bd1b-44a4-b302-ea9c14847502', '9cd81e24-04e7-4541-9162-1e619e33a35b'),
('69ae5aaf-c803-4dbe-babf-1f28d3f3e45c', '9437acde-4fa5-44bb-a281-07e9fa912bd1'),
('b02f0d62-cd0f-4da4-925c-1e5831400d95', '4a474e8f-c4e4-4361-b30c-bccf93a245f0'),
('08dcdd6b-480b-42ba-b846-c05fdc3fdd7b', 'a5950a70-706c-4efa-acc4-2aa4c8c41336'),
('8c912553-9475-4b3b-b3c3-7020b7dc18d0', 'a5950a70-706c-4efa-acc4-2aa4c8c41336'),
('2c2ed0cb-d8a4-40f7-afda-5a47d6d2194e', 'a5950a70-706c-4efa-acc4-2aa4c8c41336'),
('5885eb94-743e-46bb-8c81-e17f7a12a6a1', 'e06154ec-604f-410c-947b-b2520f4da36a'),
('41460874-d346-45d3-8062-8a30f975c975', 'ce8f90d2-b0e8-4899-99e6-a2fe24302e77'),
('ad675b62-822b-47d3-bbf5-6a0cef2c6928', 'e9a217ea-fc1e-491c-82bc-c5c596f96238'),
('3431c656-319f-41d6-8947-b42552df8db0', '872c08aa-aa49-403d-aba8-9850c9e0a5b5'),
('de352e3d-69d0-42fe-828f-3473e92867d4', '06c5ef4a-58f3-455e-845a-0213e8dc90a6'),
('c72ef0af-eba9-4355-9a02-f267e3bb60c1', '279e8b05-a309-496d-be88-4c806dd017b7'),
('d9229482-4568-4036-9211-6cf08c71650e', '2a09a342-2e43-49a4-a1c8-b6dfdbb30995'),
('a930cbf9-b272-48f3-afb6-6d050da6107d', 'f089ecbe-7572-478d-af34-82f6dde73ad5'),
('e11a3ffa-c40b-486c-9870-46aa308d6a03', '8903750f-39b5-49a9-884e-545993f7dfba'),
('4e169e16-6a40-49d1-a417-d507700f09f8', '09141c6c-5951-43ef-80b6-f320a2eedc1c'),
('23459cb4-5360-43fb-af2b-2aa8d3ed7b13', '523f6144-f32b-485c-b3d6-ec4d123e6a27'),
('68f0a069-4989-459b-829c-bf50e26dd398', 'e9d9c88d-37aa-4d43-add4-d424eb64b968'),
('dcad17d4-0d3b-4fc0-8e94-6bba2db89216', 'af332384-099d-459f-a9b9-20c9de7527c3'),
('422247c4-f456-46f2-8819-3e04e0a7dc0a', '2336f1ca-a643-4479-b32c-c34daf782093'),
('61680c4f-63c2-4d15-af29-55de4403c90a', 'c799a4b2-7c3a-4944-8e04-5fc4ea9b8590'),
('e2aaead5-729e-4a0e-b5bc-03cb3980dda7', 'c799a4b2-7c3a-4944-8e04-5fc4ea9b8590'),
('5e03e7dd-1f04-4d2b-91b0-c16ecde56e12', 'cccd0746-7d34-464e-955f-9bebe6847fde'),
('976ed3a8-b8c1-4028-bbda-472e57cf5dcc', '136192fa-8a37-42c0-aaa3-2ca42bc4ae6a'),
('ae5d9b49-5f6e-4515-b0e7-8dc7f33e8a20', 'c4a1a626-6f4d-457c-8f07-adfad6da9ff3'),
('83cad80f-d08a-4ab8-89a1-8fee4a076d21', '2d4d2474-08d4-40cf-a416-15577ecf5466'),
('217ae55a-39ab-47e1-866d-e1ac794a3e0b', 'ad9e4b64-b24d-4c4e-a28f-a2c99215164a'),
('20baf7d3-8ade-45b1-a0f8-76037aeb12ed', 'a7e46096-a4a9-443d-9e3b-7217c6bdfd1b'),
('da4f8dff-00b2-405e-b079-1aa19f508559', '83ffa557-959b-417e-a99d-e61105738e64'),
('f5531e64-3d67-46d3-bcd4-9081cf81afb0', 'd4e0f410-06fc-4e37-8fd3-b0c5c611764e'),
('c5a57ab5-09d0-47fb-b13a-6739ae5bc09d', '7e410355-4570-460c-9568-bca63453c593'),
('1dcd6fc5-9bf7-4b4a-980e-926d63116039', 'c7b6791e-5cfd-4459-923e-57cd0cc7d86d'),
('20fe509e-6fc9-472d-a3e1-d1a7fe5fc711', 'b00e139d-2fd1-4913-95f7-b0c7de8c6bf3'),
('6dab8735-6fe7-4594-a68e-66d778035ba9', '2a0c49fc-08a3-4bd1-8990-bec226706aba'),
('c3cc8dda-283b-4e1d-a6b5-892a8c439ae3', 'a717551e-400f-4950-adc9-20c3d4752ed6'),
('e26a604b-bbcf-43a6-bd19-5f359f0c0e85', '347c0f29-470a-49bc-be40-f91b681de1f3'),
('5bc0d155-13c3-4b83-b50a-fe6307fa3c4a', '2262573c-b732-46de-8f71-e5a4b731fc96'),
('eb2fbe47-803d-4f66-8ccc-162bbb89881f', '67b46f8e-6635-4c8e-91a0-5914902d6861'),
('58c83ac8-9bd4-418d-a7f9-800472ddf10a', 'fd21850a-747d-478e-8c7e-fbab2b5c2a9a'),
('0a7ddb80-b941-45a7-bbd3-7322db3d5b1d', 'fd21850a-747d-478e-8c7e-fbab2b5c2a9a'),
('3030a61c-a6e8-4d85-a6e6-981d62e1ecae', '3eadb3c9-6c3d-45fd-ad8c-ac15b82f14fe'),
('96e61fbf-3d3e-4de9-81a2-80b1f7c025da', '16d55e44-0d24-45e5-b0a3-8237b29a3a17'),
('bec2863d-cc46-4a3b-ad30-fb915576313a', '9bc59697-7c09-4d21-b8d3-7b765f4039a6'),
('08932d2a-ade8-43bb-8bb2-49c551fc5785', 'a1a72105-06ad-4777-b0bf-a5db46df7026'),
('ee53778a-30d9-4f7d-aa6f-4a511a78e0f3', '8d8e309f-2439-4f22-b4d6-fdd9e9d6c1b2'),
('64d66e0a-8c19-4229-a303-d9edbe4bdcbe', 'd8d96054-ae60-4284-90a7-2050fda32823'),
('b7e168d9-876c-44eb-b37b-5df625c0878a', 'a01a9325-3d27-4f2e-851a-41a9597aa87f'),
('126ee86c-036a-4f05-944e-fba71c223f15', '52a957a1-beb8-4224-82b2-aade816832cc'),
('07400d17-835a-47b5-8ad6-63dcbed76ed2', '81eed66f-1432-425b-9fd6-811e5b31ece3'),
('8c20cc41-4498-47fb-ab0e-778267ac0afa', '500defbb-196b-41b9-b502-26a3ff59077e'),
('a949d1b2-ea19-45ac-b998-77a7326ee125', '495f4435-7b6d-4b83-82a0-8fcba6b17ecf'),
('4aca6810-74b2-4fe3-b370-fb8940e13a9d', '495f4435-7b6d-4b83-82a0-8fcba6b17ecf'),
('602b6373-2889-494b-be0f-081619d14796', 'daa6dd15-52c8-432a-b0a6-d7f86206aa41'),
('70a3a285-64d3-495c-b473-a2944aa3517e', '87ba7f93-b9bd-4154-b59d-d50bc1c55f81'),
('5e4adb42-46bf-4d36-8903-9939ec58a318', '277c5868-8e78-4490-bb62-23713a5d7483'),
('83d3ead2-ddf7-4297-84bb-7c07cea5584b', '5d3de218-b8ff-4148-abaf-f282955dacc9'),
('be56a87e-6613-4968-8b3d-71204410fed9', '3174bdb3-c345-4e4e-81d9-c0899101845b'),
('179afe5e-882c-4433-bb8b-85fa53af144b', '0a5aa1fb-66c9-4811-a9ac-c2b73879613b'),
('bffb76d9-4697-494e-8a6e-5ead04ff24be', '9940a253-ff38-4e45-942b-78a434331e1d'),
('24f67cf7-e8e4-4c6b-8507-93f077df3e16', '57c19025-70bf-444b-b63a-b99f075361e6'),
('ad2c4f4d-26dd-4f91-89fd-719708d0b6a9', '0a15fa08-cd6a-41ab-9d2a-5e2eda2aa7e4'),
('b1f80f7c-56ad-47fd-a9eb-95de1f6f45a9', '2ca5360d-fd8b-4fd5-ae38-17e83d5cdda6'),
('660e988f-5337-4e2d-8c6e-41c44a335d04', '7b175f88-6cf8-48d0-8b29-22a629507ac5'),
('5ab496a9-5532-408a-9b71-d185c95c2c2b', '754d400d-7931-44c9-acf0-54792ee50e73'),
('fdd4044c-ee3c-4ce2-8f86-ab58390c81fa', '754d400d-7931-44c9-acf0-54792ee50e73'),
('585646c3-1773-405c-a9d8-584e36c9bdad', 'ffabb808-b62e-4cc7-b5ce-709389f88b37'),
('01e7b4ed-7d75-499c-a69c-87e937b37154', 'de505696-cb97-421b-8dfa-92366af2cedd'),
('b65d0047-ee9b-4d0a-bd7d-c4ef94def24f', '457042d5-8b5e-4b44-97a3-6579ef4ce1c9'),
('e8418e54-48df-4365-ae7b-3f7390107c5a', '8917174f-c562-443e-b633-6e97e8fae932'),
('4f294ba7-246b-4257-b6a1-594de173aeb9', '449cbfa2-d007-41a5-9dcf-94e4784bb904'),
('289d3c73-74c5-4005-aaba-1ddf2bc2ba56', '1c2663c3-8c10-4781-b62e-5a8bbb135e54'),
('98874efd-1185-47a9-9a15-a1b800b86fea', '3e435ac6-f9e0-4932-9244-6449d84a49e0'),
('0a2fcfb4-c621-4cd8-beba-0c38e5907c9a', '0e9382e8-4680-47e3-848a-5d90a18ea9b2'),
('1fdd8884-6510-4978-8e49-a8bcb6b51dd6', '6e3a18c7-1047-42d8-9344-2601c91e82f2'),
('a0e43b26-5222-4e33-b242-81173edee23e', '1f474169-b67d-4522-84f8-b87fdc46313b'),
('d2e78a77-45b7-46db-8de0-e182e3849948', '5f6057f3-2c9c-484e-877e-78bcdcbeb50b'),
('5f6125bd-a8a2-4d68-b4b8-cd0b92d93701', 'a33edcb6-1732-4d6b-8a76-d3aea9699391'),
('a41aa6f3-0c81-46cd-aac8-6b724b3b60e6', '20596847-e7cd-44c9-bd2c-13df09bdbcdc'),
('2f8d618c-4f3a-45b4-8d8e-e7a0629a7796', 'f1efa4c7-03fd-41b7-b394-7eee9b97526b'),
('5fb5e5ef-1a0d-4c33-a4ce-fdfd7a514b6e', '9d23ca74-12db-414a-a6fa-fc650bdca8e1'),
('99e10b47-b4e4-4d10-9a72-2f8922c051ce', '04d0a240-5a38-4031-af71-4a9b5789a5e1'),
('54b3bbff-2e1b-477c-bac3-a2a568aee20c', 'c4096606-98dd-4e46-9a65-158b123d2310'),
('557d2411-1b98-4398-85f4-ac7468752aa6', '5791df94-d573-46f7-b5f0-a17c0a20ee0c'),
('a344a3b9-cd03-472e-9031-026e9ebee539', 'a1c034c3-0c39-422b-be7a-2affe420fcd5'),
('aee38528-a59c-4f62-8b25-b1f553a86b5d', '2f340fc8-905c-4694-949e-e0be03965963'),
('6c390a3f-8576-40d6-a650-3d752d516585', '392320e9-365c-4f3e-b9a8-6134801b7128'),
('5c45cc1a-2ad8-4c77-b9e3-bc99083539df', '5dbce0b9-4455-42d8-82af-5ac53db39564'),
('e9d9bbc8-4c18-4ea2-bc41-38d651fadbc2', 'd3ac92ba-bf5a-44df-af4c-69f8784ba320'),
('1d42d7f8-9004-47cd-9e29-907c31373b44', '2006622a-ccb4-4256-9718-692df99a2557'),
('0b1fa6a9-8d75-44ff-87bd-5a0f239addcb', 'c86b16a4-07bd-402a-b94e-25770bafbb56'),
('feef3cc2-e11f-4ce0-ae25-0fa0703c3e38', 'ad867f22-1b58-4fd9-8f4b-ca9210856cdd'),
('104de7c0-802f-4b54-8ac8-22fad40e80ef', 'c7ea850f-5cfe-475d-b48f-c2420d8f7600'),
('a016e5cf-ca84-4f66-8bf6-39c0b96870de', '740c05e4-7cf8-414c-8248-347f761eb594'),
('1995cc6e-e6f6-4395-a12b-50a4a76ec582', '740c05e4-7cf8-414c-8248-347f761eb594'),
('1b2d07a2-4f42-497d-b060-a8a1b56687db', '740c05e4-7cf8-414c-8248-347f761eb594'),
('87b90d88-8a90-434b-9fad-a7734722f585', '740c05e4-7cf8-414c-8248-347f761eb594'),
('1549630c-8def-4028-8786-fff08af39ac1', '2c5a4a77-7304-4231-a3c3-c1d600e853e2'),
('a4658c49-9bcf-461c-8bce-0e0064238d15', 'e3b69620-105b-4aaf-889f-f14b06f76b40'),
('40ded0cf-d240-4983-9c60-324e69a33dfa', '08fbf1ec-c840-4518-87eb-eedd1a373644'),
('b46addcb-bd0d-4917-af15-6deff49696e3', 'b749093a-a3ef-4752-9bd4-9e51f639d674'),
('31fd3c93-1677-4e0b-9310-a42cfc2d3c23', 'b749093a-a3ef-4752-9bd4-9e51f639d674'),
('1f649ef1-d1ca-4cfc-a1f1-31951201bf22', 'e7c67a52-f46c-4ba3-8cf6-dedf99cacb02'),
('40d9c1c7-5534-4017-beb3-2950645493b5', '1bb84701-b70f-4f06-a5f9-1e49926ee9d7'),
('bf3784cf-ac91-422b-bd20-12bb3702f0c1', 'a07dc1a0-2da6-4e6f-b8fc-b526a8690482'),
('beff18e9-c2c1-4b85-9cee-ef00d4d21647', 'd6dd71c5-a3cb-42c2-8cc0-69fa55532de8'),
('361b2719-30ba-4c4b-9f55-ccc49e086c0f', 'c1c0568b-9010-425c-8eb9-6811e582fd07'),
('3eb09882-5b7c-4f0a-be54-322a8687eb9c', '9925a3f9-1eba-4394-a5b6-7f4eec55944d'),
('ee3c357e-75f7-442e-98e7-521d9418a162', '0ef8e5a2-7a17-48e9-bd1a-fc30d53819a0'),
('6a71b19a-541e-4b3b-8427-01bc0c04a030', '10b699f7-0c18-4e3c-b2b7-28bb15d0d144'),
('9d27dd1c-6e15-46b4-b677-e3e047fad34f', 'a09ef4a7-c539-4a13-b2ba-bce45621cf0b'),
('cb0d31b6-aed1-418e-ab03-fdba8d0364e2', '743104da-38ff-45f7-a50a-9868ef7f50d5'),
('534302be-2d4e-4299-83df-a3ef3707a510', '4ce3255e-7b2e-4ebd-8ced-1def84e5f7b0'),
('61709929-20cb-4512-aa95-2e2d668165fa', 'e230ed10-1ec7-4b37-9f8e-1356fa563a0e'),
('5aed6ee8-8c12-466d-a73e-f546300512cb', 'e2ed0bd7-6ba0-460d-a887-62be704aff9d'),
('b0b8d4f7-1420-4fb6-b5d0-00f376072e33', '6f69e952-df82-4760-9ba5-b97d12890488'),
('7ddd7284-df14-4a6a-bdaa-aa2550ea5887', '0086daae-3e97-445e-8abe-4a9e5d9db0c8'),
('d54e438f-cf1e-4e87-bbd3-c517a55e9a58', '04a38d25-92ac-4649-ac16-346c6c657750'),
('d99f5e1e-524d-44ab-b775-5adb225a184b', 'dd90736e-38c4-41dd-ac8c-cb34824cca33'),
('5c196c17-589d-4886-b2fc-7e79389f1a4f', 'c9427fb5-a26a-4893-aaeb-6de75773c260'),
('9c6371fe-d68f-46df-90ce-60b762d3e9aa', '493c3688-bf4c-4374-9f2f-38e154d48adc'),
('43762438-255c-4ff7-9194-f1421cd0ec98', 'c1d56a2f-6e11-4cae-90b5-7d2126098003'),
('eb115939-bfb2-4a37-a909-65e49a135169', 'c1d56a2f-6e11-4cae-90b5-7d2126098003'),
('7db084a5-0906-4644-bcda-662451f7d2a0', '47c8fa69-cb76-445d-a6b5-83ddb5ce2c08'),
('08fa4910-81e3-4113-ae1e-6b493aa524f5', '917caf14-1f1f-415f-8ea3-fc6d7bc0edf0'),
('bec7c602-c9bf-46ff-9669-43534407fa88', 'b68a43c9-2159-4eb9-b319-baa0710d25c6'),
('3f3f4286-fc2f-47d6-8c8c-313ff7dbb4bb', 'fdce8c53-e790-439f-8f16-eb7975fbdd36'),
('9ca05334-b579-40d6-8578-6dead3797e24', 'fdce8c53-e790-439f-8f16-eb7975fbdd36'),
('9cb43dea-d792-4bec-b277-998509b12c40', '1283881b-16c7-4024-a7dd-58786b767779'),
('da68a8c2-5f0a-4f3e-967c-8d7684c3ebb5', '6791b414-9644-4c9b-a956-de8ccbbcffee'),
('15aa7417-f4ee-4630-9a21-e709f7e84349', 'a3c76561-9e3e-429c-9d34-944c83dedb7d'),
('3aeb28a4-1b12-483d-983b-a16d6832ae04', '968b07a5-f47a-4db9-a7cd-a8d2254eaa68'),
('d0ac9811-f1b3-428f-837f-faf3368bb4d7', 'c026e89a-78f7-4426-be3c-94ab98f5e0f5'),
('233df6cb-adc4-4260-b5ef-adb69290d410', '0df1c4d2-4b92-4c3b-91d3-68a9b9778379'),
('45f037c5-5d00-45d5-bd91-c4c83f2e33a1', '8a79f1da-6c37-4d27-952b-e4b28bb30374'),
('600504e7-7f0b-4813-8a75-ac73d84357ad', 'eff6ec1a-9306-428c-9dc8-12937b7c684c'),
('b7b05dcc-2db8-4218-a5a3-cad5ed4f9875', '564fe957-ddf1-414b-93fc-c9c7de036b7a'),
('374a2e58-eb17-4574-8200-8983a9758142', '5ed6a6d8-689e-4e69-9f17-1a7f5050af42'),
('900e7125-2780-43c3-bbb7-c7b0e7a836f6', '991ec892-b949-4819-9c06-52a9bad41861'),
('8e0df022-2e51-4f64-bd7a-89a612b3a2fd', 'd5e69c4f-b909-45df-b77d-282275dfd500'),
('b5646333-c31e-44a0-844a-e37c0b91828a', 'd22bc15b-7e9d-4464-8e15-6d7777d903bc'),
('87cc5a95-73b7-4ce7-966a-9bdd280a8af8', '713120dc-5ac1-401a-9b08-1d235c3b2ad3'),
('ae287abc-9eb2-47a6-b551-89d0d6b23463', 'f86da700-7762-4cb7-ad44-96ffc06e9270'),
('bf9e6e08-a6cc-4a87-8d94-0bb8116da936', '727454d4-15dc-482a-96cd-72e4e81ce30d'),
('543d2431-9ae5-42b7-80f1-3999aaf90ca5', '269d4874-fa0b-4c80-a918-4a8ac4e1b642'),
('8543bd6e-5a4a-4615-8713-224c84972ba5', '63ac24f0-1eba-42ed-b6b8-95382d41ed40'),
('ebcfda50-0635-46f3-8ffb-6dc7b34bbcdb', 'fbbae207-009f-4bf9-a76d-e60720c7c1ce'),
('50e142ee-df72-4e61-a34e-d44c7218f354', '0a227564-d9bc-44c1-9be3-e144e622e604'),
('b1d3777b-970e-4e25-b06b-dc05bdc6a866', '9fa60178-3f92-47d6-8b96-1d54a25d79d1'),
('684cb4d7-3260-4f55-bbad-90b3db6c2c31', '6078c623-0f9a-4977-8329-0135cba150aa'),
('c9c8484c-6635-441c-8213-cf8cc7d5eb7f', 'c63cec21-dde5-40f8-bdf1-8d22c97e8a8c'),
('a88cfead-81ac-4fde-9639-b02800954349', 'fcc2aeb6-86dc-4082-809f-7c3991b237a7'),
('020cc8c0-b6f1-4b38-90ae-36c7ac5184f9', '803bee33-c475-4bbe-8125-3b92052a5386'),
('e828dd0e-571e-4950-860b-6f71bf8e7bf6', '943d0a39-5fc7-4856-8e61-9213383f27ae'),
('913d6ffc-ae9c-49b4-8cc6-6539a1497042', 'abb258b1-72ae-4587-8a07-e2627003d458'),
('3b5f687a-b36e-40ad-a0c8-855c4b5d9e49', '73467153-39aa-4d26-ad49-95094dc5d21b'),
('338cc993-fcd8-4587-9b45-275fe399b119', 'b59a4e0f-daa5-4bb1-91b9-20fc7f5a9318'),
('d51b68e0-c5ae-4211-a746-be20286f367e', 'b747b75c-fa5c-45df-9a11-06440ee29d76'),
('099d80eb-fef1-48a7-ba6e-f381e3907f84', '56e4b1dd-8efe-4133-9435-43e72afe17a2'),
('20600f4e-02c8-424f-84b6-2aec333f5e32', 'c2bc97dc-938d-42f5-90ea-9037ad552120'),
('614b1477-9bc3-4575-9f2a-1484586e89ff', '4ba0eb63-971d-448b-a845-4df27c5e876f'),
('0b194f82-7914-4b94-879c-f03349dcd649', '0d284404-c1d3-454c-b386-72cfb8c04ecf'),
('93fcae57-370d-40c4-b3a7-d3090eca2235', '829427b6-b6df-4d4a-96f4-7a9d88124a5f'),
('2774bfee-e9e7-4e8d-90a1-0e5a597eb98c', '2da9fec5-1cde-40ad-96a7-71863d5c4fa0'),
('5bf0c95f-20e2-4b3c-b3dd-9b1420f7b87d', 'd7754530-9452-45e3-b0ec-5ab13728561c'),
('760273f8-9e54-4e36-a862-affefe9bb91b', 'd18f49e9-8c92-4510-92a6-f55eb76c9dd8'),
('4d3d75a6-ab25-473e-b070-874e075a70af', 'f521d2b9-e31b-43a3-bdb8-6c2e20c1949a'),
('a3eb218b-c0c8-4376-9f64-5311b2f54b26', '4c7becb8-6e70-4641-9757-b8610424db8d'),
('dc37e3ea-3622-4ab4-97ec-0833ff84470b', '1d839ee0-4ee7-45dd-92c2-4c71bfb1fb06'),
('eb427272-eeba-4d0a-ae5c-3c0bea8c2978', '848e336c-ea61-4ae1-9c63-57f41be1f148'),
('9bfcf41a-726c-4b82-a55d-72d3fb6eace7', 'e504d5f1-421b-475a-9b35-7ddcae444454'),
('24a8c9cd-c758-49d6-b85a-5c338008a233', '18f4094c-58d2-4e63-970f-bfa56ca88765'),
('eea8f2f5-0008-4dbf-9a3a-6010843dcd76', '557efd3c-25ec-45e8-9b5c-c718ecaf6520'),
('a470047f-56c3-430d-a76c-8215266e8bf6', '76a10a67-9373-41d5-8a3a-e0ca2a6b1180'),
('2e83c48e-9bef-4b8a-89cc-5619fa3feb19', 'fcf6edc2-abc0-4aba-ac8a-68209c422be0'),
('a7494235-b9ea-465d-87d3-6e5f2705a797', '88e53b1b-2574-45fc-8793-05c23ef62b9f'),
('3dd636ae-ad68-445b-b827-f862c6824874', '88e53b1b-2574-45fc-8793-05c23ef62b9f'),
('1a37caf6-8aed-4966-8f0a-8886c7bc1ae7', '88e53b1b-2574-45fc-8793-05c23ef62b9f'),
('f7a91ff4-783d-497b-979c-705a3d6cee0f', '564f838a-e657-4081-b4e3-ca14a10382d8'),
('fd1c86f5-97a1-4f07-8678-ea295fbedcf1', '87571be1-cb1c-411d-baff-7f435b781dc7'),
('2db6e55b-d9fe-4e27-8253-baad3d87c6e1', 'dd2cdf9b-8e61-4f5b-ae5e-8ca7249ed385'),
('bda0d268-6f63-4eff-bcc7-4ab420db183e', 'dd2cdf9b-8e61-4f5b-ae5e-8ca7249ed385'),
('f6af1248-a23f-43b6-9a10-d9a2d7447328', '1fb1089a-0e2d-4c0a-9ec3-51c6ea145413'),
('46eb0c0d-f8db-4bfa-8b58-4579c34488f0', 'bb52f6d9-2c2a-47b4-81b4-78b42146d8bf'),
('490a0eb1-0e1a-41e2-8ce4-2119a82e015d', 'f4957ecd-1ba1-4bd9-8330-dec9cb8ccb5e'),
('bf3a1866-7e85-46bb-901d-1795e950175f', 'b2dbc020-16b3-4a60-a86f-311bfebe72bb'),
('c143ee95-ba87-431b-92ec-20db3f0e5181', '2665fc25-9297-4e1a-9eae-8d0dff38c537'),
('cb836177-6760-4646-9783-ff6f8cac5885', 'f181c033-9236-4d3a-9870-a0d5038b0f5f'),
('b1f031a5-711c-4ce7-b4f4-f3a64b784578', '594a05d4-2416-4f09-ba1c-8dadfd9e1863'),
('c011c786-4265-45c0-b8a9-68e58bbff31d', 'd2a852c3-0cae-47dc-8db6-51680fb45a88'),
('1d25515b-7225-4c37-9230-1af1482f507d', 'a28d49fe-1baf-4cca-a243-ff7b5bcfa3b1'),
('c42fbd13-5b38-493a-8af1-b90b49087b3f', '9a2835d7-adfd-4d63-9295-0b7af4042dab'),
('78bf7a7b-b056-426c-a6c3-04156e3f0af8', 'f5aaf502-bbc5-43d5-adb0-6a908c7ecf6b'),
('b97e97c8-243c-429b-812c-4fc8863e26a0', '702f71f9-ae33-4a8d-b8ac-6c894e2416fc'),
('a7f55e92-2955-43c7-889d-fe21804cb6dd', '702f71f9-ae33-4a8d-b8ac-6c894e2416fc'),
('05809755-72c2-41b5-b5be-a2b5bb55a050', '4767fbf8-4664-48e6-a202-f435ae572a80'),
('65a1b4a1-2712-4a6d-bdaf-25546f9ad021', '06e71d07-b313-48fa-a49e-bdab306ac305'),
('a7f02d24-5a13-4b82-a3c7-869316933eb1', '18d7338f-d6d5-4b35-8af9-bf8161c2d9ac'),
('86f22528-b5c2-41af-800a-9c2b181fb3ad', 'b3e51473-8d72-4e8e-ae04-cd5e07450343'),
('d953bb91-6e99-45b7-8e8d-31aebb3c97db', 'd541a702-1ef6-49d5-a31d-99d9f3e469f2'),
('02b99946-5ced-4ef1-b8b1-3aa85d9f0396', '3feab082-53b4-4869-839a-6b376c5bf8f4'),
('429cf9d4-7087-41f3-ab80-bd9dedff8fc9', '2f93af3c-113c-4faf-a9be-50869f3148cb'),
('6fc9fb1e-1e84-4c5a-8fa2-632598c12dcb', 'a7c29fdb-59a5-4015-930d-deb3f68a0091'),
('394275bb-8a2b-445c-85fb-a02a45830df0', 'a7c29fdb-59a5-4015-930d-deb3f68a0091'),
('e32a9ee9-d59b-47d9-8fc6-88263d1be836', 'a7c29fdb-59a5-4015-930d-deb3f68a0091'),
('59ba0cf4-ef80-48f2-bc2a-e13ef341667d', '37cba9f9-dd08-46b4-910b-25c142d980be'),
('7eb5833a-77cd-4497-a7bf-42e306a4e9d4', '222cc354-67c0-49e8-9d6d-f8541cda72b8'),
('ec7c7675-dd41-4d6c-9527-efffd3f3a952', '65473fa6-0087-40f5-b006-6d9bf62165f4'),
('71fd16f4-1edf-49d3-8d7b-cf164c7386ad', '4343c3aa-8442-4837-bfce-a1e5260ba48f'),
('4978a7d5-44f5-414e-a4ca-7922179111dd', 'b6fc2548-e96a-4e4b-ab2c-c753db03174e'),
('235c135f-2e75-4a3a-83db-e087ed6837a4', 'ab4c35f6-00e3-4c46-9f0b-cc40b7e15b28'),
('3d8c6d77-34bc-44c6-8584-c017a8431a1e', '1132a3b4-8c80-4fc2-acfa-1173adb0fe57'),
('5c0b8b56-2344-46f0-a6ec-ef0d552ae010', 'a50b7f73-73ae-43b0-b3e5-3e312e01031e'),
('41180ad3-b88f-4b90-9c05-d1a5d7bd92d7', '1e235ce0-9725-49f7-b712-424861c6f084'),
('db3f01ea-9b3b-4d97-825c-ddf555ae90de', '1e235ce0-9725-49f7-b712-424861c6f084'),
('7207d428-90fa-43a0-8206-04f341d5506e', 'fe39b5ce-ac50-4ceb-84f2-292bdd14d74e'),
('eecacd71-a51e-4480-be3e-cd8e9794d8ce', 'c127261e-cf0d-451d-9d52-8d5113b93040'),
('668a8fb1-f3c9-4820-8901-7d8369946b29', '3dc94c7c-0350-4477-91e9-5d8a2225162d'),
('9818ed63-6df7-4f68-91b2-159664ce38b8', 'a23829cc-0816-4da7-bc86-e132d3733f56'),
('551f5e2c-af41-477d-8f48-8804c36eabe2', 'a78b9fde-9f84-4739-9012-55558c6200bf'),
('1a001017-b3c5-4683-9a5a-23baa2dc6801', '8fe553d0-4e1d-499b-8791-56e631521f15'),
('3c6b77c8-6556-4543-9628-80919f295215', '8fe553d0-4e1d-499b-8791-56e631521f15'),
('46eb7962-35f8-48a0-9840-639a1367a63f', '8fe553d0-4e1d-499b-8791-56e631521f15'),
('558c4cf5-36ea-4e99-85d0-6fe3996f7fca', '681a92b6-0412-4176-a390-1fbfe1aa2786'),
('ac1163fb-52ee-4463-9d5e-a67bc2eb5ac2', '4e0a1a89-26e0-40c8-a7a2-a6d0cb12346a'),
('c4c1e909-f7ec-4db5-9836-7ffa0727caf6', '013ce782-1537-4a7a-ae23-b472a85351fa'),
('3728a52d-407a-4cad-a58c-ddd42f88364f', '7f852b36-0397-46da-8045-e90463ff65d3'),
('d80d5a46-0a74-45bb-813a-9bad92e35f99', 'b37f3179-049e-4a23-a7db-68b28fbcb087'),
('8e6f2544-135f-4ab4-9d5d-7af3ec2780bc', 'edf8765b-236f-48fd-b5b9-56801cd40326'),
('c29f0b26-7131-45b5-9fdc-fda98aec027f', 'f1ed8fe2-dbb8-402b-b69f-6e8b1ff6abc3'),
('4965344a-6fae-43d8-866c-f330dc4568ba', '223649ff-613b-4c54-812d-e79097ef42ef'),
('fa1f9adf-0259-47df-a1f3-d0d93758c533', '223649ff-613b-4c54-812d-e79097ef42ef'),
('2f9eaaaa-0920-496a-a4e2-7cc7dfcdde55', '47c5dfdd-39ee-4f0a-a934-abd65d7b87fe'),
('ef78e1c8-796a-490c-959b-2c55a383897c', '65daa839-8c4c-43af-b73f-820112315b59'),
('981ce1bf-c6c5-47f6-907b-732642db02df', '76cab45f-e42a-4c59-854f-a87ad73027a6'),
('8ab3cfb9-de02-451f-9535-5cfd7a17034f', '6574532d-d3b2-4fb2-9116-d8cd6e62ad91'),
('789f4dea-4ac4-43f4-ae0d-8ec1c3f4773d', '30e0eccd-2f8d-4860-9a61-95e999a0eaad'),
('fd418bd7-6e52-4252-82e5-46c8324b0eb5', '30e0eccd-2f8d-4860-9a61-95e999a0eaad'),
('d7a3b420-9da0-4fcd-a7cc-f2f93a26d345', 'd32c1b6c-9db3-4c1f-97b5-135eb5a19c12'),
('51fcecf7-272d-4e2b-bbf1-97c249a85f0a', '70ad4335-27eb-4537-ae71-cb946b69067c'),
('8c1ba0db-b637-4fbe-a174-b4f4d0690446', '044375fc-d365-47a6-95b5-57c5043dcf61'),
('2e53c89d-0bf5-4230-94fb-4b44864fbcc5', '10f199b2-6989-42dd-ac74-a1b1dd82a77e'),
('dba2474b-3040-476d-bdf6-7e6d7acfb395', '142ba046-639a-46b8-bf60-df569bda293a'),
('ac591a85-f37f-4604-bd41-34f4ed50c59a', '142ba046-639a-46b8-bf60-df569bda293a'),
('e10402a5-79f0-4762-8a61-bc949a85344a', 'f4fdc855-c85b-4e41-834c-fb128a96262e'),
('fdbed96a-21b0-444c-9774-000d77de7c39', 'add0509e-cbeb-4b61-b141-e890885dfeac'),
('6138cbcd-ab49-4cbf-9676-78bd40835247', '9e3a29b2-064f-41ca-92d0-7083e5b72886'),
('6606339f-9337-4ec6-938b-0378bbb59c98', '1d29621b-4659-4496-bf2e-8c83f4893811'),
('bb74e6ac-8688-4ee5-adb2-97c70a8f8045', 'c458891c-9589-4611-bee7-0bf21c639075'),
('dcea2492-864e-40fe-82de-ec348f532da9', '77cea893-54a1-42e5-9f2c-5585ecc1f1ef'),
('29070b83-8b79-474d-b622-d1aa94bc9086', 'a851b454-352c-410e-af6f-ff3253702f37'),
('9154c718-268d-4005-9607-3fe5f5af1452', '3d02ad05-2092-4160-a7bb-a2a0df20c0d6'),
('d0ab53b3-f7d1-4add-8aed-9c4ac937767f', '8e968e37-3ad9-4948-b7af-1244aeab2796'),
('7274af98-37fd-491f-9f60-295d2e1d26bc', 'd8d05dbb-6511-4119-a2db-6f264e5ab236'),
('7cdcc3a0-3abe-4e95-a31f-c9449b58f734', 'd8d05dbb-6511-4119-a2db-6f264e5ab236'),
('acb96f15-5262-4e3e-9fa5-c0df7a6cf224', 'd8d05dbb-6511-4119-a2db-6f264e5ab236'),
('c3beaa40-15a5-45a5-a0f7-b66c773a8d83', 'f54d482f-135f-40a3-bed1-87a76fb11b5c'),
('73a8b103-3803-4a88-b8f9-81fe88b33bb7', 'c5e29eb4-7014-4593-8e71-01f9e34b058e'),
('23b77ad0-9eed-4737-8147-90a254701cdb', '3608bc28-62e3-4038-a75c-90226e396830'),
('b7b5aa81-6680-4099-9ba2-204cd6cc7d6b', '0cf3db8a-e869-4235-9076-e1f3f2c896c2'),
('60bcc6f9-4ae8-42f1-a1f3-1c319466b001', 'b883f4f9-7d2f-422d-b9b1-4e77a19da0bf'),
('92d60066-1129-4c46-8ff5-1673adb5c47c', '02edf5d8-0c77-4d38-a2aa-f192c5dc39f2'),
('e88423fe-d62c-4ab8-a1f9-e0d43e73c7f0', '5700c0fb-5fca-4752-ab5a-c680e4a3f7f4'),
('22469de3-2047-4ebd-abe9-87705dba8fff', 'b0ef1475-6f7a-4f45-9f52-5d028eece7ef'),
('daed63be-70e6-4546-bfe8-5c6db43f42af', 'c267ebde-b966-45a9-b417-593d78b6fe13'),
('c26116d7-e183-43b7-a1a8-ba2c869f45f4', 'dee336ba-1b04-4460-92ca-1fd290b4e585'),
('4b0b908f-a35a-4ee9-b85b-27ad3206819d', '12bc06a5-dde8-445c-b86b-fd85fdccbdba'),
('f9c2c84a-5d22-4583-8675-4485b28cada8', 'abf875b8-cc14-4a0f-a5db-2aa1a9a41233'),
('87871f61-6c54-4b69-aedd-5b24383c7fe2', 'a45d2e78-1751-480d-8f79-ff3503e51f15'),
('bd87a0a9-65a5-4707-864f-52d0a87726a5', '768fce7e-aca5-4ec4-8c0f-7d87e1dc0e21'),
('e646eaa6-fdce-4aa5-a1a0-42e045436531', '8c60b3fa-6d0f-4636-a513-5ba49466385a'),
('36d0be80-947d-4382-b6bc-1c3f5aee002f', '4181712c-adb7-4bab-b405-367db4490a0d'),
('6f2bdc22-145c-4685-b2f4-492483206b61', '059be853-1a92-454d-a908-6201ca75fb0e'),
('c5105566-847a-4fd5-9d3c-830acf1f136b', '1898f4e3-be4e-40c8-82d5-bf22a9cd4ddd'),
('0df968e8-0d6d-4d39-b1d2-3055b4177d4b', '9ab12c94-43f6-4a90-97ad-31edd461ee08'),
('3d38ad86-59bd-4913-a6ad-e201a87f3a24', '9fc387e5-d099-4e7e-aa8a-d6b84768a663'),
('b740c73c-278b-4bf5-8c3c-f0f8e60c0e20', 'a5169fbc-439f-4c0c-9071-da7f22d6033b'),
('0353801a-f685-4150-a62b-a22adca4258f', 'a5169fbc-439f-4c0c-9071-da7f22d6033b'),
('cfd4a114-b634-41cd-984a-f6209a925d26', 'a0e16482-3483-46a8-a48d-ea080b442e44'),
('eedb0e55-d8b0-452f-ae19-2b70b359fcb8', 'c866c896-850c-4e51-a3bb-a35a43959768'),
('41f12065-2b47-4069-b4c1-dba744508938', '66756993-f992-4757-a5bc-590628b21f73'),
('e2c41aa6-2721-454f-9d18-e0d564a1b4f8', '551bfff0-31eb-485b-9583-aa41810ca5eb'),
('0e5a3e3c-c98f-425e-bc83-8a18059da245', '551bfff0-31eb-485b-9583-aa41810ca5eb'),
('b5dad1c0-f882-4061-aa80-9a6f7d447b62', '551bfff0-31eb-485b-9583-aa41810ca5eb'),
('9503370b-e812-46f7-b048-02e33af19825', '9d6abbfb-556d-4ae7-95c0-bef49b9016bd'),
('1120a1ec-4cb2-4e42-966a-afd8d2b4919d', 'b63cfad3-79e6-452e-b0e3-99adcbe2bd75'),
('04f38132-0ad8-4cb6-9de5-0c8051e91752', '82501928-b1ae-485c-b9e1-a6294b13b7bb'),
('cfb33901-48de-4581-a524-6d9c7f137c4c', 'd3091dca-0d20-4e56-9b80-961340492a66'),
('94143c75-dc35-4a89-a47e-5af96c958ed7', 'd3091dca-0d20-4e56-9b80-961340492a66'),
('4a9852f9-6ed0-43ae-bdfd-4dd6406cb5b7', '5a6c1c44-4f53-4cc8-8a4c-a502cda93c6f'),
('b9e0ecb5-e1dc-46d6-93b5-596b07e928e0', '5a6c1c44-4f53-4cc8-8a4c-a502cda93c6f'),
('07586b0f-309b-4be8-8d7c-ec7cadcb3889', '3888680c-1cae-4c75-99c1-6b3a6ee0d13b'),
('5e2d325d-78c1-4401-8345-bbc308113baf', '4765108f-48bb-4444-a165-1edb67227bfc'),
('4aa4ff05-1a9d-488f-ac35-d142d1793fed', '67c17f4e-2960-4e04-a51d-17a43ae4ab0c'),
('f4421ac7-2d2f-49b6-8145-9fa9b0b42eff', 'a29e1aff-9df8-4d29-9177-908412febff9'),
('e20249a1-aa20-48b3-8669-c0904ef1d69d', '4bf332da-c515-43f9-9dc1-b58059d9571f'),
('41fef66a-9ac9-4b3e-98b7-56a85fe42c4f', 'a7725b3d-d936-41ed-940d-a6fff79aa0d2'),
('91b53288-2fce-47ec-a588-182f106d49c7', '23cdc89a-8c0b-492e-95bc-927e7194fc8f'),
('8104eb77-a840-4021-8c84-d2111e47cb82', '013db7d0-42e2-48f1-a58e-57d7f7165c37'),
('c56438ef-9073-4a9f-9e59-daa4a669c08f', '10597797-b969-4b89-84c1-fb117699b883'),
('ef633e9a-9785-41bc-88e5-13ea335a9662', '20646e42-dc4f-441f-af21-6734ac545f2a'),
('9b30cedb-867c-4a86-bdf9-e2b59ff1864f', 'f6cfc149-13dd-444e-86dc-7b7870a0a4ae'),
('b2b73d47-e000-4f34-981c-1de5ea62a017', 'c8c2ece8-593a-4259-8d88-be2e3ace09cf'),
('9270e9eb-bfb4-439f-bbe6-2e94130370b5', 'ab93f303-a664-42d9-961b-8c4a60aee587'),
('5a3286a8-5e98-40a7-920e-15e0536473a9', 'ab93f303-a664-42d9-961b-8c4a60aee587'),
('7e822118-28c4-423d-afcb-45fbbbc1ad8a', 'fe2ca070-6055-4afb-8b43-f570e8a4d5fa'),
('80148a99-d708-4769-829a-7c331720e313', '8488b038-3781-41de-a71c-855f8a0118bb'),
('8b267bce-d134-44cb-b939-d067f379958e', 'd4be53f6-30f8-476c-9b6d-89ceed5b7427'),
('4f5079db-a6c9-4657-93be-21cdde324fde', 'd4be53f6-30f8-476c-9b6d-89ceed5b7427'),
('dfe76767-5bd6-4bb6-ac03-4a705f66f342', 'd4be53f6-30f8-476c-9b6d-89ceed5b7427'),
('b5e5d74c-1157-4e65-9b16-60db6a9d394d', '2a251806-130f-4b98-b41c-7f9c5d4cb9c6'),
('1ae94ba3-7c4d-4718-9b14-78c7e2bcb811', '0bd6d231-59b3-476e-bf9b-94d67e984a7c'),
('760f333a-78ee-4e4c-87a3-1219a274c32a', 'b271d088-e479-4417-92e1-2fd8baa16e3b'),
('912a57fe-7ffa-44d4-aaee-93bff421efb1', '3cb28446-9efa-4bc3-a58b-73ecb6301b5a'),
('4f632c64-0205-41d3-977f-e633981c474b', '3700664f-6a82-4574-af6a-2bbca3506f5c'),
('0ed9aa99-02c5-4a5c-bfc4-907082cd75be', '5f94c949-8c3f-4572-a1f4-7a3f97ccdc08'),
('d4eb4cb7-00f1-415b-99a0-3203c5e52328', '981395db-e10c-472a-9e25-9d33422c03ee'),
('9b00a6fa-0fb9-44db-b80e-542bb3e8e723', '1bd22606-c986-423e-86d8-daea2acd87d2'),
('477920d0-1a24-4a12-9efb-89095c1243ef', '61d9fd78-754a-40b6-8d07-a9900e60a3f0'),
('d2f63b04-1ea4-4519-b01d-c53262b286b0', 'ecbbb080-21a7-4fc8-9338-93bc03e1425b'),
('bfd22f45-09c3-4de2-8be2-f9ecf85ca8ff', '6d10f26a-8fc5-4135-9a3d-b6b7f6b22004'),
('51118b3b-d87e-4f6a-bbce-352162e8ef0c', '1c910198-b9bc-4f49-8c03-5cb553e79cce'),
('57e881b1-82c6-40f9-927c-1a5405148d7a', '1e04cf3f-7ac8-4dd6-8a04-17db02df8b39'),
('ebc4008e-c6db-4f60-89e3-dfea81650d7f', '32909434-d9c9-40f7-9eaf-b15d67581f65'),
('7e295800-9dfe-4480-ae39-0054a81898d9', '8ead4eb9-bdd7-42f4-9327-711006100845'),
('c51bb5be-745a-41fe-9f37-0c676fa7fd8e', '5d53cdd3-dc9e-4837-bcb0-a821454f708f'),
('fbbf5550-4fa6-4760-bab1-6a6bba40197b', 'a3db1521-3bfb-4c37-8cc1-2f9652bce392'),
('e900bf23-7868-4438-9163-8e938822b8b0', 'c9002dcf-d3a5-40a1-b875-2b9842be61b1'),
('9871f13b-773e-4cb0-92aa-a8f9818127ea', '3211c570-e9b1-40ab-9be2-8d0845aeba20'),
('487e6722-bf82-40b6-bdfb-691315b6945f', 'f1ece506-ff94-4407-84b7-8fd5b5572e51'),
('5411feef-4ee1-4af4-8aa9-cad2f8186829', '9133a945-c990-4e9b-8c7a-44655da1a3dd'),
('0a4408f7-8d99-47be-b873-fd66e9d29972', '56a322cd-04fb-41d8-b59d-7291b8372cd6'),
('0fc28943-e98b-4679-aee4-c5e85f459eb1', '56a322cd-04fb-41d8-b59d-7291b8372cd6'),
('9f203e51-8f05-491e-a04f-062fd97eb1ab', '56a322cd-04fb-41d8-b59d-7291b8372cd6'),
('5cd9043e-53bd-404f-938d-dbb05ef5734e', '171d30fa-d12b-4dd9-b054-43c689136969'),
('ac6fdc29-4dae-4c66-b9b0-f500634d77ba', '1c97f037-3dfb-40b6-9157-b70509a7ae5a'),
('503d2ec5-71d3-43fc-b1fd-35198612e702', '386b6690-3b5f-4658-87a7-28c2cf883557'),
('de9bdd19-68b7-41c5-a0f9-85e9e9308d37', '3c5f07d1-476f-4ca6-8d2f-a18ae05d3025'),
('421ddf77-bc9c-458f-bdf9-f47044410ad9', '4b5ddfee-63ad-4bd3-94ed-c143a2883316'),
('c3ff5b20-573b-4b72-b4ef-e2deea8152d2', '4f8288b8-7259-412a-8597-67405b32ad44'),
('1f0e090e-90ec-422b-be07-5e03c5a9fd81', '4d2e06be-9549-4344-9e82-add25d91b1a5'),
('8be0e7bd-c3e3-4592-af24-6406fb78f263', '4d2e06be-9549-4344-9e82-add25d91b1a5'),
('7005ae3a-fe06-4152-be23-4228ddbf5f05', '34f3da37-752d-44cc-b4a5-d683fc92c0ec'),
('c69b75a6-0360-4c7c-864d-fe3742c01be5', '56539769-0e54-49c8-be4b-e814af9af6fe'),
('4671be19-3481-4d16-be7c-2a1a7d369336', 'dee7eb33-f9b9-4aba-94c7-8558d0c1afda'),
('05d95c7e-eac8-4c64-9171-1778a5f79697', '5be0f3b3-b025-4394-a408-f482334a221e');

insert into soundcarrier (carrierid, amountinstore, location, price, productid, type) values
('e0f84e59-3bc1-4896-b49a-53fbbf5e24f3', 60, 'A31', 28, '38979ec5-cf59-4677-a1fb-d5baf2c5a9ee', 0),
('b29728dd-a6c9-41e3-b79d-4ba51dad1619', 98, 'A5', 35, '38979ec5-cf59-4677-a1fb-d5baf2c5a9ee', 1),
('c426c98c-03a9-42eb-91da-8ea479d68eab', 74, 'A38', 31, '38979ec5-cf59-4677-a1fb-d5baf2c5a9ee', 2),
('728ce281-90b1-4a8d-95e5-5487be7ec4c5', 1, 'Digital', 26, '38979ec5-cf59-4677-a1fb-d5baf2c5a9ee', 3),
('dd0edcfe-e3b9-45df-abb7-3c7c38b03aea', 34, 'A28', 46, '616817c0-4bd4-4f48-a724-fb3495a92381', 0),
('33574f08-dc32-4d9c-a3e8-7a4976db29b8', 72, 'A35', 34, '616817c0-4bd4-4f48-a724-fb3495a92381', 1),
('8ebfe8bd-dd3d-4f7e-a794-875ec51edbe6', 99, 'A30', 40, '616817c0-4bd4-4f48-a724-fb3495a92381', 2),
('6b3cbcea-99dd-40fe-8c25-d4e1d917e145', 1, 'Digital', 40, '616817c0-4bd4-4f48-a724-fb3495a92381', 3),
('13cd98b8-b96c-487b-99ca-8d3b9f9b3277', 35, 'A43', 29, 'ec4fbae2-1fc3-4179-b95f-9b9d03c6e4e7', 0),
('69041f1d-5a78-4ede-9165-1d07ea7dac82', 69, 'A35', 16, 'ec4fbae2-1fc3-4179-b95f-9b9d03c6e4e7', 1),
('49d77239-75b5-4f86-9710-0b5d93cb9f83', 44, 'A23', 13, 'ec4fbae2-1fc3-4179-b95f-9b9d03c6e4e7', 2),
('8d5ac5f3-fc7d-4eb5-b3b4-466013c0acc6', 1, 'Digital', 31, 'ec4fbae2-1fc3-4179-b95f-9b9d03c6e4e7', 3),
('528c0b35-1fb7-40e4-a716-250857383e47', 90, 'A1', 31, 'a40bf348-1a37-4504-9222-0ae56832eb5d', 0),
('8a1d7760-6fab-4fda-93e8-b00b0349febe', 80, 'A15', 27, 'a40bf348-1a37-4504-9222-0ae56832eb5d', 1),
('5cd3a5ee-f72c-402e-a036-7887171bdfa1', 22, 'A29', 35, 'a40bf348-1a37-4504-9222-0ae56832eb5d', 2),
('3ec61f2d-c421-4557-8a06-ec86afcc649b', 1, 'Digital', 45, 'a40bf348-1a37-4504-9222-0ae56832eb5d', 3),
('a56b81c9-16fd-4ac0-aa14-c4476a44067a', 83, 'A14', 11, 'b2cfffbe-37ce-43f1-90b0-cb391fa38939', 0),
('8f8e0359-aa47-4e1d-b998-4bfb942f74a2', 28, 'A42', 12, 'b2cfffbe-37ce-43f1-90b0-cb391fa38939', 1),
('3ab3ba0e-cd66-4562-b7fb-9d5497dd5dac', 10, 'A21', 37, 'b2cfffbe-37ce-43f1-90b0-cb391fa38939', 2),
('a0222011-177e-4b56-92cf-a046c9d7d511', 1, 'Digital', 40, 'b2cfffbe-37ce-43f1-90b0-cb391fa38939', 3),
('81bf835c-72ad-4b56-8442-82c19cff2ef1', 35, 'A19', 11, 'e86dd2cc-cf84-4486-ae01-048937d9aff3', 0),
('361c5ee7-d7dc-49d9-bdc5-2768d18a45ba', 81, 'A45', 30, 'e86dd2cc-cf84-4486-ae01-048937d9aff3', 1),
('24aef001-e1fc-42b7-b6d9-3162716cbdae', 13, 'A15', 46, 'e86dd2cc-cf84-4486-ae01-048937d9aff3', 2),
('3aa69588-5983-40b6-b179-d7d1e3151b61', 1, 'Digital', 22, 'e86dd2cc-cf84-4486-ae01-048937d9aff3', 3),
('f90d8555-2a3b-4438-9692-e531b7f91852', 80, 'A10', 41, 'f5ba3e3c-e527-4061-be50-7cff5cc24153', 0),
('e2b52527-8a3d-4824-b6c1-7ee5a325e632', 65, 'A19', 30, 'f5ba3e3c-e527-4061-be50-7cff5cc24153', 1),
('e14e34af-16db-4f11-b206-87bc6f5caf02', 16, 'A14', 47, 'f5ba3e3c-e527-4061-be50-7cff5cc24153', 2),
('0f2d0854-323a-4b2b-9dc9-7ffafa6ec131', 1, 'Digital', 22, 'f5ba3e3c-e527-4061-be50-7cff5cc24153', 3),
('82917925-7071-4ee5-ad75-2d295df3f0ff', 67, 'A46', 17, '48ec0fe9-55c7-4b5c-9373-32cac896ba51', 0),
('a48de16e-bb04-4035-bb06-991a1d5814df', 80, 'A18', 30, '48ec0fe9-55c7-4b5c-9373-32cac896ba51', 1),
('4f306729-8c56-4af6-941d-e7170cfc07f8', 20, 'A21', 21, '48ec0fe9-55c7-4b5c-9373-32cac896ba51', 2),
('ed0592d5-3f0c-4fb3-8544-0b2f3173703b', 1, 'Digital', 20, '48ec0fe9-55c7-4b5c-9373-32cac896ba51', 3),
('91938803-9c6c-4ead-b2aa-81351e1f358c', 28, 'A35', 43, 'fb06b946-3713-40f9-bee4-6eb781189c28', 0),
('e4514cf8-0362-4133-9807-a6f58540aa39', 60, 'A34', 36, 'fb06b946-3713-40f9-bee4-6eb781189c28', 1),
('923c8897-57e8-4e62-852f-9f1b69807a27', 33, 'A35', 42, 'fb06b946-3713-40f9-bee4-6eb781189c28', 2),
('93a17411-11df-49ed-a8d6-8cfaadc14ab2', 1, 'Digital', 49, 'fb06b946-3713-40f9-bee4-6eb781189c28', 3),
('37348fe4-6ee9-46b4-b6af-9c23de5da60d', 44, 'A46', 43, '9cd81e24-04e7-4541-9162-1e619e33a35b', 0),
('7cca4425-7e61-4e33-ba6a-044f43085587', 11, 'A37', 38, '9cd81e24-04e7-4541-9162-1e619e33a35b', 1),
('b579ba00-33b2-46bd-abb5-a160c41dadeb', 1, 'A18', 30, '9cd81e24-04e7-4541-9162-1e619e33a35b', 2),
('ca26bab7-380b-4f77-bad7-a394e4ec162f', 1, 'Digital', 10, '9cd81e24-04e7-4541-9162-1e619e33a35b', 3),
('15863192-3842-4014-a7dc-82e13a2d5711', 34, 'A30', 23, '9437acde-4fa5-44bb-a281-07e9fa912bd1', 0),
('d7a5d353-5773-4d27-a8db-2b32169810de', 24, 'A30', 24, '9437acde-4fa5-44bb-a281-07e9fa912bd1', 1),
('7f02c1ef-a943-42a1-83e2-fd2015832c3e', 14, 'A24', 47, '9437acde-4fa5-44bb-a281-07e9fa912bd1', 2),
('60da5627-f5a1-402f-b5f7-87a399f9de48', 1, 'Digital', 14, '9437acde-4fa5-44bb-a281-07e9fa912bd1', 3),
('c600f219-2543-416b-aa89-7a3e221ee3c5', 45, 'A42', 26, '4a474e8f-c4e4-4361-b30c-bccf93a245f0', 0),
('889d1d95-3784-449c-9ae0-ee9dc37ee1ff', 43, 'A39', 19, '4a474e8f-c4e4-4361-b30c-bccf93a245f0', 1),
('8a3a50e4-4f76-43ff-87d7-345cbf6b0e65', 27, 'A7', 21, '4a474e8f-c4e4-4361-b30c-bccf93a245f0', 2),
('4f395e09-240c-43ae-adce-ad9a33834518', 1, 'Digital', 10, '4a474e8f-c4e4-4361-b30c-bccf93a245f0', 3),
('92377f44-036b-4a16-a6e8-41496e9837e4', 15, 'A50', 45, 'a5950a70-706c-4efa-acc4-2aa4c8c41336', 0),
('4399c127-375a-4f4b-9d7e-b258f363853b', 50, 'A7', 31, 'a5950a70-706c-4efa-acc4-2aa4c8c41336', 1),
('4df23ad8-d3cd-4209-8fdb-b00a3b4d37b8', 83, 'A36', 25, 'a5950a70-706c-4efa-acc4-2aa4c8c41336', 2),
('8c22d020-013a-438d-94b1-30d298444ae0', 1, 'Digital', 45, 'a5950a70-706c-4efa-acc4-2aa4c8c41336', 3),
('cc45810d-a395-4424-9368-5a7e87d33c0e', 84, 'A4', 17, 'e06154ec-604f-410c-947b-b2520f4da36a', 0),
('e2a71aa7-e629-47fd-9723-95194fe1933e', 99, 'A20', 11, 'e06154ec-604f-410c-947b-b2520f4da36a', 1),
('ade5e043-349a-4028-bbc7-32ade732f221', 32, 'A31', 30, 'e06154ec-604f-410c-947b-b2520f4da36a', 2),
('2e7bae7a-e486-428c-8e5e-f2d470229590', 1, 'Digital', 18, 'e06154ec-604f-410c-947b-b2520f4da36a', 3),
('db1f8dae-41d7-48e1-bcfd-d41948a17755', 94, 'A25', 40, 'ce8f90d2-b0e8-4899-99e6-a2fe24302e77', 0),
('2ec8639e-4687-4754-bc9b-3dae3bcfa8b0', 74, 'A11', 33, 'ce8f90d2-b0e8-4899-99e6-a2fe24302e77', 1),
('bca670a0-c3ee-4235-aae2-a64816d934bc', 91, 'A6', 17, 'ce8f90d2-b0e8-4899-99e6-a2fe24302e77', 2),
('3da860ff-339c-4cfc-8672-c99119f02241', 1, 'Digital', 36, 'ce8f90d2-b0e8-4899-99e6-a2fe24302e77', 3),
('7be835a1-262d-470d-8edb-02e8accd20e0', 22, 'A21', 10, 'e9a217ea-fc1e-491c-82bc-c5c596f96238', 0),
('717a3289-4e85-4d7d-86ae-0602031e7e8e', 33, 'A42', 28, 'e9a217ea-fc1e-491c-82bc-c5c596f96238', 1),
('7c7139fc-f8e7-4760-ac5b-07819b030824', 99, 'A32', 26, 'e9a217ea-fc1e-491c-82bc-c5c596f96238', 2),
('209a1939-0f0d-4164-a425-01a04aac08b5', 1, 'Digital', 49, 'e9a217ea-fc1e-491c-82bc-c5c596f96238', 3),
('6e5d00c1-55bd-4ad3-8151-2a1a6aeb6b40', 84, 'A48', 43, '872c08aa-aa49-403d-aba8-9850c9e0a5b5', 0),
('80c43a3e-8d9a-470e-8829-a8b9553bbe7b', 74, 'A39', 18, '872c08aa-aa49-403d-aba8-9850c9e0a5b5', 1),
('b1d54876-dc39-4df1-a62f-c31abc3c46a7', 46, 'A32', 31, '872c08aa-aa49-403d-aba8-9850c9e0a5b5', 2),
('f6cdb05c-5a2c-43bb-856f-52d254febfbe', 1, 'Digital', 12, '872c08aa-aa49-403d-aba8-9850c9e0a5b5', 3),
('7deb5f78-5e0c-42f1-9ddb-06a0f9c0c643', 34, 'A37', 17, '06c5ef4a-58f3-455e-845a-0213e8dc90a6', 0),
('512b6be0-ce06-4979-bde0-db5fe3d2824d', 97, 'A33', 36, '06c5ef4a-58f3-455e-845a-0213e8dc90a6', 1),
('d9623464-7ece-45a7-b7fc-e1bcc057b102', 94, 'A48', 38, '06c5ef4a-58f3-455e-845a-0213e8dc90a6', 2),
('cbee7828-bf5e-4613-81c7-d60f5aa2d0f5', 1, 'Digital', 22, '06c5ef4a-58f3-455e-845a-0213e8dc90a6', 3),
('169e7fa8-1633-4cd4-8211-4d939a8cc9fb', 6, 'A49', 34, '279e8b05-a309-496d-be88-4c806dd017b7', 0),
('20016b06-b7a3-4ef5-9977-f758bf762926', 1, 'A26', 41, '279e8b05-a309-496d-be88-4c806dd017b7', 1),
('137473c8-809b-4662-b584-69be74614f58', 62, 'A35', 37, '279e8b05-a309-496d-be88-4c806dd017b7', 2),
('8afec5af-9ea9-490a-99e0-024c364ce337', 1, 'Digital', 35, '279e8b05-a309-496d-be88-4c806dd017b7', 3),
('23303678-ab81-40b3-af74-7a6d6dc65346', 49, 'A12', 19, '2a09a342-2e43-49a4-a1c8-b6dfdbb30995', 0),
('c480bc53-be30-46e3-9af9-ed7a46ae99e5', 69, 'A35', 22, '2a09a342-2e43-49a4-a1c8-b6dfdbb30995', 1),
('3537c5da-1e35-4603-b0ca-3178532ca211', 66, 'A31', 11, '2a09a342-2e43-49a4-a1c8-b6dfdbb30995', 2),
('9a675798-9ec9-40ef-b08d-bfe7335c5706', 1, 'Digital', 12, '2a09a342-2e43-49a4-a1c8-b6dfdbb30995', 3),
('91e56b7b-661a-4538-9386-526e4f4ed99c', 3, 'A2', 38, 'f089ecbe-7572-478d-af34-82f6dde73ad5', 0),
('dc9784dd-5e45-4152-bf59-9d431c8ef459', 12, 'A0', 43, 'f089ecbe-7572-478d-af34-82f6dde73ad5', 1),
('91c41956-ab2e-48b1-80cd-458609a8f507', 2, 'A28', 26, 'f089ecbe-7572-478d-af34-82f6dde73ad5', 2),
('fcafea58-aa3d-4c6f-a358-e9c60a0b23ce', 1, 'Digital', 33, 'f089ecbe-7572-478d-af34-82f6dde73ad5', 3),
('1fba7a4e-f6a8-48df-8062-63ccdd1c33e2', 41, 'A39', 25, '8903750f-39b5-49a9-884e-545993f7dfba', 0),
('5624c0e1-8cc0-4c2a-821c-1d51d0116872', 19, 'A49', 48, '8903750f-39b5-49a9-884e-545993f7dfba', 1),
('01c219c3-a694-4dfa-b520-fce810ca04f7', 35, 'A50', 10, '8903750f-39b5-49a9-884e-545993f7dfba', 2),
('ff0d308b-0059-44ad-85f7-39a6fddf72fa', 1, 'Digital', 42, '8903750f-39b5-49a9-884e-545993f7dfba', 3),
('daa88205-ac06-4cb2-802f-5d2f2b756359', 3, 'A0', 34, '09141c6c-5951-43ef-80b6-f320a2eedc1c', 0),
('006e2090-e8f7-4844-ba0c-25d552e60114', 65, 'A46', 50, '09141c6c-5951-43ef-80b6-f320a2eedc1c', 1),
('ce50d0ed-8aa2-4fda-b99e-3e0a2285e877', 48, 'A30', 11, '09141c6c-5951-43ef-80b6-f320a2eedc1c', 2),
('1c01f345-69c2-4dec-9565-f16a125d2e64', 1, 'Digital', 27, '09141c6c-5951-43ef-80b6-f320a2eedc1c', 3),
('2508b06e-8422-44a6-9b4c-4d8ca30bedbe', 93, 'A13', 34, '523f6144-f32b-485c-b3d6-ec4d123e6a27', 0),
('9770c84b-883f-4bb9-90c4-6b68d9fcee90', 14, 'A34', 20, '523f6144-f32b-485c-b3d6-ec4d123e6a27', 1),
('55fca04b-8f7d-420a-8320-58ec0d971da5', 0, 'A18', 42, '523f6144-f32b-485c-b3d6-ec4d123e6a27', 2),
('8b6ce3a7-b41e-4b31-8f38-20dc5321db45', 1, 'Digital', 39, '523f6144-f32b-485c-b3d6-ec4d123e6a27', 3),
('2c3b0068-b01a-4a35-b7f2-c633dec98370', 59, 'A7', 19, 'e9d9c88d-37aa-4d43-add4-d424eb64b968', 0),
('d22430bf-2daa-4acb-abef-b5096221b463', 10, 'A3', 22, 'e9d9c88d-37aa-4d43-add4-d424eb64b968', 1),
('041ae40c-ca74-49b4-87c5-61392dd33c93', 3, 'A12', 47, 'e9d9c88d-37aa-4d43-add4-d424eb64b968', 2),
('24f354e8-384a-45a7-ac8a-088340847087', 1, 'Digital', 50, 'e9d9c88d-37aa-4d43-add4-d424eb64b968', 3),
('2b11c1e6-8cd6-42f2-99f5-e697b65eef17', 18, 'A48', 37, 'af332384-099d-459f-a9b9-20c9de7527c3', 0),
('1dfdd76e-a6e6-46f6-8c70-e496a95064bc', 64, 'A28', 17, 'af332384-099d-459f-a9b9-20c9de7527c3', 1),
('c8ce9f75-d46e-422a-b15e-323b6c5cdc16', 39, 'A47', 21, 'af332384-099d-459f-a9b9-20c9de7527c3', 2),
('d1e15254-ee9e-4023-9f05-2fd46560362a', 1, 'Digital', 27, 'af332384-099d-459f-a9b9-20c9de7527c3', 3),
('6f411293-ba6e-4fdd-b6a3-4b22938908f8', 10, 'A45', 35, '2336f1ca-a643-4479-b32c-c34daf782093', 0),
('fea5341b-bd3a-4de9-a66e-8da58164a47a', 32, 'A28', 30, '2336f1ca-a643-4479-b32c-c34daf782093', 1),
('06b3d781-80d1-462b-bd75-009fd6ab218e', 16, 'A32', 39, '2336f1ca-a643-4479-b32c-c34daf782093', 2),
('35816686-f85c-44bd-8742-714409ba5d2c', 1, 'Digital', 43, '2336f1ca-a643-4479-b32c-c34daf782093', 3),
('df381505-4d0b-4acb-857e-ac2b3d04be91', 0, 'A48', 16, 'c799a4b2-7c3a-4944-8e04-5fc4ea9b8590', 0),
('3beb8cf9-87a2-438a-94bd-fb5ae9db06da', 19, 'A23', 34, 'c799a4b2-7c3a-4944-8e04-5fc4ea9b8590', 1),
('c23eed91-25ff-480b-bdef-f301920c98b4', 27, 'A40', 46, 'c799a4b2-7c3a-4944-8e04-5fc4ea9b8590', 2),
('d7c8cf35-439b-4f1c-826f-89934e49162a', 1, 'Digital', 49, 'c799a4b2-7c3a-4944-8e04-5fc4ea9b8590', 3),
('2fce07bf-38e4-474e-9dd7-c1a886067efa', 20, 'A1', 35, 'cccd0746-7d34-464e-955f-9bebe6847fde', 0),
('66b1a3ce-ae43-4401-bae1-f00386c8124d', 85, 'A28', 21, 'cccd0746-7d34-464e-955f-9bebe6847fde', 1),
('a16ea23c-458a-40bd-8a97-4ed0ca92efce', 16, 'A42', 14, 'cccd0746-7d34-464e-955f-9bebe6847fde', 2),
('f15a7c07-ba36-4d0a-9e6c-fd9c007b46ab', 1, 'Digital', 12, 'cccd0746-7d34-464e-955f-9bebe6847fde', 3),
('62f8675a-4961-4d54-8d53-50ac2e241f90', 86, 'A25', 43, '136192fa-8a37-42c0-aaa3-2ca42bc4ae6a', 0),
('435d07d0-b894-4913-87d3-469845785ffc', 62, 'A13', 13, '136192fa-8a37-42c0-aaa3-2ca42bc4ae6a', 1),
('c9118dce-85ce-43a4-a3d9-d06c8aad57a4', 28, 'A40', 15, '136192fa-8a37-42c0-aaa3-2ca42bc4ae6a', 2),
('528aebe0-f481-451c-8942-861f76b77ac7', 1, 'Digital', 11, '136192fa-8a37-42c0-aaa3-2ca42bc4ae6a', 3),
('f90f0ad6-c3d3-4bc6-ab49-26d79c5de687', 52, 'A16', 18, 'c4a1a626-6f4d-457c-8f07-adfad6da9ff3', 0),
('11fb81a3-1bbc-4547-9969-b40f29c739b8', 58, 'A9', 30, 'c4a1a626-6f4d-457c-8f07-adfad6da9ff3', 1),
('067c4939-05fe-455f-b2c0-a30f54ed8e74', 69, 'A31', 29, 'c4a1a626-6f4d-457c-8f07-adfad6da9ff3', 2),
('5dfb665e-5dc1-40e9-a0ff-daab9b394dd2', 1, 'Digital', 19, 'c4a1a626-6f4d-457c-8f07-adfad6da9ff3', 3),
('4a33d7bc-645c-46bf-a403-ce9ea97898aa', 61, 'A17', 26, '2d4d2474-08d4-40cf-a416-15577ecf5466', 0),
('2ec2ae31-ad1f-4a6f-8c86-dd9fb76f7079', 24, 'A8', 14, '2d4d2474-08d4-40cf-a416-15577ecf5466', 1),
('64220c77-d9be-41ac-9cec-5825b03650b2', 20, 'A2', 30, '2d4d2474-08d4-40cf-a416-15577ecf5466', 2),
('70c9f5e0-48fc-44db-8756-6892e8cd9bd6', 1, 'Digital', 26, '2d4d2474-08d4-40cf-a416-15577ecf5466', 3),
('994f690a-c05c-4742-a1b6-c8557ec48558', 73, 'A30', 28, 'ad9e4b64-b24d-4c4e-a28f-a2c99215164a', 0),
('6e955c4a-7535-4858-90fc-9600a0806c6a', 52, 'A33', 18, 'ad9e4b64-b24d-4c4e-a28f-a2c99215164a', 1),
('8e09e311-557a-4f84-9af7-46b1e0fa2b61', 90, 'A49', 25, 'ad9e4b64-b24d-4c4e-a28f-a2c99215164a', 2),
('c0a4b3cd-4011-442f-9e92-9ea855b86b08', 1, 'Digital', 48, 'ad9e4b64-b24d-4c4e-a28f-a2c99215164a', 3),
('ebc28909-34b9-4b3e-9299-df346cd8d7d2', 85, 'A9', 39, 'a7e46096-a4a9-443d-9e3b-7217c6bdfd1b', 0),
('1d3ba036-cf3b-4710-a745-88666fb2c40c', 70, 'A46', 21, 'a7e46096-a4a9-443d-9e3b-7217c6bdfd1b', 1),
('63fc5a30-c743-4efb-ade0-c69ee418b3e5', 84, 'A28', 50, 'a7e46096-a4a9-443d-9e3b-7217c6bdfd1b', 2),
('072fb0b1-7b00-4cf9-b977-e25d9001ba0f', 1, 'Digital', 34, 'a7e46096-a4a9-443d-9e3b-7217c6bdfd1b', 3),
('a4d02d1a-3b62-4f58-a9fb-204c09c3a99e', 26, 'A14', 38, '83ffa557-959b-417e-a99d-e61105738e64', 0),
('2cdde127-f85a-4d1d-987f-517810ee1e6e', 89, 'A32', 12, '83ffa557-959b-417e-a99d-e61105738e64', 1),
('381638ae-acf2-4758-a897-1794c03469d2', 72, 'A9', 23, '83ffa557-959b-417e-a99d-e61105738e64', 2),
('c339c697-8f93-4615-bf5b-6428e8ee481f', 1, 'Digital', 32, '83ffa557-959b-417e-a99d-e61105738e64', 3),
('b7b3a6fe-7cb4-4304-bab7-08e47eb46f87', 11, 'A1', 11, 'd4e0f410-06fc-4e37-8fd3-b0c5c611764e', 0),
('e4a87d21-41f0-4877-a4ab-6634f86c9496', 89, 'A36', 22, 'd4e0f410-06fc-4e37-8fd3-b0c5c611764e', 1),
('d23502b0-80db-42a4-b46a-2ad32ce994f7', 12, 'A9', 27, 'd4e0f410-06fc-4e37-8fd3-b0c5c611764e', 2),
('54a71b26-3ded-45d3-a624-9fc7f7999bd3', 1, 'Digital', 43, 'd4e0f410-06fc-4e37-8fd3-b0c5c611764e', 3),
('276a2eb7-42e9-4465-83f4-ee18f88c946a', 70, 'A28', 31, '7e410355-4570-460c-9568-bca63453c593', 0),
('0828e712-9357-4981-af7b-e7ce56571887', 90, 'A6', 38, '7e410355-4570-460c-9568-bca63453c593', 1),
('0b377036-8bb4-4458-9038-24411ff28030', 53, 'A35', 39, '7e410355-4570-460c-9568-bca63453c593', 2),
('63041134-c704-4346-b00c-aef1490dc52a', 1, 'Digital', 44, '7e410355-4570-460c-9568-bca63453c593', 3),
('f81da98a-8b70-4218-be58-d553bd5d72a0', 97, 'A33', 25, 'c7b6791e-5cfd-4459-923e-57cd0cc7d86d', 0),
('f394151d-795d-45bc-80e2-6d7c31d72811', 82, 'A17', 18, 'c7b6791e-5cfd-4459-923e-57cd0cc7d86d', 1),
('6e5ab6ff-fd47-4f5e-8535-126cc63a16bd', 94, 'A18', 24, 'c7b6791e-5cfd-4459-923e-57cd0cc7d86d', 2),
('8237d008-6adb-45a7-9ed2-67b9cee89978', 1, 'Digital', 48, 'c7b6791e-5cfd-4459-923e-57cd0cc7d86d', 3),
('4d15c07b-79d5-49fb-a160-baafa1c29849', 66, 'A25', 14, 'b00e139d-2fd1-4913-95f7-b0c7de8c6bf3', 0),
('cfacef49-9c08-44a4-9417-6de2aff924d8', 94, 'A31', 19, 'b00e139d-2fd1-4913-95f7-b0c7de8c6bf3', 1),
('6c1525e8-e0c8-4e36-94d9-10f86512e526', 27, 'A21', 24, 'b00e139d-2fd1-4913-95f7-b0c7de8c6bf3', 2),
('e3b16923-1bb4-4812-b0af-bc40b6051853', 1, 'Digital', 42, 'b00e139d-2fd1-4913-95f7-b0c7de8c6bf3', 3),
('924792c0-a7b3-4c7b-9c06-fd3d111b451c', 30, 'A17', 35, '2a0c49fc-08a3-4bd1-8990-bec226706aba', 0),
('c6ac4386-4a96-4cc5-9e95-7fbed1f7a5a0', 47, 'A2', 31, '2a0c49fc-08a3-4bd1-8990-bec226706aba', 1),
('9ec6b339-da99-4f5a-ba2a-baa4542a79bd', 82, 'A4', 21, '2a0c49fc-08a3-4bd1-8990-bec226706aba', 2),
('94c7da1e-5a1b-4333-8681-1848d7663867', 1, 'Digital', 14, '2a0c49fc-08a3-4bd1-8990-bec226706aba', 3),
('1eaf6abf-dc35-4d89-a875-984e5d91bc75', 27, 'A23', 44, 'a717551e-400f-4950-adc9-20c3d4752ed6', 0),
('8180bccc-ae64-420c-a3d4-01fe58abbabb', 30, 'A50', 33, 'a717551e-400f-4950-adc9-20c3d4752ed6', 1),
('9994ff4a-3fc2-4ab1-9dfb-86c811b183d1', 25, 'A3', 20, 'a717551e-400f-4950-adc9-20c3d4752ed6', 2),
('62ec8bfe-c3c2-4ee7-b1d7-59986149d9fe', 1, 'Digital', 25, 'a717551e-400f-4950-adc9-20c3d4752ed6', 3),
('7a1ca152-74e1-4e24-9180-d1c6cd730559', 69, 'A42', 49, '347c0f29-470a-49bc-be40-f91b681de1f3', 0),
('4a880aa5-1490-4bbd-a308-d73bcc79b60c', 31, 'A48', 41, '347c0f29-470a-49bc-be40-f91b681de1f3', 1),
('48c8a3ca-8467-4c18-98cd-61ce09114b6d', 53, 'A38', 43, '347c0f29-470a-49bc-be40-f91b681de1f3', 2),
('ee36a7d9-0fdd-4a46-b2cb-93fbb868b587', 1, 'Digital', 43, '347c0f29-470a-49bc-be40-f91b681de1f3', 3),
('c5414bc2-c83b-4263-9985-209a29e7cdb7', 10, 'A18', 37, '2262573c-b732-46de-8f71-e5a4b731fc96', 0),
('02694fcf-acb3-48ed-8b36-41f9814a74c3', 97, 'A36', 45, '2262573c-b732-46de-8f71-e5a4b731fc96', 1),
('f62797e1-ba81-4169-8a8b-bf16fd286301', 66, 'A10', 24, '2262573c-b732-46de-8f71-e5a4b731fc96', 2),
('ba53d760-c310-4dc3-985b-8976e9f3b61c', 1, 'Digital', 41, '2262573c-b732-46de-8f71-e5a4b731fc96', 3),
('16fcb7fb-008c-4b6d-aa89-bae7018e10dc', 46, 'A11', 32, '67b46f8e-6635-4c8e-91a0-5914902d6861', 0),
('438cb1d7-5f99-4634-b67b-9bc0f6a413ec', 58, 'A41', 13, '67b46f8e-6635-4c8e-91a0-5914902d6861', 1),
('a6ad3262-5c49-4380-b357-351cddfa81ae', 23, 'A21', 23, '67b46f8e-6635-4c8e-91a0-5914902d6861', 2),
('fe622dc2-a601-47c5-9802-9088cc07f1c0', 1, 'Digital', 46, '67b46f8e-6635-4c8e-91a0-5914902d6861', 3),
('8f401148-51ef-4cf8-9e85-68718b3496cf', 34, 'A5', 25, 'fd21850a-747d-478e-8c7e-fbab2b5c2a9a', 0),
('5a5e3c93-c422-48ce-9b72-778484e0cbd9', 34, 'A10', 40, 'fd21850a-747d-478e-8c7e-fbab2b5c2a9a', 1),
('4b01927f-c659-44f9-9377-a3345c5c6cda', 45, 'A20', 39, 'fd21850a-747d-478e-8c7e-fbab2b5c2a9a', 2),
('07612010-9ff9-4e01-b2d0-583214e2ab7a', 1, 'Digital', 13, 'fd21850a-747d-478e-8c7e-fbab2b5c2a9a', 3),
('19d8aa01-d49d-4b09-a24f-c5b8cb3e86e8', 98, 'A13', 32, '3eadb3c9-6c3d-45fd-ad8c-ac15b82f14fe', 0),
('4efd642e-e1b3-4b60-ab67-0bf669f696ed', 39, 'A5', 13, '3eadb3c9-6c3d-45fd-ad8c-ac15b82f14fe', 1),
('3d79c9ac-ed02-488a-9c3b-ef1e3aa99e0a', 46, 'A2', 19, '3eadb3c9-6c3d-45fd-ad8c-ac15b82f14fe', 2),
('15936312-37c1-40c9-b053-08e909f0b5ac', 1, 'Digital', 39, '3eadb3c9-6c3d-45fd-ad8c-ac15b82f14fe', 3),
('34241e7c-2739-4a5c-a749-f19c7b5f5bbc', 66, 'A47', 27, '16d55e44-0d24-45e5-b0a3-8237b29a3a17', 0),
('0f97dd5b-b0b6-49fd-b14a-57fa9de3ecf2', 80, 'A50', 17, '16d55e44-0d24-45e5-b0a3-8237b29a3a17', 1),
('c72312f1-cbf2-400f-92ce-2c8901173c58', 95, 'A32', 15, '16d55e44-0d24-45e5-b0a3-8237b29a3a17', 2),
('2a1eb202-dff4-4997-a060-3a4d1038dfb9', 1, 'Digital', 43, '16d55e44-0d24-45e5-b0a3-8237b29a3a17', 3),
('25cd5f15-a1ea-42f5-bb21-c11f4fa7dc84', 84, 'A8', 19, '9bc59697-7c09-4d21-b8d3-7b765f4039a6', 0),
('b75d7994-4a03-4ff3-b50e-9fa41623679e', 84, 'A7', 39, '9bc59697-7c09-4d21-b8d3-7b765f4039a6', 1),
('a9a98817-3289-4494-9c57-720427c00eb4', 94, 'A50', 10, '9bc59697-7c09-4d21-b8d3-7b765f4039a6', 2),
('adcef58a-235a-4c02-95a4-83b3e9542b27', 1, 'Digital', 35, '9bc59697-7c09-4d21-b8d3-7b765f4039a6', 3),
('01bae295-4d70-44bd-93a6-681a83388b84', 48, 'A41', 17, 'a1a72105-06ad-4777-b0bf-a5db46df7026', 0),
('279e3c6b-086b-4472-9edc-018c73236793', 96, 'A31', 24, 'a1a72105-06ad-4777-b0bf-a5db46df7026', 1),
('dff40f20-bfa3-489e-8814-ac856db26edf', 1, 'A0', 10, 'a1a72105-06ad-4777-b0bf-a5db46df7026', 2),
('e1160833-ee54-4f67-b0ff-571b3af4173e', 1, 'Digital', 12, 'a1a72105-06ad-4777-b0bf-a5db46df7026', 3),
('4dd9fcf3-a730-4ecb-b684-d5bb88da66f9', 44, 'A46', 25, '8d8e309f-2439-4f22-b4d6-fdd9e9d6c1b2', 0),
('979aad24-ff8a-4591-9306-1f19c7bb79b2', 96, 'A23', 27, '8d8e309f-2439-4f22-b4d6-fdd9e9d6c1b2', 1),
('eb01f3a6-7e5b-47d9-9617-850341060edb', 90, 'A19', 50, '8d8e309f-2439-4f22-b4d6-fdd9e9d6c1b2', 2),
('4b213202-982d-49d5-9777-a2fefd7d712c', 1, 'Digital', 24, '8d8e309f-2439-4f22-b4d6-fdd9e9d6c1b2', 3),
('fbcb5677-b6e2-409e-96b2-f040f5f6b37c', 34, 'A28', 37, 'd8d96054-ae60-4284-90a7-2050fda32823', 0),
('b7d28568-2f27-48f1-ab1a-d70be01f0a43', 24, 'A11', 27, 'd8d96054-ae60-4284-90a7-2050fda32823', 1),
('9b72a1fe-c548-438f-b4bc-70335ae925b6', 17, 'A1', 13, 'd8d96054-ae60-4284-90a7-2050fda32823', 2),
('1d08d998-cd84-49c9-9f58-907cfb826396', 1, 'Digital', 48, 'd8d96054-ae60-4284-90a7-2050fda32823', 3),
('b37d6935-d19a-4926-9c31-9c7f9470bc7d', 98, 'A49', 12, 'a01a9325-3d27-4f2e-851a-41a9597aa87f', 0),
('9414c5c5-46ef-4f98-ab71-7c6ebb269b97', 18, 'A24', 17, 'a01a9325-3d27-4f2e-851a-41a9597aa87f', 1),
('dcb4e63c-5a02-4fbb-970b-1f9de3c55ea8', 100, 'A18', 44, 'a01a9325-3d27-4f2e-851a-41a9597aa87f', 2),
('3cf04020-5862-47a6-8955-9cb26aeceebc', 1, 'Digital', 12, 'a01a9325-3d27-4f2e-851a-41a9597aa87f', 3),
('ea3eae2c-ba84-4965-897a-1ae2ed4d51f9', 4, 'A24', 32, '52a957a1-beb8-4224-82b2-aade816832cc', 0),
('72f5aa2e-095b-4aa2-b197-7c5db34835b5', 95, 'A7', 18, '52a957a1-beb8-4224-82b2-aade816832cc', 1),
('07ece23a-0f52-46f5-a0b7-525b7da00234', 40, 'A13', 37, '52a957a1-beb8-4224-82b2-aade816832cc', 2),
('179c6ccd-0904-4aec-b22d-96cb9b009c1c', 1, 'Digital', 42, '52a957a1-beb8-4224-82b2-aade816832cc', 3),
('089b2d33-38b8-427d-8865-3d5a428d52ad', 24, 'A22', 18, '81eed66f-1432-425b-9fd6-811e5b31ece3', 0),
('90f39a25-f121-41a7-a274-fff0964963f9', 37, 'A6', 28, '81eed66f-1432-425b-9fd6-811e5b31ece3', 1),
('3ee8a5c5-2f12-46a3-9423-e4af9c4dacb8', 16, 'A40', 10, '81eed66f-1432-425b-9fd6-811e5b31ece3', 2),
('c58b441e-a5e2-4f53-9304-3721559f92d0', 1, 'Digital', 21, '81eed66f-1432-425b-9fd6-811e5b31ece3', 3),
('6b4fd7ba-aac8-4798-8675-7bd46527ea9d', 32, 'A4', 32, '500defbb-196b-41b9-b502-26a3ff59077e', 0),
('44ff706b-6c04-4b3b-b103-fd815b140538', 73, 'A17', 28, '500defbb-196b-41b9-b502-26a3ff59077e', 1),
('3dce8511-cd9c-40af-9d7b-17717bbec209', 94, 'A50', 13, '500defbb-196b-41b9-b502-26a3ff59077e', 2),
('1b1ab4f8-bba0-474e-88d4-75620aed9599', 1, 'Digital', 43, '500defbb-196b-41b9-b502-26a3ff59077e', 3),
('114e32ed-3d88-4645-853a-2b896ed155d7', 40, 'A35', 30, '495f4435-7b6d-4b83-82a0-8fcba6b17ecf', 0),
('dc9b1655-ebd9-4349-909a-bd138c012134', 21, 'A45', 27, '495f4435-7b6d-4b83-82a0-8fcba6b17ecf', 1),
('c92ddbbf-5313-432b-b4d9-f7784895fa86', 15, 'A45', 50, '495f4435-7b6d-4b83-82a0-8fcba6b17ecf', 2),
('b8af5198-cd24-43a4-b923-06bc26397651', 1, 'Digital', 33, '495f4435-7b6d-4b83-82a0-8fcba6b17ecf', 3),
('9e22e5d5-b843-4330-a604-02d1df3444b2', 45, 'A40', 44, 'daa6dd15-52c8-432a-b0a6-d7f86206aa41', 0),
('dd1f0364-2d54-458e-bd22-a02df2f6e262', 55, 'A47', 18, 'daa6dd15-52c8-432a-b0a6-d7f86206aa41', 1),
('1c24919d-68b5-429d-ada7-e37ae000fb2a', 0, 'A12', 37, 'daa6dd15-52c8-432a-b0a6-d7f86206aa41', 2),
('ea1b5e3f-98ba-4588-9529-f273b7f901ce', 1, 'Digital', 15, 'daa6dd15-52c8-432a-b0a6-d7f86206aa41', 3),
('5ffca693-7d62-4e54-b98d-737d655f636f', 18, 'A21', 41, '87ba7f93-b9bd-4154-b59d-d50bc1c55f81', 0),
('370fdf77-8d9d-4f70-85fe-34f6181b354a', 74, 'A12', 18, '87ba7f93-b9bd-4154-b59d-d50bc1c55f81', 1),
('a7eaf40a-baab-4d05-b38b-19e38c3ed022', 49, 'A39', 10, '87ba7f93-b9bd-4154-b59d-d50bc1c55f81', 2),
('68750347-0c14-43cc-b0e8-75552be92075', 1, 'Digital', 27, '87ba7f93-b9bd-4154-b59d-d50bc1c55f81', 3),
('aab86c1d-36d9-4225-b569-13add7e06044', 27, 'A21', 10, '277c5868-8e78-4490-bb62-23713a5d7483', 0),
('8e838cd3-7fc8-4443-b06b-08f57f499bb3', 56, 'A27', 31, '277c5868-8e78-4490-bb62-23713a5d7483', 1),
('be215baf-eebf-456f-a44e-c07ae2503771', 27, 'A50', 39, '277c5868-8e78-4490-bb62-23713a5d7483', 2),
('95662ad8-3ec4-4119-9617-282fb7b7ed7a', 1, 'Digital', 43, '277c5868-8e78-4490-bb62-23713a5d7483', 3),
('b0ed4bf6-f420-471c-a13a-aa0df9fe6076', 22, 'A32', 48, '5d3de218-b8ff-4148-abaf-f282955dacc9', 0),
('7d9a8599-561b-4606-beed-9595bb215551', 32, 'A19', 26, '5d3de218-b8ff-4148-abaf-f282955dacc9', 1),
('652c32e7-a9d5-4ade-a9d3-fecff68a8b2c', 11, 'A42', 22, '5d3de218-b8ff-4148-abaf-f282955dacc9', 2),
('c49aa3f7-24ad-4475-97f2-214b2101340a', 1, 'Digital', 37, '5d3de218-b8ff-4148-abaf-f282955dacc9', 3),
('08bf6676-a462-4a3c-a443-7261f446f10f', 2, 'A2', 16, '3174bdb3-c345-4e4e-81d9-c0899101845b', 0),
('072c1091-7234-4541-9ed7-3d9b1089c545', 41, 'A24', 50, '3174bdb3-c345-4e4e-81d9-c0899101845b', 1),
('9b2e8773-ff05-4d8d-b822-68c542d8a505', 80, 'A34', 30, '3174bdb3-c345-4e4e-81d9-c0899101845b', 2),
('6ce9078d-2215-4646-b8c5-173fc3ae8fb1', 1, 'Digital', 14, '3174bdb3-c345-4e4e-81d9-c0899101845b', 3),
('ef60ec40-4fa5-41e7-b145-a0d1cbd8eb8b', 88, 'A17', 38, '0a5aa1fb-66c9-4811-a9ac-c2b73879613b', 0),
('31e7f527-17a9-4dc1-bec8-ed61d35a3d99', 39, 'A16', 20, '0a5aa1fb-66c9-4811-a9ac-c2b73879613b', 1),
('eb105afe-7505-4757-8c61-ec111dc1482e', 83, 'A38', 41, '0a5aa1fb-66c9-4811-a9ac-c2b73879613b', 2),
('4d0d8e24-e4ff-463d-935e-0e003f87e1d1', 1, 'Digital', 10, '0a5aa1fb-66c9-4811-a9ac-c2b73879613b', 3),
('c04a68f0-ab7f-491f-9c19-4f153b94d0e5', 56, 'A40', 31, '9940a253-ff38-4e45-942b-78a434331e1d', 0),
('1f67c651-924e-4b8b-8eae-fdb697e3dbcd', 74, 'A48', 35, '9940a253-ff38-4e45-942b-78a434331e1d', 1),
('1e65a2c4-9e12-4b0c-9c5e-c47340912036', 52, 'A32', 45, '9940a253-ff38-4e45-942b-78a434331e1d', 2),
('8593b0c3-53f1-43bc-9c53-4956d3847a38', 1, 'Digital', 35, '9940a253-ff38-4e45-942b-78a434331e1d', 3),
('86a70ca0-ca52-4f67-a898-d6377cc48128', 97, 'A27', 25, '57c19025-70bf-444b-b63a-b99f075361e6', 0),
('b20418c3-eee6-42f9-8764-67968809131d', 19, 'A45', 25, '57c19025-70bf-444b-b63a-b99f075361e6', 1),
('782be8ed-9d90-4a1a-90d9-e98158961ff5', 31, 'A26', 32, '57c19025-70bf-444b-b63a-b99f075361e6', 2),
('5be49d81-b16e-43d6-9ceb-40945dff3155', 1, 'Digital', 29, '57c19025-70bf-444b-b63a-b99f075361e6', 3),
('39303e06-0739-4d70-b210-19deea00c634', 49, 'A8', 11, '0a15fa08-cd6a-41ab-9d2a-5e2eda2aa7e4', 0),
('f29e15e4-5a1c-4500-86bf-4766b5553938', 61, 'A41', 16, '0a15fa08-cd6a-41ab-9d2a-5e2eda2aa7e4', 1),
('948bbea0-9169-4f26-a203-41bd6e1dded1', 51, 'A35', 19, '0a15fa08-cd6a-41ab-9d2a-5e2eda2aa7e4', 2),
('c56876a1-e18f-4f72-b25b-5655656dd743', 1, 'Digital', 21, '0a15fa08-cd6a-41ab-9d2a-5e2eda2aa7e4', 3),
('d69402ae-1fd5-4918-b01e-df10f0df0899', 31, 'A18', 35, '2ca5360d-fd8b-4fd5-ae38-17e83d5cdda6', 0),
('a48dfce5-a2b9-4626-afbf-30109263a8c0', 35, 'A11', 40, '2ca5360d-fd8b-4fd5-ae38-17e83d5cdda6', 1),
('a89d1b8e-3cfa-48d6-9827-6ebe685ff961', 12, 'A49', 44, '2ca5360d-fd8b-4fd5-ae38-17e83d5cdda6', 2),
('907071dd-9e02-4a20-bccf-ad027308b9fa', 1, 'Digital', 22, '2ca5360d-fd8b-4fd5-ae38-17e83d5cdda6', 3),
('af282616-c3b9-4d4f-92e8-dc85296d6e00', 82, 'A16', 35, '7b175f88-6cf8-48d0-8b29-22a629507ac5', 0),
('ecee189e-c42e-4fb3-b7fd-461d14b3e7f9', 30, 'A29', 27, '7b175f88-6cf8-48d0-8b29-22a629507ac5', 1),
('818fdb2c-d026-40c4-a6ea-d961bb95e41c', 53, 'A47', 24, '7b175f88-6cf8-48d0-8b29-22a629507ac5', 2),
('84ed3434-c29f-4681-bff8-7dc867e187a5', 1, 'Digital', 29, '7b175f88-6cf8-48d0-8b29-22a629507ac5', 3),
('c839d6df-cae4-4daf-b95c-f56da090805e', 94, 'A16', 46, '754d400d-7931-44c9-acf0-54792ee50e73', 0),
('ba471164-fa12-4ced-85c2-e0af5b177d84', 30, 'A43', 20, '754d400d-7931-44c9-acf0-54792ee50e73', 1),
('1f96d0b7-bb6b-4243-8fe1-68f484758452', 77, 'A29', 20, '754d400d-7931-44c9-acf0-54792ee50e73', 2),
('0b7b977b-12f4-4794-abce-eecd585e579d', 1, 'Digital', 19, '754d400d-7931-44c9-acf0-54792ee50e73', 3),
('dd3b02d1-361c-47d4-9a32-57c83708b5b4', 16, 'A4', 19, 'ffabb808-b62e-4cc7-b5ce-709389f88b37', 0),
('547f7b2c-65c7-4cb3-9de8-ff526a5246cf', 43, 'A6', 40, 'ffabb808-b62e-4cc7-b5ce-709389f88b37', 1),
('6a4fac2f-0212-4046-a798-00d8115db990', 83, 'A17', 38, 'ffabb808-b62e-4cc7-b5ce-709389f88b37', 2),
('a536aac7-a1a1-46ff-847c-eb4664cda9f8', 1, 'Digital', 31, 'ffabb808-b62e-4cc7-b5ce-709389f88b37', 3),
('d5ca4c62-c196-497e-9329-ec651b4e8f40', 78, 'A43', 46, 'de505696-cb97-421b-8dfa-92366af2cedd', 0),
('e66f00c4-75b3-4d10-a1a2-c0ece073fbbe', 64, 'A1', 21, 'de505696-cb97-421b-8dfa-92366af2cedd', 1),
('46b4dd20-1bfa-41c8-b60b-5e66d5f6a94a', 18, 'A38', 31, 'de505696-cb97-421b-8dfa-92366af2cedd', 2),
('d278436a-7150-42b8-a68a-34bd4a5a7483', 1, 'Digital', 41, 'de505696-cb97-421b-8dfa-92366af2cedd', 3),
('666597a8-6bd3-4a41-bff2-cb584f6f1f81', 34, 'A42', 20, '457042d5-8b5e-4b44-97a3-6579ef4ce1c9', 0),
('3f9f53d7-0bb1-4923-bba1-d2d7fb22b017', 44, 'A40', 49, '457042d5-8b5e-4b44-97a3-6579ef4ce1c9', 1),
('c2928948-a6cf-4e2b-bcd9-e831a739b3c4', 27, 'A26', 32, '457042d5-8b5e-4b44-97a3-6579ef4ce1c9', 2),
('36940150-0b2e-42e0-b49b-c55f0523a046', 1, 'Digital', 22, '457042d5-8b5e-4b44-97a3-6579ef4ce1c9', 3),
('d59ece65-25b8-4de9-b91a-648076599b9f', 61, 'A22', 32, '8917174f-c562-443e-b633-6e97e8fae932', 0),
('1e951cef-b076-447a-9b31-4c4251a5d514', 43, 'A33', 23, '8917174f-c562-443e-b633-6e97e8fae932', 1),
('273bf828-abd5-423a-a7ad-e452f2e22fc0', 26, 'A33', 12, '8917174f-c562-443e-b633-6e97e8fae932', 2),
('f3c57aa8-2705-40fb-ab36-a5361a2c43d5', 1, 'Digital', 38, '8917174f-c562-443e-b633-6e97e8fae932', 3),
('b6660a53-5867-4023-94e7-17098a4257ec', 4, 'A4', 36, '449cbfa2-d007-41a5-9dcf-94e4784bb904', 0),
('93c6e3da-7c1b-48ae-b502-e490a63de8b9', 36, 'A43', 18, '449cbfa2-d007-41a5-9dcf-94e4784bb904', 1),
('b1583d49-dde3-4c89-bee4-0a7e2efb07a8', 39, 'A48', 28, '449cbfa2-d007-41a5-9dcf-94e4784bb904', 2),
('f31015f7-a972-4058-a5d2-56dd528bc590', 1, 'Digital', 17, '449cbfa2-d007-41a5-9dcf-94e4784bb904', 3),
('ede8deaf-2605-453d-8dc4-b09570b4e5d3', 94, 'A20', 44, '1c2663c3-8c10-4781-b62e-5a8bbb135e54', 0),
('e5307e0b-c287-43f4-8e7d-c04aca8910dc', 50, 'A49', 21, '1c2663c3-8c10-4781-b62e-5a8bbb135e54', 1),
('7737edb4-71f1-438d-8d03-f42c475ffd86', 98, 'A29', 16, '1c2663c3-8c10-4781-b62e-5a8bbb135e54', 2),
('c344cb48-c70f-4cab-9cf0-340c4b52a648', 1, 'Digital', 21, '1c2663c3-8c10-4781-b62e-5a8bbb135e54', 3),
('880f816f-f33e-4298-97b7-8a79cc9e98ad', 33, 'A42', 29, '3e435ac6-f9e0-4932-9244-6449d84a49e0', 0),
('132e04ee-987e-4701-bb07-f0a9ad5355ec', 4, 'A45', 49, '3e435ac6-f9e0-4932-9244-6449d84a49e0', 1),
('6c08cf20-3b90-4051-aef8-34ab13bd67f6', 63, 'A48', 28, '3e435ac6-f9e0-4932-9244-6449d84a49e0', 2),
('77ce3d73-6aad-45aa-b7cc-ab03e31f5c2b', 1, 'Digital', 38, '3e435ac6-f9e0-4932-9244-6449d84a49e0', 3),
('fc2d7133-b51f-47dd-92a4-2d94ac8009ed', 28, 'A0', 35, '0e9382e8-4680-47e3-848a-5d90a18ea9b2', 0),
('92ed3aba-5f94-4a27-a9fb-43efbae20fef', 18, 'A16', 29, '0e9382e8-4680-47e3-848a-5d90a18ea9b2', 1),
('98cf38ab-6973-483b-a68f-bd0323286ee6', 98, 'A47', 28, '0e9382e8-4680-47e3-848a-5d90a18ea9b2', 2),
('43725ded-330f-4c92-9647-ce25f38b8c18', 1, 'Digital', 10, '0e9382e8-4680-47e3-848a-5d90a18ea9b2', 3),
('c956ec39-89a9-4f55-a04d-958c109b2f68', 75, 'A25', 17, '6e3a18c7-1047-42d8-9344-2601c91e82f2', 0),
('8e85cc91-4293-4844-9865-4dc324a4b888', 77, 'A23', 16, '6e3a18c7-1047-42d8-9344-2601c91e82f2', 1),
('9ee82b88-7cdd-4697-b527-a87d49224dd0', 60, 'A8', 43, '6e3a18c7-1047-42d8-9344-2601c91e82f2', 2),
('0ef44af2-9ef3-4d80-b17b-556803e75b4e', 1, 'Digital', 35, '6e3a18c7-1047-42d8-9344-2601c91e82f2', 3),
('a240c87a-757b-4b68-889a-823e7808c735', 35, 'A48', 18, '1f474169-b67d-4522-84f8-b87fdc46313b', 0),
('f401306d-abca-4d2c-8905-0e0d37dc8f9a', 56, 'A24', 48, '1f474169-b67d-4522-84f8-b87fdc46313b', 1),
('3edaa17d-1ecc-402b-bc34-e991ce1002d7', 30, 'A22', 48, '1f474169-b67d-4522-84f8-b87fdc46313b', 2),
('834fba11-a57b-4da0-9d11-8015ff025c9a', 1, 'Digital', 49, '1f474169-b67d-4522-84f8-b87fdc46313b', 3),
('16f36db3-41d5-4263-8911-dbc31a521cf2', 66, 'A25', 28, '5f6057f3-2c9c-484e-877e-78bcdcbeb50b', 0),
('30904457-82d9-40f4-a113-cd2bfcb95810', 9, 'A6', 22, '5f6057f3-2c9c-484e-877e-78bcdcbeb50b', 1),
('b841b752-a729-4fea-a9d1-66055ad4bd00', 42, 'A11', 16, '5f6057f3-2c9c-484e-877e-78bcdcbeb50b', 2),
('1f80aa2f-eec4-4ed4-b337-9852c16cd5a4', 1, 'Digital', 47, '5f6057f3-2c9c-484e-877e-78bcdcbeb50b', 3),
('d86de5a0-85e4-4929-a221-522a943e491f', 18, 'A34', 36, 'a33edcb6-1732-4d6b-8a76-d3aea9699391', 0),
('187e417b-ff42-47f5-ad3b-29dbd3a3d7d1', 77, 'A33', 43, 'a33edcb6-1732-4d6b-8a76-d3aea9699391', 1),
('6b7501e7-83cc-44eb-a071-076963d936dd', 57, 'A12', 27, 'a33edcb6-1732-4d6b-8a76-d3aea9699391', 2),
('e66e1d63-2e85-4117-92ce-9b29a878126a', 1, 'Digital', 39, 'a33edcb6-1732-4d6b-8a76-d3aea9699391', 3),
('5af72878-f9b6-4a21-9d83-861507a65e22', 91, 'A19', 13, '20596847-e7cd-44c9-bd2c-13df09bdbcdc', 0),
('1ea814ef-32b0-471d-a141-3ae05e4f634e', 33, 'A30', 37, '20596847-e7cd-44c9-bd2c-13df09bdbcdc', 1),
('4cb92f98-4f79-41b5-9d82-1ecca97c7451', 52, 'A45', 46, '20596847-e7cd-44c9-bd2c-13df09bdbcdc', 2),
('0c7fd0cb-2dc6-440d-802c-f4c38d7bf1f5', 1, 'Digital', 34, '20596847-e7cd-44c9-bd2c-13df09bdbcdc', 3),
('e40aeef1-719e-489e-91fe-5931c2fadf48', 37, 'A33', 49, 'f1efa4c7-03fd-41b7-b394-7eee9b97526b', 0),
('433b7d33-b4f0-4fc7-80cd-5d5465b183ec', 78, 'A1', 33, 'f1efa4c7-03fd-41b7-b394-7eee9b97526b', 1),
('46089f1c-9e49-4167-9db7-5e672fa4d202', 56, 'A34', 16, 'f1efa4c7-03fd-41b7-b394-7eee9b97526b', 2),
('d00591af-5411-498d-927e-4142e812eec1', 1, 'Digital', 13, 'f1efa4c7-03fd-41b7-b394-7eee9b97526b', 3),
('92683c58-74f4-4049-b72d-51edd79f6530', 69, 'A6', 23, '9d23ca74-12db-414a-a6fa-fc650bdca8e1', 0),
('c99ce294-a28c-4c82-b45f-2c248935b41c', 69, 'A38', 30, '9d23ca74-12db-414a-a6fa-fc650bdca8e1', 1),
('9904d485-8a2b-4216-ae21-daaa41883973', 70, 'A14', 25, '9d23ca74-12db-414a-a6fa-fc650bdca8e1', 2),
('deace64e-0dea-4563-ac94-edd40d523b1b', 1, 'Digital', 19, '9d23ca74-12db-414a-a6fa-fc650bdca8e1', 3),
('d86c8867-ec04-4d35-bf08-4c5a02f444c5', 56, 'A35', 23, '04d0a240-5a38-4031-af71-4a9b5789a5e1', 0),
('eb10c4e5-91f2-4af4-9e49-bf93932dafad', 67, 'A10', 11, '04d0a240-5a38-4031-af71-4a9b5789a5e1', 1),
('78185201-58b8-43da-9e87-938afd6b3465', 83, 'A46', 22, '04d0a240-5a38-4031-af71-4a9b5789a5e1', 2),
('96a0863d-a403-44bb-895d-87afe72b2621', 1, 'Digital', 42, '04d0a240-5a38-4031-af71-4a9b5789a5e1', 3),
('0bcee31d-6b72-4f23-b0d2-7a60c54e0501', 34, 'A44', 12, 'c4096606-98dd-4e46-9a65-158b123d2310', 0),
('206610e8-ace3-40ea-9c11-ade4bd179b47', 49, 'A19', 39, 'c4096606-98dd-4e46-9a65-158b123d2310', 1),
('987cd310-0e13-494e-89dd-e58ca7b87194', 62, 'A39', 39, 'c4096606-98dd-4e46-9a65-158b123d2310', 2),
('325dad0e-6d91-4050-ab05-10375e5b9621', 1, 'Digital', 46, 'c4096606-98dd-4e46-9a65-158b123d2310', 3),
('b9d373cb-bc3c-404e-9c18-e1aa33bf1565', 81, 'A4', 24, '5791df94-d573-46f7-b5f0-a17c0a20ee0c', 0),
('01a0a8dd-3892-4c88-94a4-7ef7d499515b', 44, 'A39', 26, '5791df94-d573-46f7-b5f0-a17c0a20ee0c', 1),
('1fc11d8c-d678-4d76-88ed-2706c91f871e', 24, 'A28', 31, '5791df94-d573-46f7-b5f0-a17c0a20ee0c', 2),
('2ff19d16-c9bf-4fd0-99b8-3573610344e7', 1, 'Digital', 37, '5791df94-d573-46f7-b5f0-a17c0a20ee0c', 3),
('9cdc93d3-efc0-4c96-a215-6c1e69b9f753', 46, 'A43', 26, 'a1c034c3-0c39-422b-be7a-2affe420fcd5', 0),
('f5de381f-7823-4cb0-8a4b-a1a7824dc643', 76, 'A50', 36, 'a1c034c3-0c39-422b-be7a-2affe420fcd5', 1),
('a661fcca-3215-4f8e-95ed-045f5f51e273', 86, 'A14', 25, 'a1c034c3-0c39-422b-be7a-2affe420fcd5', 2),
('017826d1-6921-41cc-9c2b-970986ce3f92', 1, 'Digital', 35, 'a1c034c3-0c39-422b-be7a-2affe420fcd5', 3),
('d7a4b67a-611b-4d45-a974-20ff2de40943', 96, 'A21', 29, '2f340fc8-905c-4694-949e-e0be03965963', 0),
('a9f32c89-e270-47fb-b706-4861164dfd70', 21, 'A4', 38, '2f340fc8-905c-4694-949e-e0be03965963', 1),
('85502781-e71d-4ea2-95bd-ad44fb0ab6d9', 42, 'A2', 40, '2f340fc8-905c-4694-949e-e0be03965963', 2),
('d4e2151a-cb87-4861-8843-c809fc1c99ce', 1, 'Digital', 12, '2f340fc8-905c-4694-949e-e0be03965963', 3),
('41194de8-4a86-4cf1-b240-8425c5077d5a', 34, 'A49', 48, '392320e9-365c-4f3e-b9a8-6134801b7128', 0),
('3dfa5fb1-a65b-4135-99f5-44c1c42aff5c', 52, 'A20', 12, '392320e9-365c-4f3e-b9a8-6134801b7128', 1),
('f1f239ab-51c9-45d8-9e55-af82ae17c20f', 20, 'A9', 41, '392320e9-365c-4f3e-b9a8-6134801b7128', 2),
('70bd417b-2af6-40bf-b9ed-ae03e38985e5', 1, 'Digital', 10, '392320e9-365c-4f3e-b9a8-6134801b7128', 3),
('59e919d5-0f3b-44b8-a361-db4dcf9de28c', 45, 'A1', 48, '5dbce0b9-4455-42d8-82af-5ac53db39564', 0),
('b16dd657-f942-4d73-af62-efcc8c64b41d', 88, 'A15', 43, '5dbce0b9-4455-42d8-82af-5ac53db39564', 1),
('5ad3941f-78aa-4f08-9f91-5c237add4e13', 54, 'A10', 25, '5dbce0b9-4455-42d8-82af-5ac53db39564', 2),
('981a66ab-b41a-4643-89f9-997bc0ff2167', 1, 'Digital', 11, '5dbce0b9-4455-42d8-82af-5ac53db39564', 3),
('20b47e47-fbbc-4349-a69e-936896e27673', 52, 'A47', 13, 'd3ac92ba-bf5a-44df-af4c-69f8784ba320', 0),
('e65f56d8-ff90-4ad9-842a-0ee2a9495d7b', 28, 'A32', 16, 'd3ac92ba-bf5a-44df-af4c-69f8784ba320', 1),
('6ba8264b-0dac-41bb-9f97-112df58962a4', 53, 'A29', 31, 'd3ac92ba-bf5a-44df-af4c-69f8784ba320', 2),
('203270b8-14e7-451a-9184-ff079a3441c3', 1, 'Digital', 12, 'd3ac92ba-bf5a-44df-af4c-69f8784ba320', 3),
('b762e5e4-2791-4b7e-8ae5-71142338e6a3', 43, 'A8', 35, '2006622a-ccb4-4256-9718-692df99a2557', 0),
('f485ff6f-f542-4e90-a2cc-9a2e97309db8', 98, 'A42', 28, '2006622a-ccb4-4256-9718-692df99a2557', 1),
('142ed32b-1b7d-4d80-baa5-5908697b2e7d', 70, 'A11', 21, '2006622a-ccb4-4256-9718-692df99a2557', 2),
('4b284d9e-3789-420b-9b61-83f442aadc76', 1, 'Digital', 32, '2006622a-ccb4-4256-9718-692df99a2557', 3),
('18ef084d-b736-4860-8f3b-dc9afbfedb97', 18, 'A20', 16, 'c86b16a4-07bd-402a-b94e-25770bafbb56', 0),
('989de976-8dea-48ad-9e6a-1f51d4f38bf1', 1, 'A9', 35, 'c86b16a4-07bd-402a-b94e-25770bafbb56', 1),
('e7e7ca2c-8f4f-4134-8472-fff8434a3464', 5, 'A22', 13, 'c86b16a4-07bd-402a-b94e-25770bafbb56', 2),
('38e670b9-92b6-4367-a9cc-554c53dbd178', 1, 'Digital', 26, 'c86b16a4-07bd-402a-b94e-25770bafbb56', 3),
('48566d2a-c371-435e-9cb6-166ab1788d0f', 59, 'A18', 44, 'ad867f22-1b58-4fd9-8f4b-ca9210856cdd', 0),
('8d18c516-c9ba-4281-af29-e0852fc96d76', 91, 'A5', 37, 'ad867f22-1b58-4fd9-8f4b-ca9210856cdd', 1),
('c29202ef-7cf8-46c0-9c64-3888042a5302', 69, 'A27', 15, 'ad867f22-1b58-4fd9-8f4b-ca9210856cdd', 2),
('8f617d89-0ef5-41c9-bacc-05d83dd5e4c8', 1, 'Digital', 11, 'ad867f22-1b58-4fd9-8f4b-ca9210856cdd', 3),
('e9abaa9e-510c-479c-8a6d-142a2633eca1', 94, 'A40', 10, 'c7ea850f-5cfe-475d-b48f-c2420d8f7600', 0),
('8cd5f362-8999-4f55-a4ae-00d84978f8f9', 8, 'A21', 46, 'c7ea850f-5cfe-475d-b48f-c2420d8f7600', 1),
('fc6c23f2-dcd1-4aef-81f9-00c884134590', 49, 'A39', 11, 'c7ea850f-5cfe-475d-b48f-c2420d8f7600', 2),
('8d2d6343-3a62-43be-9b7a-9bdef3276a19', 1, 'Digital', 44, 'c7ea850f-5cfe-475d-b48f-c2420d8f7600', 3),
('f8e9d453-9673-4ca9-bd07-0cce6e7b029f', 47, 'A43', 16, '740c05e4-7cf8-414c-8248-347f761eb594', 0),
('97d98bf3-8c95-426f-b9ce-fe4a850d0963', 58, 'A33', 13, '740c05e4-7cf8-414c-8248-347f761eb594', 1),
('e5072c8a-38d8-4934-9a82-d667c41979c7', 62, 'A4', 25, '740c05e4-7cf8-414c-8248-347f761eb594', 2),
('65d116cd-e65c-4d67-82b7-f176f6215b61', 1, 'Digital', 40, '740c05e4-7cf8-414c-8248-347f761eb594', 3),
('5787b68d-1ea3-4d06-8ed2-0e3e2cd55d5c', 0, 'A31', 15, '2c5a4a77-7304-4231-a3c3-c1d600e853e2', 0),
('96ac2850-0f15-4079-9425-cd1485dd357a', 36, 'A12', 22, '2c5a4a77-7304-4231-a3c3-c1d600e853e2', 1),
('351c294c-3ac9-46c4-9188-dc47b60e3140', 60, 'A4', 40, '2c5a4a77-7304-4231-a3c3-c1d600e853e2', 2),
('e0c647cd-3222-477b-8b87-a06e2e22ae48', 1, 'Digital', 14, '2c5a4a77-7304-4231-a3c3-c1d600e853e2', 3),
('39e86c5e-e29d-4845-bdbc-f17f546dcf04', 89, 'A10', 36, 'e3b69620-105b-4aaf-889f-f14b06f76b40', 0),
('8286e65e-be06-418b-a1c5-24fb3fe41175', 36, 'A17', 48, 'e3b69620-105b-4aaf-889f-f14b06f76b40', 1),
('ad725119-a13d-4157-a28a-08e92e164905', 30, 'A3', 50, 'e3b69620-105b-4aaf-889f-f14b06f76b40', 2),
('bbd88be9-35a9-4318-b8e4-dee5b7ad3ad8', 1, 'Digital', 36, 'e3b69620-105b-4aaf-889f-f14b06f76b40', 3),
('1e55e133-356a-471c-bb88-b282bbd7c709', 63, 'A11', 27, '08fbf1ec-c840-4518-87eb-eedd1a373644', 0),
('ba51558a-68be-40da-9789-8628f4a3c633', 89, 'A41', 17, '08fbf1ec-c840-4518-87eb-eedd1a373644', 1),
('2ad6f26d-2a94-409a-9ddf-a2af83f22fb5', 72, 'A24', 12, '08fbf1ec-c840-4518-87eb-eedd1a373644', 2),
('2c3c782e-1190-4f3e-bb1a-adcd15b6850e', 1, 'Digital', 44, '08fbf1ec-c840-4518-87eb-eedd1a373644', 3),
('81dd213d-d0a5-4944-ae44-a9e49ab13296', 94, 'A6', 40, 'b749093a-a3ef-4752-9bd4-9e51f639d674', 0),
('8bf6099a-4cf8-4ade-9531-cf50dc1ead00', 69, 'A35', 38, 'b749093a-a3ef-4752-9bd4-9e51f639d674', 1),
('c2169d45-94b7-4a99-9aec-eef0e4aa890f', 87, 'A3', 14, 'b749093a-a3ef-4752-9bd4-9e51f639d674', 2),
('abc8617f-af85-4ea5-a8cf-2e65405b4d14', 1, 'Digital', 30, 'b749093a-a3ef-4752-9bd4-9e51f639d674', 3),
('e2769bf3-3c71-4722-b061-0e62199e0f26', 17, 'A6', 35, 'e7c67a52-f46c-4ba3-8cf6-dedf99cacb02', 0),
('9a478fd6-b308-4661-a85c-d11c70a21102', 15, 'A21', 44, 'e7c67a52-f46c-4ba3-8cf6-dedf99cacb02', 1),
('28450fce-3f92-48f4-a609-b0606b84dbd9', 6, 'A39', 21, 'e7c67a52-f46c-4ba3-8cf6-dedf99cacb02', 2),
('285ca5a8-11b9-45e3-9d0e-a197b2a4fc7f', 1, 'Digital', 35, 'e7c67a52-f46c-4ba3-8cf6-dedf99cacb02', 3),
('39d4f652-ed85-4676-8856-7c27a75cca86', 40, 'A47', 40, '1bb84701-b70f-4f06-a5f9-1e49926ee9d7', 0),
('4eadc647-0089-4246-b5e4-34898682be7f', 72, 'A38', 19, '1bb84701-b70f-4f06-a5f9-1e49926ee9d7', 1),
('bd0102c2-de05-4c99-af0f-42860665756d', 26, 'A16', 43, '1bb84701-b70f-4f06-a5f9-1e49926ee9d7', 2),
('ee7c59b5-be49-4914-b604-80fed65203d7', 1, 'Digital', 20, '1bb84701-b70f-4f06-a5f9-1e49926ee9d7', 3),
('3ceadc36-3882-4ae4-b3b1-c85e2ef023e7', 77, 'A22', 37, 'a07dc1a0-2da6-4e6f-b8fc-b526a8690482', 0),
('43c7207f-06c5-4205-b56b-8e8a16a1adeb', 25, 'A9', 32, 'a07dc1a0-2da6-4e6f-b8fc-b526a8690482', 1),
('b4ecef9a-9823-4d43-9cfe-b27cb3b67c4e', 82, 'A10', 37, 'a07dc1a0-2da6-4e6f-b8fc-b526a8690482', 2),
('2c051bd2-ca21-4e93-80c3-4930011e1fd2', 1, 'Digital', 25, 'a07dc1a0-2da6-4e6f-b8fc-b526a8690482', 3),
('f9057e36-20cc-49ba-ba72-ab924dcfba10', 24, 'A29', 17, 'd6dd71c5-a3cb-42c2-8cc0-69fa55532de8', 0),
('d732e730-4e6d-4ed1-8d15-40b96fdb3d0d', 51, 'A47', 37, 'd6dd71c5-a3cb-42c2-8cc0-69fa55532de8', 1),
('707aeb04-cd67-4936-bddd-8feb04ecabed', 97, 'A49', 34, 'd6dd71c5-a3cb-42c2-8cc0-69fa55532de8', 2),
('8e5f0579-5c19-45a7-84e9-5c7114e7f491', 1, 'Digital', 44, 'd6dd71c5-a3cb-42c2-8cc0-69fa55532de8', 3),
('678944b1-1eef-4a40-bf3d-70d52ef3b773', 61, 'A36', 44, 'c1c0568b-9010-425c-8eb9-6811e582fd07', 0),
('11149df2-b811-48c3-a413-97fe7f51d814', 46, 'A4', 20, 'c1c0568b-9010-425c-8eb9-6811e582fd07', 1),
('7700b45d-f781-4db9-8027-858ac4b228b9', 32, 'A44', 14, 'c1c0568b-9010-425c-8eb9-6811e582fd07', 2),
('d4d976bd-c419-467b-a727-464c5202493d', 1, 'Digital', 31, 'c1c0568b-9010-425c-8eb9-6811e582fd07', 3),
('829022a9-7a9e-4c5c-8f83-e26023995171', 26, 'A47', 47, '9925a3f9-1eba-4394-a5b6-7f4eec55944d', 0),
('f74d011d-f50d-485f-9872-1e9338367279', 97, 'A33', 18, '9925a3f9-1eba-4394-a5b6-7f4eec55944d', 1),
('fd91e7f7-cd2e-4816-8f13-581487ae685c', 19, 'A43', 17, '9925a3f9-1eba-4394-a5b6-7f4eec55944d', 2),
('0c7e1883-98a0-4401-a6a1-b9bb5c4e0945', 1, 'Digital', 42, '9925a3f9-1eba-4394-a5b6-7f4eec55944d', 3),
('3fed474d-ff51-47fc-bb56-e660ac669c73', 2, 'A49', 42, '0ef8e5a2-7a17-48e9-bd1a-fc30d53819a0', 0),
('baa84a96-bf20-4108-8595-2c99b1df11d4', 94, 'A16', 14, '0ef8e5a2-7a17-48e9-bd1a-fc30d53819a0', 1),
('ec93c1a5-33f3-47ec-b59c-c97ba733dedf', 84, 'A17', 17, '0ef8e5a2-7a17-48e9-bd1a-fc30d53819a0', 2),
('e6b20427-52a7-4b66-a628-9ef8b1cda0f7', 1, 'Digital', 48, '0ef8e5a2-7a17-48e9-bd1a-fc30d53819a0', 3),
('61218de3-ced3-4b09-877e-a59c1f7ac44b', 69, 'A3', 12, '10b699f7-0c18-4e3c-b2b7-28bb15d0d144', 0),
('a0a639fb-066b-42e6-9fb1-76f9c25ddf3d', 75, 'A31', 22, '10b699f7-0c18-4e3c-b2b7-28bb15d0d144', 1),
('28ea543b-6405-4c88-a8c3-418e54c3ef2d', 92, 'A2', 10, '10b699f7-0c18-4e3c-b2b7-28bb15d0d144', 2),
('980212e2-2795-4fdb-a6d4-a46da60c552c', 1, 'Digital', 22, '10b699f7-0c18-4e3c-b2b7-28bb15d0d144', 3),
('c94fd4e7-b7b4-46fb-92f9-6e5d924c50ed', 68, 'A21', 43, 'a09ef4a7-c539-4a13-b2ba-bce45621cf0b', 0),
('dcba223b-4202-4da6-b36a-b674f280bd67', 68, 'A30', 17, 'a09ef4a7-c539-4a13-b2ba-bce45621cf0b', 1),
('65d9b3a7-e86e-4a34-84bf-23b5fa819b88', 11, 'A41', 22, 'a09ef4a7-c539-4a13-b2ba-bce45621cf0b', 2),
('16ca05b1-8bda-4c85-8b14-90d68df2f62c', 1, 'Digital', 10, 'a09ef4a7-c539-4a13-b2ba-bce45621cf0b', 3),
('3b63a1ef-f579-45d0-ac4d-89def5cd156e', 15, 'A17', 33, '743104da-38ff-45f7-a50a-9868ef7f50d5', 0),
('8904978e-d9ee-4ba1-9630-e7fa4bdda82f', 82, 'A27', 50, '743104da-38ff-45f7-a50a-9868ef7f50d5', 1),
('4bad4735-97c3-4402-8cce-1f76b30eefd2', 29, 'A28', 48, '743104da-38ff-45f7-a50a-9868ef7f50d5', 2),
('161491cd-87aa-4c67-b497-6f4fc27d09a8', 1, 'Digital', 15, '743104da-38ff-45f7-a50a-9868ef7f50d5', 3),
('99179ba5-83ab-49fe-9a5d-00a3e67351e4', 69, 'A37', 34, '4ce3255e-7b2e-4ebd-8ced-1def84e5f7b0', 0),
('6ae1f779-812e-48ad-b67a-589d1004ce49', 95, 'A20', 43, '4ce3255e-7b2e-4ebd-8ced-1def84e5f7b0', 1),
('67beec2a-915b-4ff1-9d9c-e4799085ccbd', 51, 'A49', 10, '4ce3255e-7b2e-4ebd-8ced-1def84e5f7b0', 2),
('b5871463-207e-4668-b2e8-d985bc122235', 1, 'Digital', 36, '4ce3255e-7b2e-4ebd-8ced-1def84e5f7b0', 3),
('d6a2fb0e-035e-4591-9101-dd7b5681eb88', 51, 'A35', 29, 'e230ed10-1ec7-4b37-9f8e-1356fa563a0e', 0),
('bed35047-7395-4e3c-ac89-acb108666770', 81, 'A33', 35, 'e230ed10-1ec7-4b37-9f8e-1356fa563a0e', 1),
('a5a5350f-7bcd-49e2-8f3a-dbc0cd7c7e0f', 37, 'A28', 47, 'e230ed10-1ec7-4b37-9f8e-1356fa563a0e', 2),
('f88438fc-0975-42dc-93af-e466f0093897', 1, 'Digital', 16, 'e230ed10-1ec7-4b37-9f8e-1356fa563a0e', 3),
('8fa0e1bf-0e51-4705-b900-0a612cee3c6a', 4, 'A27', 11, 'e2ed0bd7-6ba0-460d-a887-62be704aff9d', 0),
('4a2ba111-5660-4ba2-bb08-85210eca4871', 24, 'A18', 16, 'e2ed0bd7-6ba0-460d-a887-62be704aff9d', 1),
('7deb7b00-b290-408d-aa3d-089502b21ff0', 43, 'A32', 29, 'e2ed0bd7-6ba0-460d-a887-62be704aff9d', 2),
('e42e2566-3db3-4116-aab3-98ea441fad35', 1, 'Digital', 44, 'e2ed0bd7-6ba0-460d-a887-62be704aff9d', 3),
('e261eac8-4b64-4305-b828-0679e9e0aea9', 53, 'A48', 50, '6f69e952-df82-4760-9ba5-b97d12890488', 0),
('0acebd7d-5a36-4a75-9392-9fb99843c402', 49, 'A47', 26, '6f69e952-df82-4760-9ba5-b97d12890488', 1),
('690b8cd6-75aa-429d-b2fb-c653aa8f36ce', 17, 'A17', 18, '6f69e952-df82-4760-9ba5-b97d12890488', 2),
('fe310781-080b-4e23-8311-2e713a55ba0b', 1, 'Digital', 37, '6f69e952-df82-4760-9ba5-b97d12890488', 3),
('eb3aa7fe-c68c-442d-a7eb-3c5ac5be2402', 44, 'A12', 47, '0086daae-3e97-445e-8abe-4a9e5d9db0c8', 0),
('ba493123-0cec-4410-843d-b4a39418fe28', 70, 'A10', 21, '0086daae-3e97-445e-8abe-4a9e5d9db0c8', 1),
('138912d3-e502-458e-909b-3ab63912570b', 28, 'A15', 20, '0086daae-3e97-445e-8abe-4a9e5d9db0c8', 2),
('2436bf15-b6d4-46e3-af57-86905ceb3415', 1, 'Digital', 11, '0086daae-3e97-445e-8abe-4a9e5d9db0c8', 3),
('b5f0702d-07ea-4eca-9f71-62a5a327987f', 69, 'A20', 16, '04a38d25-92ac-4649-ac16-346c6c657750', 0),
('c91c9744-a3e3-4c82-8605-34b34ab4d2da', 7, 'A45', 20, '04a38d25-92ac-4649-ac16-346c6c657750', 1),
('00d431fc-5c99-4e89-8951-351f39a3ed49', 89, 'A30', 14, '04a38d25-92ac-4649-ac16-346c6c657750', 2),
('de89230b-eac3-430d-a033-d0e99e9c7283', 1, 'Digital', 26, '04a38d25-92ac-4649-ac16-346c6c657750', 3),
('873f1728-d952-4a2d-b6d0-30b04f53d719', 0, 'A33', 39, 'dd90736e-38c4-41dd-ac8c-cb34824cca33', 0),
('afc2c64e-0350-4e7a-a559-22d2778b7c54', 18, 'A45', 12, 'dd90736e-38c4-41dd-ac8c-cb34824cca33', 1),
('165a15a5-bcc5-44c8-a4e8-dbf4e1915ce6', 43, 'A23', 14, 'dd90736e-38c4-41dd-ac8c-cb34824cca33', 2),
('d966f1c2-0897-4337-beae-3586862e613d', 1, 'Digital', 39, 'dd90736e-38c4-41dd-ac8c-cb34824cca33', 3),
('94f7c060-f09d-4854-9af2-ebd7a9102fcf', 83, 'A49', 21, 'c9427fb5-a26a-4893-aaeb-6de75773c260', 0),
('6b47b9bb-3d27-423a-b446-ec91b79b7178', 56, 'A31', 25, 'c9427fb5-a26a-4893-aaeb-6de75773c260', 1),
('c4b3562b-e50a-4259-a71e-2990e657d28c', 28, 'A50', 14, 'c9427fb5-a26a-4893-aaeb-6de75773c260', 2),
('5dc25645-8a66-4f5e-811e-70fab1f9edc1', 1, 'Digital', 30, 'c9427fb5-a26a-4893-aaeb-6de75773c260', 3),
('29ab8808-5062-463d-8e7f-3e9d167f001b', 99, 'A13', 17, '493c3688-bf4c-4374-9f2f-38e154d48adc', 0),
('2ffd6551-3ee1-40b4-a895-cb964dcd08a1', 85, 'A24', 28, '493c3688-bf4c-4374-9f2f-38e154d48adc', 1),
('6a4d03fd-4151-4b80-be99-e9b6b6b63f06', 95, 'A26', 13, '493c3688-bf4c-4374-9f2f-38e154d48adc', 2),
('bfd048e8-0d10-4024-ab21-a8ba8931a577', 1, 'Digital', 30, '493c3688-bf4c-4374-9f2f-38e154d48adc', 3),
('1bed20d5-f1e5-4744-9217-b64864510996', 47, 'A46', 28, 'c1d56a2f-6e11-4cae-90b5-7d2126098003', 0),
('36f901d2-ba7b-4c08-a7e3-4184e30d47f6', 14, 'A28', 46, 'c1d56a2f-6e11-4cae-90b5-7d2126098003', 1),
('f6351d92-3b15-4eff-9801-b5a2d2fe5bee', 61, 'A29', 39, 'c1d56a2f-6e11-4cae-90b5-7d2126098003', 2),
('7e68cc7b-250a-42f2-8473-e5de1bc1fd61', 1, 'Digital', 49, 'c1d56a2f-6e11-4cae-90b5-7d2126098003', 3),
('ef01a442-a5ae-41d1-8e36-9fb69821f047', 40, 'A33', 10, '47c8fa69-cb76-445d-a6b5-83ddb5ce2c08', 0),
('c1ac27dc-766c-48a2-8196-7f3794ec655a', 45, 'A45', 37, '47c8fa69-cb76-445d-a6b5-83ddb5ce2c08', 1),
('fd27a724-4c1f-4912-aec6-f47b882fee58', 78, 'A2', 37, '47c8fa69-cb76-445d-a6b5-83ddb5ce2c08', 2),
('18ac3860-67b5-4dd4-b5c2-557717b5b990', 1, 'Digital', 32, '47c8fa69-cb76-445d-a6b5-83ddb5ce2c08', 3),
('2e7e3ee5-23cf-4455-97da-ab4cf6988cbd', 14, 'A18', 17, '917caf14-1f1f-415f-8ea3-fc6d7bc0edf0', 0),
('78a606cf-f681-4a46-a449-e0ec6b1b2fbf', 78, 'A37', 26, '917caf14-1f1f-415f-8ea3-fc6d7bc0edf0', 1),
('0781eafb-8254-4814-9553-19c62eb156f3', 44, 'A6', 17, '917caf14-1f1f-415f-8ea3-fc6d7bc0edf0', 2),
('2fbcc810-92ac-4b27-9f87-0f638aff4ce6', 1, 'Digital', 39, '917caf14-1f1f-415f-8ea3-fc6d7bc0edf0', 3),
('082dd8b7-1a07-420c-8a91-be45d1781c9e', 18, 'A35', 10, 'b68a43c9-2159-4eb9-b319-baa0710d25c6', 0),
('e55c77e8-760a-4827-824e-c580cc27ee97', 4, 'A36', 36, 'b68a43c9-2159-4eb9-b319-baa0710d25c6', 1),
('d1a26430-77b9-41b9-8170-cc57e4bc2d92', 60, 'A47', 45, 'b68a43c9-2159-4eb9-b319-baa0710d25c6', 2),
('5a83cda1-168b-4b17-96ec-2bc909cb18b1', 1, 'Digital', 47, 'b68a43c9-2159-4eb9-b319-baa0710d25c6', 3),
('b8172451-6d24-4848-a970-54476c8dd807', 96, 'A47', 13, 'fdce8c53-e790-439f-8f16-eb7975fbdd36', 0),
('3ad876fe-860a-418c-a260-7e144fba8d90', 58, 'A5', 24, 'fdce8c53-e790-439f-8f16-eb7975fbdd36', 1),
('bf7650d9-26ea-4818-87a9-a43629aa6af1', 30, 'A35', 14, 'fdce8c53-e790-439f-8f16-eb7975fbdd36', 2),
('13a6aa45-e9f1-4c60-a99f-999264b9cb2f', 1, 'Digital', 34, 'fdce8c53-e790-439f-8f16-eb7975fbdd36', 3),
('82a0fad8-f0ac-4df4-9a4f-b5a6c487e041', 88, 'A45', 15, '1283881b-16c7-4024-a7dd-58786b767779', 0),
('a7c35066-2f74-4946-9015-5fe387cae9d1', 9, 'A43', 20, '1283881b-16c7-4024-a7dd-58786b767779', 1),
('662a1320-b401-48b1-94fb-e6bef4dc2986', 26, 'A35', 12, '1283881b-16c7-4024-a7dd-58786b767779', 2),
('a0ceb0fc-9f7f-4123-b9a7-d8386a8e6544', 1, 'Digital', 15, '1283881b-16c7-4024-a7dd-58786b767779', 3),
('a5f2b968-4ea1-48b9-beb3-1849fcafc94d', 97, 'A46', 16, '6791b414-9644-4c9b-a956-de8ccbbcffee', 0),
('6332c0cb-4fc2-4965-80be-e6db0ce20f01', 65, 'A12', 25, '6791b414-9644-4c9b-a956-de8ccbbcffee', 1),
('7fc2ab02-fb5e-4eb7-87c4-6624ced6bbd6', 61, 'A22', 25, '6791b414-9644-4c9b-a956-de8ccbbcffee', 2),
('aa2a20c2-a9ce-4294-b63a-cd3bca950a16', 1, 'Digital', 19, '6791b414-9644-4c9b-a956-de8ccbbcffee', 3),
('18b82fb1-cb6c-4d05-8938-c48f80ce67fd', 33, 'A14', 30, 'a3c76561-9e3e-429c-9d34-944c83dedb7d', 0),
('db60d535-4ff5-4e59-ac85-451f98bc0b19', 38, 'A43', 32, 'a3c76561-9e3e-429c-9d34-944c83dedb7d', 1),
('e80cd4be-3600-4709-b555-b80b9a9116ed', 76, 'A41', 42, 'a3c76561-9e3e-429c-9d34-944c83dedb7d', 2),
('e84c4bc7-f2c6-4367-98bd-c41a56172528', 1, 'Digital', 36, 'a3c76561-9e3e-429c-9d34-944c83dedb7d', 3),
('42022cbd-6828-4e8e-8589-1fad8cda0bb4', 86, 'A10', 38, '968b07a5-f47a-4db9-a7cd-a8d2254eaa68', 0),
('aaebc2ea-22d4-4312-ada1-955cd26e35e9', 72, 'A21', 37, '968b07a5-f47a-4db9-a7cd-a8d2254eaa68', 1),
('6ffd54f2-3422-4850-9b9c-ec5b4ecc83bf', 24, 'A41', 40, '968b07a5-f47a-4db9-a7cd-a8d2254eaa68', 2),
('3884e7d1-5adc-4bd6-90a9-5d3853fbd935', 1, 'Digital', 37, '968b07a5-f47a-4db9-a7cd-a8d2254eaa68', 3),
('b31a3a00-e2d0-4868-875e-8f29bf540926', 74, 'A7', 50, 'c026e89a-78f7-4426-be3c-94ab98f5e0f5', 0),
('1c7dfabc-dca6-4e53-9e5a-eebb0198b07d', 83, 'A38', 27, 'c026e89a-78f7-4426-be3c-94ab98f5e0f5', 1),
('4b40d57c-ffdf-4064-a1fb-016c71578dbf', 21, 'A9', 44, 'c026e89a-78f7-4426-be3c-94ab98f5e0f5', 2),
('ad61669c-8eab-4009-8ad2-ac5dc76153be', 1, 'Digital', 31, 'c026e89a-78f7-4426-be3c-94ab98f5e0f5', 3),
('bc1c68ee-0748-4f55-9ca9-7e00c08e345d', 53, 'A29', 31, '0df1c4d2-4b92-4c3b-91d3-68a9b9778379', 0),
('5b68991e-64cd-4b33-80a0-e68fb8f177d3', 9, 'A19', 41, '0df1c4d2-4b92-4c3b-91d3-68a9b9778379', 1),
('7f029c5e-fead-4b70-a187-1f451949851c', 0, 'A43', 23, '0df1c4d2-4b92-4c3b-91d3-68a9b9778379', 2),
('59c738b9-eaa1-4972-9984-3ebfcee6325c', 1, 'Digital', 43, '0df1c4d2-4b92-4c3b-91d3-68a9b9778379', 3),
('9490887b-ec5f-49da-a3dd-e4b152833c0b', 100, 'A1', 16, '8a79f1da-6c37-4d27-952b-e4b28bb30374', 0),
('d63d2cd0-f70f-4bfe-a555-317572cb70bd', 22, 'A31', 42, '8a79f1da-6c37-4d27-952b-e4b28bb30374', 1),
('e30a99a3-0335-4c21-b041-32dbd4cd3fe5', 37, 'A17', 25, '8a79f1da-6c37-4d27-952b-e4b28bb30374', 2),
('0bc78cea-82ba-414a-91c6-ed27eafb1114', 1, 'Digital', 35, '8a79f1da-6c37-4d27-952b-e4b28bb30374', 3),
('895ec764-070e-4cb2-9565-7479837f0bef', 23, 'A34', 16, 'eff6ec1a-9306-428c-9dc8-12937b7c684c', 0),
('38953183-d214-4890-991f-fe863c288364', 74, 'A9', 20, 'eff6ec1a-9306-428c-9dc8-12937b7c684c', 1),
('8ceae990-76f7-4e39-9ff4-fef67e5b4ad9', 47, 'A18', 33, 'eff6ec1a-9306-428c-9dc8-12937b7c684c', 2),
('6585b3cc-ba6f-4a51-a349-5ce57496ae68', 1, 'Digital', 29, 'eff6ec1a-9306-428c-9dc8-12937b7c684c', 3),
('869920bd-a10c-4c24-bb74-99da009ad5c1', 0, 'A47', 12, '564fe957-ddf1-414b-93fc-c9c7de036b7a', 0),
('a6533a5a-1829-4257-b165-7aaa30f643c6', 4, 'A42', 27, '564fe957-ddf1-414b-93fc-c9c7de036b7a', 1),
('135a1459-c914-4abd-a649-678c69ac5408', 78, 'A33', 49, '564fe957-ddf1-414b-93fc-c9c7de036b7a', 2),
('798e73aa-7b9b-4d6f-89c1-5dc1271600af', 1, 'Digital', 32, '564fe957-ddf1-414b-93fc-c9c7de036b7a', 3),
('7543d3a0-3853-4a0c-9447-7a1b58bf879d', 53, 'A2', 16, '5ed6a6d8-689e-4e69-9f17-1a7f5050af42', 0),
('6215e055-368f-4a50-a2c4-cab979618c09', 42, 'A23', 14, '5ed6a6d8-689e-4e69-9f17-1a7f5050af42', 1),
('7890f729-8c36-4316-a257-260ab0063f4a', 48, 'A19', 28, '5ed6a6d8-689e-4e69-9f17-1a7f5050af42', 2),
('4aad838e-fe05-46a5-a0b1-1a0e8c2acc4f', 1, 'Digital', 15, '5ed6a6d8-689e-4e69-9f17-1a7f5050af42', 3),
('c1381577-f31f-4ca7-a513-985fb8fcc0ce', 92, 'A46', 21, '991ec892-b949-4819-9c06-52a9bad41861', 0),
('58bc0b97-0eb1-4cca-b2a2-12789df17ec5', 14, 'A44', 50, '991ec892-b949-4819-9c06-52a9bad41861', 1),
('ee830a6c-7d49-43eb-86f9-bad385180c16', 9, 'A34', 50, '991ec892-b949-4819-9c06-52a9bad41861', 2),
('663eeabc-1a86-49bb-90b7-8055fa165596', 1, 'Digital', 20, '991ec892-b949-4819-9c06-52a9bad41861', 3),
('adf1e7b3-19f6-42b7-a4e4-63a6b3d3ac5d', 85, 'A29', 14, 'd5e69c4f-b909-45df-b77d-282275dfd500', 0),
('34c61888-921c-438e-8a84-7a6209987dd2', 28, 'A45', 38, 'd5e69c4f-b909-45df-b77d-282275dfd500', 1),
('47ef3e1c-ba6c-495c-ab03-35b9fea3a7ee', 43, 'A42', 42, 'd5e69c4f-b909-45df-b77d-282275dfd500', 2),
('ab080279-e6de-450b-a5a5-f6a96dbb8b69', 1, 'Digital', 48, 'd5e69c4f-b909-45df-b77d-282275dfd500', 3),
('3ad7f7e6-fd3f-489a-80fa-2c5ddb23a47f', 14, 'A15', 26, 'd22bc15b-7e9d-4464-8e15-6d7777d903bc', 0),
('ba1d457c-755e-4cd7-ae64-8448a8501be9', 75, 'A35', 30, 'd22bc15b-7e9d-4464-8e15-6d7777d903bc', 1),
('1d1d1ac8-3b9c-4e53-84f7-c56116046948', 92, 'A35', 10, 'd22bc15b-7e9d-4464-8e15-6d7777d903bc', 2),
('ba3ac709-ae66-40e8-86c3-16495221743f', 1, 'Digital', 37, 'd22bc15b-7e9d-4464-8e15-6d7777d903bc', 3),
('b099f0ca-788c-48f6-8a74-7a490509b7df', 58, 'A46', 29, '713120dc-5ac1-401a-9b08-1d235c3b2ad3', 0),
('baef100c-abb0-4bc2-b6df-f284ce78050f', 72, 'A15', 48, '713120dc-5ac1-401a-9b08-1d235c3b2ad3', 1),
('91fdddb5-8245-4c6f-bcd6-18fadf6841a2', 26, 'A25', 46, '713120dc-5ac1-401a-9b08-1d235c3b2ad3', 2),
('d8c1ab38-006c-4036-9a0e-a1ea5daa0f15', 1, 'Digital', 49, '713120dc-5ac1-401a-9b08-1d235c3b2ad3', 3),
('07a06b11-d707-4384-9f33-82834c12fe09', 83, 'A41', 45, 'f86da700-7762-4cb7-ad44-96ffc06e9270', 0),
('fea64773-93a5-445c-a8f7-976413e8edc1', 10, 'A28', 48, 'f86da700-7762-4cb7-ad44-96ffc06e9270', 1),
('37e80765-f294-4676-af8c-e82f13e4c22e', 16, 'A0', 29, 'f86da700-7762-4cb7-ad44-96ffc06e9270', 2),
('cf2b2fbf-d6b6-4a08-90aa-57a134a54754', 1, 'Digital', 18, 'f86da700-7762-4cb7-ad44-96ffc06e9270', 3),
('19f5443c-6847-4f71-b509-45b5dbe75122', 88, 'A2', 37, '727454d4-15dc-482a-96cd-72e4e81ce30d', 0),
('4c0b1f92-e7ed-4fee-a519-6ce9d2360c7a', 84, 'A24', 11, '727454d4-15dc-482a-96cd-72e4e81ce30d', 1),
('e2c84841-40ad-4531-b81d-aa5d090df314', 76, 'A4', 33, '727454d4-15dc-482a-96cd-72e4e81ce30d', 2),
('d9df639f-6bc3-4935-9e0f-8c6d51e087a1', 1, 'Digital', 44, '727454d4-15dc-482a-96cd-72e4e81ce30d', 3),
('635e3a1b-3cf8-4a17-9f85-bfcf8bb8219c', 96, 'A49', 19, '269d4874-fa0b-4c80-a918-4a8ac4e1b642', 0),
('bca0525b-9486-452b-9697-7c15f29557ca', 82, 'A39', 32, '269d4874-fa0b-4c80-a918-4a8ac4e1b642', 1),
('436eb612-2a0b-444e-977b-532ade882e33', 72, 'A45', 43, '269d4874-fa0b-4c80-a918-4a8ac4e1b642', 2),
('4594f0b0-3cee-4b39-9643-0311b0e08f57', 1, 'Digital', 43, '269d4874-fa0b-4c80-a918-4a8ac4e1b642', 3),
('aa8ceeb1-35cf-4aca-8ad7-ce8438b47164', 49, 'A47', 28, '63ac24f0-1eba-42ed-b6b8-95382d41ed40', 0),
('d4a4d251-1a8f-4f5b-b861-4310c1d2df8a', 54, 'A3', 37, '63ac24f0-1eba-42ed-b6b8-95382d41ed40', 1),
('923d03f1-8b83-4a7d-acc5-f2522706967a', 63, 'A46', 41, '63ac24f0-1eba-42ed-b6b8-95382d41ed40', 2),
('9e94338f-2c5f-43ff-82d7-703da2ce0f50', 1, 'Digital', 38, '63ac24f0-1eba-42ed-b6b8-95382d41ed40', 3),
('f2dbc367-c43a-40d8-833d-9b422793d972', 17, 'A28', 30, 'fbbae207-009f-4bf9-a76d-e60720c7c1ce', 0),
('eb27c706-2e88-4b78-8d17-4efce1834aa8', 62, 'A2', 18, 'fbbae207-009f-4bf9-a76d-e60720c7c1ce', 1),
('e7fc95ff-84e6-47ea-bb75-b7393ddf7b00', 31, 'A22', 17, 'fbbae207-009f-4bf9-a76d-e60720c7c1ce', 2),
('791e05be-b29b-43df-8366-64814332e1a7', 1, 'Digital', 49, 'fbbae207-009f-4bf9-a76d-e60720c7c1ce', 3),
('6ed97fb9-b24b-4740-97c4-cc571306fc83', 94, 'A42', 11, '0a227564-d9bc-44c1-9be3-e144e622e604', 0),
('8aeca4a4-84ba-4626-93f1-dfbfdbfff7f3', 50, 'A7', 21, '0a227564-d9bc-44c1-9be3-e144e622e604', 1),
('ead270e3-de94-4c5e-a743-845334359e77', 39, 'A49', 34, '0a227564-d9bc-44c1-9be3-e144e622e604', 2),
('fe2c6c40-39fe-4a52-ac8a-dccb5c057a65', 1, 'Digital', 31, '0a227564-d9bc-44c1-9be3-e144e622e604', 3),
('f23878ad-b5ae-4c65-903b-2ed01cd38b6e', 0, 'A35', 20, '9fa60178-3f92-47d6-8b96-1d54a25d79d1', 0),
('143498a5-579d-41d8-83c3-b987f62f0597', 93, 'A40', 19, '9fa60178-3f92-47d6-8b96-1d54a25d79d1', 1),
('f675c6c4-6541-496f-8d9a-61f5d8537f36', 82, 'A13', 46, '9fa60178-3f92-47d6-8b96-1d54a25d79d1', 2),
('91501fe1-0653-4c32-97b3-d85a20b38cc7', 1, 'Digital', 22, '9fa60178-3f92-47d6-8b96-1d54a25d79d1', 3),
('7d7b087a-8141-40db-a207-26ad570fd104', 60, 'A11', 10, '6078c623-0f9a-4977-8329-0135cba150aa', 0),
('6dd3553a-d6d2-4f73-bd51-70bcd303f653', 80, 'A3', 46, '6078c623-0f9a-4977-8329-0135cba150aa', 1),
('d17e9317-7f91-4a7a-9105-613384abb54f', 13, 'A2', 13, '6078c623-0f9a-4977-8329-0135cba150aa', 2),
('73a679c1-b18e-4668-8bdb-cea9804c308f', 1, 'Digital', 22, '6078c623-0f9a-4977-8329-0135cba150aa', 3),
('d2c40c7c-4e66-411c-9d7f-337dc232838c', 30, 'A2', 20, 'c63cec21-dde5-40f8-bdf1-8d22c97e8a8c', 0),
('48d5646f-3fcf-4e5a-bfc5-524b08bfe40c', 31, 'A5', 33, 'c63cec21-dde5-40f8-bdf1-8d22c97e8a8c', 1),
('99786485-48b0-49e3-9a0e-6a27e94f6172', 59, 'A12', 46, 'c63cec21-dde5-40f8-bdf1-8d22c97e8a8c', 2),
('06dd3335-c254-43c2-a820-908c8f311607', 1, 'Digital', 31, 'c63cec21-dde5-40f8-bdf1-8d22c97e8a8c', 3),
('4d4b8502-0455-4f82-be1d-9100c1b5b521', 72, 'A24', 19, 'fcc2aeb6-86dc-4082-809f-7c3991b237a7', 0),
('0a54067f-f5e2-4935-96a6-45c20da48964', 20, 'A38', 27, 'fcc2aeb6-86dc-4082-809f-7c3991b237a7', 1),
('c46fccb6-b174-42fd-ad07-ed7553a2e44f', 62, 'A46', 38, 'fcc2aeb6-86dc-4082-809f-7c3991b237a7', 2),
('6494c7a3-1781-44be-9b04-7bb81c1756f9', 1, 'Digital', 18, 'fcc2aeb6-86dc-4082-809f-7c3991b237a7', 3),
('3b07892d-530c-4c31-b099-e6479f9bb1ef', 50, 'A38', 45, '803bee33-c475-4bbe-8125-3b92052a5386', 0),
('e1a24180-fdfa-4d11-a03f-0c2568dbd3c5', 81, 'A36', 16, '803bee33-c475-4bbe-8125-3b92052a5386', 1),
('86a5181b-ecc1-45c2-864c-1c5c6275dc8b', 8, 'A1', 29, '803bee33-c475-4bbe-8125-3b92052a5386', 2),
('fddc9495-f362-4014-bc31-d45ae5030320', 1, 'Digital', 50, '803bee33-c475-4bbe-8125-3b92052a5386', 3),
('e9eda310-3ee8-4bb3-81fd-6bd6be38abe9', 58, 'A35', 28, '943d0a39-5fc7-4856-8e61-9213383f27ae', 0),
('c5622cba-8ffd-4628-88f8-37e0fea53146', 32, 'A18', 19, '943d0a39-5fc7-4856-8e61-9213383f27ae', 1),
('f1fd1eaf-6702-4ef0-a364-cc0777650de7', 54, 'A1', 33, '943d0a39-5fc7-4856-8e61-9213383f27ae', 2),
('666d97c4-8c1e-4f38-9527-5b307d9b1981', 1, 'Digital', 40, '943d0a39-5fc7-4856-8e61-9213383f27ae', 3),
('94fd1168-8f02-445b-98fd-aa51cb80abc0', 33, 'A10', 50, 'abb258b1-72ae-4587-8a07-e2627003d458', 0),
('3586e41d-d14c-440d-adbd-302cd9ec04d6', 10, 'A13', 50, 'abb258b1-72ae-4587-8a07-e2627003d458', 1),
('b0152fad-77ce-4b11-a86f-5c3dc8442c76', 58, 'A36', 48, 'abb258b1-72ae-4587-8a07-e2627003d458', 2),
('8290e85d-5c19-436e-bca5-ea294f390765', 1, 'Digital', 20, 'abb258b1-72ae-4587-8a07-e2627003d458', 3),
('179fae7a-f822-4f65-80d3-e74a2ef9218e', 83, 'A15', 22, '73467153-39aa-4d26-ad49-95094dc5d21b', 0),
('5b755dc6-6d8b-4255-8dec-2b31ec26748e', 36, 'A23', 32, '73467153-39aa-4d26-ad49-95094dc5d21b', 1),
('a8727dc6-764d-4898-ade0-56e1f3a813e5', 41, 'A24', 17, '73467153-39aa-4d26-ad49-95094dc5d21b', 2),
('d0b4aea5-b7ef-417d-ba6e-618abf47c26c', 1, 'Digital', 43, '73467153-39aa-4d26-ad49-95094dc5d21b', 3),
('7b83f6a0-2547-4ef1-98e9-4374e8c4cda7', 18, 'A11', 25, 'b59a4e0f-daa5-4bb1-91b9-20fc7f5a9318', 0),
('6cb08f6d-0bbb-4926-8bca-e1b68888070f', 90, 'A6', 27, 'b59a4e0f-daa5-4bb1-91b9-20fc7f5a9318', 1),
('5517c6c6-de5a-4f1e-b99b-a927218a5d4b', 21, 'A2', 44, 'b59a4e0f-daa5-4bb1-91b9-20fc7f5a9318', 2),
('3ac43512-fe06-4d5b-a0b5-dacb08c970b9', 1, 'Digital', 19, 'b59a4e0f-daa5-4bb1-91b9-20fc7f5a9318', 3),
('48268c53-74fe-4e88-8acd-31854ec0c00c', 63, 'A15', 44, 'b747b75c-fa5c-45df-9a11-06440ee29d76', 0),
('98bc2fe0-ccbb-45e1-8d11-bd058a8779d3', 51, 'A32', 30, 'b747b75c-fa5c-45df-9a11-06440ee29d76', 1),
('172a34c1-c37a-44a3-9189-1360aeafaf1b', 80, 'A50', 17, 'b747b75c-fa5c-45df-9a11-06440ee29d76', 2),
('8b342964-9402-40b9-a9ed-954b0437ec31', 1, 'Digital', 45, 'b747b75c-fa5c-45df-9a11-06440ee29d76', 3),
('03c9de2d-640f-4d5a-946f-2e0fd246676c', 62, 'A6', 30, '56e4b1dd-8efe-4133-9435-43e72afe17a2', 0),
('9d803273-6e46-472f-a7ba-2007453384f6', 81, 'A10', 50, '56e4b1dd-8efe-4133-9435-43e72afe17a2', 1),
('7789f7d3-cc50-4271-b7fe-73c001f6ec76', 88, 'A32', 10, '56e4b1dd-8efe-4133-9435-43e72afe17a2', 2),
('1b46d9c2-dced-47d0-8b94-283c7cfb3b67', 1, 'Digital', 31, '56e4b1dd-8efe-4133-9435-43e72afe17a2', 3),
('1beccb8b-e606-47fd-9818-b1f28de8841d', 89, 'A18', 32, 'c2bc97dc-938d-42f5-90ea-9037ad552120', 0),
('bfd40b5a-891b-4ed8-8ecb-aadaab88e131', 70, 'A17', 19, 'c2bc97dc-938d-42f5-90ea-9037ad552120', 1),
('af831a6b-8720-4a09-b213-b9e351e19d1a', 62, 'A12', 21, 'c2bc97dc-938d-42f5-90ea-9037ad552120', 2),
('38235280-fb75-42dd-90db-069de720e60f', 1, 'Digital', 45, 'c2bc97dc-938d-42f5-90ea-9037ad552120', 3),
('220d5aff-d9f7-43d8-93a4-815d22ad7436', 36, 'A20', 32, '4ba0eb63-971d-448b-a845-4df27c5e876f', 0),
('da5683fd-edb3-492c-8ae8-ab1d112e28d1', 57, 'A12', 35, '4ba0eb63-971d-448b-a845-4df27c5e876f', 1),
('9ade062a-8c4d-4caa-a850-368cb9e34520', 48, 'A17', 20, '4ba0eb63-971d-448b-a845-4df27c5e876f', 2),
('b29a1716-939a-4fe0-8b06-016033d9b9a4', 1, 'Digital', 43, '4ba0eb63-971d-448b-a845-4df27c5e876f', 3),
('887a96ba-22bc-4330-83db-2dbaf09e4e35', 72, 'A11', 22, '0d284404-c1d3-454c-b386-72cfb8c04ecf', 0),
('09e90008-5735-40a5-8600-9de64568fb12', 81, 'A8', 49, '0d284404-c1d3-454c-b386-72cfb8c04ecf', 1),
('e7493631-2be7-4355-8d88-88112393f110', 32, 'A16', 23, '0d284404-c1d3-454c-b386-72cfb8c04ecf', 2),
('089be144-8ea3-4793-ad3c-64c65a91ca2b', 1, 'Digital', 20, '0d284404-c1d3-454c-b386-72cfb8c04ecf', 3),
('eda8d123-6f4a-4e12-8efc-90da875cc7fc', 54, 'A8', 48, '829427b6-b6df-4d4a-96f4-7a9d88124a5f', 0),
('cfb526cf-1a58-4bbc-9f9b-54c17468541f', 67, 'A17', 29, '829427b6-b6df-4d4a-96f4-7a9d88124a5f', 1),
('fd1193b7-2811-48eb-93b5-d40ef7a68682', 49, 'A12', 38, '829427b6-b6df-4d4a-96f4-7a9d88124a5f', 2),
('2b8020b0-228e-4b38-be00-8767e7dcf3e3', 1, 'Digital', 38, '829427b6-b6df-4d4a-96f4-7a9d88124a5f', 3),
('1806653e-6a31-42db-9f8b-fa624b305738', 78, 'A43', 20, '2da9fec5-1cde-40ad-96a7-71863d5c4fa0', 0),
('92d3d4fe-96eb-43e3-b29f-f1117805e698', 68, 'A40', 43, '2da9fec5-1cde-40ad-96a7-71863d5c4fa0', 1),
('cace19f9-75db-428e-a6ac-b13e8728aefb', 5, 'A30', 38, '2da9fec5-1cde-40ad-96a7-71863d5c4fa0', 2),
('9896d565-51d6-444a-b5fc-a694fc515c33', 1, 'Digital', 21, '2da9fec5-1cde-40ad-96a7-71863d5c4fa0', 3),
('143890d2-90ae-4685-a15e-a7e823c001d4', 3, 'A21', 35, 'd7754530-9452-45e3-b0ec-5ab13728561c', 0),
('dd176941-de6b-4f30-b10f-83a13f200dba', 37, 'A8', 14, 'd7754530-9452-45e3-b0ec-5ab13728561c', 1),
('14215ee5-7c73-42ec-9ce5-61ae03ad55e7', 57, 'A49', 19, 'd7754530-9452-45e3-b0ec-5ab13728561c', 2),
('7c530697-ab28-4f9d-9ebc-879a116749a9', 1, 'Digital', 35, 'd7754530-9452-45e3-b0ec-5ab13728561c', 3),
('0f49a5af-d764-42ef-865c-84329b0e9356', 6, 'A22', 37, 'd18f49e9-8c92-4510-92a6-f55eb76c9dd8', 0),
('f1676b5c-50a2-494c-a004-877a939976f6', 29, 'A45', 34, 'd18f49e9-8c92-4510-92a6-f55eb76c9dd8', 1),
('0e15eee8-cafe-40aa-a936-d06d2ee969d9', 31, 'A4', 30, 'd18f49e9-8c92-4510-92a6-f55eb76c9dd8', 2),
('b3d76c10-fa19-425d-879c-e83a25b641fc', 1, 'Digital', 29, 'd18f49e9-8c92-4510-92a6-f55eb76c9dd8', 3),
('da8d31f3-096d-44c6-9347-854ca3f3557c', 80, 'A29', 48, 'f521d2b9-e31b-43a3-bdb8-6c2e20c1949a', 0),
('65387cc2-2012-4f0d-9a93-9581f0f0f142', 53, 'A1', 13, 'f521d2b9-e31b-43a3-bdb8-6c2e20c1949a', 1),
('e4d8c377-c8a0-4e5c-9a41-d9663e6aa2db', 43, 'A20', 18, 'f521d2b9-e31b-43a3-bdb8-6c2e20c1949a', 2),
('cfdce402-fd19-4da2-9035-f07a22f97d45', 1, 'Digital', 39, 'f521d2b9-e31b-43a3-bdb8-6c2e20c1949a', 3),
('57224159-57db-4b1c-9dae-10b31c501326', 58, 'A4', 38, '4c7becb8-6e70-4641-9757-b8610424db8d', 0),
('5172bdb9-6504-4bf1-bd87-4f15b51ffe9c', 89, 'A7', 41, '4c7becb8-6e70-4641-9757-b8610424db8d', 1),
('e763b513-ec32-49ae-abe7-41f9ba245523', 31, 'A27', 39, '4c7becb8-6e70-4641-9757-b8610424db8d', 2),
('d4fc0490-48aa-473f-8e7f-f580cd09383e', 1, 'Digital', 40, '4c7becb8-6e70-4641-9757-b8610424db8d', 3),
('bec66b4c-141c-4700-8dc4-984c62a91b7e', 7, 'A22', 47, '1d839ee0-4ee7-45dd-92c2-4c71bfb1fb06', 0),
('fb182fed-4793-4085-8198-deebc39076be', 97, 'A15', 34, '1d839ee0-4ee7-45dd-92c2-4c71bfb1fb06', 1),
('ff3f9b73-9755-4ac8-9a4b-bd32322ff8c9', 80, 'A31', 12, '1d839ee0-4ee7-45dd-92c2-4c71bfb1fb06', 2),
('c7c2cdd8-a734-4505-a6f2-ae734da8ae25', 1, 'Digital', 12, '1d839ee0-4ee7-45dd-92c2-4c71bfb1fb06', 3),
('552805b8-56e2-419c-8a95-00f29c80d9b2', 58, 'A43', 41, '848e336c-ea61-4ae1-9c63-57f41be1f148', 0),
('8bd9b006-3b58-46a7-a005-22772f298ade', 31, 'A16', 49, '848e336c-ea61-4ae1-9c63-57f41be1f148', 1),
('14d0e9c4-0a8e-4ba2-87ea-0684679ed04f', 19, 'A24', 20, '848e336c-ea61-4ae1-9c63-57f41be1f148', 2),
('658df0bd-55ae-4f79-8324-d48bf21d638d', 1, 'Digital', 35, '848e336c-ea61-4ae1-9c63-57f41be1f148', 3),
('217d015f-0a01-4cc3-a06a-60fdc282af5a', 38, 'A10', 49, 'e504d5f1-421b-475a-9b35-7ddcae444454', 0),
('bada767c-6b8c-4ec7-a242-0c44e668c9f7', 20, 'A11', 50, 'e504d5f1-421b-475a-9b35-7ddcae444454', 1),
('1e303a10-90f0-4c5a-a273-eec220765ada', 100, 'A5', 10, 'e504d5f1-421b-475a-9b35-7ddcae444454', 2),
('82abfc8e-bec5-45aa-a191-840953a90377', 1, 'Digital', 33, 'e504d5f1-421b-475a-9b35-7ddcae444454', 3),
('1dd9a934-7eed-4c58-b964-de5daea5c2e8', 12, 'A37', 48, '18f4094c-58d2-4e63-970f-bfa56ca88765', 0),
('ed57658a-7b04-4921-9a90-1bfd06f54ce5', 94, 'A50', 22, '18f4094c-58d2-4e63-970f-bfa56ca88765', 1),
('75bb5be8-bc46-438c-a58a-0dd918344f4f', 21, 'A28', 10, '18f4094c-58d2-4e63-970f-bfa56ca88765', 2),
('fc6a060d-5a61-42a3-90b0-5be6288b0a00', 1, 'Digital', 12, '18f4094c-58d2-4e63-970f-bfa56ca88765', 3),
('da07d838-2de0-4250-b1cc-c8697e39a64f', 20, 'A7', 15, '557efd3c-25ec-45e8-9b5c-c718ecaf6520', 0),
('32c3fc54-c6ca-4892-b426-d81fd5bc3adf', 25, 'A38', 19, '557efd3c-25ec-45e8-9b5c-c718ecaf6520', 1),
('13a1858c-3982-4c2d-b376-253690476f1b', 60, 'A45', 26, '557efd3c-25ec-45e8-9b5c-c718ecaf6520', 2),
('63b481dc-da66-48d9-a6ed-93ec24e4772f', 1, 'Digital', 33, '557efd3c-25ec-45e8-9b5c-c718ecaf6520', 3),
('30e1d76e-ea47-450b-b49e-5ee3a55b669f', 9, 'A39', 44, '76a10a67-9373-41d5-8a3a-e0ca2a6b1180', 0),
('1d66eea5-51d1-4cad-af65-34c0e21d4452', 72, 'A1', 38, '76a10a67-9373-41d5-8a3a-e0ca2a6b1180', 1),
('a6c4dc11-0be8-4a98-8c16-2597a7d978ff', 33, 'A28', 12, '76a10a67-9373-41d5-8a3a-e0ca2a6b1180', 2),
('06a342d1-7e5f-49f1-b070-97bd77fb9fb5', 1, 'Digital', 37, '76a10a67-9373-41d5-8a3a-e0ca2a6b1180', 3),
('451214db-7c5f-410a-9296-ae89ad5326e4', 84, 'A13', 47, 'fcf6edc2-abc0-4aba-ac8a-68209c422be0', 0),
('1accd748-94c7-4eb6-b5c8-a5ef051fd5a9', 46, 'A48', 50, 'fcf6edc2-abc0-4aba-ac8a-68209c422be0', 1),
('9162543f-25d5-4ff1-b672-9c83d911e14e', 33, 'A9', 15, 'fcf6edc2-abc0-4aba-ac8a-68209c422be0', 2),
('32798f22-29ef-4a45-a671-236688d75cac', 1, 'Digital', 42, 'fcf6edc2-abc0-4aba-ac8a-68209c422be0', 3),
('1b3d0c8e-7c28-46f7-b4d3-2f90ebb49c13', 50, 'A32', 22, '88e53b1b-2574-45fc-8793-05c23ef62b9f', 0),
('6695d957-2396-4e6b-a1aa-c0e936d3df9d', 2, 'A3', 12, '88e53b1b-2574-45fc-8793-05c23ef62b9f', 1),
('4965189b-d667-449d-9544-437c9d0fd08e', 27, 'A11', 12, '88e53b1b-2574-45fc-8793-05c23ef62b9f', 2),
('334097b2-597e-46b6-a9ba-2173357f5aa9', 1, 'Digital', 21, '88e53b1b-2574-45fc-8793-05c23ef62b9f', 3),
('6a301e49-499b-4f2f-a9d2-a429eb344420', 33, 'A45', 10, '564f838a-e657-4081-b4e3-ca14a10382d8', 0),
('0d9c56da-e7e9-442c-8c95-df6623ee17e8', 68, 'A15', 42, '564f838a-e657-4081-b4e3-ca14a10382d8', 1),
('f75b16e2-5d26-4b99-8ff1-6612a69041a7', 84, 'A8', 11, '564f838a-e657-4081-b4e3-ca14a10382d8', 2),
('baedb2d0-3fce-4c9f-a226-382546670709', 1, 'Digital', 21, '564f838a-e657-4081-b4e3-ca14a10382d8', 3),
('f859ef89-bbfd-4cdf-9ed8-0b07e9dbe381', 93, 'A25', 28, '87571be1-cb1c-411d-baff-7f435b781dc7', 0),
('2e1c753d-4327-40f6-a771-bec5eb76cba4', 89, 'A34', 38, '87571be1-cb1c-411d-baff-7f435b781dc7', 1),
('fb84c250-b11e-48bf-9187-9e343427b067', 44, 'A4', 42, '87571be1-cb1c-411d-baff-7f435b781dc7', 2),
('8ce01de0-b2e3-4f54-9866-2e217fceea99', 1, 'Digital', 29, '87571be1-cb1c-411d-baff-7f435b781dc7', 3),
('a54ac8be-f129-420f-a0bd-277136a70a30', 42, 'A8', 41, 'dd2cdf9b-8e61-4f5b-ae5e-8ca7249ed385', 0),
('40761166-b00a-4aad-a59d-9aa36376581c', 32, 'A27', 24, 'dd2cdf9b-8e61-4f5b-ae5e-8ca7249ed385', 1),
('8d641331-6235-41a1-b856-95ccecd8550f', 66, 'A20', 26, 'dd2cdf9b-8e61-4f5b-ae5e-8ca7249ed385', 2),
('4fa2c286-f87a-4bce-8717-0d57403c004c', 1, 'Digital', 23, 'dd2cdf9b-8e61-4f5b-ae5e-8ca7249ed385', 3),
('15f2b4e6-5059-4ea7-8f95-964aeea3a100', 37, 'A17', 38, '1fb1089a-0e2d-4c0a-9ec3-51c6ea145413', 0),
('8cbe3d44-89e7-4408-bf47-01b706a35938', 93, 'A40', 40, '1fb1089a-0e2d-4c0a-9ec3-51c6ea145413', 1),
('5b07720a-c35e-4862-b1c1-4717b29d5042', 31, 'A37', 32, '1fb1089a-0e2d-4c0a-9ec3-51c6ea145413', 2),
('57e8a21c-29e5-4b9d-9272-9ababf815398', 1, 'Digital', 50, '1fb1089a-0e2d-4c0a-9ec3-51c6ea145413', 3),
('5267bbe7-5caf-4000-a50c-03f80760b680', 52, 'A39', 13, 'bb52f6d9-2c2a-47b4-81b4-78b42146d8bf', 0),
('5f3c899e-346e-42f1-b4a5-26197572c68b', 14, 'A50', 37, 'bb52f6d9-2c2a-47b4-81b4-78b42146d8bf', 1),
('fd48bda6-e732-4b99-85bc-479e33524ade', 46, 'A2', 30, 'bb52f6d9-2c2a-47b4-81b4-78b42146d8bf', 2),
('42686a07-838e-4f41-bb42-19ca0e1eca84', 1, 'Digital', 41, 'bb52f6d9-2c2a-47b4-81b4-78b42146d8bf', 3),
('9a3bf48e-31b0-413c-bb53-4b95a929fc4e', 31, 'A13', 19, 'f4957ecd-1ba1-4bd9-8330-dec9cb8ccb5e', 0),
('2448dd59-b3bb-4ef9-af0a-3d399f0a3cea', 59, 'A17', 47, 'f4957ecd-1ba1-4bd9-8330-dec9cb8ccb5e', 1),
('8027732b-5b7f-44ad-a5db-6301c9b365f2', 22, 'A39', 24, 'f4957ecd-1ba1-4bd9-8330-dec9cb8ccb5e', 2),
('89e1157f-cc6e-49c9-bf7a-798e4b98ffa9', 1, 'Digital', 34, 'f4957ecd-1ba1-4bd9-8330-dec9cb8ccb5e', 3),
('bd1cccc9-1084-48a0-8511-ae0a02b57815', 54, 'A35', 24, 'b2dbc020-16b3-4a60-a86f-311bfebe72bb', 0),
('972cb890-93ed-4078-8b01-33b8400aeec5', 21, 'A42', 45, 'b2dbc020-16b3-4a60-a86f-311bfebe72bb', 1),
('2d9ea679-6465-4c72-8eaa-c792af13d70e', 61, 'A1', 20, 'b2dbc020-16b3-4a60-a86f-311bfebe72bb', 2),
('fb0b5190-22c2-4365-9219-6e1fa5a2f29d', 1, 'Digital', 30, 'b2dbc020-16b3-4a60-a86f-311bfebe72bb', 3),
('edba7cd1-2e2b-4696-a8f0-be2d4c20aeaf', 44, 'A37', 12, '2665fc25-9297-4e1a-9eae-8d0dff38c537', 0),
('58a3cfbb-1c54-47db-b12b-69ed5d8ca6e0', 27, 'A4', 45, '2665fc25-9297-4e1a-9eae-8d0dff38c537', 1),
('3508dd2d-b720-4f30-92a4-c3294bc5e460', 78, 'A4', 17, '2665fc25-9297-4e1a-9eae-8d0dff38c537', 2),
('8d82f89d-caba-41b2-8382-75da438c2798', 1, 'Digital', 10, '2665fc25-9297-4e1a-9eae-8d0dff38c537', 3),
('106a664e-d5d2-401a-9c37-a623d93896c0', 81, 'A28', 36, 'f181c033-9236-4d3a-9870-a0d5038b0f5f', 0),
('d62ebcaa-756e-4ef6-8edc-b0a87d66ff13', 74, 'A35', 47, 'f181c033-9236-4d3a-9870-a0d5038b0f5f', 1),
('467c9315-d69d-4a29-af85-02b545bd8c34', 41, 'A0', 23, 'f181c033-9236-4d3a-9870-a0d5038b0f5f', 2),
('1f954dee-6f12-40e3-8c0c-bc0d1dc7a0f1', 1, 'Digital', 36, 'f181c033-9236-4d3a-9870-a0d5038b0f5f', 3),
('773631db-fd32-4115-84bb-fffa97a4f77b', 7, 'A1', 45, '594a05d4-2416-4f09-ba1c-8dadfd9e1863', 0),
('688c1261-f09b-40da-baeb-c1d7ea1059fe', 67, 'A42', 19, '594a05d4-2416-4f09-ba1c-8dadfd9e1863', 1),
('e5d0f8ac-8242-4bf8-9424-ecf0a4b754b6', 72, 'A34', 12, '594a05d4-2416-4f09-ba1c-8dadfd9e1863', 2),
('e3638e45-05bd-4319-9664-1df7241b56eb', 1, 'Digital', 30, '594a05d4-2416-4f09-ba1c-8dadfd9e1863', 3),
('c8165448-7360-476b-83af-35bd9b2b4d66', 14, 'A14', 20, 'd2a852c3-0cae-47dc-8db6-51680fb45a88', 0),
('4339499c-a026-4f91-89dc-beec2b3662f7', 27, 'A13', 19, 'd2a852c3-0cae-47dc-8db6-51680fb45a88', 1),
('89dadc23-baf5-4287-9b92-623aaef79a96', 26, 'A4', 48, 'd2a852c3-0cae-47dc-8db6-51680fb45a88', 2),
('f3264d32-4f07-42a8-82fe-2ff95d2d795b', 1, 'Digital', 21, 'd2a852c3-0cae-47dc-8db6-51680fb45a88', 3),
('9e60b9c0-b1de-40b5-a16a-fb5c8179d643', 49, 'A20', 48, 'a28d49fe-1baf-4cca-a243-ff7b5bcfa3b1', 0),
('a99a956e-0421-480e-a3b7-acf4d0e5cf33', 75, 'A14', 39, 'a28d49fe-1baf-4cca-a243-ff7b5bcfa3b1', 1),
('7f3379ac-ac68-4019-a4c1-2f72d9e0d1a8', 78, 'A16', 40, 'a28d49fe-1baf-4cca-a243-ff7b5bcfa3b1', 2),
('070903bd-1116-4de5-8fa2-42d300077b80', 1, 'Digital', 21, 'a28d49fe-1baf-4cca-a243-ff7b5bcfa3b1', 3),
('38a3abc9-ae6f-4f83-8824-470aea4ecd35', 25, 'A28', 47, '9a2835d7-adfd-4d63-9295-0b7af4042dab', 0),
('cf179e45-4051-4235-80a4-122b8775e55f', 60, 'A15', 48, '9a2835d7-adfd-4d63-9295-0b7af4042dab', 1),
('a4b22ab2-dc99-414a-8c35-73cf7413bbbf', 34, 'A22', 16, '9a2835d7-adfd-4d63-9295-0b7af4042dab', 2),
('beb9015d-2c5f-4c5f-9633-fcc52861f4af', 1, 'Digital', 42, '9a2835d7-adfd-4d63-9295-0b7af4042dab', 3),
('3b80a551-550e-4cc1-b14e-158d133fb3cd', 68, 'A33', 22, 'f5aaf502-bbc5-43d5-adb0-6a908c7ecf6b', 0),
('c6ce38cc-9326-4eb3-aed6-85a03d85e4be', 78, 'A29', 32, 'f5aaf502-bbc5-43d5-adb0-6a908c7ecf6b', 1),
('12448d60-33e9-46ca-9ce3-12e58a1c9e04', 65, 'A3', 28, 'f5aaf502-bbc5-43d5-adb0-6a908c7ecf6b', 2),
('fefb38e5-9c90-4a47-a885-c71863d91fa0', 1, 'Digital', 17, 'f5aaf502-bbc5-43d5-adb0-6a908c7ecf6b', 3),
('1eda0053-163e-448e-9134-5d1104ff08f1', 8, 'A37', 35, '702f71f9-ae33-4a8d-b8ac-6c894e2416fc', 0),
('f9faa2bd-9e89-4994-b0c9-1a2b2e6f01c8', 19, 'A49', 20, '702f71f9-ae33-4a8d-b8ac-6c894e2416fc', 1),
('09e94dc8-642f-4239-b811-c8249bbf8ac7', 96, 'A16', 37, '702f71f9-ae33-4a8d-b8ac-6c894e2416fc', 2),
('632fa65a-862a-4799-a46b-06a9ce57cd53', 1, 'Digital', 29, '702f71f9-ae33-4a8d-b8ac-6c894e2416fc', 3),
('81c02e85-82ea-45a5-9fe9-4e9d5fc47617', 9, 'A29', 28, '4767fbf8-4664-48e6-a202-f435ae572a80', 0),
('be3541b1-8aa4-4d62-b9b2-75f76af171a3', 39, 'A22', 19, '4767fbf8-4664-48e6-a202-f435ae572a80', 1),
('5e0808bc-4ad9-497d-9941-1181f6aa73e8', 22, 'A16', 50, '4767fbf8-4664-48e6-a202-f435ae572a80', 2),
('68a7d735-4cec-43cc-8d71-29320ce9a93c', 1, 'Digital', 30, '4767fbf8-4664-48e6-a202-f435ae572a80', 3),
('c08dbc4d-afc8-4149-b90d-0601ad2cebb7', 64, 'A42', 15, '06e71d07-b313-48fa-a49e-bdab306ac305', 0),
('cdb90516-d697-41fe-a6eb-5af74efa91ed', 59, 'A21', 13, '06e71d07-b313-48fa-a49e-bdab306ac305', 1),
('0a171c65-3477-4309-bcd5-38761de8c91f', 17, 'A50', 44, '06e71d07-b313-48fa-a49e-bdab306ac305', 2),
('8d84d679-d3bd-4a00-be81-0e673f73cb95', 1, 'Digital', 39, '06e71d07-b313-48fa-a49e-bdab306ac305', 3),
('2d4fba41-5a3f-4986-b485-15652c269bde', 76, 'A44', 23, '18d7338f-d6d5-4b35-8af9-bf8161c2d9ac', 0),
('7072ccf6-cc6b-4f83-865f-db65ee97ac62', 48, 'A35', 18, '18d7338f-d6d5-4b35-8af9-bf8161c2d9ac', 1),
('cb8a72d8-65e0-4d46-b7e6-48a9ae844bce', 100, 'A0', 23, '18d7338f-d6d5-4b35-8af9-bf8161c2d9ac', 2),
('015f7e86-6174-4bfd-9e40-9ea623f808e8', 1, 'Digital', 32, '18d7338f-d6d5-4b35-8af9-bf8161c2d9ac', 3),
('b2342d54-0652-44ef-81af-a693878e3b93', 50, 'A6', 21, 'b3e51473-8d72-4e8e-ae04-cd5e07450343', 0),
('a87fb447-1003-463a-8f27-0c4d9268d6b1', 2, 'A47', 50, 'b3e51473-8d72-4e8e-ae04-cd5e07450343', 1),
('3aa8b0e2-4034-47fd-91c0-c9cf250fc4a0', 30, 'A40', 42, 'b3e51473-8d72-4e8e-ae04-cd5e07450343', 2),
('c09f5a43-ab00-4130-b638-fbc84dee7b49', 1, 'Digital', 18, 'b3e51473-8d72-4e8e-ae04-cd5e07450343', 3),
('660c8a08-af51-46ca-a47a-c9e5e49fdd6c', 92, 'A46', 31, 'd541a702-1ef6-49d5-a31d-99d9f3e469f2', 0),
('1f72f657-4b02-4592-8e22-531ccd437f03', 11, 'A15', 27, 'd541a702-1ef6-49d5-a31d-99d9f3e469f2', 1),
('8f54071a-b2af-41c9-be18-8f7607dba60e', 20, 'A45', 22, 'd541a702-1ef6-49d5-a31d-99d9f3e469f2', 2),
('2c8a8497-3abb-40a5-ad9d-39c299718576', 1, 'Digital', 44, 'd541a702-1ef6-49d5-a31d-99d9f3e469f2', 3),
('8f2e991e-13bd-4ab3-96ce-618fbd5583c6', 28, 'A16', 25, '3feab082-53b4-4869-839a-6b376c5bf8f4', 0),
('46cc625d-d4c6-4da3-8de3-0607df85f604', 62, 'A26', 27, '3feab082-53b4-4869-839a-6b376c5bf8f4', 1),
('3bf5a8fb-d3a2-4107-945a-573cbd3e75fc', 49, 'A48', 45, '3feab082-53b4-4869-839a-6b376c5bf8f4', 2),
('c6185afb-af0e-4ec8-94bf-a651ef0a6dd4', 1, 'Digital', 33, '3feab082-53b4-4869-839a-6b376c5bf8f4', 3),
('6e19c617-afee-4d66-b301-17fe906682b3', 48, 'A42', 31, '2f93af3c-113c-4faf-a9be-50869f3148cb', 0),
('f89b3e61-63ee-45fe-927b-d081f7194c20', 21, 'A45', 16, '2f93af3c-113c-4faf-a9be-50869f3148cb', 1),
('9ae8c176-ca4f-42d3-bbc8-8d977fb9b295', 24, 'A27', 34, '2f93af3c-113c-4faf-a9be-50869f3148cb', 2),
('7ef71bf9-9036-461b-b25c-e536ca60e7d9', 1, 'Digital', 22, '2f93af3c-113c-4faf-a9be-50869f3148cb', 3),
('c9100387-3271-4073-a620-c6c931513d7f', 12, 'A38', 22, 'a7c29fdb-59a5-4015-930d-deb3f68a0091', 0),
('07187eff-18a6-42d8-8042-18ef46160431', 1, 'A28', 36, 'a7c29fdb-59a5-4015-930d-deb3f68a0091', 1),
('9127fdcb-2dd7-426d-bd73-b5dc54408add', 35, 'A29', 14, 'a7c29fdb-59a5-4015-930d-deb3f68a0091', 2),
('99f7bdc0-64a9-498f-9468-7711252f7a17', 1, 'Digital', 33, 'a7c29fdb-59a5-4015-930d-deb3f68a0091', 3),
('c18c636a-f4ee-4ad7-9351-808c84893934', 60, 'A38', 32, '37cba9f9-dd08-46b4-910b-25c142d980be', 0),
('3aedf3ab-ab13-47ca-9041-52648051ea53', 34, 'A40', 31, '37cba9f9-dd08-46b4-910b-25c142d980be', 1),
('d50fa7c8-4629-47cd-88ec-f7a698a3b0c0', 57, 'A44', 30, '37cba9f9-dd08-46b4-910b-25c142d980be', 2),
('6499eda4-7dc5-482c-a57a-68372a051aba', 1, 'Digital', 41, '37cba9f9-dd08-46b4-910b-25c142d980be', 3),
('eee40195-41ef-476f-90b8-ff46e35335b3', 66, 'A0', 10, '222cc354-67c0-49e8-9d6d-f8541cda72b8', 0),
('1f02e0ab-1eca-4e44-b81e-cc5c0a4a6c1a', 62, 'A39', 17, '222cc354-67c0-49e8-9d6d-f8541cda72b8', 1),
('398e9242-77fa-45fb-8c31-e14b5e6b93fa', 26, 'A1', 22, '222cc354-67c0-49e8-9d6d-f8541cda72b8', 2),
('1ca20e9a-5287-43b9-966e-7c775282db31', 1, 'Digital', 44, '222cc354-67c0-49e8-9d6d-f8541cda72b8', 3),
('86083ceb-2dba-4790-8d0c-8a1261afb5cd', 2, 'A45', 50, '65473fa6-0087-40f5-b006-6d9bf62165f4', 0),
('ffcc7bbd-a323-4498-80df-8a3c46ab09af', 45, 'A47', 47, '65473fa6-0087-40f5-b006-6d9bf62165f4', 1),
('ef8ef133-5dd1-459b-88ee-7ef77deb4f70', 51, 'A42', 20, '65473fa6-0087-40f5-b006-6d9bf62165f4', 2),
('2ccca5b1-bced-4e11-ab04-49b5f17a27ff', 1, 'Digital', 40, '65473fa6-0087-40f5-b006-6d9bf62165f4', 3),
('a9108522-8f11-40d6-8e3e-b08ffc0c24e5', 11, 'A4', 44, '4343c3aa-8442-4837-bfce-a1e5260ba48f', 0),
('4010780a-db3e-4815-97cf-c478f68082cd', 86, 'A1', 38, '4343c3aa-8442-4837-bfce-a1e5260ba48f', 1),
('26f5c015-b698-4588-83d4-08345451b36a', 3, 'A8', 20, '4343c3aa-8442-4837-bfce-a1e5260ba48f', 2),
('5e78622f-b4b2-4d4a-a795-ceb11d08865d', 1, 'Digital', 17, '4343c3aa-8442-4837-bfce-a1e5260ba48f', 3),
('2df3e508-e6f9-4dbc-baa1-9ff78151958c', 56, 'A39', 45, 'b6fc2548-e96a-4e4b-ab2c-c753db03174e', 0),
('9289c4da-079d-4c8f-8058-42b53fe41920', 12, 'A24', 35, 'b6fc2548-e96a-4e4b-ab2c-c753db03174e', 1),
('160d2aa5-48e2-4d20-9263-4577142d9a84', 46, 'A39', 26, 'b6fc2548-e96a-4e4b-ab2c-c753db03174e', 2),
('1f038591-6676-4179-b382-542bd52893b8', 1, 'Digital', 19, 'b6fc2548-e96a-4e4b-ab2c-c753db03174e', 3),
('72e82551-dbc8-4ab2-a83b-a1ac37aefcae', 21, 'A45', 15, 'ab4c35f6-00e3-4c46-9f0b-cc40b7e15b28', 0),
('c90f5a9e-3406-4f8b-a28e-24f2a0ecd1e6', 57, 'A50', 43, 'ab4c35f6-00e3-4c46-9f0b-cc40b7e15b28', 1),
('dde31580-fa5d-43b7-b6e5-f060222089c3', 44, 'A31', 45, 'ab4c35f6-00e3-4c46-9f0b-cc40b7e15b28', 2),
('d363a36e-a226-4c79-9a30-27a0a8c15370', 1, 'Digital', 19, 'ab4c35f6-00e3-4c46-9f0b-cc40b7e15b28', 3),
('0163fdb8-472a-4929-addf-361327935b7b', 64, 'A38', 24, '1132a3b4-8c80-4fc2-acfa-1173adb0fe57', 0),
('7346b4a1-ca74-45ad-a4f0-2e7643372eca', 78, 'A15', 22, '1132a3b4-8c80-4fc2-acfa-1173adb0fe57', 1),
('7fc0c2eb-803e-465d-a9b4-9537cd54a219', 62, 'A1', 25, '1132a3b4-8c80-4fc2-acfa-1173adb0fe57', 2),
('8ba43aa8-5eb7-4fb0-944a-09f90c11dd97', 1, 'Digital', 29, '1132a3b4-8c80-4fc2-acfa-1173adb0fe57', 3),
('779dfaa0-0fe9-4902-ba81-f43d280df6a6', 7, 'A39', 26, 'a50b7f73-73ae-43b0-b3e5-3e312e01031e', 0),
('d6cd781e-0159-4940-b692-bc1cf6aa91a2', 38, 'A5', 10, 'a50b7f73-73ae-43b0-b3e5-3e312e01031e', 1),
('2c6a931b-4123-4656-8bad-ba1879935c25', 70, 'A48', 48, 'a50b7f73-73ae-43b0-b3e5-3e312e01031e', 2),
('5982bd86-18f3-4669-837f-1250dc96b580', 1, 'Digital', 29, 'a50b7f73-73ae-43b0-b3e5-3e312e01031e', 3),
('cef29386-e647-48ab-bfdb-6de2c1ca7cc1', 91, 'A43', 29, '1e235ce0-9725-49f7-b712-424861c6f084', 0),
('2b234d80-7bb1-488c-86b9-171175c85944', 21, 'A34', 14, '1e235ce0-9725-49f7-b712-424861c6f084', 1),
('783a053a-efe8-4e6f-bb67-c9f2ec871f1c', 93, 'A13', 50, '1e235ce0-9725-49f7-b712-424861c6f084', 2),
('9f7e5aaa-7c7b-4956-a87c-1668c3e50ecf', 1, 'Digital', 31, '1e235ce0-9725-49f7-b712-424861c6f084', 3),
('cefe55b4-a53c-46d5-b877-c249ebc3c8c2', 16, 'A9', 17, 'fe39b5ce-ac50-4ceb-84f2-292bdd14d74e', 0),
('65aec507-c96e-4429-94d6-3247af1a1e57', 13, 'A22', 46, 'fe39b5ce-ac50-4ceb-84f2-292bdd14d74e', 1),
('60200d4c-e10c-462f-bf6b-a9009fc2949d', 49, 'A7', 49, 'fe39b5ce-ac50-4ceb-84f2-292bdd14d74e', 2),
('4c3df12f-3b12-456d-9559-0d1a62a53d24', 1, 'Digital', 25, 'fe39b5ce-ac50-4ceb-84f2-292bdd14d74e', 3),
('ce651003-a71b-4507-822d-bacd585e8ac3', 97, 'A0', 48, 'c127261e-cf0d-451d-9d52-8d5113b93040', 0),
('11515a28-1968-4eb1-8d87-ee36d3a07d83', 45, 'A12', 40, 'c127261e-cf0d-451d-9d52-8d5113b93040', 1),
('307e7689-c171-4c0f-88ea-5fc0649813ff', 7, 'A1', 45, 'c127261e-cf0d-451d-9d52-8d5113b93040', 2),
('58ca9d84-9222-40d0-a644-c07ff3548bd1', 1, 'Digital', 41, 'c127261e-cf0d-451d-9d52-8d5113b93040', 3),
('abe87545-df3c-4314-9def-0d46d142e8a8', 70, 'A40', 44, '3dc94c7c-0350-4477-91e9-5d8a2225162d', 0),
('a2d3afd4-5336-451a-82d1-f587b5f18e9a', 18, 'A10', 17, '3dc94c7c-0350-4477-91e9-5d8a2225162d', 1),
('53464eb3-733e-4130-b7c7-4ba0d6e2bc94', 56, 'A43', 21, '3dc94c7c-0350-4477-91e9-5d8a2225162d', 2),
('f0ddc4d2-a09f-47ab-9aba-7b8d8da5cdea', 1, 'Digital', 10, '3dc94c7c-0350-4477-91e9-5d8a2225162d', 3),
('8be972f2-8dfc-45e0-883a-3052db0fcf8d', 19, 'A17', 45, 'a23829cc-0816-4da7-bc86-e132d3733f56', 0),
('3e49a42d-f2d9-46db-b35d-6da264c560ec', 31, 'A11', 13, 'a23829cc-0816-4da7-bc86-e132d3733f56', 1),
('3c0274b1-e9d2-4725-a164-8fe9626a8476', 64, 'A15', 37, 'a23829cc-0816-4da7-bc86-e132d3733f56', 2),
('28cefb39-bb76-4709-8e71-d95dcd7d1b68', 1, 'Digital', 27, 'a23829cc-0816-4da7-bc86-e132d3733f56', 3),
('f87ba21c-64a5-4faa-8655-6c52ca6cf85c', 79, 'A19', 27, 'a78b9fde-9f84-4739-9012-55558c6200bf', 0),
('b79aab18-317d-4044-9c33-b2843cb4bbe8', 0, 'A18', 17, 'a78b9fde-9f84-4739-9012-55558c6200bf', 1),
('175cf849-cbb0-4597-ab98-09c1d7a81a3f', 88, 'A13', 40, 'a78b9fde-9f84-4739-9012-55558c6200bf', 2),
('d322c654-31f6-47e1-bb80-85878166d47a', 1, 'Digital', 42, 'a78b9fde-9f84-4739-9012-55558c6200bf', 3),
('f2e3e028-9407-4c74-8761-7529fccd66df', 52, 'A46', 33, '8fe553d0-4e1d-499b-8791-56e631521f15', 0),
('98458cd8-6de6-4daf-be64-1184448f8544', 29, 'A20', 11, '8fe553d0-4e1d-499b-8791-56e631521f15', 1),
('8028b2d5-4750-45b5-902e-0c2476e53dc8', 17, 'A13', 34, '8fe553d0-4e1d-499b-8791-56e631521f15', 2),
('6f883940-89c1-4e28-b647-55effd6ee587', 1, 'Digital', 15, '8fe553d0-4e1d-499b-8791-56e631521f15', 3),
('0136a06b-1b00-463f-a5f8-18b9c986db78', 33, 'A47', 37, '681a92b6-0412-4176-a390-1fbfe1aa2786', 0),
('8152beab-8cea-4d29-bb2d-3279d04a7e13', 50, 'A7', 28, '681a92b6-0412-4176-a390-1fbfe1aa2786', 1),
('5ae5acca-6c35-4855-9ac9-a6724e3d6dff', 64, 'A0', 11, '681a92b6-0412-4176-a390-1fbfe1aa2786', 2),
('53d8dce9-0a2f-434e-bbf4-5bcfaf9e5736', 1, 'Digital', 36, '681a92b6-0412-4176-a390-1fbfe1aa2786', 3),
('f196e160-f35a-43b6-bd30-6e942f6d0e18', 40, 'A10', 27, '4e0a1a89-26e0-40c8-a7a2-a6d0cb12346a', 0),
('8760bbae-9bb6-42e8-87d1-078e9e737d83', 24, 'A25', 21, '4e0a1a89-26e0-40c8-a7a2-a6d0cb12346a', 1),
('30a436ff-926f-4282-966b-65e2c23b6984', 76, 'A23', 41, '4e0a1a89-26e0-40c8-a7a2-a6d0cb12346a', 2),
('bb0f8d69-b152-4dbf-b6b8-bf018723cafd', 1, 'Digital', 22, '4e0a1a89-26e0-40c8-a7a2-a6d0cb12346a', 3),
('f894b692-c711-4508-9a01-08dd734c2cc5', 27, 'A17', 13, '013ce782-1537-4a7a-ae23-b472a85351fa', 0),
('0c74b072-6fd6-4c91-a0e1-54e46b14a75a', 49, 'A9', 36, '013ce782-1537-4a7a-ae23-b472a85351fa', 1),
('2db0d33a-fc79-45fa-94c9-3815105de580', 55, 'A40', 25, '013ce782-1537-4a7a-ae23-b472a85351fa', 2),
('09f3eb87-cbbd-4aab-9c46-6fdc3235a416', 1, 'Digital', 19, '013ce782-1537-4a7a-ae23-b472a85351fa', 3),
('ba6378c2-f76d-4231-96d2-60d3d416682f', 17, 'A25', 21, '7f852b36-0397-46da-8045-e90463ff65d3', 0),
('3a4c5b31-8078-4675-a633-ae576d1f71f6', 6, 'A6', 19, '7f852b36-0397-46da-8045-e90463ff65d3', 1),
('24617d26-91ba-4863-9863-05257d40c852', 64, 'A9', 22, '7f852b36-0397-46da-8045-e90463ff65d3', 2),
('309a6987-b029-4676-888c-e039b1d5ddf6', 1, 'Digital', 29, '7f852b36-0397-46da-8045-e90463ff65d3', 3),
('74e33b12-0c8c-4586-9870-0bc27632d186', 21, 'A13', 45, 'b37f3179-049e-4a23-a7db-68b28fbcb087', 0),
('12582a0c-dcec-448d-b22f-d1e7c18450b6', 55, 'A17', 32, 'b37f3179-049e-4a23-a7db-68b28fbcb087', 1),
('6daa9b15-7d69-4968-bf33-5d6fd03aeb2c', 73, 'A41', 36, 'b37f3179-049e-4a23-a7db-68b28fbcb087', 2),
('fa08ec97-9ca3-414f-8fcd-2989694f32ef', 1, 'Digital', 12, 'b37f3179-049e-4a23-a7db-68b28fbcb087', 3),
('76ef1d64-f861-4bec-be37-81f6f2145b1f', 15, 'A37', 47, 'edf8765b-236f-48fd-b5b9-56801cd40326', 0),
('38a1d90c-a7e7-43b9-b40e-c88d01e0ac92', 96, 'A33', 22, 'edf8765b-236f-48fd-b5b9-56801cd40326', 1),
('4d4c7867-bd8a-43d0-a180-9516f6218d54', 49, 'A48', 27, 'edf8765b-236f-48fd-b5b9-56801cd40326', 2),
('6bffb542-11a0-4d76-a264-038d6ee375f7', 1, 'Digital', 38, 'edf8765b-236f-48fd-b5b9-56801cd40326', 3),
('4a9f4198-0365-4b78-a2e8-1de99b06dfea', 47, 'A28', 28, 'f1ed8fe2-dbb8-402b-b69f-6e8b1ff6abc3', 0),
('647485ac-82b9-4aaf-a579-4e68811d46bb', 74, 'A37', 13, 'f1ed8fe2-dbb8-402b-b69f-6e8b1ff6abc3', 1),
('aaf54ae4-d9e2-4e94-94fb-e5c7c4d2676e', 99, 'A45', 42, 'f1ed8fe2-dbb8-402b-b69f-6e8b1ff6abc3', 2),
('c771cafc-85b0-40b6-b5c3-1e48d2d9b6ab', 1, 'Digital', 27, 'f1ed8fe2-dbb8-402b-b69f-6e8b1ff6abc3', 3),
('261fc8cb-38a8-46a9-b350-006626c98890', 11, 'A40', 36, '223649ff-613b-4c54-812d-e79097ef42ef', 0),
('aa2bb013-8dbd-4c6f-93cf-3cb82f419fd6', 33, 'A2', 45, '223649ff-613b-4c54-812d-e79097ef42ef', 1),
('3ff6ffa7-ec29-45fe-89a5-f338509a66a4', 53, 'A25', 31, '223649ff-613b-4c54-812d-e79097ef42ef', 2),
('4e5a23d0-0a17-40fc-9f5d-bc18f8dfbf53', 1, 'Digital', 19, '223649ff-613b-4c54-812d-e79097ef42ef', 3),
('d077477a-1ef0-4b67-a755-f1913b1b5aa3', 12, 'A33', 35, '47c5dfdd-39ee-4f0a-a934-abd65d7b87fe', 0),
('c630c2dc-1a9c-4791-9bfb-601ec81f9b9b', 31, 'A38', 40, '47c5dfdd-39ee-4f0a-a934-abd65d7b87fe', 1),
('ec39174a-cbde-4240-8737-f61d1930ecb6', 36, 'A34', 38, '47c5dfdd-39ee-4f0a-a934-abd65d7b87fe', 2),
('8416d81a-fc7f-4707-83ad-dbce36159db4', 1, 'Digital', 33, '47c5dfdd-39ee-4f0a-a934-abd65d7b87fe', 3),
('35cac552-cfbd-4586-92c7-7db3ebccaf2b', 39, 'A4', 19, '65daa839-8c4c-43af-b73f-820112315b59', 0),
('b6f104f7-ab44-4965-9b57-476a2834364b', 24, 'A43', 35, '65daa839-8c4c-43af-b73f-820112315b59', 1),
('1590c266-e895-4a96-8475-b87a2d470cd4', 64, 'A24', 15, '65daa839-8c4c-43af-b73f-820112315b59', 2),
('eb13458f-8c32-426e-a944-53a5c70bd876', 1, 'Digital', 14, '65daa839-8c4c-43af-b73f-820112315b59', 3),
('daeb01d5-3f5d-4132-a90e-ddcfe0caa500', 100, 'A8', 33, '76cab45f-e42a-4c59-854f-a87ad73027a6', 0),
('f3a5e7e5-33b5-45ad-949c-8bc6ed0a36aa', 31, 'A7', 50, '76cab45f-e42a-4c59-854f-a87ad73027a6', 1),
('11161d1f-14e2-4ba8-aa8a-eb95d57b4843', 36, 'A11', 38, '76cab45f-e42a-4c59-854f-a87ad73027a6', 2),
('c80fd7d5-6f98-4b41-83dd-84d413769e75', 1, 'Digital', 43, '76cab45f-e42a-4c59-854f-a87ad73027a6', 3),
('33045a4f-a4d2-4f99-adbe-6e51fc2ffabe', 53, 'A17', 20, '6574532d-d3b2-4fb2-9116-d8cd6e62ad91', 0),
('1f1f6acb-e776-451f-ae23-b30752dad316', 47, 'A46', 47, '6574532d-d3b2-4fb2-9116-d8cd6e62ad91', 1),
('764614a9-fa6f-450e-8d11-7a1fe229057e', 11, 'A38', 24, '6574532d-d3b2-4fb2-9116-d8cd6e62ad91', 2),
('4c75c0ab-1773-43e3-8570-e652e12d10fc', 1, 'Digital', 18, '6574532d-d3b2-4fb2-9116-d8cd6e62ad91', 3),
('3df62b8b-dd6a-421b-9543-72c3fddce898', 21, 'A29', 39, '30e0eccd-2f8d-4860-9a61-95e999a0eaad', 0),
('406e0672-5f7f-4f3e-988a-f63625657fc2', 50, 'A13', 27, '30e0eccd-2f8d-4860-9a61-95e999a0eaad', 1),
('a9c0b8e1-7df9-4ed6-a120-3e2f9958b56f', 61, 'A43', 15, '30e0eccd-2f8d-4860-9a61-95e999a0eaad', 2),
('9bcfced7-8d96-4993-b65b-b7f4b2e652db', 1, 'Digital', 46, '30e0eccd-2f8d-4860-9a61-95e999a0eaad', 3),
('c826821e-aa50-47bf-92ff-d5ea425eb9dc', 22, 'A26', 27, 'd32c1b6c-9db3-4c1f-97b5-135eb5a19c12', 0),
('a9278b9b-411f-4df3-88fe-2c555af88804', 3, 'A49', 11, 'd32c1b6c-9db3-4c1f-97b5-135eb5a19c12', 1),
('72f44253-7efb-4837-9e6a-99ed89b84f90', 9, 'A6', 46, 'd32c1b6c-9db3-4c1f-97b5-135eb5a19c12', 2),
('8d5e0cf7-55f5-4a8b-a1e0-5a126560519a', 1, 'Digital', 28, 'd32c1b6c-9db3-4c1f-97b5-135eb5a19c12', 3),
('85683721-01ef-4ffa-870d-2cbaad41a240', 21, 'A26', 27, '70ad4335-27eb-4537-ae71-cb946b69067c', 0),
('bc4f35d2-92b4-4409-9914-6f8b0d1c7c52', 15, 'A2', 44, '70ad4335-27eb-4537-ae71-cb946b69067c', 1),
('05bce2c4-f854-4e91-b0f5-694db24ce289', 99, 'A16', 24, '70ad4335-27eb-4537-ae71-cb946b69067c', 2),
('a3b2089e-e4c7-4d1f-9817-f1b6262ae679', 1, 'Digital', 17, '70ad4335-27eb-4537-ae71-cb946b69067c', 3),
('822b66dd-06e4-45b6-8541-57eb0e29fdc3', 80, 'A7', 12, '044375fc-d365-47a6-95b5-57c5043dcf61', 0),
('efa01e5b-858f-4f68-8842-c45d98803315', 34, 'A1', 39, '044375fc-d365-47a6-95b5-57c5043dcf61', 1),
('506a0442-7602-43a0-86b4-32474c846084', 66, 'A18', 46, '044375fc-d365-47a6-95b5-57c5043dcf61', 2),
('344eaf2e-a56f-44fb-a6a2-6bc6ba519056', 1, 'Digital', 19, '044375fc-d365-47a6-95b5-57c5043dcf61', 3),
('94caf0b5-d2c4-4ed1-9190-3e5cc9787abe', 31, 'A24', 14, '10f199b2-6989-42dd-ac74-a1b1dd82a77e', 0),
('e772bd03-e7eb-465b-9148-a9c3aa03f1eb', 97, 'A3', 23, '10f199b2-6989-42dd-ac74-a1b1dd82a77e', 1),
('036de663-616b-4bc0-8e52-1bc3d8e52d01', 71, 'A21', 25, '10f199b2-6989-42dd-ac74-a1b1dd82a77e', 2),
('d228e211-654d-455f-b5f5-c600c44b6878', 1, 'Digital', 45, '10f199b2-6989-42dd-ac74-a1b1dd82a77e', 3),
('8a485655-964c-4aa8-8924-5decef717150', 91, 'A39', 31, '142ba046-639a-46b8-bf60-df569bda293a', 0),
('e035fb17-5b69-4717-b327-ca3362525ae5', 71, 'A18', 42, '142ba046-639a-46b8-bf60-df569bda293a', 1),
('deb0fbde-e0c9-4057-b4d9-6d0e5ca897b1', 88, 'A13', 45, '142ba046-639a-46b8-bf60-df569bda293a', 2),
('60b325ce-5dd4-419c-87bf-8cff2430baac', 1, 'Digital', 47, '142ba046-639a-46b8-bf60-df569bda293a', 3),
('56607226-9f8d-44a7-8fd4-9a3394188352', 66, 'A9', 21, 'f4fdc855-c85b-4e41-834c-fb128a96262e', 0),
('ee9f748d-899c-496e-8c92-ce2dfff3c26a', 43, 'A20', 35, 'f4fdc855-c85b-4e41-834c-fb128a96262e', 1),
('3adfbf57-d8fd-4f16-98fa-73d12a68023a', 70, 'A46', 44, 'f4fdc855-c85b-4e41-834c-fb128a96262e', 2),
('9e567609-7156-49f1-877e-86bfc49204a6', 1, 'Digital', 22, 'f4fdc855-c85b-4e41-834c-fb128a96262e', 3),
('7cc02f10-85c3-47d1-b2ab-b5ac6fb07391', 3, 'A13', 16, 'add0509e-cbeb-4b61-b141-e890885dfeac', 0),
('8fd9ac13-b450-4227-93d6-5e47e37be2ab', 40, 'A28', 44, 'add0509e-cbeb-4b61-b141-e890885dfeac', 1),
('5c5879e4-ed5b-4be1-b6ae-84df5f0a9809', 97, 'A6', 14, 'add0509e-cbeb-4b61-b141-e890885dfeac', 2),
('e2567612-f297-4ffc-8f20-344da27d6e79', 1, 'Digital', 15, 'add0509e-cbeb-4b61-b141-e890885dfeac', 3),
('66472ab2-530a-48ae-9545-0b6c5da85912', 36, 'A15', 42, '9e3a29b2-064f-41ca-92d0-7083e5b72886', 0),
('9ff9848a-da8b-4cd3-b350-afebd536da60', 66, 'A12', 49, '9e3a29b2-064f-41ca-92d0-7083e5b72886', 1),
('bebf2873-39d4-4776-bad1-9b74a44502c7', 22, 'A21', 43, '9e3a29b2-064f-41ca-92d0-7083e5b72886', 2),
('1456fb9d-de39-4a19-be2e-e92c08e34a8c', 1, 'Digital', 36, '9e3a29b2-064f-41ca-92d0-7083e5b72886', 3),
('a7578d28-ef2e-41b7-9e2f-d9b4a98a928c', 13, 'A42', 24, '1d29621b-4659-4496-bf2e-8c83f4893811', 0),
('25db2502-94ac-4b72-a7cd-4525371a71eb', 16, 'A0', 44, '1d29621b-4659-4496-bf2e-8c83f4893811', 1),
('4ca40097-a0df-4c88-b2ef-c98d448d7299', 91, 'A27', 38, '1d29621b-4659-4496-bf2e-8c83f4893811', 2),
('f558eac8-d6b0-4cf1-936e-7be0d0f00dad', 1, 'Digital', 13, '1d29621b-4659-4496-bf2e-8c83f4893811', 3),
('5461ea1e-4469-45fa-8cd5-70c67b432a31', 51, 'A30', 28, 'c458891c-9589-4611-bee7-0bf21c639075', 0),
('0cb432f3-8379-40af-8639-699830ffb487', 33, 'A20', 37, 'c458891c-9589-4611-bee7-0bf21c639075', 1),
('0e1271cb-83df-4666-a643-01b0195e75d1', 84, 'A0', 22, 'c458891c-9589-4611-bee7-0bf21c639075', 2),
('9e97eb99-273a-48a7-b550-17955f4f977f', 1, 'Digital', 43, 'c458891c-9589-4611-bee7-0bf21c639075', 3),
('fb1e8cd2-cd7e-45a1-8c6f-c6e85145dbc2', 19, 'A39', 11, '77cea893-54a1-42e5-9f2c-5585ecc1f1ef', 0),
('f53d6585-cb15-4eb3-bdcd-e5fce50a66ad', 18, 'A11', 32, '77cea893-54a1-42e5-9f2c-5585ecc1f1ef', 1),
('70a68797-3c1e-4be2-9474-5e2296141b10', 35, 'A29', 37, '77cea893-54a1-42e5-9f2c-5585ecc1f1ef', 2),
('baa83555-a67e-4a33-acbe-48d2100e67f3', 1, 'Digital', 18, '77cea893-54a1-42e5-9f2c-5585ecc1f1ef', 3),
('b23b1172-f884-4ddb-b7b1-7ee4178ac3f6', 33, 'A21', 28, 'a851b454-352c-410e-af6f-ff3253702f37', 0),
('1f8d3d25-df65-48c4-bcc9-b08058260d23', 55, 'A24', 13, 'a851b454-352c-410e-af6f-ff3253702f37', 1),
('ff5048f4-a142-466e-a436-f942d3a1aeb2', 17, 'A49', 48, 'a851b454-352c-410e-af6f-ff3253702f37', 2),
('76677f90-a347-4c5e-bfc8-a721a2f81f5a', 1, 'Digital', 49, 'a851b454-352c-410e-af6f-ff3253702f37', 3),
('755e699d-81ee-487c-b76c-53d38d190a5a', 65, 'A46', 12, '3d02ad05-2092-4160-a7bb-a2a0df20c0d6', 0),
('6c0910a6-380c-4a62-abf4-05f5a5bd7700', 34, 'A48', 11, '3d02ad05-2092-4160-a7bb-a2a0df20c0d6', 1),
('2eeeef48-257c-4055-b155-c33d6cd824c0', 45, 'A18', 22, '3d02ad05-2092-4160-a7bb-a2a0df20c0d6', 2),
('a61a8a27-6476-4f2d-953f-8a2ced640adb', 1, 'Digital', 49, '3d02ad05-2092-4160-a7bb-a2a0df20c0d6', 3),
('54232424-d849-49e2-992d-fe833ea595fc', 8, 'A11', 35, '8e968e37-3ad9-4948-b7af-1244aeab2796', 0),
('3c98275c-932b-4a02-b8d5-19fbf7711bc4', 66, 'A50', 16, '8e968e37-3ad9-4948-b7af-1244aeab2796', 1),
('ebd7805a-d388-4bd8-922f-530c8f0c913a', 76, 'A29', 44, '8e968e37-3ad9-4948-b7af-1244aeab2796', 2),
('dc619251-4b5f-4d4a-b44a-670eb1808a62', 1, 'Digital', 22, '8e968e37-3ad9-4948-b7af-1244aeab2796', 3),
('a9ed3bab-49ca-45e7-9a6a-e6a39878d548', 34, 'A17', 46, 'd8d05dbb-6511-4119-a2db-6f264e5ab236', 0),
('b3c1c6f3-e699-428e-8334-987984872792', 100, 'A6', 16, 'd8d05dbb-6511-4119-a2db-6f264e5ab236', 1),
('07174f84-230d-4b24-80f8-ca4043b46345', 45, 'A48', 46, 'd8d05dbb-6511-4119-a2db-6f264e5ab236', 2),
('73f1c116-ea0f-4ffa-8a5c-96619ad07020', 1, 'Digital', 34, 'd8d05dbb-6511-4119-a2db-6f264e5ab236', 3),
('c983262a-3c61-4c7c-88d2-0576c0886462', 40, 'A31', 41, 'f54d482f-135f-40a3-bed1-87a76fb11b5c', 0),
('9903dfb4-d6a6-4280-888c-ddbca54ace5f', 24, 'A23', 36, 'f54d482f-135f-40a3-bed1-87a76fb11b5c', 1),
('4f557735-cb10-4b2c-b673-67c5ece87c7c', 15, 'A8', 22, 'f54d482f-135f-40a3-bed1-87a76fb11b5c', 2),
('e11650fd-e5c6-4e03-9556-fb9105b6ff8c', 1, 'Digital', 37, 'f54d482f-135f-40a3-bed1-87a76fb11b5c', 3),
('c91b2119-e0be-4342-82e1-7ec93f7b5f56', 97, 'A15', 34, 'c5e29eb4-7014-4593-8e71-01f9e34b058e', 0),
('5c990ebe-ca69-45f7-9f5f-56b7daf218b3', 32, 'A38', 16, 'c5e29eb4-7014-4593-8e71-01f9e34b058e', 1),
('31706439-ce96-4e54-aca0-5c8cebd7ea5c', 70, 'A42', 26, 'c5e29eb4-7014-4593-8e71-01f9e34b058e', 2),
('393d4fa7-9942-4fcf-b2cf-0e7becef208b', 1, 'Digital', 11, 'c5e29eb4-7014-4593-8e71-01f9e34b058e', 3),
('a89aefd1-334f-42f2-99f7-5370d52c8974', 43, 'A12', 16, '3608bc28-62e3-4038-a75c-90226e396830', 0),
('fdf14d26-47a6-446f-844f-45b30e5783c1', 57, 'A24', 28, '3608bc28-62e3-4038-a75c-90226e396830', 1),
('c3e66726-ee94-47cd-8198-9c1974708499', 35, 'A38', 45, '3608bc28-62e3-4038-a75c-90226e396830', 2),
('2ab206bc-41a9-4237-8333-34becec1f4fc', 1, 'Digital', 36, '3608bc28-62e3-4038-a75c-90226e396830', 3),
('a30bc256-7eb9-45b4-b519-72dd6e0f293d', 6, 'A25', 38, '0cf3db8a-e869-4235-9076-e1f3f2c896c2', 0),
('629c8ddd-acd7-4adc-8073-a61c6ded9f9c', 40, 'A26', 27, '0cf3db8a-e869-4235-9076-e1f3f2c896c2', 1),
('d84506ac-5d7a-4f75-ab52-5e34c9f193fe', 0, 'A36', 18, '0cf3db8a-e869-4235-9076-e1f3f2c896c2', 2),
('be49a0df-6efe-4b28-9522-8ddcffa75f2d', 1, 'Digital', 15, '0cf3db8a-e869-4235-9076-e1f3f2c896c2', 3),
('5d619eb8-7b05-4cb8-9125-8b5931469051', 90, 'A47', 11, 'b883f4f9-7d2f-422d-b9b1-4e77a19da0bf', 0),
('fb717551-73c9-402e-9d52-dcf9df76cb0a', 78, 'A19', 35, 'b883f4f9-7d2f-422d-b9b1-4e77a19da0bf', 1),
('83753aae-1b62-4bad-9b0c-3ed7a8245a5f', 38, 'A34', 45, 'b883f4f9-7d2f-422d-b9b1-4e77a19da0bf', 2),
('ed714d5a-6a00-4bc8-983e-04d1145cde67', 1, 'Digital', 10, 'b883f4f9-7d2f-422d-b9b1-4e77a19da0bf', 3),
('6e3af6bc-3761-4f64-8c1e-a8e2ca61fc46', 62, 'A8', 29, '02edf5d8-0c77-4d38-a2aa-f192c5dc39f2', 0),
('57465491-5358-4d8a-aa0f-0ecffa48201a', 17, 'A37', 10, '02edf5d8-0c77-4d38-a2aa-f192c5dc39f2', 1),
('280ae148-ba9f-4ad3-a014-1dd98e68b073', 30, 'A11', 17, '02edf5d8-0c77-4d38-a2aa-f192c5dc39f2', 2),
('5b3f0206-3dfe-4eee-9689-085a1518345c', 1, 'Digital', 41, '02edf5d8-0c77-4d38-a2aa-f192c5dc39f2', 3),
('22f5f95e-0794-4f82-a210-ec9a12377247', 74, 'A17', 38, '5700c0fb-5fca-4752-ab5a-c680e4a3f7f4', 0),
('63fd98ce-0fc0-477d-9c74-5b1f2a44141f', 61, 'A19', 12, '5700c0fb-5fca-4752-ab5a-c680e4a3f7f4', 1),
('f3431614-de48-4bf3-acb0-d8431e95cecf', 28, 'A5', 12, '5700c0fb-5fca-4752-ab5a-c680e4a3f7f4', 2),
('85dbd3fb-83bc-4d05-bf70-475729d2b0ae', 1, 'Digital', 10, '5700c0fb-5fca-4752-ab5a-c680e4a3f7f4', 3),
('29f05ad2-7610-47e8-b436-aad003e32d82', 40, 'A37', 11, 'b0ef1475-6f7a-4f45-9f52-5d028eece7ef', 0),
('1d61072d-e00e-46ac-a51a-ce42cc143321', 1, 'A35', 18, 'b0ef1475-6f7a-4f45-9f52-5d028eece7ef', 1),
('c6cf85b4-7e60-4260-bff4-d8f62ae7056a', 7, 'A2', 50, 'b0ef1475-6f7a-4f45-9f52-5d028eece7ef', 2),
('3922ac75-063a-48bd-a3cc-4b524366b518', 1, 'Digital', 13, 'b0ef1475-6f7a-4f45-9f52-5d028eece7ef', 3),
('49730129-c08a-4283-9ac1-7ccfd77b5d79', 70, 'A10', 16, 'c267ebde-b966-45a9-b417-593d78b6fe13', 0),
('1efa0d53-c89f-4143-8bf0-a9de8ee48388', 34, 'A13', 25, 'c267ebde-b966-45a9-b417-593d78b6fe13', 1),
('ac527547-7d93-468b-bb2e-728650af1364', 63, 'A7', 33, 'c267ebde-b966-45a9-b417-593d78b6fe13', 2),
('371da966-6cc8-4468-9f34-f781a925994b', 1, 'Digital', 33, 'c267ebde-b966-45a9-b417-593d78b6fe13', 3),
('d397fad4-aa3b-4b4f-9ad0-8302d2f17f3b', 22, 'A28', 19, 'dee336ba-1b04-4460-92ca-1fd290b4e585', 0),
('14f38f35-09a3-4698-87f0-8de03a6e6728', 37, 'A22', 30, 'dee336ba-1b04-4460-92ca-1fd290b4e585', 1),
('5add2e8c-feed-4313-9788-846145bf5826', 37, 'A48', 14, 'dee336ba-1b04-4460-92ca-1fd290b4e585', 2),
('8d09ecc5-97ba-476a-8997-a46b4b2e5806', 1, 'Digital', 25, 'dee336ba-1b04-4460-92ca-1fd290b4e585', 3),
('e38ffe49-36fd-4a9c-ab9e-eee0cc350ba2', 67, 'A32', 32, '12bc06a5-dde8-445c-b86b-fd85fdccbdba', 0),
('68fda540-c6c2-451a-9a47-8cc419aecb70', 26, 'A18', 27, '12bc06a5-dde8-445c-b86b-fd85fdccbdba', 1),
('c483e214-5cb8-4157-a9da-8a2509ca868d', 43, 'A45', 39, '12bc06a5-dde8-445c-b86b-fd85fdccbdba', 2),
('8887ad70-2f39-4224-9d14-b3c647b99064', 1, 'Digital', 17, '12bc06a5-dde8-445c-b86b-fd85fdccbdba', 3),
('8d7e83e0-b649-4fa7-85d3-d93bb1418b4e', 30, 'A7', 39, 'abf875b8-cc14-4a0f-a5db-2aa1a9a41233', 0),
('c14c68e8-cd2e-453e-9789-fbe0f9cc52dd', 98, 'A43', 22, 'abf875b8-cc14-4a0f-a5db-2aa1a9a41233', 1),
('cb4888cc-f88c-4056-97a6-e34c187edbf9', 14, 'A0', 23, 'abf875b8-cc14-4a0f-a5db-2aa1a9a41233', 2),
('d06ff63e-0f1e-4392-ab1d-ab52358326bf', 1, 'Digital', 30, 'abf875b8-cc14-4a0f-a5db-2aa1a9a41233', 3),
('46170ed8-cb14-4cf4-bdad-f46422f420be', 53, 'A18', 40, 'a45d2e78-1751-480d-8f79-ff3503e51f15', 0),
('f687c193-2b05-449c-913e-c592e8aacd0f', 23, 'A25', 15, 'a45d2e78-1751-480d-8f79-ff3503e51f15', 1),
('72f04ec6-6b97-4b92-85af-cd72957a6ac3', 44, 'A37', 45, 'a45d2e78-1751-480d-8f79-ff3503e51f15', 2),
('40327473-efa8-4c16-be8f-c555457b5357', 1, 'Digital', 21, 'a45d2e78-1751-480d-8f79-ff3503e51f15', 3),
('cc4a3a48-c850-4e7e-8905-ded3fbc79782', 11, 'A27', 34, '768fce7e-aca5-4ec4-8c0f-7d87e1dc0e21', 0),
('ad1e86d0-e052-4a65-8cb0-115e45389734', 91, 'A44', 23, '768fce7e-aca5-4ec4-8c0f-7d87e1dc0e21', 1),
('751c779b-82da-4ef2-ad87-b13843476b9b', 41, 'A20', 12, '768fce7e-aca5-4ec4-8c0f-7d87e1dc0e21', 2),
('9c003895-2b11-4dab-9c80-e1ab39ffca8d', 1, 'Digital', 10, '768fce7e-aca5-4ec4-8c0f-7d87e1dc0e21', 3),
('9efca1b8-f8fb-48cd-965c-a4c9e82bca95', 59, 'A46', 45, '8c60b3fa-6d0f-4636-a513-5ba49466385a', 0),
('b81e4b91-11c4-47cf-8867-df4095fee0b0', 75, 'A31', 23, '8c60b3fa-6d0f-4636-a513-5ba49466385a', 1),
('7741453c-00d9-428b-a0ba-477e205ab42f', 56, 'A12', 49, '8c60b3fa-6d0f-4636-a513-5ba49466385a', 2),
('0ad55312-3584-4f74-82bf-1940afe774b0', 1, 'Digital', 42, '8c60b3fa-6d0f-4636-a513-5ba49466385a', 3),
('096a2fea-e00a-4dd7-b9d8-0014f49e7edd', 38, 'A10', 36, '4181712c-adb7-4bab-b405-367db4490a0d', 0),
('002eb4f6-91c9-4fb8-85f3-25465f142653', 67, 'A22', 36, '4181712c-adb7-4bab-b405-367db4490a0d', 1),
('628b10af-553e-4473-b1eb-03112afe85df', 0, 'A8', 43, '4181712c-adb7-4bab-b405-367db4490a0d', 2),
('12ce7d7c-ab56-4db6-a515-e603c2ee0235', 1, 'Digital', 25, '4181712c-adb7-4bab-b405-367db4490a0d', 3),
('48c3abb7-30c5-4a29-865a-02454490f88e', 77, 'A36', 40, '059be853-1a92-454d-a908-6201ca75fb0e', 0),
('3c2ec8ab-a533-4925-aa6d-6420ea0865a5', 99, 'A40', 46, '059be853-1a92-454d-a908-6201ca75fb0e', 1),
('8acb667a-f50e-4dee-bb61-50513b52b212', 27, 'A41', 44, '059be853-1a92-454d-a908-6201ca75fb0e', 2),
('13198022-f524-4c28-9d65-5f2f8f3b2bfd', 1, 'Digital', 28, '059be853-1a92-454d-a908-6201ca75fb0e', 3),
('553efbd5-1611-4a70-aedd-79628639f1ef', 92, 'A14', 32, '1898f4e3-be4e-40c8-82d5-bf22a9cd4ddd', 0),
('e1310266-0354-426c-9805-741edd45ac44', 38, 'A34', 45, '1898f4e3-be4e-40c8-82d5-bf22a9cd4ddd', 1),
('a461105c-0299-4bf4-ab10-9154f2eb14ec', 75, 'A8', 35, '1898f4e3-be4e-40c8-82d5-bf22a9cd4ddd', 2),
('345ce62a-7a00-422b-b35f-db60cc6e0de3', 1, 'Digital', 35, '1898f4e3-be4e-40c8-82d5-bf22a9cd4ddd', 3),
('944507f3-3dce-499c-bf60-fa78575b9f88', 17, 'A31', 22, '9ab12c94-43f6-4a90-97ad-31edd461ee08', 0),
('19859b2f-ac89-4670-9db0-69012d71cae7', 0, 'A35', 13, '9ab12c94-43f6-4a90-97ad-31edd461ee08', 1),
('db8ee8e5-2e0a-4ecf-86c6-2047228da86a', 23, 'A20', 21, '9ab12c94-43f6-4a90-97ad-31edd461ee08', 2),
('73efe4f9-a387-4f0d-a699-92d96dc230a0', 1, 'Digital', 30, '9ab12c94-43f6-4a90-97ad-31edd461ee08', 3),
('6667b95e-bd21-4a14-a497-75489cd51221', 63, 'A43', 12, '9fc387e5-d099-4e7e-aa8a-d6b84768a663', 0),
('96ebd0a3-6906-4ffa-b1eb-c5d4eee3f83e', 31, 'A47', 45, '9fc387e5-d099-4e7e-aa8a-d6b84768a663', 1),
('1266ec9e-2b49-4664-8727-6b037e71d167', 12, 'A4', 39, '9fc387e5-d099-4e7e-aa8a-d6b84768a663', 2),
('cdb175f6-cfc2-45af-bc73-8b79bce4b732', 1, 'Digital', 17, '9fc387e5-d099-4e7e-aa8a-d6b84768a663', 3),
('770406bd-05e4-4987-a1eb-39b252d2b9ac', 39, 'A31', 28, 'a5169fbc-439f-4c0c-9071-da7f22d6033b', 0),
('176fb98d-0855-47e5-aa88-aede1d970af9', 16, 'A31', 30, 'a5169fbc-439f-4c0c-9071-da7f22d6033b', 1),
('e6fc7a24-a1f1-4b83-98e5-3a693442ecee', 0, 'A50', 25, 'a5169fbc-439f-4c0c-9071-da7f22d6033b', 2),
('70639a93-d10e-4847-b0ea-c2da3f59b715', 1, 'Digital', 28, 'a5169fbc-439f-4c0c-9071-da7f22d6033b', 3),
('4dd276c8-ff2b-4c04-8918-f50fbed54287', 77, 'A22', 13, 'a0e16482-3483-46a8-a48d-ea080b442e44', 0),
('0abe05e0-767b-494b-9eeb-552218756005', 52, 'A43', 22, 'a0e16482-3483-46a8-a48d-ea080b442e44', 1),
('2106a5a4-7bd2-406a-bd32-9be000e9c995', 19, 'A37', 10, 'a0e16482-3483-46a8-a48d-ea080b442e44', 2),
('6c12e563-d73e-4b47-ba9d-ead18372dda0', 1, 'Digital', 43, 'a0e16482-3483-46a8-a48d-ea080b442e44', 3),
('c6a951fb-48f9-4da2-958e-394e2b518c4e', 80, 'A21', 36, 'c866c896-850c-4e51-a3bb-a35a43959768', 0),
('a17aab80-aa2d-4b7a-b7ad-9584ed05b4bd', 58, 'A47', 47, 'c866c896-850c-4e51-a3bb-a35a43959768', 1),
('680ed72a-7adf-4816-981a-c4b48e64fbd2', 80, 'A38', 46, 'c866c896-850c-4e51-a3bb-a35a43959768', 2),
('678395cc-a07c-48b2-9b5e-8eb97c927857', 1, 'Digital', 25, 'c866c896-850c-4e51-a3bb-a35a43959768', 3),
('e615c9a4-79d3-4664-a17b-bfa9d20ab87b', 66, 'A20', 41, '66756993-f992-4757-a5bc-590628b21f73', 0),
('88ae082e-43c9-4e5c-b002-642b48c19583', 21, 'A26', 24, '66756993-f992-4757-a5bc-590628b21f73', 1),
('875702dc-0c30-4076-84b2-4e29962ff6e1', 73, 'A40', 47, '66756993-f992-4757-a5bc-590628b21f73', 2),
('31cbb72e-8390-4f55-8444-fb98a94787ad', 1, 'Digital', 37, '66756993-f992-4757-a5bc-590628b21f73', 3),
('8c816fb6-5320-45f9-a3f5-776264811297', 48, 'A20', 17, '551bfff0-31eb-485b-9583-aa41810ca5eb', 0),
('da4193fa-52d0-4a2d-b670-42df087b725c', 50, 'A44', 31, '551bfff0-31eb-485b-9583-aa41810ca5eb', 1),
('e0cf05ff-199d-4a60-ad81-d2036d0039dc', 64, 'A31', 11, '551bfff0-31eb-485b-9583-aa41810ca5eb', 2),
('25cdc801-9005-4773-9f38-1c813c3b4f8e', 1, 'Digital', 22, '551bfff0-31eb-485b-9583-aa41810ca5eb', 3),
('e2524c9a-152a-4c5d-95d8-7d81ab788a24', 88, 'A44', 22, '9d6abbfb-556d-4ae7-95c0-bef49b9016bd', 0),
('4ae9d6e1-b8a7-4584-a6da-445c571a9440', 14, 'A1', 47, '9d6abbfb-556d-4ae7-95c0-bef49b9016bd', 1),
('33ec5db9-fe40-4ffd-9d41-e951c3b23cd2', 58, 'A23', 43, '9d6abbfb-556d-4ae7-95c0-bef49b9016bd', 2),
('432a4bcf-a669-4657-966d-7e64b006df01', 1, 'Digital', 23, '9d6abbfb-556d-4ae7-95c0-bef49b9016bd', 3),
('0fac1a37-43e5-49bc-99aa-00714c2c6ad7', 77, 'A50', 34, 'b63cfad3-79e6-452e-b0e3-99adcbe2bd75', 0),
('ab7b61db-f886-4b35-848c-7e2497791b88', 36, 'A16', 47, 'b63cfad3-79e6-452e-b0e3-99adcbe2bd75', 1),
('89368304-f4aa-4fc1-bb9f-89636f898917', 16, 'A21', 32, 'b63cfad3-79e6-452e-b0e3-99adcbe2bd75', 2),
('d19c4608-528f-4d6f-b589-43b9a1739d8f', 1, 'Digital', 42, 'b63cfad3-79e6-452e-b0e3-99adcbe2bd75', 3),
('9825ac69-581f-4646-b24d-b1f079fa90f0', 17, 'A11', 37, '82501928-b1ae-485c-b9e1-a6294b13b7bb', 0),
('bd33e22f-2197-4ba9-bff9-43bf96d1bb79', 81, 'A32', 43, '82501928-b1ae-485c-b9e1-a6294b13b7bb', 1),
('d9ce36a0-2721-421e-a79d-6f83ccdb2360', 84, 'A33', 14, '82501928-b1ae-485c-b9e1-a6294b13b7bb', 2),
('c01c80dc-64ca-44f8-87ef-99209c192987', 1, 'Digital', 12, '82501928-b1ae-485c-b9e1-a6294b13b7bb', 3),
('38ba4703-b7f2-4984-8e98-94ecec35064c', 97, 'A2', 28, 'd3091dca-0d20-4e56-9b80-961340492a66', 0),
('df15828e-f0f9-4594-920a-dc64407b6473', 7, 'A24', 50, 'd3091dca-0d20-4e56-9b80-961340492a66', 1),
('e01498bc-ef6a-4cf2-b68b-bb2182661264', 97, 'A5', 23, 'd3091dca-0d20-4e56-9b80-961340492a66', 2),
('31ef6275-0bc0-428c-8f28-1cee574cfd7a', 1, 'Digital', 40, 'd3091dca-0d20-4e56-9b80-961340492a66', 3),
('51971314-9dd6-4d3e-89cf-dec7cd7ab92b', 44, 'A6', 32, '5a6c1c44-4f53-4cc8-8a4c-a502cda93c6f', 0),
('ee496f9a-5098-4d8f-a0d6-3180b24ef507', 13, 'A13', 33, '5a6c1c44-4f53-4cc8-8a4c-a502cda93c6f', 1),
('ef379b7f-b33b-4c47-9d97-4f0a7c7db9c6', 51, 'A3', 45, '5a6c1c44-4f53-4cc8-8a4c-a502cda93c6f', 2),
('49329c35-f9cb-4063-afdb-c22ffbe053f9', 1, 'Digital', 14, '5a6c1c44-4f53-4cc8-8a4c-a502cda93c6f', 3),
('71274537-5bdf-47d8-907c-714908eeddd3', 54, 'A39', 46, '3888680c-1cae-4c75-99c1-6b3a6ee0d13b', 0),
('8fc36dc7-f361-4f0a-8f7f-c122d8eb4a07', 13, 'A34', 21, '3888680c-1cae-4c75-99c1-6b3a6ee0d13b', 1),
('860ec282-ec0a-4941-a336-de3c0e8bbdde', 79, 'A29', 43, '3888680c-1cae-4c75-99c1-6b3a6ee0d13b', 2),
('84fdc4e4-c84a-413e-94f9-ab16703739d6', 1, 'Digital', 10, '3888680c-1cae-4c75-99c1-6b3a6ee0d13b', 3),
('355b5c80-06cd-4509-9443-217ec80e6a47', 41, 'A32', 11, '4765108f-48bb-4444-a165-1edb67227bfc', 0),
('dcc7e3d4-c1d8-4b3a-868b-a7afce38e47e', 95, 'A41', 27, '4765108f-48bb-4444-a165-1edb67227bfc', 1),
('cd717669-2141-4f10-b218-77e2b54c7c69', 8, 'A39', 22, '4765108f-48bb-4444-a165-1edb67227bfc', 2),
('7106dc98-c30d-44a2-a898-eb23ca36a8a6', 1, 'Digital', 21, '4765108f-48bb-4444-a165-1edb67227bfc', 3),
('cb4d758c-568e-43d5-83b3-62f6ae4c35b5', 4, 'A8', 42, '67c17f4e-2960-4e04-a51d-17a43ae4ab0c', 0),
('5c77b660-b0fa-45b4-833c-119fbead57d3', 28, 'A7', 45, '67c17f4e-2960-4e04-a51d-17a43ae4ab0c', 1),
('996d5c7d-39f4-49fb-afc0-b7ede76c3576', 71, 'A21', 35, '67c17f4e-2960-4e04-a51d-17a43ae4ab0c', 2),
('e784d465-7857-418a-8222-29359e12ea81', 1, 'Digital', 26, '67c17f4e-2960-4e04-a51d-17a43ae4ab0c', 3),
('ce105a8a-b77a-45af-b6ec-d51fb54dcb71', 48, 'A19', 30, 'a29e1aff-9df8-4d29-9177-908412febff9', 0),
('73a2eed7-f530-4896-951c-bb09e72ed560', 35, 'A24', 48, 'a29e1aff-9df8-4d29-9177-908412febff9', 1),
('f619bd4b-f3a5-4fa7-b0e5-c43bcd729b2a', 71, 'A6', 14, 'a29e1aff-9df8-4d29-9177-908412febff9', 2),
('08ab636a-e528-4292-a45e-85a5053e8b2c', 1, 'Digital', 16, 'a29e1aff-9df8-4d29-9177-908412febff9', 3),
('9c4a3eb7-7d8c-4ffe-bcb0-f655534e9835', 49, 'A9', 15, '4bf332da-c515-43f9-9dc1-b58059d9571f', 0),
('d4bdca57-f13f-4fcf-a9a6-a6547cb0f010', 78, 'A5', 12, '4bf332da-c515-43f9-9dc1-b58059d9571f', 1),
('d4f89146-bf04-42d5-8eec-b77fb338e79e', 80, 'A40', 43, '4bf332da-c515-43f9-9dc1-b58059d9571f', 2),
('98d9ad30-99e4-4f03-aa31-9ce6b0b1ec04', 1, 'Digital', 21, '4bf332da-c515-43f9-9dc1-b58059d9571f', 3),
('feed5be8-181e-4271-affc-c74e48416c6c', 76, 'A29', 23, 'a7725b3d-d936-41ed-940d-a6fff79aa0d2', 0),
('c4ac0d2c-28c2-4879-881d-69def1ab022e', 37, 'A13', 33, 'a7725b3d-d936-41ed-940d-a6fff79aa0d2', 1),
('fa85b3b1-e8c2-415e-8e28-1bb1b401774e', 2, 'A40', 23, 'a7725b3d-d936-41ed-940d-a6fff79aa0d2', 2),
('42b9b5c6-4df7-4287-b054-678870ccdf8e', 1, 'Digital', 14, 'a7725b3d-d936-41ed-940d-a6fff79aa0d2', 3),
('da4013ff-3fab-4fd0-baf2-c4b466bc7299', 35, 'A5', 49, '23cdc89a-8c0b-492e-95bc-927e7194fc8f', 0),
('89b96854-9bb2-4a19-99c4-07cfd57e55a1', 84, 'A48', 45, '23cdc89a-8c0b-492e-95bc-927e7194fc8f', 1),
('351405e9-2dc8-4604-b61b-bc3c5444fb0d', 1, 'A34', 31, '23cdc89a-8c0b-492e-95bc-927e7194fc8f', 2),
('2bcbb86f-9f02-4301-99a2-cb7b364db7a2', 1, 'Digital', 15, '23cdc89a-8c0b-492e-95bc-927e7194fc8f', 3),
('1b382b3a-502d-4063-be83-fe4d48777f2d', 26, 'A48', 15, '013db7d0-42e2-48f1-a58e-57d7f7165c37', 0),
('6338beb1-1574-4e59-b82b-7dffeb067425', 93, 'A44', 44, '013db7d0-42e2-48f1-a58e-57d7f7165c37', 1),
('158b68f2-9039-478f-ad34-873a5c71ee12', 58, 'A26', 45, '013db7d0-42e2-48f1-a58e-57d7f7165c37', 2),
('2dc3baa7-dd50-4239-a370-767530fbdeb3', 1, 'Digital', 37, '013db7d0-42e2-48f1-a58e-57d7f7165c37', 3),
('5bb309b8-8f1b-411a-9a27-eb273e7bb2ad', 13, 'A6', 16, '10597797-b969-4b89-84c1-fb117699b883', 0),
('2879ab8e-f486-4ff9-bbaf-86b09851d2a3', 77, 'A46', 39, '10597797-b969-4b89-84c1-fb117699b883', 1),
('f809c4cb-72d4-4335-9c05-6600e35ff897', 92, 'A19', 28, '10597797-b969-4b89-84c1-fb117699b883', 2),
('63ca092a-6d1a-4c36-8531-e679cebe0346', 1, 'Digital', 32, '10597797-b969-4b89-84c1-fb117699b883', 3),
('2b8e7bc9-5dfd-44d7-afc3-d86243b9d0d8', 68, 'A9', 12, '20646e42-dc4f-441f-af21-6734ac545f2a', 0),
('e53ea666-8390-400a-8216-cd43bbe7dc22', 35, 'A12', 21, '20646e42-dc4f-441f-af21-6734ac545f2a', 1),
('ca37902e-4abf-4879-90ac-8d6b54efba00', 63, 'A31', 10, '20646e42-dc4f-441f-af21-6734ac545f2a', 2),
('954587a5-f224-4e42-ae6a-33bc87317c45', 1, 'Digital', 15, '20646e42-dc4f-441f-af21-6734ac545f2a', 3),
('b7ca7f42-45e6-492e-8407-9290121e76ce', 6, 'A2', 17, 'f6cfc149-13dd-444e-86dc-7b7870a0a4ae', 0),
('873da537-b81c-44f2-8616-2e6dc4463a7a', 4, 'A15', 17, 'f6cfc149-13dd-444e-86dc-7b7870a0a4ae', 1),
('3eb02401-b580-4cdc-95f6-1d0467187d06', 79, 'A17', 35, 'f6cfc149-13dd-444e-86dc-7b7870a0a4ae', 2),
('ad49e42f-9c43-4998-bfdc-c23bd9949c54', 1, 'Digital', 15, 'f6cfc149-13dd-444e-86dc-7b7870a0a4ae', 3),
('0e668f82-1e91-4209-aa93-6bf7a509b953', 50, 'A23', 14, 'c8c2ece8-593a-4259-8d88-be2e3ace09cf', 0),
('6655b75c-5617-4b67-9422-fdecb543d47a', 23, 'A6', 43, 'c8c2ece8-593a-4259-8d88-be2e3ace09cf', 1),
('8cc5ecc6-d2f6-46f9-92f7-e4a8c5ac22b1', 88, 'A16', 32, 'c8c2ece8-593a-4259-8d88-be2e3ace09cf', 2),
('044bd7bf-3422-421f-8109-c7701da3ddad', 1, 'Digital', 29, 'c8c2ece8-593a-4259-8d88-be2e3ace09cf', 3),
('21f05f3c-f314-4f11-915f-e78fefdc7546', 52, 'A31', 38, 'ab93f303-a664-42d9-961b-8c4a60aee587', 0),
('cbc3da3d-d7a8-44df-a19f-834026bef991', 34, 'A18', 49, 'ab93f303-a664-42d9-961b-8c4a60aee587', 1),
('53e0afd1-bceb-4686-aaca-aeae8f850d6d', 5, 'A0', 19, 'ab93f303-a664-42d9-961b-8c4a60aee587', 2),
('6ad260a5-84c9-4ecf-a8f6-84d6a94e5bf1', 1, 'Digital', 17, 'ab93f303-a664-42d9-961b-8c4a60aee587', 3),
('6bae0a8f-8acd-491d-b369-c92b9e8c423d', 13, 'A24', 43, 'fe2ca070-6055-4afb-8b43-f570e8a4d5fa', 0),
('471e8450-422b-49f5-8cba-cd46228b57cc', 19, 'A48', 34, 'fe2ca070-6055-4afb-8b43-f570e8a4d5fa', 1),
('f53e6387-1da5-4cfe-8141-3eefefad3e28', 18, 'A38', 35, 'fe2ca070-6055-4afb-8b43-f570e8a4d5fa', 2),
('6fb7f822-3239-4530-8cbe-cd7b79da3175', 1, 'Digital', 15, 'fe2ca070-6055-4afb-8b43-f570e8a4d5fa', 3),
('523b3390-ea1f-4297-afdc-161f9685af10', 63, 'A38', 22, '8488b038-3781-41de-a71c-855f8a0118bb', 0),
('9142c6cb-b7ef-46d8-af1a-a5dfc09e6292', 76, 'A37', 24, '8488b038-3781-41de-a71c-855f8a0118bb', 1),
('912f78b7-6ae5-48f9-8813-8cd9d6aade1d', 59, 'A40', 17, '8488b038-3781-41de-a71c-855f8a0118bb', 2),
('e4194ddb-aad7-495c-9ba2-7e8f46997876', 1, 'Digital', 44, '8488b038-3781-41de-a71c-855f8a0118bb', 3),
('a6864104-ae93-4254-aa17-0e175510cf86', 48, 'A31', 25, 'd4be53f6-30f8-476c-9b6d-89ceed5b7427', 0),
('0bac480e-b5ac-4aa7-b309-3db7bf51e019', 84, 'A23', 16, 'd4be53f6-30f8-476c-9b6d-89ceed5b7427', 1),
('ebfb82df-3ed3-4e23-81de-78c509b42ca1', 89, 'A35', 40, 'd4be53f6-30f8-476c-9b6d-89ceed5b7427', 2),
('76bb6f0e-895a-4b7b-a8f0-ab2236697e32', 1, 'Digital', 29, 'd4be53f6-30f8-476c-9b6d-89ceed5b7427', 3),
('2c8c13bd-ce8a-421d-8dd6-34dae73cb738', 24, 'A8', 48, '2a251806-130f-4b98-b41c-7f9c5d4cb9c6', 0),
('baff8cce-cf40-40ac-8d11-6abf2d4fe7cd', 12, 'A45', 24, '2a251806-130f-4b98-b41c-7f9c5d4cb9c6', 1),
('0aa006f7-cee1-424f-b5cc-a20cf37cbd65', 75, 'A15', 49, '2a251806-130f-4b98-b41c-7f9c5d4cb9c6', 2),
('b6a7d6cf-7e3c-4a99-ab52-342d4fc40cc1', 1, 'Digital', 26, '2a251806-130f-4b98-b41c-7f9c5d4cb9c6', 3),
('3fa94d08-beea-44af-8801-b67289ca2428', 64, 'A34', 25, '0bd6d231-59b3-476e-bf9b-94d67e984a7c', 0),
('0f5d1dcb-8ec7-4348-bf42-263734cf3972', 2, 'A11', 27, '0bd6d231-59b3-476e-bf9b-94d67e984a7c', 1),
('c18f41ef-b3a0-461b-b55b-7a0a78b60751', 34, 'A19', 21, '0bd6d231-59b3-476e-bf9b-94d67e984a7c', 2),
('9045a43f-ab66-4174-9e3e-ec04b4b60967', 1, 'Digital', 22, '0bd6d231-59b3-476e-bf9b-94d67e984a7c', 3),
('da17f38e-4961-4b8a-874b-017bfeded328', 10, 'A5', 37, 'b271d088-e479-4417-92e1-2fd8baa16e3b', 0),
('02aab777-c616-4010-8aba-329eeaedb995', 100, 'A1', 23, 'b271d088-e479-4417-92e1-2fd8baa16e3b', 1),
('7844fdc6-d757-4783-b65d-b51852cf13ed', 14, 'A19', 46, 'b271d088-e479-4417-92e1-2fd8baa16e3b', 2),
('1d5f4e4c-2908-4abd-b405-2dac409cae10', 1, 'Digital', 49, 'b271d088-e479-4417-92e1-2fd8baa16e3b', 3),
('d5ff3dcf-d0b7-4585-90c0-5848657fb395', 22, 'A18', 13, '3cb28446-9efa-4bc3-a58b-73ecb6301b5a', 0),
('a3d6527d-fd20-4979-9f6d-345330e6d441', 91, 'A2', 28, '3cb28446-9efa-4bc3-a58b-73ecb6301b5a', 1),
('1059979f-93a2-428e-9e83-1cfbda666c7e', 81, 'A37', 46, '3cb28446-9efa-4bc3-a58b-73ecb6301b5a', 2),
('fd5c9bb4-9b33-4ae2-8a50-d497896f4ac1', 1, 'Digital', 35, '3cb28446-9efa-4bc3-a58b-73ecb6301b5a', 3),
('f9be469c-ddaa-4fec-9c1a-821d96482b80', 12, 'A44', 44, '3700664f-6a82-4574-af6a-2bbca3506f5c', 0),
('7480b67c-43ce-4e34-91e7-cc2a62e120e5', 59, 'A10', 40, '3700664f-6a82-4574-af6a-2bbca3506f5c', 1),
('8f1ebf1f-26d6-4ca5-af59-6eba81a8569c', 15, 'A27', 33, '3700664f-6a82-4574-af6a-2bbca3506f5c', 2),
('1a29bced-d3fe-4060-92c6-dd308feaca5d', 1, 'Digital', 27, '3700664f-6a82-4574-af6a-2bbca3506f5c', 3),
('18f70587-b988-4bdc-9402-59d16b0a7952', 48, 'A39', 48, '5f94c949-8c3f-4572-a1f4-7a3f97ccdc08', 0),
('4c6efa7d-b83d-4878-9bf4-c86028801f14', 71, 'A18', 39, '5f94c949-8c3f-4572-a1f4-7a3f97ccdc08', 1),
('2884dd3e-cd8d-465f-885c-8a4245f4b6f2', 87, 'A5', 11, '5f94c949-8c3f-4572-a1f4-7a3f97ccdc08', 2),
('0e957e01-b7f1-4fe5-9c17-7cf2472fd745', 1, 'Digital', 23, '5f94c949-8c3f-4572-a1f4-7a3f97ccdc08', 3),
('e84fef13-7c18-4b98-b9e4-9aa2e48aae3f', 60, 'A46', 48, '981395db-e10c-472a-9e25-9d33422c03ee', 0),
('5afa904c-c66e-4dbf-972a-3f52f4138eb4', 24, 'A25', 35, '981395db-e10c-472a-9e25-9d33422c03ee', 1),
('a930d45c-aea1-4c03-8431-2694431e4f72', 51, 'A24', 12, '981395db-e10c-472a-9e25-9d33422c03ee', 2),
('30355f47-6595-4fc3-83a4-f2bd5c6e11ef', 1, 'Digital', 39, '981395db-e10c-472a-9e25-9d33422c03ee', 3),
('a9e917db-cb47-4162-a8a9-0dafe2741a92', 64, 'A27', 35, '1bd22606-c986-423e-86d8-daea2acd87d2', 0),
('78dc58ce-740a-4833-ad2b-14014b4b48ea', 38, 'A4', 20, '1bd22606-c986-423e-86d8-daea2acd87d2', 1),
('24d45d80-cdf8-44f6-bcf8-cb06113eb7fb', 15, 'A28', 32, '1bd22606-c986-423e-86d8-daea2acd87d2', 2),
('a2a319dd-f861-4349-8595-2c015a45cd08', 1, 'Digital', 29, '1bd22606-c986-423e-86d8-daea2acd87d2', 3),
('04c135bd-206f-44ec-8b33-2281eca35500', 32, 'A3', 35, '61d9fd78-754a-40b6-8d07-a9900e60a3f0', 0),
('f89c4bd8-abea-42c3-9cad-061996b9db4d', 4, 'A13', 20, '61d9fd78-754a-40b6-8d07-a9900e60a3f0', 1),
('2ef1a598-c83f-42fc-aeda-c03f58608f43', 99, 'A39', 22, '61d9fd78-754a-40b6-8d07-a9900e60a3f0', 2),
('8752b708-bd24-4c45-b51c-453a1c806136', 1, 'Digital', 24, '61d9fd78-754a-40b6-8d07-a9900e60a3f0', 3),
('bb8c5273-d375-47c2-8402-bc912efcd99a', 28, 'A8', 45, 'ecbbb080-21a7-4fc8-9338-93bc03e1425b', 0),
('1273a3cc-dd08-4b38-8711-76113d6c4ece', 70, 'A36', 45, 'ecbbb080-21a7-4fc8-9338-93bc03e1425b', 1),
('d57197af-5225-4eeb-8f24-2109113dbaae', 42, 'A49', 33, 'ecbbb080-21a7-4fc8-9338-93bc03e1425b', 2),
('b3d57f4c-a655-4847-98b4-6f940742fe0e', 1, 'Digital', 44, 'ecbbb080-21a7-4fc8-9338-93bc03e1425b', 3),
('bb903463-219f-4397-850c-b961f8e7aebb', 24, 'A5', 18, '6d10f26a-8fc5-4135-9a3d-b6b7f6b22004', 0),
('660ef1ae-74f3-4c47-b6ee-eba9d4e9c22f', 50, 'A41', 46, '6d10f26a-8fc5-4135-9a3d-b6b7f6b22004', 1),
('0319394c-6962-455e-86db-81588620bb44', 45, 'A26', 27, '6d10f26a-8fc5-4135-9a3d-b6b7f6b22004', 2),
('088f61d5-7465-40a1-9a04-dd3defc3a99b', 1, 'Digital', 35, '6d10f26a-8fc5-4135-9a3d-b6b7f6b22004', 3),
('6070c3af-dabb-4839-bdc2-666718957c38', 9, 'A4', 32, '1c910198-b9bc-4f49-8c03-5cb553e79cce', 0),
('f485211c-2033-4fc9-9d03-c6f495d14a9f', 65, 'A49', 29, '1c910198-b9bc-4f49-8c03-5cb553e79cce', 1),
('fa01d898-10d5-4428-a727-e1099b5d82aa', 28, 'A23', 45, '1c910198-b9bc-4f49-8c03-5cb553e79cce', 2),
('ee216c10-7d28-4bff-b39d-2ad01f4a32db', 1, 'Digital', 34, '1c910198-b9bc-4f49-8c03-5cb553e79cce', 3),
('b8b8a106-6560-48f7-998d-e150667634cd', 68, 'A24', 38, '1e04cf3f-7ac8-4dd6-8a04-17db02df8b39', 0),
('22245523-1327-4510-9a94-57383500cc42', 69, 'A42', 37, '1e04cf3f-7ac8-4dd6-8a04-17db02df8b39', 1),
('2f16301c-108c-44ed-a0b8-43f4da77bf96', 53, 'A5', 17, '1e04cf3f-7ac8-4dd6-8a04-17db02df8b39', 2),
('b2abdca0-8e16-48c0-a5ff-5de3de073bdf', 1, 'Digital', 28, '1e04cf3f-7ac8-4dd6-8a04-17db02df8b39', 3),
('d22e4543-d947-46a2-8847-bf829b5b3c2d', 50, 'A12', 35, '32909434-d9c9-40f7-9eaf-b15d67581f65', 0),
('1567f5fc-46cc-483d-855c-0b20863dba66', 41, 'A48', 33, '32909434-d9c9-40f7-9eaf-b15d67581f65', 1),
('efdcd603-9750-4d11-8c4b-d7b68539053f', 60, 'A42', 34, '32909434-d9c9-40f7-9eaf-b15d67581f65', 2),
('d922a495-504a-4b55-8ee0-d214c29dc403', 1, 'Digital', 42, '32909434-d9c9-40f7-9eaf-b15d67581f65', 3),
('d722d43c-894d-4644-8069-2c9a87b5b2ac', 70, 'A27', 18, '8ead4eb9-bdd7-42f4-9327-711006100845', 0),
('407ba845-3dd0-4d01-8fc2-4d41381402a2', 97, 'A48', 42, '8ead4eb9-bdd7-42f4-9327-711006100845', 1),
('57054a43-e42e-48b7-a537-5e1e25a0fc39', 100, 'A30', 30, '8ead4eb9-bdd7-42f4-9327-711006100845', 2),
('6d97cac9-8fa1-4fed-b474-463eec8b9fb9', 1, 'Digital', 47, '8ead4eb9-bdd7-42f4-9327-711006100845', 3),
('f41eb79e-3018-4897-a484-f4bf0435dcb2', 26, 'A31', 12, '5d53cdd3-dc9e-4837-bcb0-a821454f708f', 0),
('af6c7712-b1b4-4952-8f6d-8f7d57973666', 11, 'A30', 31, '5d53cdd3-dc9e-4837-bcb0-a821454f708f', 1),
('c07ea76f-1418-410c-9ee1-9ab82fe73306', 25, 'A32', 41, '5d53cdd3-dc9e-4837-bcb0-a821454f708f', 2),
('f22d4b3b-f7ea-49c7-bb13-a8c7bd064ca6', 1, 'Digital', 33, '5d53cdd3-dc9e-4837-bcb0-a821454f708f', 3),
('d83c97c8-a6f6-4c3f-92f5-543fd0db17da', 41, 'A47', 15, 'a3db1521-3bfb-4c37-8cc1-2f9652bce392', 0),
('ffe1510e-3501-4bf9-b20f-48019c0b9d6f', 72, 'A25', 49, 'a3db1521-3bfb-4c37-8cc1-2f9652bce392', 1),
('ac2d3908-e196-4dca-a466-b7afdb8896ff', 32, 'A37', 25, 'a3db1521-3bfb-4c37-8cc1-2f9652bce392', 2),
('edee432a-5981-4190-9a44-0479fe42d870', 1, 'Digital', 27, 'a3db1521-3bfb-4c37-8cc1-2f9652bce392', 3),
('cdb29787-a4e6-4454-aaec-83047ba4bd84', 26, 'A24', 29, 'c9002dcf-d3a5-40a1-b875-2b9842be61b1', 0),
('3a81bb11-b8e1-4397-8b5e-2383a0848468', 22, 'A45', 12, 'c9002dcf-d3a5-40a1-b875-2b9842be61b1', 1),
('5948a546-6d35-4ce0-9b14-e406621e79ef', 45, 'A33', 10, 'c9002dcf-d3a5-40a1-b875-2b9842be61b1', 2),
('6b832acb-ef2c-4704-a66d-8d5c4ee2342c', 1, 'Digital', 44, 'c9002dcf-d3a5-40a1-b875-2b9842be61b1', 3),
('b207a1e8-6925-4487-aca0-c410b9b7fcf3', 19, 'A17', 29, '3211c570-e9b1-40ab-9be2-8d0845aeba20', 0),
('810ec337-6216-4306-8c63-c0b7416cea6b', 49, 'A47', 44, '3211c570-e9b1-40ab-9be2-8d0845aeba20', 1),
('287e7492-85e4-4505-aa33-b9ca995be24b', 20, 'A18', 40, '3211c570-e9b1-40ab-9be2-8d0845aeba20', 2),
('6664330e-8049-451b-9c84-16321ada2d72', 1, 'Digital', 39, '3211c570-e9b1-40ab-9be2-8d0845aeba20', 3),
('de0a3b7e-5c78-4f03-b6d1-41372f76940f', 58, 'A19', 30, 'f1ece506-ff94-4407-84b7-8fd5b5572e51', 0),
('c27e8589-299c-4c61-a8cb-05ed5182c6f3', 90, 'A36', 43, 'f1ece506-ff94-4407-84b7-8fd5b5572e51', 1),
('9310e8d4-5b9d-4b99-b600-9b8df63c4afa', 92, 'A33', 47, 'f1ece506-ff94-4407-84b7-8fd5b5572e51', 2),
('80b4bccd-8bc6-498b-9b92-54fbda9f37d8', 1, 'Digital', 47, 'f1ece506-ff94-4407-84b7-8fd5b5572e51', 3),
('f95766bb-f7af-4edb-a307-c85979464470', 51, 'A44', 16, '9133a945-c990-4e9b-8c7a-44655da1a3dd', 0),
('ea9b44e6-d270-4b2f-b01c-ec67eaaf1f0d', 70, 'A19', 29, '9133a945-c990-4e9b-8c7a-44655da1a3dd', 1),
('716f30f4-5edf-4bb6-a85b-79ea885fa2d4', 50, 'A48', 23, '9133a945-c990-4e9b-8c7a-44655da1a3dd', 2),
('009c6c1a-4dbe-4634-9f8b-d950e4990e34', 1, 'Digital', 48, '9133a945-c990-4e9b-8c7a-44655da1a3dd', 3),
('4f643f10-4a87-4f3e-bf86-8ab24b9eeab7', 19, 'A11', 31, '56a322cd-04fb-41d8-b59d-7291b8372cd6', 0),
('c05dbd45-4496-441f-bfe0-ac9422806e45', 92, 'A42', 49, '56a322cd-04fb-41d8-b59d-7291b8372cd6', 1),
('79284ff8-5fd6-404c-879b-ba24cd5531c1', 37, 'A34', 44, '56a322cd-04fb-41d8-b59d-7291b8372cd6', 2),
('f26cc5a9-accd-44bf-b753-e8d826c609d1', 1, 'Digital', 10, '56a322cd-04fb-41d8-b59d-7291b8372cd6', 3),
('f2ec6b02-7c8c-47de-aeb0-5666f5f18577', 61, 'A28', 10, '171d30fa-d12b-4dd9-b054-43c689136969', 0),
('9abd7655-279b-4660-94cb-4c7e78c73acc', 70, 'A30', 19, '171d30fa-d12b-4dd9-b054-43c689136969', 1),
('5a63ec53-474d-4f77-9781-940a1a0fcb83', 76, 'A38', 13, '171d30fa-d12b-4dd9-b054-43c689136969', 2),
('bee66ea0-1e2b-4827-8eb4-5ad30f6c7eb2', 1, 'Digital', 13, '171d30fa-d12b-4dd9-b054-43c689136969', 3),
('51b1bbf7-cf32-4f52-852d-45ca4d94bd5e', 98, 'A26', 15, '1c97f037-3dfb-40b6-9157-b70509a7ae5a', 0),
('e4a905ec-950e-4220-a071-1a02d9b3e11d', 65, 'A9', 27, '1c97f037-3dfb-40b6-9157-b70509a7ae5a', 1),
('c322f885-2720-43e3-8ece-73d9cdd668ab', 16, 'A23', 40, '1c97f037-3dfb-40b6-9157-b70509a7ae5a', 2),
('dd53e5b8-cd57-4d6a-97e9-f078a29160b5', 1, 'Digital', 16, '1c97f037-3dfb-40b6-9157-b70509a7ae5a', 3),
('b2461275-839d-4256-bd68-e4f75fa7b7a9', 85, 'A19', 18, '386b6690-3b5f-4658-87a7-28c2cf883557', 0),
('a8ba1c36-5fee-4400-9471-6b90e581920b', 91, 'A13', 38, '386b6690-3b5f-4658-87a7-28c2cf883557', 1),
('d91b6a8b-7f82-4e23-87b9-77fc070fd2ce', 19, 'A4', 27, '386b6690-3b5f-4658-87a7-28c2cf883557', 2),
('8baba63e-be2d-4109-b9e5-8260bb840a2e', 1, 'Digital', 17, '386b6690-3b5f-4658-87a7-28c2cf883557', 3),
('0dc25fee-64eb-438a-8cda-4f29ad1af169', 63, 'A50', 12, '3c5f07d1-476f-4ca6-8d2f-a18ae05d3025', 0),
('892306e9-48f8-40c6-8e0c-6fd0a059a14b', 75, 'A17', 45, '3c5f07d1-476f-4ca6-8d2f-a18ae05d3025', 1),
('6bcd556f-f165-46a5-81e7-31c884ef2b34', 49, 'A0', 10, '3c5f07d1-476f-4ca6-8d2f-a18ae05d3025', 2),
('7bb5a9e2-efff-4af3-86cd-ae8783368116', 1, 'Digital', 25, '3c5f07d1-476f-4ca6-8d2f-a18ae05d3025', 3),
('f9507314-cc57-416e-8907-5e56bd7475fd', 69, 'A29', 15, '4b5ddfee-63ad-4bd3-94ed-c143a2883316', 0),
('5c1e0188-fa53-4f88-bec5-940dc07b0617', 77, 'A5', 40, '4b5ddfee-63ad-4bd3-94ed-c143a2883316', 1),
('6c4c903d-c9ef-4e58-8bea-9f26616a023a', 17, 'A42', 26, '4b5ddfee-63ad-4bd3-94ed-c143a2883316', 2),
('1ef01ac7-9dc1-4db6-b4c3-fc69f9c39db0', 1, 'Digital', 26, '4b5ddfee-63ad-4bd3-94ed-c143a2883316', 3),
('d1550d88-5a8b-4c44-9e64-5f697faf97e9', 90, 'A29', 26, '4f8288b8-7259-412a-8597-67405b32ad44', 0),
('2c3fea54-0a2a-4f8a-89ea-adbdb2efb8f2', 11, 'A11', 22, '4f8288b8-7259-412a-8597-67405b32ad44', 1),
('6b624ae0-fbb1-4bf1-a627-4714c9e65f57', 51, 'A18', 23, '4f8288b8-7259-412a-8597-67405b32ad44', 2),
('8339013c-b018-4c73-9e21-60d77fdc7a7f', 1, 'Digital', 20, '4f8288b8-7259-412a-8597-67405b32ad44', 3),
('39e8a9e8-9dbf-4e7f-95e4-cb67ac9f1a75', 11, 'A0', 33, '4d2e06be-9549-4344-9e82-add25d91b1a5', 0),
('5c49868e-2bfc-46ca-badd-9a98bcbf74a3', 35, 'A11', 16, '4d2e06be-9549-4344-9e82-add25d91b1a5', 1),
('227b0895-020e-415b-b2d5-0c4901bdc073', 18, 'A36', 19, '4d2e06be-9549-4344-9e82-add25d91b1a5', 2),
('7cf4b129-57c7-43a1-8bd5-58d43080945f', 1, 'Digital', 33, '4d2e06be-9549-4344-9e82-add25d91b1a5', 3),
('da41e04e-38f8-425a-8f49-aac2c16439b7', 86, 'A8', 34, '34f3da37-752d-44cc-b4a5-d683fc92c0ec', 0),
('395d7618-30de-4ea6-85f9-66318ef221bc', 85, 'A6', 31, '34f3da37-752d-44cc-b4a5-d683fc92c0ec', 1),
('382add63-fbe3-4428-9936-180c42490d54', 9, 'A3', 26, '34f3da37-752d-44cc-b4a5-d683fc92c0ec', 2),
('03ea0122-ae9d-45ab-9ae0-c8ae389fddae', 1, 'Digital', 14, '34f3da37-752d-44cc-b4a5-d683fc92c0ec', 3),
('0b536627-85cf-441a-8f02-56e7e93b8c32', 81, 'A22', 25, '56539769-0e54-49c8-be4b-e814af9af6fe', 0),
('8680467d-4073-4c8f-93c5-43ae86593ad8', 23, 'A21', 37, '56539769-0e54-49c8-be4b-e814af9af6fe', 1),
('e6b34b8e-7dc9-4bb3-a618-23395ae4df92', 12, 'A15', 31, '56539769-0e54-49c8-be4b-e814af9af6fe', 2),
('0a7b1786-8f46-4371-84c8-0f44c8c73112', 1, 'Digital', 21, '56539769-0e54-49c8-be4b-e814af9af6fe', 3),
('8cce32cb-a99f-4b9a-88b4-154e2f60cda3', 86, 'A21', 49, 'dee7eb33-f9b9-4aba-94c7-8558d0c1afda', 0),
('9fe52b82-9196-4583-a972-f79e575d06cd', 29, 'A42', 15, 'dee7eb33-f9b9-4aba-94c7-8558d0c1afda', 1),
('59d899fa-d8e0-4252-911c-4727f69388da', 20, 'A42', 34, 'dee7eb33-f9b9-4aba-94c7-8558d0c1afda', 2),
('46337fd4-6fce-4825-80b0-4c9d165dbb80', 1, 'Digital', 20, 'dee7eb33-f9b9-4aba-94c7-8558d0c1afda', 3),
('2052900b-ba39-4402-b978-991d387b48f0', 70, 'A31', 16, '5be0f3b3-b025-4394-a408-f482334a221e', 0),
('f06e9986-cb69-4cd6-96a1-e4f332339731', 56, 'A15', 13, '5be0f3b3-b025-4394-a408-f482334a221e', 1),
('8db934d3-abb0-4915-bd67-bf8b8972952c', 57, 'A3', 48, '5be0f3b3-b025-4394-a408-f482334a221e', 2),
('b1333fce-a733-46b2-a527-c29f3b1817db', 1, 'Digital', 45, '5be0f3b3-b025-4394-a408-f482334a221e', 3);