insert into user (userid, firstname, lastname, username, lastviewed) values
('b3044bcb-10ac-4420-a626-071d8247f81e', 'Dario', 'Birbamer', 'dbi6423', '2000-01-01'),
('22d0368b-89e4-49a8-88c8-5d933f704010', 'Dominik', 'Kühne', 'dku7033', '2000-01-01'),
('e586526c-c0f8-4b77-9bac-c6fc1d96a2c3', 'Johannes', 'Moosbrugger', 'jmo8620', '2000-01-01'),
('501827a6-0e88-4d85-a4ac-cb4d58ba79c5', 'Lukas', 'Kaufmann', 'lka2222', '2000-01-01'),
('b711d27d-3b7b-4e0d-bf51-c56c260aa565', 'Michael', 'Spiegel', 'msp3991', '2000-01-01'),
('81d052be-f3ee-4a6b-bd36-9ca8ad2e0224', 'Stefan', 'Mayer', 'sma7959', '2000-01-01'),
('81f3f082-772c-44c3-8ca6-a64d1bfc8976', 'Thomas', 'Feilhauer', 'tf-test', '2000-01-01'),
('81f3f082-772c-44c3-8ca6-a64d1bfc8977', 'Basic', 'Employee', 'user', '2000-01-01'),
('81f3f082-772c-44c3-8ca6-a64d1bfc8978', 'Basic', 'Operator', 'operator', '2000-01-01');

insert into employee_subscribedtopics (employee_employeeid, subscribedtopics) values
('b3044bcb-10ac-4420-a626-071d8247f81e', 'Pop'),
('b3044bcb-10ac-4420-a626-071d8247f81e', 'Metal'),
('b3044bcb-10ac-4420-a626-071d8247f81e', 'Rock'),
('22d0368b-89e4-49a8-88c8-5d933f704010', 'Pop'),
('22d0368b-89e4-49a8-88c8-5d933f704010', 'Electronic'),
('22d0368b-89e4-49a8-88c8-5d933f704010', 'Grunge'),
('e586526c-c0f8-4b77-9bac-c6fc1d96a2c3', 'Electronic'),
('e586526c-c0f8-4b77-9bac-c6fc1d96a2c3', 'Hip-Hop'),
('e586526c-c0f8-4b77-9bac-c6fc1d96a2c3', 'Hard Rock'),
('501827a6-0e88-4d85-a4ac-cb4d58ba79c5', 'Hip-Hop'),
('501827a6-0e88-4d85-a4ac-cb4d58ba79c5', 'Pop'),
('501827a6-0e88-4d85-a4ac-cb4d58ba79c5', 'Metal'),
('b711d27d-3b7b-4e0d-bf51-c56c260aa565', 'Metal'),
('b711d27d-3b7b-4e0d-bf51-c56c260aa565', 'Hard Rock'),
('b711d27d-3b7b-4e0d-bf51-c56c260aa565', 'Grunge'),
('81d052be-f3ee-4a6b-bd36-9ca8ad2e0224', 'Electronic'),
('81d052be-f3ee-4a6b-bd36-9ca8ad2e0224', 'Metal'),
('81d052be-f3ee-4a6b-bd36-9ca8ad2e0224', 'Pop'),
('81f3f082-772c-44c3-8ca6-a64d1bfc8976', 'Hard Rock'),
('81f3f082-772c-44c3-8ca6-a64d1bfc8976', 'Hip-Hop'),
('81f3f082-772c-44c3-8ca6-a64d1bfc8976', 'Grunge'),
('81f3f082-772c-44c3-8ca6-a64d1bfc8977', 'Pop'),
('81f3f082-772c-44c3-8ca6-a64d1bfc8977', 'Metal'),
('81f3f082-772c-44c3-8ca6-a64d1bfc8977', 'Rock'),
('81f3f082-772c-44c3-8ca6-a64d1bfc8978', 'Hard Rock'),
('81f3f082-772c-44c3-8ca6-a64d1bfc8978', 'Hip-Hop'),
('81f3f082-772c-44c3-8ca6-a64d1bfc8978', 'Grunge');


insert into employee_roles (employee_employeeid, roles) values
('81f3f082-772c-44c3-8ca6-a64d1bfc8978', 'EMPLOYEE'),
('81f3f082-772c-44c3-8ca6-a64d1bfc8978', 'OPERATOR'),
('81f3f082-772c-44c3-8ca6-a64d1bfc8977', 'EMPLOYEE'),
('b3044bcb-10ac-4420-a626-071d8247f81e', 'ADMIN'), 
('b3044bcb-10ac-4420-a626-071d8247f81e', 'OPERATOR'), 
('b3044bcb-10ac-4420-a626-071d8247f81e', 'EMPLOYEE'), 
('22d0368b-89e4-49a8-88c8-5d933f704010', 'ADMIN'), 
('22d0368b-89e4-49a8-88c8-5d933f704010', 'OPERATOR'), 
('22d0368b-89e4-49a8-88c8-5d933f704010', 'EMPLOYEE'), 
('e586526c-c0f8-4b77-9bac-c6fc1d96a2c3', 'ADMIN'), 
('e586526c-c0f8-4b77-9bac-c6fc1d96a2c3', 'OPERATOR'), 
('e586526c-c0f8-4b77-9bac-c6fc1d96a2c3', 'EMPLOYEE'), 
('501827a6-0e88-4d85-a4ac-cb4d58ba79c5', 'ADMIN'), 
('501827a6-0e88-4d85-a4ac-cb4d58ba79c5', 'OPERATOR'), 
('501827a6-0e88-4d85-a4ac-cb4d58ba79c5', 'EMPLOYEE'), 
('b711d27d-3b7b-4e0d-bf51-c56c260aa565', 'ADMIN'), 
('b711d27d-3b7b-4e0d-bf51-c56c260aa565', 'OPERATOR'), 
('b711d27d-3b7b-4e0d-bf51-c56c260aa565', 'EMPLOYEE'), 
('81d052be-f3ee-4a6b-bd36-9ca8ad2e0224', 'ADMIN'), 
('81d052be-f3ee-4a6b-bd36-9ca8ad2e0224', 'OPERATOR'), 
('81d052be-f3ee-4a6b-bd36-9ca8ad2e0224', 'EMPLOYEE'), 
('81f3f082-772c-44c3-8ca6-a64d1bfc8976', 'ADMIN'), 
('81f3f082-772c-44c3-8ca6-a64d1bfc8976', 'OPERATOR'), 
('81f3f082-772c-44c3-8ca6-a64d1bfc8976', 'EMPLOYEE');

insert into product (productid, duration, label, name, releaseyear) values 
('7999daee-9454-4906-b159-4393c73a5d26', '20:10', 'Atlantic', 'A Day At The Races', '2017'), 
('c95744c0-8078-4c71-90be-c6bfcb60d114', '40:50', 'Mosaert', 'The Dark Side Of The Moon', '1973'), 
('e1ee4750-e56b-4e74-8e9f-a33d9005f2ab', '20:10', 'Columbia', 'Zeit', '1994'), 
('ef5752ac-07b7-4b0e-a74f-73870f373b5d', '40:00', 'Columbia', 'The Dark Side Of The Moon', '1975'), 
('94018f86-57a7-4322-a567-1d2966ef601c', '40:30', 'Universal', 'Multitude', '1995'), 
('cb74dbf3-bf4f-42d3-8cb0-986a4cb207d4', '40:00', 'Bad Boy Entertainment', 'Multitude', '1950'), 
('601d5ad5-27e8-4af4-b7bf-39133fe44e57', '20:10', 'Vertigo', 'The Dark Side Of The Moon', '1966'), 
('2d5e966f-6138-48ed-b786-a48094003eab', '40:30', 'Mosaert', 'The Stranger', '2003'), 
('0b08246d-b879-47de-b84b-3531f37c712a', '40:50', 'Universal', 'Multitude', '1976'), 
('88d27818-43f4-4bbc-865a-482aa0a623ad', '40:30', 'Atlantic', 'Zeit', '1956'), 
('b5940157-bc77-498c-80d1-97da55d4209c', '40:50', 'Universal', 'Multitude', '1984'), 
('6a9c5647-c433-46d6-9248-8d4f3e240921', '40:20', 'Bad Boy Entertainment', 'Ready To Die', '1987'), 
('330c8f7e-1959-474e-9059-303ae043c8bb', '40:40', 'Bad Boy Entertainment', 'The Stranger', '1970'), 
('4449a836-be9c-4a83-a608-b95a5142483f', '30:20', 'Atlantic', 'XXIVK Magic', '1982'), 
('9f7aef9d-7f68-41fd-aa3f-608d5763f694', '30:30', 'Columbia', 'Ready To Die', '1971'), 
('2992facc-1e92-4cd1-9405-ba777a4460c1', '30:20', 'Columbia', 'Rock Believer', '2018'), 
('cf736862-aa20-422c-8baf-ff82f45781c5', '20:10', 'Vertigo', 'Rock Believer', '1992'), 
('84f59868-05c2-4988-b390-46fd5752ce1a', '20:00', 'Columbia', 'Sheer Heart Attack', '2008'), 
('dd58c780-ee1d-4c37-9e34-400a12bf567c', '30:50', 'Columbia', 'Sheer Heart Attack', '1962'), 
('f9c979fa-b78c-4e31-9a0d-4f961cc91952', '20:30', 'Bad Boy Entertainment', 'The Dark Side Of The Moon', '1984'), 
('8ac5277b-1f1f-404b-8598-92e4993bc4fa', '40:10', 'Vertigo', 'Ready To Die', '1953'), 
('531932c4-b73a-477c-9875-60f0cf16686b', '20:10', 'Bad Boy Entertainment', 'The Stranger', '2012'), 
('1936e386-e694-41b5-95a5-023a6cbf10c2', '30:40', 'Columbia', 'Sheer Heart Attack', '1971'), 
('62e4e190-654d-4ce2-adf5-7e7a43664ded', '40:20', 'Columbia', 'Rock Believer', '1963'), 
('da3602c1-9257-4d28-ad59-53d90c9b71e9', '40:30', 'Universal', 'A Day At The Races', '1996'), 
('131e4c24-dfc7-4915-ba7a-b6c94a5c5679', '30:50', 'Mosaert', 'Ready To Die', '1969'), 
('c3274280-88d1-41e1-bdae-7522acbd3140', '20:40', 'Atlantic', 'Ready To Die', '1987'), 
('bc84e716-f2b6-4f15-a3f7-416836f3751e', '30:50', 'Mosaert', 'Zeit', '1963'), 
('aeb779e0-1fd7-49cc-b728-2e5e6d06629e', '40:40', 'Mosaert', 'Zeit', '1994'), 
('a6ff632b-2cf8-4267-b5ff-344121e8fa85', '40:50', 'Columbia', 'Sheer Heart Attack', '1997'), 
('3d5f8134-7801-4e30-9349-4d878bce40a3', '20:50', 'Vertigo', 'A Day At The Races', '1980'), 
('e1296e80-75f6-4338-afa2-7db23fd154f6', '20:10', 'Bad Boy Entertainment', 'The Stranger', '1951'), 
('eceba604-6d39-4f5e-b361-bcf5f7c99d82', '30:50', 'Universal', 'XXIVK Magic', '1978'), 
('954efebe-dd37-4145-845f-444f701be8ec', '40:50', 'Mosaert', 'Ready To Die', '1953'), 
('6eb5b167-0457-40b4-8437-a029358259de', '30:40', 'Atlantic', 'XXIVK Magic', '1991'), 
('40500643-9020-4aad-a85d-8ce9db4c97ad', '20:30', 'Mosaert', 'A Day At The Races', '1979'), 
('c75f94dd-ff4e-4204-a2ae-07508dacaae0', '20:40', 'Atlantic', 'Sheer Heart Attack', '1976'), 
('5c563d76-bc9e-4c64-8a7a-7b91fcc95617', '30:20', 'Mosaert', 'Rock Believer', '2008'), 
('dfa07531-3bec-4529-9ab4-77e0c57f646f', '20:50', 'Universal', 'The Dark Side Of The Moon', '2011'), 
('91ef9516-096c-4fee-a418-ae02742506a2', '20:20', 'Bad Boy Entertainment', 'Sheer Heart Attack', '1986'), 
('7f461852-7f55-4cc7-a9f3-6edf7b90ecfa', '30:20', 'Atlantic', 'Sheer Heart Attack', '2000'), 
('6c4540b1-47ef-4e65-b96f-85f791221472', '40:50', 'Atlantic', 'A Day At The Races', '1982'), 
('e409672f-50c9-445d-b9c5-9e22d45b4151', '20:50', 'Atlantic', 'XXIVK Magic', '2009'), 
('04137d15-c68c-4e1a-9a20-4f6e90c6ea81', '30:10', 'Columbia', 'The Dark Side Of The Moon', '1981'), 
('a884c1da-8992-445c-a9ff-170b9a5c49ed', '20:20', 'Columbia', 'Multitude', '1997'), 
('db31bb22-b1cf-4105-8ab4-c389e6bcdca5', '40:30', 'Atlantic', 'Sheer Heart Attack', '1969'), 
('26195aab-38c9-4b77-8396-1d7676e6ef2b', '40:20', 'Vertigo', 'Rock Believer', '2001'), 
('105f9ecd-530e-4c6f-9bbf-9ca024a0d854', '40:40', 'Universal', 'Rock Believer', '2007'), 
('bdbc0fdb-aad0-44a1-86f1-83c1e6275fe3', '20:40', 'Columbia', 'A Day At The Races', '2005'), 
('10ebd255-d152-4c20-a2b3-c35fe81f17e1', '40:40', 'Mosaert', 'Ready To Die', '1956'), 
('dc0504c2-bfa2-4bc2-995b-79bfaf17d2ee', '20:40', 'Mosaert', 'Multitude', '1955'), 
('c76541cd-f6c4-4da9-b6d2-efef9141dc00', '20:30', 'Bad Boy Entertainment', 'A Day At The Races', '1983'), 
('b28ba8ab-7b04-44b0-a7ed-65b34bb59a69', '30:00', 'Mosaert', 'Ready To Die', '1986'), 
('90d03171-7b33-479c-b7f2-4588d54a057d', '40:20', 'Mosaert', 'Ready To Die', '1984'), 
('05db9745-2fe3-403d-ae51-d2b526f33fa3', '20:10', 'Columbia', 'The Stranger', '1997'), 
('6d550d25-8dd8-40f9-91fc-5c6aee25d6cd', '30:20', 'Columbia', 'The Dark Side Of The Moon', '1951'), 
('2b50e80d-f93e-468d-9c31-14bf9ed8dad0', '20:10', 'Bad Boy Entertainment', 'Sheer Heart Attack', '2017'), 
('b6c95c19-3b8e-4c2c-b787-0d40df366aa2', '20:10', 'Vertigo', 'The Dark Side Of The Moon', '1966'), 
('eadc9173-134f-412c-b452-092ce0afcb27', '20:40', 'Columbia', 'A Day At The Races', '2016'), 
('0be3fd3a-313f-4745-8cdc-cab1e3fc71a4', '40:30', 'Universal', 'Rock Believer', '2004'), 
('e6e64697-8301-4986-b6d4-4c5f0b49c3f0', '30:10', 'Bad Boy Entertainment', 'Ready To Die', '1961'), 
('c39b3f8e-323f-4723-9927-6c2aac24d486', '40:00', 'Bad Boy Entertainment', 'Sheer Heart Attack', '1996'), 
('8ad49757-f10a-49be-9a82-c475d8850896', '20:20', 'Atlantic', 'A Day At The Races', '1971'), 
('2a9b414b-7bbc-4084-971f-e5045e75e625', '40:50', 'Mosaert', 'Sheer Heart Attack', '2008'), 
('eb0dc7d5-3d7e-4bf8-8af0-5a63344f0d3b', '20:00', 'Atlantic', 'Rock Believer', '1989'), 
('6ea43328-2001-4640-bcfc-86565ff00406', '30:10', 'Bad Boy Entertainment', 'Sheer Heart Attack', '1959'), 
('03db2244-5e78-4810-8190-309799ffcabd', '30:20', 'Universal', 'Multitude', '1960'), 
('be7ed3ba-b3c1-4eb6-adc2-99168fd3bede', '20:20', 'Universal', 'Rock Believer', '1965'), 
('cd1e7003-94db-4493-9898-82862dba2ab1', '20:50', 'Columbia', 'XXIVK Magic', '1987'), 
('6b5d0225-d127-428c-a20f-6b2ada62cc48', '40:40', 'Mosaert', 'Rock Believer', '1990'), 
('070bd834-6092-48e4-bcf1-d814865db399', '30:40', 'Vertigo', 'Rock Believer', '1974'), 
('ed230131-5815-48d9-9d52-7789232bec46', '40:30', 'Bad Boy Entertainment', 'The Dark Side Of The Moon', '1975'), 
('4d7097ec-8424-4025-b636-6d961051a391', '20:50', 'Bad Boy Entertainment', 'XXIVK Magic', '2005'), 
('3a64f5ce-1d76-4f6b-a80d-11c56946bdd6', '20:40', 'Vertigo', 'XXIVK Magic', '1956'), 
('2508d74c-d0d9-48ab-9bc0-1a3bbfd43679', '20:30', 'Vertigo', 'A Day At The Races', '2016'), 
('ade52ecb-6b46-4821-a2ec-9a47f1a6682d', '20:10', 'Bad Boy Entertainment', 'Multitude', '1957'), 
('d80dc812-e66b-43d8-8c5b-a90d8852fee5', '30:30', 'Vertigo', 'XXIVK Magic', '1989'), 
('37c2b648-0fce-47ba-9e76-f06af3f0ee2a', '40:20', 'Mosaert', 'A Day At The Races', '1981'), 
('f44e9804-ad99-405d-af04-3baa2350393c', '30:40', 'Atlantic', 'A Day At The Races', '1989'), 
('0a92aefc-aa92-440e-adf6-43fc1aa7beca', '20:10', 'Atlantic', 'The Stranger', '1986'), 
('502a5123-0a14-4f80-ba8f-2d78cae5dd5a', '20:20', 'Columbia', 'XXIVK Magic', '1962'), 
('c87c7d5a-23a9-4203-a398-5ba25d77274b', '20:50', 'Vertigo', 'Rock Believer', '1978'), 
('b099065d-6f05-45e5-adf6-cf184ad76d88', '20:20', 'Bad Boy Entertainment', 'Sheer Heart Attack', '2002'), 
('0f5e1c4a-84d2-46ab-b505-b24af825bd68', '30:40', 'Mosaert', 'Sheer Heart Attack', '2015'), 
('def7b95f-c0c2-48e4-bf9b-1e1494772987', '30:00', 'Vertigo', 'Sheer Heart Attack', '2012'), 
('68bf3d78-bc2e-4c90-8ca1-6197d7873d7b', '40:00', 'Bad Boy Entertainment', 'XXIVK Magic', '1959'), 
('03f961df-fe08-4b99-b250-effd5460be35', '40:50', 'Bad Boy Entertainment', 'Rock Believer', '1993'), 
('fc536cfc-3537-4d3f-be1e-8fcaa0ce424e', '30:30', 'Atlantic', 'Rock Believer', '1966'), 
('c2daa879-c2ad-4ae2-9c4e-1dff38af56ba', '40:00', 'Mosaert', 'Multitude', '1998'), 
('a00b42e5-5169-4e52-a079-4d41a3c9feb8', '20:10', 'Vertigo', 'The Stranger', '1963'), 
('d1e7c17c-ea64-4d97-8e63-dfe5ec80cbff', '20:40', 'Vertigo', 'A Day At The Races', '1997'), 
('afefaf39-9ea0-41d7-ba36-556299eccbf8', '20:20', 'Columbia', 'Ready To Die', '1997'), 
('4c0dae8d-8c0f-4941-9ad4-3fbe17058240', '40:50', 'Universal', 'The Dark Side Of The Moon', '2006'), 
('55d7a6b5-1417-4ef3-b565-f67ab819f04d', '30:20', 'Mosaert', 'Zeit', '1974'), 
('138116f0-c2c9-4455-92c8-3fa9fc23e610', '30:50', 'Columbia', 'Multitude', '1986'), 
('7d451928-2ffe-41f0-876c-62343a6383b4', '20:40', 'Mosaert', 'A Day At The Races', '2019'), 
('cf9b7aee-7cde-4604-8d49-996687170ce9', '40:00', 'Bad Boy Entertainment', 'The Stranger', '2009'), 
('b18d6a9f-eb39-4678-8c33-388962136f93', '30:50', 'Bad Boy Entertainment', 'The Dark Side Of The Moon', '1969'), 
('bd2cfe01-5304-4ce9-9cf7-2ef117bc69c2', '20:20', 'Mosaert', 'XXIVK Magic', '1996'), 
('c293157c-e70c-4641-9a5c-1ef514b49a5b', '40:10', 'Columbia', 'XXIVK Magic', '1993'), 
('8c0475ba-b1af-4d21-8f65-10614a222a00', '30:20', 'Atlantic', 'Multitude', '1990'), 
('da361520-2c05-4adb-a277-80561159f1b5', '30:30', 'Mosaert', 'The Stranger', '2018'), 
('b732e546-8acb-464e-82f0-c20d6edbf5b8', '30:10', 'Universal', 'The Dark Side Of The Moon', '1996'), 
('5f53155f-4731-47ca-b7ed-8926ab7ea53f', '40:20', 'Bad Boy Entertainment', 'Rock Believer', '1962'), 
('bcfe7042-4866-4434-ac46-40c2a806e4c7', '20:40', 'Columbia', 'A Day At The Races', '2011'), 
('c2b8a80f-2d77-4eaa-ac0c-888bf004c0f2', '30:40', 'Universal', 'Ready To Die', '2010'), 
('bfb23afc-273b-4bb6-be3b-6be978b1e4a7', '20:20', 'Atlantic', 'The Dark Side Of The Moon', '1996'), 
('74fbd118-332e-485f-a23f-112d51f5290d', '20:20', 'Universal', 'A Day At The Races', '1951'), 
('afb6f4ea-f6d5-467b-bdc1-9e3e37dad64e', '20:00', 'Columbia', 'Zeit', '1954'), 
('1d081e71-268d-4455-8005-90007c8d97e6', '40:40', 'Columbia', 'XXIVK Magic', '1950'), 
('909e8273-a58d-4d8d-bc74-a61f28750fe7', '30:50', 'Atlantic', 'Rock Believer', '2021'), 
('787fc1d5-55a9-4c89-9c56-ad493362c3f6', '40:10', 'Columbia', 'XXIVK Magic', '2021'), 
('3932c7ec-8a7f-4f98-99d1-a367d7641f05', '20:30', 'Vertigo', 'Ready To Die', '2009'), 
('194d86f8-b6ae-453c-bc81-ebcd9f5203d8', '20:30', 'Universal', 'A Day At The Races', '1951'), 
('6378d8e1-88de-4886-901c-ec82e0d9bee5', '20:20', 'Bad Boy Entertainment', 'Sheer Heart Attack', '2011'), 
('f855194a-d3da-44eb-8f64-23331fcf71e9', '20:50', 'Atlantic', 'Sheer Heart Attack', '1990'), 
('f988c9ef-6bc2-4daa-8a98-ba6a37ec731f', '20:50', 'Vertigo', 'XXIVK Magic', '1988'), 
('fd9162ee-50de-448b-bcfe-e438c81cd294', '40:40', 'Mosaert', 'The Stranger', '2017'), 
('56cac70e-f0f0-4788-94a1-3265cdca564f', '20:10', 'Bad Boy Entertainment', 'Zeit', '1988'), 
('23d25dd2-12e1-4c18-9c1f-f67fa6504c32', '20:20', 'Vertigo', 'The Stranger', '1971'), 
('e7e7a50a-8d81-4669-a689-73b4faf439eb', '20:50', 'Atlantic', 'The Dark Side Of The Moon', '1979'), 
('a34aafa7-9eb1-44d3-be47-987f1ecddc65', '30:10', 'Bad Boy Entertainment', 'Multitude', '2012'), 
('71faf0da-f18b-47d7-8fa6-304e8bd7d622', '20:50', 'Universal', 'XXIVK Magic', '1958'), 
('6863f595-aeb1-4ce4-84ed-1dbd3d8e0411', '30:30', 'Bad Boy Entertainment', 'The Stranger', '2004'), 
('788236f2-e64a-499e-a6e4-6a67020b5e3f', '40:00', 'Bad Boy Entertainment', 'The Stranger', '1953'), 
('d524f58f-f1df-4fab-82f7-95edda26c473', '30:50', 'Atlantic', 'Zeit', '1979'), 
('4649ec95-6a23-452c-ad96-7e2497ea91e8', '20:40', 'Universal', 'Multitude', '1980'), 
('a869cf9b-c14e-464e-9177-51ec3efa029b', '40:00', 'Bad Boy Entertainment', 'XXIVK Magic', '2003'), 
('d63f4679-c216-4109-97d6-fb907e69c547', '20:30', 'Bad Boy Entertainment', 'A Day At The Races', '2010'), 
('09f963f4-5dd8-4919-bd55-d085753e2df6', '40:00', 'Columbia', 'The Stranger', '1971'), 
('322bd0c2-3f81-41de-88c0-a3bc9e28fd23', '40:40', 'Mosaert', 'The Stranger', '2013'), 
('72ea3062-2c0a-4970-bdfd-487ed81411f3', '40:20', 'Columbia', 'Multitude', '1967'), 
('1b217ffb-1479-4605-83df-acd6b0a385b9', '30:40', 'Universal', 'Ready To Die', '1978'), 
('4af1f3f5-afed-46c2-8ae0-5b876693b7e8', '30:50', 'Vertigo', 'The Stranger', '2012'), 
('be2d9227-f988-4848-b29d-670615d2993f', '30:40', 'Atlantic', 'Rock Believer', '1962'), 
('360f6427-1006-43ee-8cab-c8850c3947b9', '30:20', 'Universal', 'Zeit', '1975'), 
('de4acfbe-b2e4-4264-86ee-497c0b8d2a56', '30:00', 'Vertigo', 'Rock Believer', '2005'), 
('3e8d44a0-5bec-420a-b9d8-eaad0c3a2f94', '20:40', 'Bad Boy Entertainment', 'Sheer Heart Attack', '1983'), 
('5f963ff5-62e6-4221-914c-807bdf7369b3', '40:10', 'Mosaert', 'The Stranger', '2000'), 
('668e473f-fb25-43ad-a776-8d67ca0d2d7f', '40:50', 'Columbia', 'XXIVK Magic', '2017'), 
('23e1511d-1d21-4a82-9025-47d9d8fe8bcb', '40:30', 'Bad Boy Entertainment', 'A Day At The Races', '2012'), 
('5339cf28-29c2-4a08-9553-b8c4c84eef82', '20:30', 'Columbia', 'Multitude', '1960'), 
('8154720a-f51e-40f3-b360-10bb46a6c851', '40:10', 'Universal', 'A Day At The Races', '2012'), 
('c3a1dae4-f1c1-4744-b944-d63421ba1eb3', '20:10', 'Vertigo', 'The Dark Side Of The Moon', '1983'), 
('8b11ae62-2aa8-4b14-9e8a-92ce04d5aa54', '40:30', 'Vertigo', 'Multitude', '1977'), 
('4411c12c-c44c-422a-90fd-7dcf90d8621a', '30:50', 'Atlantic', 'Rock Believer', '1962'), 
('2b7131a2-015b-4b69-8de8-3626e1f1a6b7', '30:40', 'Vertigo', 'Sheer Heart Attack', '1996'), 
('e867612f-267a-4c82-bff9-d41f0cd2217c', '40:10', 'Columbia', 'A Day At The Races', '1962'), 
('1f1852e8-a815-483d-9fbc-f6f402884e79', '30:30', 'Vertigo', 'The Dark Side Of The Moon', '1988'), 
('f14db885-ab09-4019-a670-b7a02900bd45', '40:00', 'Atlantic', 'The Dark Side Of The Moon', '1990'), 
('0586b0bc-a140-4ec7-954d-b48ff2d1f514', '40:10', 'Atlantic', 'Sheer Heart Attack', '1955'), 
('a69f2516-e189-4a20-9f71-440f6e4b2508', '30:10', 'Bad Boy Entertainment', 'Multitude', '1952'), 
('7c15c75e-929d-45e7-a6bf-6e4b883887d2', '20:10', 'Vertigo', 'A Day At The Races', '1967'), 
('d08c2b7c-9ff0-48ca-bf4c-3916e5d8765d', '20:30', 'Atlantic', 'Multitude', '2015'), 
('3c6900f5-00e8-4b1c-a232-9372958aef0e', '40:00', 'Universal', 'XXIVK Magic', '1992'), 
('6c387275-3928-4bac-806f-d4b4372507fc', '30:10', 'Universal', 'XXIVK Magic', '2006'), 
('18514394-de1f-49df-bf5f-a9fc6f68f7a6', '20:00', 'Vertigo', 'Ready To Die', '1982'), 
('25a36c10-76f8-444d-9ad3-f52a7e36aa03', '20:30', 'Mosaert', 'XXIVK Magic', '2019'), 
('7b3baacc-ab83-44de-8f76-c82959f91d08', '40:20', 'Bad Boy Entertainment', 'XXIVK Magic', '1987'), 
('183d8532-47a7-4092-a47a-7634a91def4e', '40:40', 'Bad Boy Entertainment', 'The Stranger', '1957'), 
('c38f1933-aeb7-4257-b33e-9a6009d254a4', '20:20', 'Bad Boy Entertainment', 'The Stranger', '2000'), 
('6c2a7de1-0754-444d-8580-63ba6dcfa55c', '40:40', 'Mosaert', 'XXIVK Magic', '1996'), 
('4fb325e6-2a32-4c8c-90a8-fcc227b48d41', '40:20', 'Vertigo', 'Multitude', '2011'), 
('b5834ada-8a92-4e79-9135-70c2691553be', '40:40', 'Bad Boy Entertainment', 'Zeit', '1961'), 
('09b0b0ed-c7bb-43ac-98e2-98e0cfa5e314', '30:30', 'Bad Boy Entertainment', 'Zeit', '1966'), 
('99297120-b2bc-4ad6-9399-1044c5b40a1c', '40:40', 'Atlantic', 'Sheer Heart Attack', '2005'), 
('c444d9da-6dec-43fa-b6ea-2137efe2e1f4', '40:30', 'Mosaert', 'Multitude', '1983'), 
('954e1e08-dc7f-4d1f-8053-ca3c919de6c0', '20:40', 'Atlantic', 'Ready To Die', '1983'), 
('3ecdb674-5bf7-417e-9c9d-a78e254256d7', '30:20', 'Bad Boy Entertainment', 'Ready To Die', '1966'), 
('b687f4ee-dc99-4efc-a1b1-39520cae466c', '20:30', 'Vertigo', 'The Dark Side Of The Moon', '2013'), 
('b931e56a-0870-4ed0-a779-d14bdb81ee59', '20:00', 'Bad Boy Entertainment', 'Sheer Heart Attack', '1954'), 
('b734a7d8-4e35-4298-828e-30d9f2f4d86e', '40:10', 'Atlantic', 'The Dark Side Of The Moon', '1964'), 
('d5bab114-1d34-45fc-8227-e78f2f8042d1', '20:10', 'Bad Boy Entertainment', 'Rock Believer', '2010'), 
('2dcace40-c6be-43f5-8ea3-aacae9bec76e', '40:20', 'Columbia', 'The Dark Side Of The Moon', '1973'), 
('bd741d3a-46f4-4086-abff-45febf00bae4', '40:40', 'Atlantic', 'Rock Believer', '1977'), 
('92da4e68-b101-4081-aa0d-277d5f670839', '20:00', 'Universal', 'XXIVK Magic', '1977'), 
('f2be6ce8-e25a-47ff-939a-7299adc4905c', '40:40', 'Vertigo', 'Rock Believer', '2004'), 
('8d9fd7a4-31ca-45c5-a1cb-078e2758ad81', '40:40', 'Atlantic', 'XXIVK Magic', '1960'), 
('41c73325-06db-4bbe-97a3-be9757f8fdcf', '30:30', 'Columbia', 'Ready To Die', '2012'), 
('5e5de132-8fcc-47ed-a3ad-b33dbcfbba62', '20:30', 'Vertigo', 'Sheer Heart Attack', '1959'), 
('670a7912-2dc5-4a25-b687-b65bdbd4e683', '20:20', 'Universal', 'Rock Believer', '1971'), 
('7c75218e-a7e5-4438-98cd-638d3dfd8d7d', '40:00', 'Columbia', 'The Dark Side Of The Moon', '1961'), 
('ac501f2c-67d3-4867-b8b7-7e2683e039d2', '20:30', 'Bad Boy Entertainment', 'The Stranger', '2013'), 
('28c37823-fb98-44f6-9d30-54ce07276aa3', '20:50', 'Mosaert', 'Rock Believer', '1992'), 
('6a264bda-2606-4f14-83ba-729ab14c5be7', '40:30', 'Columbia', 'Zeit', '1966'), 
('899ba088-7618-4f6b-b945-69cfa30df2da', '30:00', 'Columbia', 'Zeit', '1956'), 
('96de6ab4-2c65-4978-b822-b7c9d78cf2f9', '30:20', 'Atlantic', 'Ready To Die', '1961'), 
('42f548e0-a36a-4f58-8c5a-3f86693d26f5', '30:50', 'Atlantic', 'Ready To Die', '1995'), 
('b4b42d2e-1691-4a32-b3f8-515624d12baf', '40:30', 'Vertigo', 'The Dark Side Of The Moon', '1982'), 
('150bd13b-c4cd-4375-8502-c84e57fdbe17', '40:30', 'Universal', 'The Dark Side Of The Moon', '2009'), 
('9094534b-3d0a-4216-b087-74d2a135351d', '20:20', 'Bad Boy Entertainment', 'Zeit', '2013'), 
('42b3b659-0b8e-4567-879b-96c3d935ae5d', '40:20', 'Columbia', 'XXIVK Magic', '1993'), 
('92c7b9fc-c47a-410f-9c2b-2f5c5588300a', '40:50', 'Vertigo', 'Zeit', '1998'), 
('7493d295-dd9a-47b5-8ad9-4a6728855784', '20:40', 'Columbia', 'Rock Believer', '1992'), 
('ef293a9f-93bd-4efb-88da-893b3bf1d3ba', '40:50', 'Mosaert', 'The Stranger', '1967'), 
('eb806e6d-5240-4452-9fc9-42a914b8b154', '20:30', 'Vertigo', 'Multitude', '1958'), 
('0dc9c818-8bd0-4edd-98ac-4620dda0dc22', '20:50', 'Universal', 'Multitude', '1970'), 
('8530b5c1-342d-4f72-bb18-c1cbc930c1a3', '20:10', 'Columbia', 'The Dark Side Of The Moon', '1951'), 
('0407136e-3cb1-4c4c-b6f2-77bc973d5783', '40:20', 'Universal', 'Rock Believer', '1972'), 
('67d2175a-1f45-44e7-9fd1-60ec611daaa4', '40:00', 'Atlantic', 'Sheer Heart Attack', '1960'), 
('27c0e973-9328-45df-bf25-d26451a5ffc0', '20:50', 'Universal', 'A Day At The Races', '2006'), 
('65781566-0538-4f48-a016-d3973d366b97', '20:40', 'Vertigo', 'Multitude', '1999'), 
('1251ee48-cf98-4253-9faf-dab129fca827', '20:30', 'Atlantic', 'Multitude', '1979'), 
('02a0b0ff-172d-46c9-a9d0-f13e4130c1c7', '40:30', 'Atlantic', 'XXIVK Magic', '1991'), 
('356fc5ae-2b39-4b3f-b848-05b3ab3b41c7', '20:00', 'Bad Boy Entertainment', 'Sheer Heart Attack', '2009'), 
('cf35383e-a22b-47a6-a4fe-61c04b093edd', '30:00', 'Mosaert', 'Ready To Die', '1983'), 
('2e2e5c82-c2ee-47ef-b7f0-1df02e178975', '40:50', 'Columbia', 'Rock Believer', '1989'), 
('0b013b50-ffd8-42ae-be88-4c10697c730b', '40:20', 'Mosaert', 'A Day At The Races', '1957'), 
('a0eb9087-ff81-4d6d-8b6b-94f8ac5fde78', '20:00', 'Universal', 'Rock Believer', '1977'), 
('0ccf3cdd-50db-48d8-bf54-e74171a8588e', '20:50', 'Atlantic', 'Rock Believer', '1950');

insert into product_genre (product_productid, genre) values 
('7999daee-9454-4906-b159-4393c73a5d26', 'Pop'), 
('7999daee-9454-4906-b159-4393c73a5d26', 'Metal'),
('7999daee-9454-4906-b159-4393c73a5d26', 'Pop'), 
('c95744c0-8078-4c71-90be-c6bfcb60d114', 'Metal'), 
('c95744c0-8078-4c71-90be-c6bfcb60d114', 'Rock'), 
('e1ee4750-e56b-4e74-8e9f-a33d9005f2ab', 'Pop'), 
('e1ee4750-e56b-4e74-8e9f-a33d9005f2ab', 'Pop'), 
('ef5752ac-07b7-4b0e-a74f-73870f373b5d', 'Hard Rock'), 
('ef5752ac-07b7-4b0e-a74f-73870f373b5d', 'Pop'), 
('94018f86-57a7-4322-a567-1d2966ef601c', 'Hip-Hop'), 
('cb74dbf3-bf4f-42d3-8cb0-986a4cb207d4', 'Grunge'), 
('cb74dbf3-bf4f-42d3-8cb0-986a4cb207d4', 'Grunge'), 
('cb74dbf3-bf4f-42d3-8cb0-986a4cb207d4', 'Rock'), 
('601d5ad5-27e8-4af4-b7bf-39133fe44e57', 'Pop'), 
('2d5e966f-6138-48ed-b786-a48094003eab', 'Electronic'), 
('2d5e966f-6138-48ed-b786-a48094003eab', 'Hip-Hop'), 
('2d5e966f-6138-48ed-b786-a48094003eab', 'Hip-Hop'), 
('0b08246d-b879-47de-b84b-3531f37c712a', 'Electronic'), 
('0b08246d-b879-47de-b84b-3531f37c712a', 'Pop'), 
('0b08246d-b879-47de-b84b-3531f37c712a', 'Grunge'), 
('88d27818-43f4-4bbc-865a-482aa0a623ad', 'Hard Rock'), 
('b5940157-bc77-498c-80d1-97da55d4209c', 'Grunge'), 
('6a9c5647-c433-46d6-9248-8d4f3e240921', 'Rock'), 
('6a9c5647-c433-46d6-9248-8d4f3e240921', 'Hip-Hop'), 
('6a9c5647-c433-46d6-9248-8d4f3e240921', 'Metal'), 
('330c8f7e-1959-474e-9059-303ae043c8bb', 'Hard Rock'), 
('330c8f7e-1959-474e-9059-303ae043c8bb', 'Rock'), 
('330c8f7e-1959-474e-9059-303ae043c8bb', 'Hip-Hop'), 
('4449a836-be9c-4a83-a608-b95a5142483f', 'Pop'), 
('4449a836-be9c-4a83-a608-b95a5142483f', 'Hip-Hop'), 
('9f7aef9d-7f68-41fd-aa3f-608d5763f694', 'Pop'), 
('9f7aef9d-7f68-41fd-aa3f-608d5763f694', 'Pop'), 
('9f7aef9d-7f68-41fd-aa3f-608d5763f694', 'Grunge'), 
('2992facc-1e92-4cd1-9405-ba777a4460c1', 'Hip-Hop'), 
('cf736862-aa20-422c-8baf-ff82f45781c5', 'Hard Rock'), 
('cf736862-aa20-422c-8baf-ff82f45781c5', 'Electronic'), 
('84f59868-05c2-4988-b390-46fd5752ce1a', 'Rock'), 
('84f59868-05c2-4988-b390-46fd5752ce1a', 'Hip-Hop'), 
('dd58c780-ee1d-4c37-9e34-400a12bf567c', 'Rock'), 
('dd58c780-ee1d-4c37-9e34-400a12bf567c', 'Hard Rock'), 
('dd58c780-ee1d-4c37-9e34-400a12bf567c', 'Pop'), 
('f9c979fa-b78c-4e31-9a0d-4f961cc91952', 'Rock'), 
('8ac5277b-1f1f-404b-8598-92e4993bc4fa', 'Hard Rock'), 
('531932c4-b73a-477c-9875-60f0cf16686b', 'Electronic'), 
('1936e386-e694-41b5-95a5-023a6cbf10c2', 'Electronic'), 
('1936e386-e694-41b5-95a5-023a6cbf10c2', 'Rock'), 
('1936e386-e694-41b5-95a5-023a6cbf10c2', 'Rock'), 
('62e4e190-654d-4ce2-adf5-7e7a43664ded', 'Hard Rock'), 
('62e4e190-654d-4ce2-adf5-7e7a43664ded', 'Electronic'), 
('da3602c1-9257-4d28-ad59-53d90c9b71e9', 'Hard Rock'), 
('da3602c1-9257-4d28-ad59-53d90c9b71e9', 'Metal'), 
('da3602c1-9257-4d28-ad59-53d90c9b71e9', 'Hip-Hop'), 
('131e4c24-dfc7-4915-ba7a-b6c94a5c5679', 'Rock'), 
('c3274280-88d1-41e1-bdae-7522acbd3140', 'Hard Rock'), 
('bc84e716-f2b6-4f15-a3f7-416836f3751e', 'Grunge'), 
('bc84e716-f2b6-4f15-a3f7-416836f3751e', 'Pop'), 
('aeb779e0-1fd7-49cc-b728-2e5e6d06629e', 'Rock'), 
('aeb779e0-1fd7-49cc-b728-2e5e6d06629e', 'Metal'), 
('aeb779e0-1fd7-49cc-b728-2e5e6d06629e', 'Hip-Hop'), 
('a6ff632b-2cf8-4267-b5ff-344121e8fa85', 'Hard Rock'), 
('3d5f8134-7801-4e30-9349-4d878bce40a3', 'Grunge'), 
('e1296e80-75f6-4338-afa2-7db23fd154f6', 'Hip-Hop'), 
('e1296e80-75f6-4338-afa2-7db23fd154f6', 'Metal'), 
('e1296e80-75f6-4338-afa2-7db23fd154f6', 'Hip-Hop'), 
('eceba604-6d39-4f5e-b361-bcf5f7c99d82', 'Electronic'), 
('eceba604-6d39-4f5e-b361-bcf5f7c99d82', 'Electronic'), 
('954efebe-dd37-4145-845f-444f701be8ec', 'Grunge'), 
('954efebe-dd37-4145-845f-444f701be8ec', 'Hard Rock'), 
('954efebe-dd37-4145-845f-444f701be8ec', 'Hip-Hop'), 
('6eb5b167-0457-40b4-8437-a029358259de', 'Hard Rock'), 
('6eb5b167-0457-40b4-8437-a029358259de', 'Hip-Hop'), 
('40500643-9020-4aad-a85d-8ce9db4c97ad', 'Rock'), 
('40500643-9020-4aad-a85d-8ce9db4c97ad', 'Grunge'), 
('40500643-9020-4aad-a85d-8ce9db4c97ad', 'Pop'), 
('c75f94dd-ff4e-4204-a2ae-07508dacaae0', 'Grunge'), 
('5c563d76-bc9e-4c64-8a7a-7b91fcc95617', 'Metal'), 
('5c563d76-bc9e-4c64-8a7a-7b91fcc95617', 'Hip-Hop'), 
('dfa07531-3bec-4529-9ab4-77e0c57f646f', 'Metal'), 
('dfa07531-3bec-4529-9ab4-77e0c57f646f', 'Grunge'), 
('dfa07531-3bec-4529-9ab4-77e0c57f646f', 'Pop'), 
('91ef9516-096c-4fee-a418-ae02742506a2', 'Hard Rock'), 
('91ef9516-096c-4fee-a418-ae02742506a2', 'Rock'), 
('91ef9516-096c-4fee-a418-ae02742506a2', 'Hip-Hop'), 
('7f461852-7f55-4cc7-a9f3-6edf7b90ecfa', 'Pop'), 
('6c4540b1-47ef-4e65-b96f-85f791221472', 'Hip-Hop'), 
('6c4540b1-47ef-4e65-b96f-85f791221472', 'Pop'), 
('e409672f-50c9-445d-b9c5-9e22d45b4151', 'Metal'), 
('e409672f-50c9-445d-b9c5-9e22d45b4151', 'Metal'), 
('04137d15-c68c-4e1a-9a20-4f6e90c6ea81', 'Rock'), 
('a884c1da-8992-445c-a9ff-170b9a5c49ed', 'Pop'), 
('a884c1da-8992-445c-a9ff-170b9a5c49ed', 'Grunge'), 
('a884c1da-8992-445c-a9ff-170b9a5c49ed', 'Hard Rock'), 
('db31bb22-b1cf-4105-8ab4-c389e6bcdca5', 'Metal'), 
('db31bb22-b1cf-4105-8ab4-c389e6bcdca5', 'Hip-Hop'), 
('26195aab-38c9-4b77-8396-1d7676e6ef2b', 'Electronic'), 
('26195aab-38c9-4b77-8396-1d7676e6ef2b', 'Metal'), 
('26195aab-38c9-4b77-8396-1d7676e6ef2b', 'Hard Rock'), 
('105f9ecd-530e-4c6f-9bbf-9ca024a0d854', 'Metal'), 
('bdbc0fdb-aad0-44a1-86f1-83c1e6275fe3', 'Rock'), 
('10ebd255-d152-4c20-a2b3-c35fe81f17e1', 'Hard Rock'), 
('10ebd255-d152-4c20-a2b3-c35fe81f17e1', 'Grunge'), 
('10ebd255-d152-4c20-a2b3-c35fe81f17e1', 'Metal'), 
('dc0504c2-bfa2-4bc2-995b-79bfaf17d2ee', 'Metal'), 
('dc0504c2-bfa2-4bc2-995b-79bfaf17d2ee', 'Electronic'), 
('c76541cd-f6c4-4da9-b6d2-efef9141dc00', 'Hard Rock'), 
('c76541cd-f6c4-4da9-b6d2-efef9141dc00', 'Metal'), 
('c76541cd-f6c4-4da9-b6d2-efef9141dc00', 'Pop'), 
('b28ba8ab-7b04-44b0-a7ed-65b34bb59a69', 'Grunge'), 
('b28ba8ab-7b04-44b0-a7ed-65b34bb59a69', 'Hard Rock'), 
('90d03171-7b33-479c-b7f2-4588d54a057d', 'Hip-Hop'), 
('05db9745-2fe3-403d-ae51-d2b526f33fa3', 'Hip-Hop'), 
('05db9745-2fe3-403d-ae51-d2b526f33fa3', 'Grunge'), 
('05db9745-2fe3-403d-ae51-d2b526f33fa3', 'Hip-Hop'), 
('6d550d25-8dd8-40f9-91fc-5c6aee25d6cd', 'Hard Rock'), 
('6d550d25-8dd8-40f9-91fc-5c6aee25d6cd', 'Hip-Hop'), 
('6d550d25-8dd8-40f9-91fc-5c6aee25d6cd', 'Grunge'), 
('2b50e80d-f93e-468d-9c31-14bf9ed8dad0', 'Electronic'), 
('2b50e80d-f93e-468d-9c31-14bf9ed8dad0', 'Hard Rock'), 
('2b50e80d-f93e-468d-9c31-14bf9ed8dad0', 'Hard Rock'), 
('b6c95c19-3b8e-4c2c-b787-0d40df366aa2', 'Hard Rock'), 
('b6c95c19-3b8e-4c2c-b787-0d40df366aa2', 'Hard Rock'), 
('b6c95c19-3b8e-4c2c-b787-0d40df366aa2', 'Grunge'), 
('eadc9173-134f-412c-b452-092ce0afcb27', 'Grunge'), 
('0be3fd3a-313f-4745-8cdc-cab1e3fc71a4', 'Grunge'), 
('0be3fd3a-313f-4745-8cdc-cab1e3fc71a4', 'Hard Rock'), 
('e6e64697-8301-4986-b6d4-4c5f0b49c3f0', 'Electronic'), 
('e6e64697-8301-4986-b6d4-4c5f0b49c3f0', 'Hard Rock'), 
('c39b3f8e-323f-4723-9927-6c2aac24d486', 'Pop'), 
('c39b3f8e-323f-4723-9927-6c2aac24d486', 'Metal'), 
('c39b3f8e-323f-4723-9927-6c2aac24d486', 'Grunge'), 
('8ad49757-f10a-49be-9a82-c475d8850896', 'Pop'), 
('2a9b414b-7bbc-4084-971f-e5045e75e625', 'Metal'), 
('2a9b414b-7bbc-4084-971f-e5045e75e625', 'Pop'), 
('eb0dc7d5-3d7e-4bf8-8af0-5a63344f0d3b', 'Rock'), 
('eb0dc7d5-3d7e-4bf8-8af0-5a63344f0d3b', 'Pop'), 
('6ea43328-2001-4640-bcfc-86565ff00406', 'Pop'), 
('6ea43328-2001-4640-bcfc-86565ff00406', 'Grunge'), 
('03db2244-5e78-4810-8190-309799ffcabd', 'Metal'), 
('03db2244-5e78-4810-8190-309799ffcabd', 'Hip-Hop'), 
('be7ed3ba-b3c1-4eb6-adc2-99168fd3bede', 'Hard Rock'), 
('be7ed3ba-b3c1-4eb6-adc2-99168fd3bede', 'Metal'), 
('cd1e7003-94db-4493-9898-82862dba2ab1', 'Rock'), 
('cd1e7003-94db-4493-9898-82862dba2ab1', 'Electronic'), 
('6b5d0225-d127-428c-a20f-6b2ada62cc48', 'Electronic'), 
('6b5d0225-d127-428c-a20f-6b2ada62cc48', 'Grunge'), 
('070bd834-6092-48e4-bcf1-d814865db399', 'Hard Rock'), 
('070bd834-6092-48e4-bcf1-d814865db399', 'Grunge'), 
('ed230131-5815-48d9-9d52-7789232bec46', 'Metal'), 
('ed230131-5815-48d9-9d52-7789232bec46', 'Grunge'), 
('4d7097ec-8424-4025-b636-6d961051a391', 'Metal'), 
('3a64f5ce-1d76-4f6b-a80d-11c56946bdd6', 'Rock'), 
('2508d74c-d0d9-48ab-9bc0-1a3bbfd43679', 'Grunge'), 
('2508d74c-d0d9-48ab-9bc0-1a3bbfd43679', 'Rock'), 
('ade52ecb-6b46-4821-a2ec-9a47f1a6682d', 'Pop'), 
('d80dc812-e66b-43d8-8c5b-a90d8852fee5', 'Electronic'), 
('37c2b648-0fce-47ba-9e76-f06af3f0ee2a', 'Hard Rock'), 
('37c2b648-0fce-47ba-9e76-f06af3f0ee2a', 'Rock'), 
('37c2b648-0fce-47ba-9e76-f06af3f0ee2a', 'Hip-Hop'), 
('f44e9804-ad99-405d-af04-3baa2350393c', 'Grunge'), 
('f44e9804-ad99-405d-af04-3baa2350393c', 'Rock'), 
('0a92aefc-aa92-440e-adf6-43fc1aa7beca', 'Electronic'), 
('0a92aefc-aa92-440e-adf6-43fc1aa7beca', 'Electronic'), 
('502a5123-0a14-4f80-ba8f-2d78cae5dd5a', 'Hard Rock'), 
('502a5123-0a14-4f80-ba8f-2d78cae5dd5a', 'Pop'), 
('c87c7d5a-23a9-4203-a398-5ba25d77274b', 'Hip-Hop'), 
('c87c7d5a-23a9-4203-a398-5ba25d77274b', 'Hip-Hop'), 
('c87c7d5a-23a9-4203-a398-5ba25d77274b', 'Pop'), 
('b099065d-6f05-45e5-adf6-cf184ad76d88', 'Rock'), 
('b099065d-6f05-45e5-adf6-cf184ad76d88', 'Hip-Hop'), 
('b099065d-6f05-45e5-adf6-cf184ad76d88', 'Pop'), 
('0f5e1c4a-84d2-46ab-b505-b24af825bd68', 'Grunge'), 
('def7b95f-c0c2-48e4-bf9b-1e1494772987', 'Electronic'), 
('68bf3d78-bc2e-4c90-8ca1-6197d7873d7b', 'Rock'), 
('68bf3d78-bc2e-4c90-8ca1-6197d7873d7b', 'Metal'), 
('68bf3d78-bc2e-4c90-8ca1-6197d7873d7b', 'Hard Rock'), 
('03f961df-fe08-4b99-b250-effd5460be35', 'Hip-Hop'), 
('03f961df-fe08-4b99-b250-effd5460be35', 'Electronic'), 
('fc536cfc-3537-4d3f-be1e-8fcaa0ce424e', 'Rock'), 
('fc536cfc-3537-4d3f-be1e-8fcaa0ce424e', 'Metal'), 
('fc536cfc-3537-4d3f-be1e-8fcaa0ce424e', 'Grunge'), 
('c2daa879-c2ad-4ae2-9c4e-1dff38af56ba', 'Rock'), 
('c2daa879-c2ad-4ae2-9c4e-1dff38af56ba', 'Metal'), 
('c2daa879-c2ad-4ae2-9c4e-1dff38af56ba', 'Electronic'), 
('a00b42e5-5169-4e52-a079-4d41a3c9feb8', 'Metal'), 
('a00b42e5-5169-4e52-a079-4d41a3c9feb8', 'Electronic'), 
('d1e7c17c-ea64-4d97-8e63-dfe5ec80cbff', 'Hard Rock'), 
('d1e7c17c-ea64-4d97-8e63-dfe5ec80cbff', 'Grunge'), 
('d1e7c17c-ea64-4d97-8e63-dfe5ec80cbff', 'Rock'), 
('afefaf39-9ea0-41d7-ba36-556299eccbf8', 'Rock'), 
('afefaf39-9ea0-41d7-ba36-556299eccbf8', 'Electronic'), 
('4c0dae8d-8c0f-4941-9ad4-3fbe17058240', 'Hard Rock'), 
('4c0dae8d-8c0f-4941-9ad4-3fbe17058240', 'Hip-Hop'), 
('55d7a6b5-1417-4ef3-b565-f67ab819f04d', 'Metal'), 
('55d7a6b5-1417-4ef3-b565-f67ab819f04d', 'Pop'), 
('138116f0-c2c9-4455-92c8-3fa9fc23e610', 'Hip-Hop'), 
('7d451928-2ffe-41f0-876c-62343a6383b4', 'Rock'), 
('cf9b7aee-7cde-4604-8d49-996687170ce9', 'Metal'), 
('cf9b7aee-7cde-4604-8d49-996687170ce9', 'Electronic'), 
('b18d6a9f-eb39-4678-8c33-388962136f93', 'Grunge'), 
('bd2cfe01-5304-4ce9-9cf7-2ef117bc69c2', 'Hard Rock'), 
('bd2cfe01-5304-4ce9-9cf7-2ef117bc69c2', 'Grunge'), 
('bd2cfe01-5304-4ce9-9cf7-2ef117bc69c2', 'Metal'), 
('c293157c-e70c-4641-9a5c-1ef514b49a5b', 'Grunge'), 
('c293157c-e70c-4641-9a5c-1ef514b49a5b', 'Rock'), 
('8c0475ba-b1af-4d21-8f65-10614a222a00', 'Pop'), 
('8c0475ba-b1af-4d21-8f65-10614a222a00', 'Rock'), 
('8c0475ba-b1af-4d21-8f65-10614a222a00', 'Metal'), 
('da361520-2c05-4adb-a277-80561159f1b5', 'Grunge'), 
('da361520-2c05-4adb-a277-80561159f1b5', 'Rock'), 
('da361520-2c05-4adb-a277-80561159f1b5', 'Pop'), 
('b732e546-8acb-464e-82f0-c20d6edbf5b8', 'Electronic'), 
('b732e546-8acb-464e-82f0-c20d6edbf5b8', 'Hard Rock'), 
('b732e546-8acb-464e-82f0-c20d6edbf5b8', 'Hard Rock'), 
('5f53155f-4731-47ca-b7ed-8926ab7ea53f', 'Grunge'), 
('5f53155f-4731-47ca-b7ed-8926ab7ea53f', 'Hip-Hop'), 
('5f53155f-4731-47ca-b7ed-8926ab7ea53f', 'Hard Rock'), 
('bcfe7042-4866-4434-ac46-40c2a806e4c7', 'Grunge'), 
('bcfe7042-4866-4434-ac46-40c2a806e4c7', 'Pop'), 
('bcfe7042-4866-4434-ac46-40c2a806e4c7', 'Grunge'), 
('c2b8a80f-2d77-4eaa-ac0c-888bf004c0f2', 'Grunge'), 
('c2b8a80f-2d77-4eaa-ac0c-888bf004c0f2', 'Hip-Hop'), 
('c2b8a80f-2d77-4eaa-ac0c-888bf004c0f2', 'Rock'), 
('bfb23afc-273b-4bb6-be3b-6be978b1e4a7', 'Hip-Hop'), 
('74fbd118-332e-485f-a23f-112d51f5290d', 'Metal'), 
('74fbd118-332e-485f-a23f-112d51f5290d', 'Grunge'), 
('74fbd118-332e-485f-a23f-112d51f5290d', 'Metal'), 
('afb6f4ea-f6d5-467b-bdc1-9e3e37dad64e', 'Rock'), 
('1d081e71-268d-4455-8005-90007c8d97e6', 'Electronic'), 
('1d081e71-268d-4455-8005-90007c8d97e6', 'Rock'), 
('1d081e71-268d-4455-8005-90007c8d97e6', 'Electronic'), 
('909e8273-a58d-4d8d-bc74-a61f28750fe7', 'Rock'), 
('909e8273-a58d-4d8d-bc74-a61f28750fe7', 'Pop'), 
('909e8273-a58d-4d8d-bc74-a61f28750fe7', 'Metal'), 
('787fc1d5-55a9-4c89-9c56-ad493362c3f6', 'Hard Rock'), 
('3932c7ec-8a7f-4f98-99d1-a367d7641f05', 'Grunge'), 
('3932c7ec-8a7f-4f98-99d1-a367d7641f05', 'Hard Rock'), 
('3932c7ec-8a7f-4f98-99d1-a367d7641f05', 'Hard Rock'), 
('194d86f8-b6ae-453c-bc81-ebcd9f5203d8', 'Hip-Hop'), 
('194d86f8-b6ae-453c-bc81-ebcd9f5203d8', 'Hip-Hop'), 
('6378d8e1-88de-4886-901c-ec82e0d9bee5', 'Hard Rock'), 
('6378d8e1-88de-4886-901c-ec82e0d9bee5', 'Pop'), 
('6378d8e1-88de-4886-901c-ec82e0d9bee5', 'Hip-Hop'), 
('f855194a-d3da-44eb-8f64-23331fcf71e9', 'Grunge'), 
('f855194a-d3da-44eb-8f64-23331fcf71e9', 'Electronic'), 
('f855194a-d3da-44eb-8f64-23331fcf71e9', 'Hip-Hop'), 
('f988c9ef-6bc2-4daa-8a98-ba6a37ec731f', 'Pop'), 
('f988c9ef-6bc2-4daa-8a98-ba6a37ec731f', 'Hard Rock'), 
('fd9162ee-50de-448b-bcfe-e438c81cd294', 'Hard Rock'), 
('fd9162ee-50de-448b-bcfe-e438c81cd294', 'Metal'), 
('fd9162ee-50de-448b-bcfe-e438c81cd294', 'Metal'), 
('56cac70e-f0f0-4788-94a1-3265cdca564f', 'Grunge'), 
('23d25dd2-12e1-4c18-9c1f-f67fa6504c32', 'Rock'), 
('23d25dd2-12e1-4c18-9c1f-f67fa6504c32', 'Grunge'), 
('e7e7a50a-8d81-4669-a689-73b4faf439eb', 'Grunge'), 
('e7e7a50a-8d81-4669-a689-73b4faf439eb', 'Electronic'), 
('e7e7a50a-8d81-4669-a689-73b4faf439eb', 'Rock'), 
('a34aafa7-9eb1-44d3-be47-987f1ecddc65', 'Metal'), 
('a34aafa7-9eb1-44d3-be47-987f1ecddc65', 'Metal'), 
('71faf0da-f18b-47d7-8fa6-304e8bd7d622', 'Electronic'), 
('71faf0da-f18b-47d7-8fa6-304e8bd7d622', 'Rock'), 
('71faf0da-f18b-47d7-8fa6-304e8bd7d622', 'Electronic'), 
('6863f595-aeb1-4ce4-84ed-1dbd3d8e0411', 'Hard Rock'), 
('788236f2-e64a-499e-a6e4-6a67020b5e3f', 'Metal'), 
('788236f2-e64a-499e-a6e4-6a67020b5e3f', 'Pop'), 
('788236f2-e64a-499e-a6e4-6a67020b5e3f', 'Metal'), 
('d524f58f-f1df-4fab-82f7-95edda26c473', 'Hard Rock'), 
('4649ec95-6a23-452c-ad96-7e2497ea91e8', 'Hip-Hop'), 
('a869cf9b-c14e-464e-9177-51ec3efa029b', 'Electronic'), 
('a869cf9b-c14e-464e-9177-51ec3efa029b', 'Rock'), 
('d63f4679-c216-4109-97d6-fb907e69c547', 'Metal'), 
('d63f4679-c216-4109-97d6-fb907e69c547', 'Metal'), 
('09f963f4-5dd8-4919-bd55-d085753e2df6', 'Hip-Hop'), 
('09f963f4-5dd8-4919-bd55-d085753e2df6', 'Hip-Hop'), 
('322bd0c2-3f81-41de-88c0-a3bc9e28fd23', 'Metal'), 
('322bd0c2-3f81-41de-88c0-a3bc9e28fd23', 'Hip-Hop'), 
('72ea3062-2c0a-4970-bdfd-487ed81411f3', 'Hip-Hop'), 
('72ea3062-2c0a-4970-bdfd-487ed81411f3', 'Grunge'), 
('72ea3062-2c0a-4970-bdfd-487ed81411f3', 'Rock'), 
('1b217ffb-1479-4605-83df-acd6b0a385b9', 'Hip-Hop'), 
('4af1f3f5-afed-46c2-8ae0-5b876693b7e8', 'Hard Rock'), 
('4af1f3f5-afed-46c2-8ae0-5b876693b7e8', 'Rock'), 
('4af1f3f5-afed-46c2-8ae0-5b876693b7e8', 'Pop'), 
('be2d9227-f988-4848-b29d-670615d2993f', 'Pop'), 
('be2d9227-f988-4848-b29d-670615d2993f', 'Pop'), 
('360f6427-1006-43ee-8cab-c8850c3947b9', 'Hard Rock'), 
('360f6427-1006-43ee-8cab-c8850c3947b9', 'Grunge'), 
('360f6427-1006-43ee-8cab-c8850c3947b9', 'Rock'), 
('de4acfbe-b2e4-4264-86ee-497c0b8d2a56', 'Hip-Hop'), 
('de4acfbe-b2e4-4264-86ee-497c0b8d2a56', 'Pop'), 
('de4acfbe-b2e4-4264-86ee-497c0b8d2a56', 'Hard Rock'), 
('3e8d44a0-5bec-420a-b9d8-eaad0c3a2f94', 'Rock'), 
('3e8d44a0-5bec-420a-b9d8-eaad0c3a2f94', 'Pop'), 
('5f963ff5-62e6-4221-914c-807bdf7369b3', 'Pop'), 
('5f963ff5-62e6-4221-914c-807bdf7369b3', 'Rock'), 
('5f963ff5-62e6-4221-914c-807bdf7369b3', 'Hip-Hop'), 
('668e473f-fb25-43ad-a776-8d67ca0d2d7f', 'Rock'), 
('23e1511d-1d21-4a82-9025-47d9d8fe8bcb', 'Rock'), 
('23e1511d-1d21-4a82-9025-47d9d8fe8bcb', 'Rock'), 
('23e1511d-1d21-4a82-9025-47d9d8fe8bcb', 'Pop'), 
('5339cf28-29c2-4a08-9553-b8c4c84eef82', 'Pop'), 
('5339cf28-29c2-4a08-9553-b8c4c84eef82', 'Grunge'), 
('5339cf28-29c2-4a08-9553-b8c4c84eef82', 'Grunge'), 
('8154720a-f51e-40f3-b360-10bb46a6c851', 'Grunge'), 
('c3a1dae4-f1c1-4744-b944-d63421ba1eb3', 'Rock'), 
('8b11ae62-2aa8-4b14-9e8a-92ce04d5aa54', 'Hard Rock'), 
('4411c12c-c44c-422a-90fd-7dcf90d8621a', 'Hard Rock'), 
('2b7131a2-015b-4b69-8de8-3626e1f1a6b7', 'Rock'), 
('2b7131a2-015b-4b69-8de8-3626e1f1a6b7', 'Rock'), 
('2b7131a2-015b-4b69-8de8-3626e1f1a6b7', 'Hip-Hop'), 
('e867612f-267a-4c82-bff9-d41f0cd2217c', 'Metal'), 
('e867612f-267a-4c82-bff9-d41f0cd2217c', 'Hip-Hop'), 
('1f1852e8-a815-483d-9fbc-f6f402884e79', 'Hip-Hop'), 
('1f1852e8-a815-483d-9fbc-f6f402884e79', 'Electronic'), 
('f14db885-ab09-4019-a670-b7a02900bd45', 'Metal'), 
('f14db885-ab09-4019-a670-b7a02900bd45', 'Hard Rock'), 
('0586b0bc-a140-4ec7-954d-b48ff2d1f514', 'Metal'), 
('a69f2516-e189-4a20-9f71-440f6e4b2508', 'Hard Rock'), 
('a69f2516-e189-4a20-9f71-440f6e4b2508', 'Hard Rock'), 
('a69f2516-e189-4a20-9f71-440f6e4b2508', 'Pop'), 
('7c15c75e-929d-45e7-a6bf-6e4b883887d2', 'Hard Rock'), 
('d08c2b7c-9ff0-48ca-bf4c-3916e5d8765d', 'Grunge'), 
('3c6900f5-00e8-4b1c-a232-9372958aef0e', 'Hard Rock'), 
('3c6900f5-00e8-4b1c-a232-9372958aef0e', 'Hard Rock'), 
('3c6900f5-00e8-4b1c-a232-9372958aef0e', 'Pop'), 
('6c387275-3928-4bac-806f-d4b4372507fc', 'Electronic'), 
('18514394-de1f-49df-bf5f-a9fc6f68f7a6', 'Hip-Hop'), 
('25a36c10-76f8-444d-9ad3-f52a7e36aa03', 'Electronic'), 
('25a36c10-76f8-444d-9ad3-f52a7e36aa03', 'Rock'), 
('7b3baacc-ab83-44de-8f76-c82959f91d08', 'Pop'), 
('183d8532-47a7-4092-a47a-7634a91def4e', 'Hip-Hop'), 
('183d8532-47a7-4092-a47a-7634a91def4e', 'Electronic'), 
('c38f1933-aeb7-4257-b33e-9a6009d254a4', 'Electronic'), 
('c38f1933-aeb7-4257-b33e-9a6009d254a4', 'Rock'), 
('6c2a7de1-0754-444d-8580-63ba6dcfa55c', 'Pop'), 
('6c2a7de1-0754-444d-8580-63ba6dcfa55c', 'Electronic'), 
('4fb325e6-2a32-4c8c-90a8-fcc227b48d41', 'Pop'), 
('b5834ada-8a92-4e79-9135-70c2691553be', 'Electronic'), 
('b5834ada-8a92-4e79-9135-70c2691553be', 'Rock'), 
('09b0b0ed-c7bb-43ac-98e2-98e0cfa5e314', 'Hip-Hop'), 
('09b0b0ed-c7bb-43ac-98e2-98e0cfa5e314', 'Pop'), 
('09b0b0ed-c7bb-43ac-98e2-98e0cfa5e314', 'Grunge'), 
('99297120-b2bc-4ad6-9399-1044c5b40a1c', 'Rock'), 
('99297120-b2bc-4ad6-9399-1044c5b40a1c', 'Grunge'), 
('99297120-b2bc-4ad6-9399-1044c5b40a1c', 'Pop'), 
('c444d9da-6dec-43fa-b6ea-2137efe2e1f4', 'Pop'), 
('c444d9da-6dec-43fa-b6ea-2137efe2e1f4', 'Hard Rock'), 
('c444d9da-6dec-43fa-b6ea-2137efe2e1f4', 'Pop'), 
('954e1e08-dc7f-4d1f-8053-ca3c919de6c0', 'Metal'), 
('954e1e08-dc7f-4d1f-8053-ca3c919de6c0', 'Hip-Hop'), 
('954e1e08-dc7f-4d1f-8053-ca3c919de6c0', 'Pop'), 
('3ecdb674-5bf7-417e-9c9d-a78e254256d7', 'Hard Rock'), 
('3ecdb674-5bf7-417e-9c9d-a78e254256d7', 'Grunge'), 
('3ecdb674-5bf7-417e-9c9d-a78e254256d7', 'Metal'), 
('b687f4ee-dc99-4efc-a1b1-39520cae466c', 'Electronic'), 
('b931e56a-0870-4ed0-a779-d14bdb81ee59', 'Grunge'), 
('b931e56a-0870-4ed0-a779-d14bdb81ee59', 'Electronic'), 
('b931e56a-0870-4ed0-a779-d14bdb81ee59', 'Electronic'), 
('b734a7d8-4e35-4298-828e-30d9f2f4d86e', 'Electronic'), 
('b734a7d8-4e35-4298-828e-30d9f2f4d86e', 'Hard Rock'), 
('d5bab114-1d34-45fc-8227-e78f2f8042d1', 'Metal'), 
('d5bab114-1d34-45fc-8227-e78f2f8042d1', 'Hard Rock'), 
('d5bab114-1d34-45fc-8227-e78f2f8042d1', 'Pop'), 
('2dcace40-c6be-43f5-8ea3-aacae9bec76e', 'Pop'), 
('2dcace40-c6be-43f5-8ea3-aacae9bec76e', 'Metal'), 
('bd741d3a-46f4-4086-abff-45febf00bae4', 'Hard Rock'), 
('bd741d3a-46f4-4086-abff-45febf00bae4', 'Hip-Hop'), 
('92da4e68-b101-4081-aa0d-277d5f670839', 'Rock'), 
('92da4e68-b101-4081-aa0d-277d5f670839', 'Metal'), 
('92da4e68-b101-4081-aa0d-277d5f670839', 'Grunge'), 
('f2be6ce8-e25a-47ff-939a-7299adc4905c', 'Pop'), 
('f2be6ce8-e25a-47ff-939a-7299adc4905c', 'Pop'), 
('f2be6ce8-e25a-47ff-939a-7299adc4905c', 'Hard Rock'), 
('8d9fd7a4-31ca-45c5-a1cb-078e2758ad81', 'Pop'), 
('8d9fd7a4-31ca-45c5-a1cb-078e2758ad81', 'Hip-Hop'), 
('41c73325-06db-4bbe-97a3-be9757f8fdcf', 'Metal'), 
('41c73325-06db-4bbe-97a3-be9757f8fdcf', 'Pop'), 
('41c73325-06db-4bbe-97a3-be9757f8fdcf', 'Electronic'), 
('5e5de132-8fcc-47ed-a3ad-b33dbcfbba62', 'Hip-Hop'), 
('670a7912-2dc5-4a25-b687-b65bdbd4e683', 'Metal'), 
('670a7912-2dc5-4a25-b687-b65bdbd4e683', 'Hard Rock'), 
('7c75218e-a7e5-4438-98cd-638d3dfd8d7d', 'Metal'), 
('ac501f2c-67d3-4867-b8b7-7e2683e039d2', 'Rock'), 
('ac501f2c-67d3-4867-b8b7-7e2683e039d2', 'Electronic'), 
('ac501f2c-67d3-4867-b8b7-7e2683e039d2', 'Grunge'), 
('28c37823-fb98-44f6-9d30-54ce07276aa3', 'Hip-Hop'), 
('28c37823-fb98-44f6-9d30-54ce07276aa3', 'Electronic'), 
('28c37823-fb98-44f6-9d30-54ce07276aa3', 'Grunge'), 
('6a264bda-2606-4f14-83ba-729ab14c5be7', 'Rock'), 
('6a264bda-2606-4f14-83ba-729ab14c5be7', 'Hard Rock'), 
('6a264bda-2606-4f14-83ba-729ab14c5be7', 'Electronic'), 
('899ba088-7618-4f6b-b945-69cfa30df2da', 'Hip-Hop'), 
('899ba088-7618-4f6b-b945-69cfa30df2da', 'Hip-Hop'), 
('96de6ab4-2c65-4978-b822-b7c9d78cf2f9', 'Metal'), 
('42f548e0-a36a-4f58-8c5a-3f86693d26f5', 'Electronic'), 
('b4b42d2e-1691-4a32-b3f8-515624d12baf', 'Metal'), 
('b4b42d2e-1691-4a32-b3f8-515624d12baf', 'Grunge'), 
('b4b42d2e-1691-4a32-b3f8-515624d12baf', 'Rock'), 
('150bd13b-c4cd-4375-8502-c84e57fdbe17', 'Metal'), 
('9094534b-3d0a-4216-b087-74d2a135351d', 'Rock'), 
('9094534b-3d0a-4216-b087-74d2a135351d', 'Pop'), 
('42b3b659-0b8e-4567-879b-96c3d935ae5d', 'Metal'), 
('42b3b659-0b8e-4567-879b-96c3d935ae5d', 'Hip-Hop'), 
('92c7b9fc-c47a-410f-9c2b-2f5c5588300a', 'Rock'), 
('7493d295-dd9a-47b5-8ad9-4a6728855784', 'Hard Rock'), 
('7493d295-dd9a-47b5-8ad9-4a6728855784', 'Pop'), 
('7493d295-dd9a-47b5-8ad9-4a6728855784', 'Rock'), 
('ef293a9f-93bd-4efb-88da-893b3bf1d3ba', 'Pop'), 
('ef293a9f-93bd-4efb-88da-893b3bf1d3ba', 'Grunge'), 
('eb806e6d-5240-4452-9fc9-42a914b8b154', 'Electronic'), 
('0dc9c818-8bd0-4edd-98ac-4620dda0dc22', 'Rock'), 
('0dc9c818-8bd0-4edd-98ac-4620dda0dc22', 'Hard Rock'), 
('8530b5c1-342d-4f72-bb18-c1cbc930c1a3', 'Grunge'), 
('8530b5c1-342d-4f72-bb18-c1cbc930c1a3', 'Hard Rock'), 
('8530b5c1-342d-4f72-bb18-c1cbc930c1a3', 'Hip-Hop'), 
('0407136e-3cb1-4c4c-b6f2-77bc973d5783', 'Hard Rock'), 
('67d2175a-1f45-44e7-9fd1-60ec611daaa4', 'Grunge'), 
('67d2175a-1f45-44e7-9fd1-60ec611daaa4', 'Rock'), 
('67d2175a-1f45-44e7-9fd1-60ec611daaa4', 'Hard Rock'), 
('27c0e973-9328-45df-bf25-d26451a5ffc0', 'Pop'), 
('27c0e973-9328-45df-bf25-d26451a5ffc0', 'Rock'), 
('65781566-0538-4f48-a016-d3973d366b97', 'Metal'), 
('65781566-0538-4f48-a016-d3973d366b97', 'Hip-Hop'), 
('1251ee48-cf98-4253-9faf-dab129fca827', 'Electronic'), 
('1251ee48-cf98-4253-9faf-dab129fca827', 'Rock'), 
('1251ee48-cf98-4253-9faf-dab129fca827', 'Hip-Hop'), 
('02a0b0ff-172d-46c9-a9d0-f13e4130c1c7', 'Rock'), 
('02a0b0ff-172d-46c9-a9d0-f13e4130c1c7', 'Hip-Hop'), 
('356fc5ae-2b39-4b3f-b848-05b3ab3b41c7', 'Pop'), 
('356fc5ae-2b39-4b3f-b848-05b3ab3b41c7', 'Electronic'), 
('356fc5ae-2b39-4b3f-b848-05b3ab3b41c7', 'Hip-Hop'), 
('cf35383e-a22b-47a6-a4fe-61c04b093edd', 'Electronic'), 
('cf35383e-a22b-47a6-a4fe-61c04b093edd', 'Grunge'), 
('2e2e5c82-c2ee-47ef-b7f0-1df02e178975', 'Hard Rock'), 
('2e2e5c82-c2ee-47ef-b7f0-1df02e178975', 'Hard Rock'), 
('2e2e5c82-c2ee-47ef-b7f0-1df02e178975', 'Rock'), 
('0b013b50-ffd8-42ae-be88-4c10697c730b', 'Hip-Hop'), 
('0b013b50-ffd8-42ae-be88-4c10697c730b', 'Electronic'), 
('a0eb9087-ff81-4d6d-8b6b-94f8ac5fde78', 'Pop'), 
('a0eb9087-ff81-4d6d-8b6b-94f8ac5fde78', 'Metal'), 
('a0eb9087-ff81-4d6d-8b6b-94f8ac5fde78', 'Rock'), 
('0ccf3cdd-50db-48d8-bf54-e74171a8588e', 'Electronic'), 
('0ccf3cdd-50db-48d8-bf54-e74171a8588e', 'Rock');

insert into product_songs (product_productid, duration, title) values 
('7999daee-9454-4906-b159-4393c73a5d26', '3:30', 'Just The Way You Are'), 
('7999daee-9454-4906-b159-4393c73a5d26', '2:30', 'Zeit'), 
('7999daee-9454-4906-b159-4393c73a5d26', '3:00', 'Fils De Joie'), 
('7999daee-9454-4906-b159-4393c73a5d26', '3:40', 'Tie Your Mother Down'), 
('7999daee-9454-4906-b159-4393c73a5d26', '4:20', 'Thats What I Like'), 
('7999daee-9454-4906-b159-4393c73a5d26', '4:30', 'Deutschland'), 
('7999daee-9454-4906-b159-4393c73a5d26', '2:40', 'Somebody To Love'), 
('7999daee-9454-4906-b159-4393c73a5d26', '3:30', 'Hot And Cold'), 
('7999daee-9454-4906-b159-4393c73a5d26', '2:50', 'Shoot For Your Heaert'), 
('c95744c0-8078-4c71-90be-c6bfcb60d114', '2:20', 'Everybody has A Dream'), 
('c95744c0-8078-4c71-90be-c6bfcb60d114', '2:40', 'Killer Queen'), 
('c95744c0-8078-4c71-90be-c6bfcb60d114', '3:10', 'Call Of The Wild'), 
('c95744c0-8078-4c71-90be-c6bfcb60d114', '4:40', 'Pas Vraiment'), 
('c95744c0-8078-4c71-90be-c6bfcb60d114', '3:50', 'The Great Gig In The Sky'), 
('c95744c0-8078-4c71-90be-c6bfcb60d114', '3:00', 'Mon Amour'), 
('c95744c0-8078-4c71-90be-c6bfcb60d114', '2:10', 'Shoot For Your Heaert'), 
('c95744c0-8078-4c71-90be-c6bfcb60d114', '3:40', 'Pas Vraiment'), 
('e1ee4750-e56b-4e74-8e9f-a33d9005f2ab', '4:50', 'Call Of The Wild'), 
('e1ee4750-e56b-4e74-8e9f-a33d9005f2ab', '2:50', 'Somebody To Love'), 
('e1ee4750-e56b-4e74-8e9f-a33d9005f2ab', '3:40', 'Deutschland'), 
('e1ee4750-e56b-4e74-8e9f-a33d9005f2ab', '2:40', 'Call Of The Wild'), 
('e1ee4750-e56b-4e74-8e9f-a33d9005f2ab', '2:00', 'Everybody has A Dream'), 
('e1ee4750-e56b-4e74-8e9f-a33d9005f2ab', '3:30', 'Deutschland'), 
('e1ee4750-e56b-4e74-8e9f-a33d9005f2ab', '2:20', 'Get It Right The First Time'), 
('ef5752ac-07b7-4b0e-a74f-73870f373b5d', '2:10', 'Tie Your Mother Down'), 
('ef5752ac-07b7-4b0e-a74f-73870f373b5d', '2:50', 'Mon Amour'), 
('ef5752ac-07b7-4b0e-a74f-73870f373b5d', '2:20', 'Fils De Joie'), 
('ef5752ac-07b7-4b0e-a74f-73870f373b5d', '3:40', 'Hot And Cold'), 
('ef5752ac-07b7-4b0e-a74f-73870f373b5d', '4:10', 'Just The Way You Are'), 
('ef5752ac-07b7-4b0e-a74f-73870f373b5d', '4:10', 'Seventh Sun'), 
('94018f86-57a7-4322-a567-1d2966ef601c', '4:30', 'Rosenrot'), 
('94018f86-57a7-4322-a567-1d2966ef601c', '3:50', 'Killer Queen'), 
('94018f86-57a7-4322-a567-1d2966ef601c', '3:20', 'Get It Right The First Time'), 
('94018f86-57a7-4322-a567-1d2966ef601c', '4:00', 'Seventh Sun'), 
('94018f86-57a7-4322-a567-1d2966ef601c', '3:00', 'Somebody To Love'), 
('94018f86-57a7-4322-a567-1d2966ef601c', '4:10', 'Bonne Journée'), 
('94018f86-57a7-4322-a567-1d2966ef601c', '3:10', 'Gimme The Loot'), 
('94018f86-57a7-4322-a567-1d2966ef601c', '2:20', 'Deutschland'), 
('94018f86-57a7-4322-a567-1d2966ef601c', '2:40', 'Get It Right The First Time'), 
('cb74dbf3-bf4f-42d3-8cb0-986a4cb207d4', '2:40', 'Gimme The Loot'), 
('cb74dbf3-bf4f-42d3-8cb0-986a4cb207d4', '2:40', 'Machine Gun Funk'), 
('cb74dbf3-bf4f-42d3-8cb0-986a4cb207d4', '4:30', 'Pas Vraiment'), 
('cb74dbf3-bf4f-42d3-8cb0-986a4cb207d4', '2:10', 'The Great Gig In The Sky'), 
('cb74dbf3-bf4f-42d3-8cb0-986a4cb207d4', '2:10', 'Fils De Joie'), 
('cb74dbf3-bf4f-42d3-8cb0-986a4cb207d4', '2:10', 'Somebody To Love'), 
('cb74dbf3-bf4f-42d3-8cb0-986a4cb207d4', '2:40', 'Mon Amour'), 
('cb74dbf3-bf4f-42d3-8cb0-986a4cb207d4', '4:00', 'Deutschland'), 
('cb74dbf3-bf4f-42d3-8cb0-986a4cb207d4', '4:50', 'Thats What I Like'), 
('601d5ad5-27e8-4af4-b7bf-39133fe44e57', '4:40', 'Fils De Joie'), 
('601d5ad5-27e8-4af4-b7bf-39133fe44e57', '4:40', 'Bonne Journée'), 
('601d5ad5-27e8-4af4-b7bf-39133fe44e57', '2:30', 'Rosenrot'), 
('601d5ad5-27e8-4af4-b7bf-39133fe44e57', '3:00', 'Shoot For Your Heaert'), 
('601d5ad5-27e8-4af4-b7bf-39133fe44e57', '2:10', 'Bonne Journée'), 
('2d5e966f-6138-48ed-b786-a48094003eab', '2:10', 'The Great Gig In The Sky'), 
('2d5e966f-6138-48ed-b786-a48094003eab', '4:20', 'Tie Your Mother Down'), 
('2d5e966f-6138-48ed-b786-a48094003eab', '3:50', 'Zeit'), 
('2d5e966f-6138-48ed-b786-a48094003eab', '4:40', 'Fils De Joie'), 
('2d5e966f-6138-48ed-b786-a48094003eab', '2:00', 'Just The Way You Are'), 
('2d5e966f-6138-48ed-b786-a48094003eab', '2:20', 'The Great Gig In The Sky'), 
('2d5e966f-6138-48ed-b786-a48094003eab', '2:00', 'Tie Your Mother Down'), 
('2d5e966f-6138-48ed-b786-a48094003eab', '3:30', 'Killer Queen'), 
('0b08246d-b879-47de-b84b-3531f37c712a', '4:20', 'Get It Right The First Time'), 
('0b08246d-b879-47de-b84b-3531f37c712a', '3:30', 'Somebody To Love'), 
('0b08246d-b879-47de-b84b-3531f37c712a', '2:10', 'Everybody has A Dream'), 
('0b08246d-b879-47de-b84b-3531f37c712a', '3:30', 'Killer Queen'), 
('0b08246d-b879-47de-b84b-3531f37c712a', '2:10', 'Shoot For Your Heaert'), 
('0b08246d-b879-47de-b84b-3531f37c712a', '3:10', 'Hot And Cold'), 
('0b08246d-b879-47de-b84b-3531f37c712a', '4:50', 'Zeit'), 
('0b08246d-b879-47de-b84b-3531f37c712a', '3:00', 'Gimme The Loot'), 
('88d27818-43f4-4bbc-865a-482aa0a623ad', '3:20', 'Deutschland'), 
('88d27818-43f4-4bbc-865a-482aa0a623ad', '3:40', 'Machine Gun Funk'), 
('88d27818-43f4-4bbc-865a-482aa0a623ad', '3:00', 'Somebody To Love'), 
('88d27818-43f4-4bbc-865a-482aa0a623ad', '4:20', 'Santé'), 
('88d27818-43f4-4bbc-865a-482aa0a623ad', '2:30', 'Santé'), 
('b5940157-bc77-498c-80d1-97da55d4209c', '4:50', 'The Great Gig In The Sky'), 
('b5940157-bc77-498c-80d1-97da55d4209c', '4:40', 'Brigthon Rock'), 
('b5940157-bc77-498c-80d1-97da55d4209c', '4:20', 'Rosenrot'), 
('b5940157-bc77-498c-80d1-97da55d4209c', '2:40', 'Seventh Sun'), 
('b5940157-bc77-498c-80d1-97da55d4209c', '4:40', 'Pas Vraiment'), 
('6a9c5647-c433-46d6-9248-8d4f3e240921', '3:40', 'Call Of The Wild'), 
('6a9c5647-c433-46d6-9248-8d4f3e240921', '3:40', 'Santé'), 
('6a9c5647-c433-46d6-9248-8d4f3e240921', '3:10', 'Pas Vraiment'), 
('6a9c5647-c433-46d6-9248-8d4f3e240921', '3:20', 'The Great Gig In The Sky'), 
('6a9c5647-c433-46d6-9248-8d4f3e240921', '2:00', 'Brigthon Rock'), 
('6a9c5647-c433-46d6-9248-8d4f3e240921', '3:20', 'Call Of The Wild'), 
('6a9c5647-c433-46d6-9248-8d4f3e240921', '3:10', 'Machine Gun Funk'), 
('6a9c5647-c433-46d6-9248-8d4f3e240921', '4:40', 'Just The Way You Are'), 
('330c8f7e-1959-474e-9059-303ae043c8bb', '3:50', 'Somebody To Love'), 
('330c8f7e-1959-474e-9059-303ae043c8bb', '2:10', 'Call Of The Wild'), 
('330c8f7e-1959-474e-9059-303ae043c8bb', '2:40', 'Seventh Sun'), 
('330c8f7e-1959-474e-9059-303ae043c8bb', '2:40', 'Gimme The Loot'), 
('330c8f7e-1959-474e-9059-303ae043c8bb', '4:20', 'Pas Vraiment'), 
('330c8f7e-1959-474e-9059-303ae043c8bb', '3:50', 'Gimme The Loot'), 
('4449a836-be9c-4a83-a608-b95a5142483f', '3:00', 'Mon Amour'), 
('4449a836-be9c-4a83-a608-b95a5142483f', '4:30', 'Zeit'), 
('4449a836-be9c-4a83-a608-b95a5142483f', '4:40', 'The Great Gig In The Sky'), 
('4449a836-be9c-4a83-a608-b95a5142483f', '3:20', 'Gimme The Loot'), 
('4449a836-be9c-4a83-a608-b95a5142483f', '3:40', 'Fils De Joie'), 
('4449a836-be9c-4a83-a608-b95a5142483f', '2:00', 'Pas Vraiment'), 
('4449a836-be9c-4a83-a608-b95a5142483f', '2:40', 'Somebody To Love'), 
('4449a836-be9c-4a83-a608-b95a5142483f', '2:00', 'Shoot For Your Heaert'), 
('4449a836-be9c-4a83-a608-b95a5142483f', '4:30', 'Deutschland'), 
('9f7aef9d-7f68-41fd-aa3f-608d5763f694', '4:10', 'Shoot For Your Heaert'), 
('9f7aef9d-7f68-41fd-aa3f-608d5763f694', '4:30', 'Zeit'), 
('9f7aef9d-7f68-41fd-aa3f-608d5763f694', '2:30', 'Deutschland'), 
('9f7aef9d-7f68-41fd-aa3f-608d5763f694', '2:30', 'Call Of The Wild'), 
('9f7aef9d-7f68-41fd-aa3f-608d5763f694', '3:50', 'Seventh Sun'), 
('9f7aef9d-7f68-41fd-aa3f-608d5763f694', '4:30', 'Santé'), 
('9f7aef9d-7f68-41fd-aa3f-608d5763f694', '4:10', 'Thats What I Like'), 
('9f7aef9d-7f68-41fd-aa3f-608d5763f694', '2:00', 'Hot And Cold'), 
('9f7aef9d-7f68-41fd-aa3f-608d5763f694', '2:00', 'Zeit'), 
('2992facc-1e92-4cd1-9405-ba777a4460c1', '3:40', 'Brigthon Rock'), 
('2992facc-1e92-4cd1-9405-ba777a4460c1', '2:10', 'Machine Gun Funk'), 
('2992facc-1e92-4cd1-9405-ba777a4460c1', '2:20', 'Deutschland'), 
('2992facc-1e92-4cd1-9405-ba777a4460c1', '2:40', 'Get It Right The First Time'), 
('2992facc-1e92-4cd1-9405-ba777a4460c1', '3:40', 'Pas Vraiment'), 
('cf736862-aa20-422c-8baf-ff82f45781c5', '3:20', 'Shoot For Your Heaert'), 
('cf736862-aa20-422c-8baf-ff82f45781c5', '4:20', 'Get It Right The First Time'), 
('cf736862-aa20-422c-8baf-ff82f45781c5', '4:20', 'Machine Gun Funk'), 
('cf736862-aa20-422c-8baf-ff82f45781c5', '3:10', 'Mon Amour'), 
('cf736862-aa20-422c-8baf-ff82f45781c5', '2:20', 'Deutschland'), 
('cf736862-aa20-422c-8baf-ff82f45781c5', '3:20', 'The Great Gig In The Sky'), 
('cf736862-aa20-422c-8baf-ff82f45781c5', '3:50', 'Zeit'), 
('cf736862-aa20-422c-8baf-ff82f45781c5', '4:20', 'Zeit'), 
('cf736862-aa20-422c-8baf-ff82f45781c5', '3:50', 'Seventh Sun'), 
('84f59868-05c2-4988-b390-46fd5752ce1a', '3:10', 'Call Of The Wild'), 
('84f59868-05c2-4988-b390-46fd5752ce1a', '2:30', 'Tie Your Mother Down'), 
('84f59868-05c2-4988-b390-46fd5752ce1a', '3:50', 'Everybody has A Dream'), 
('84f59868-05c2-4988-b390-46fd5752ce1a', '2:50', 'Gimme The Loot'), 
('84f59868-05c2-4988-b390-46fd5752ce1a', '3:00', 'Just The Way You Are'), 
('84f59868-05c2-4988-b390-46fd5752ce1a', '4:20', 'Shoot For Your Heaert'), 
('84f59868-05c2-4988-b390-46fd5752ce1a', '4:20', 'Call Of The Wild'), 
('84f59868-05c2-4988-b390-46fd5752ce1a', '4:00', 'Zeit'), 
('dd58c780-ee1d-4c37-9e34-400a12bf567c', '3:30', 'The Great Gig In The Sky'), 
('dd58c780-ee1d-4c37-9e34-400a12bf567c', '4:30', 'The Great Gig In The Sky'), 
('dd58c780-ee1d-4c37-9e34-400a12bf567c', '4:20', 'Tie Your Mother Down'), 
('dd58c780-ee1d-4c37-9e34-400a12bf567c', '4:10', 'Hot And Cold'), 
('dd58c780-ee1d-4c37-9e34-400a12bf567c', '4:20', 'Somebody To Love'), 
('dd58c780-ee1d-4c37-9e34-400a12bf567c', '4:00', 'Mon Amour'), 
('dd58c780-ee1d-4c37-9e34-400a12bf567c', '3:30', 'Everybody has A Dream'), 
('dd58c780-ee1d-4c37-9e34-400a12bf567c', '2:10', 'Santé'), 
('f9c979fa-b78c-4e31-9a0d-4f961cc91952', '2:30', 'Shoot For Your Heaert'), 
('f9c979fa-b78c-4e31-9a0d-4f961cc91952', '4:40', 'Pas Vraiment'), 
('f9c979fa-b78c-4e31-9a0d-4f961cc91952', '3:00', 'Machine Gun Funk'), 
('f9c979fa-b78c-4e31-9a0d-4f961cc91952', '4:40', 'Bonne Journée'), 
('f9c979fa-b78c-4e31-9a0d-4f961cc91952', '3:00', 'Call Of The Wild'), 
('f9c979fa-b78c-4e31-9a0d-4f961cc91952', '4:20', 'Thats What I Like'), 
('f9c979fa-b78c-4e31-9a0d-4f961cc91952', '2:50', 'Deutschland'), 
('f9c979fa-b78c-4e31-9a0d-4f961cc91952', '2:40', 'Brigthon Rock'), 
('f9c979fa-b78c-4e31-9a0d-4f961cc91952', '2:20', 'Tie Your Mother Down'), 
('8ac5277b-1f1f-404b-8598-92e4993bc4fa', '3:00', 'Seventh Sun'), 
('8ac5277b-1f1f-404b-8598-92e4993bc4fa', '2:30', 'Call Of The Wild'), 
('8ac5277b-1f1f-404b-8598-92e4993bc4fa', '3:30', 'Rosenrot'), 
('8ac5277b-1f1f-404b-8598-92e4993bc4fa', '4:20', 'Mon Amour'), 
('8ac5277b-1f1f-404b-8598-92e4993bc4fa', '2:40', 'The Great Gig In The Sky'), 
('8ac5277b-1f1f-404b-8598-92e4993bc4fa', '2:40', 'Thats What I Like'), 
('531932c4-b73a-477c-9875-60f0cf16686b', '2:10', 'Zeit'), 
('531932c4-b73a-477c-9875-60f0cf16686b', '2:40', 'Seventh Sun'), 
('531932c4-b73a-477c-9875-60f0cf16686b', '4:40', 'Call Of The Wild'), 
('531932c4-b73a-477c-9875-60f0cf16686b', '2:30', 'Machine Gun Funk'), 
('531932c4-b73a-477c-9875-60f0cf16686b', '2:30', 'Just The Way You Are'), 
('531932c4-b73a-477c-9875-60f0cf16686b', '2:20', 'Machine Gun Funk'), 
('531932c4-b73a-477c-9875-60f0cf16686b', '3:30', 'Call Of The Wild'), 
('1936e386-e694-41b5-95a5-023a6cbf10c2', '3:10', 'Killer Queen'), 
('1936e386-e694-41b5-95a5-023a6cbf10c2', '3:50', 'Just The Way You Are'), 
('1936e386-e694-41b5-95a5-023a6cbf10c2', '4:40', 'Machine Gun Funk'), 
('1936e386-e694-41b5-95a5-023a6cbf10c2', '2:00', 'Deutschland'), 
('1936e386-e694-41b5-95a5-023a6cbf10c2', '4:30', 'Shoot For Your Heaert'), 
('1936e386-e694-41b5-95a5-023a6cbf10c2', '4:00', 'Deutschland'), 
('1936e386-e694-41b5-95a5-023a6cbf10c2', '2:40', 'Everybody has A Dream'), 
('1936e386-e694-41b5-95a5-023a6cbf10c2', '2:00', 'Brigthon Rock'), 
('62e4e190-654d-4ce2-adf5-7e7a43664ded', '2:10', 'Mon Amour'), 
('62e4e190-654d-4ce2-adf5-7e7a43664ded', '4:50', 'Killer Queen'), 
('62e4e190-654d-4ce2-adf5-7e7a43664ded', '4:10', 'Brigthon Rock'), 
('62e4e190-654d-4ce2-adf5-7e7a43664ded', '3:50', 'Fils De Joie'), 
('62e4e190-654d-4ce2-adf5-7e7a43664ded', '4:00', 'Everybody has A Dream'), 
('62e4e190-654d-4ce2-adf5-7e7a43664ded', '3:10', 'Hot And Cold'), 
('da3602c1-9257-4d28-ad59-53d90c9b71e9', '3:10', 'Rosenrot'), 
('da3602c1-9257-4d28-ad59-53d90c9b71e9', '3:50', 'Fils De Joie'), 
('da3602c1-9257-4d28-ad59-53d90c9b71e9', '2:50', 'Everybody has A Dream'), 
('da3602c1-9257-4d28-ad59-53d90c9b71e9', '2:50', 'Machine Gun Funk'), 
('da3602c1-9257-4d28-ad59-53d90c9b71e9', '3:10', 'Call Of The Wild'), 
('da3602c1-9257-4d28-ad59-53d90c9b71e9', '4:50', 'Fils De Joie'), 
('da3602c1-9257-4d28-ad59-53d90c9b71e9', '4:10', 'Get It Right The First Time'), 
('da3602c1-9257-4d28-ad59-53d90c9b71e9', '4:40', 'Santé'), 
('131e4c24-dfc7-4915-ba7a-b6c94a5c5679', '3:40', 'Mon Amour'), 
('131e4c24-dfc7-4915-ba7a-b6c94a5c5679', '2:40', 'Get It Right The First Time'), 
('131e4c24-dfc7-4915-ba7a-b6c94a5c5679', '4:30', 'The Great Gig In The Sky'), 
('131e4c24-dfc7-4915-ba7a-b6c94a5c5679', '3:40', 'Shoot For Your Heaert'), 
('131e4c24-dfc7-4915-ba7a-b6c94a5c5679', '4:30', 'Bonne Journée'), 
('131e4c24-dfc7-4915-ba7a-b6c94a5c5679', '2:00', 'Get It Right The First Time'), 
('c3274280-88d1-41e1-bdae-7522acbd3140', '2:20', 'Hot And Cold'), 
('c3274280-88d1-41e1-bdae-7522acbd3140', '2:00', 'Seventh Sun'), 
('c3274280-88d1-41e1-bdae-7522acbd3140', '2:10', 'Pas Vraiment'), 
('c3274280-88d1-41e1-bdae-7522acbd3140', '2:30', 'Santé'), 
('c3274280-88d1-41e1-bdae-7522acbd3140', '4:50', 'Brigthon Rock'), 
('bc84e716-f2b6-4f15-a3f7-416836f3751e', '4:10', 'Just The Way You Are'), 
('bc84e716-f2b6-4f15-a3f7-416836f3751e', '2:50', 'Pas Vraiment'), 
('bc84e716-f2b6-4f15-a3f7-416836f3751e', '2:10', 'Get It Right The First Time'), 
('bc84e716-f2b6-4f15-a3f7-416836f3751e', '4:40', 'Fils De Joie'), 
('bc84e716-f2b6-4f15-a3f7-416836f3751e', '2:20', 'Just The Way You Are'), 
('bc84e716-f2b6-4f15-a3f7-416836f3751e', '3:20', 'Seventh Sun'), 
('aeb779e0-1fd7-49cc-b728-2e5e6d06629e', '4:00', 'Mon Amour'), 
('aeb779e0-1fd7-49cc-b728-2e5e6d06629e', '3:00', 'Just The Way You Are'), 
('aeb779e0-1fd7-49cc-b728-2e5e6d06629e', '2:50', 'The Great Gig In The Sky'), 
('aeb779e0-1fd7-49cc-b728-2e5e6d06629e', '4:20', 'Mon Amour'), 
('aeb779e0-1fd7-49cc-b728-2e5e6d06629e', '4:20', 'Gimme The Loot'), 
('aeb779e0-1fd7-49cc-b728-2e5e6d06629e', '2:40', 'Zeit'), 
('a6ff632b-2cf8-4267-b5ff-344121e8fa85', '2:40', 'Shoot For Your Heaert'), 
('a6ff632b-2cf8-4267-b5ff-344121e8fa85', '3:20', 'Gimme The Loot'), 
('a6ff632b-2cf8-4267-b5ff-344121e8fa85', '3:30', 'Call Of The Wild'), 
('a6ff632b-2cf8-4267-b5ff-344121e8fa85', '4:10', 'Shoot For Your Heaert'), 
('a6ff632b-2cf8-4267-b5ff-344121e8fa85', '2:20', 'Deutschland'), 
('a6ff632b-2cf8-4267-b5ff-344121e8fa85', '3:20', 'Brigthon Rock'), 
('3d5f8134-7801-4e30-9349-4d878bce40a3', '4:20', 'Tie Your Mother Down'), 
('3d5f8134-7801-4e30-9349-4d878bce40a3', '3:10', 'Santé'), 
('3d5f8134-7801-4e30-9349-4d878bce40a3', '2:10', 'Deutschland'), 
('3d5f8134-7801-4e30-9349-4d878bce40a3', '2:30', 'Killer Queen'), 
('3d5f8134-7801-4e30-9349-4d878bce40a3', '4:30', 'The Great Gig In The Sky'), 
('e1296e80-75f6-4338-afa2-7db23fd154f6', '4:00', 'Mon Amour'), 
('e1296e80-75f6-4338-afa2-7db23fd154f6', '4:10', 'Call Of The Wild'), 
('e1296e80-75f6-4338-afa2-7db23fd154f6', '2:00', 'Santé'), 
('e1296e80-75f6-4338-afa2-7db23fd154f6', '2:00', 'Call Of The Wild'), 
('e1296e80-75f6-4338-afa2-7db23fd154f6', '3:20', 'Zeit'), 
('e1296e80-75f6-4338-afa2-7db23fd154f6', '4:20', 'Tie Your Mother Down'), 
('e1296e80-75f6-4338-afa2-7db23fd154f6', '2:10', 'Get It Right The First Time'), 
('e1296e80-75f6-4338-afa2-7db23fd154f6', '3:40', 'Zeit'), 
('eceba604-6d39-4f5e-b361-bcf5f7c99d82', '4:40', 'Hot And Cold'), 
('eceba604-6d39-4f5e-b361-bcf5f7c99d82', '2:30', 'Shoot For Your Heaert'), 
('eceba604-6d39-4f5e-b361-bcf5f7c99d82', '4:50', 'Somebody To Love'), 
('eceba604-6d39-4f5e-b361-bcf5f7c99d82', '2:30', 'Zeit'), 
('eceba604-6d39-4f5e-b361-bcf5f7c99d82', '4:00', 'Gimme The Loot'), 
('eceba604-6d39-4f5e-b361-bcf5f7c99d82', '4:20', 'Somebody To Love'), 
('eceba604-6d39-4f5e-b361-bcf5f7c99d82', '2:00', 'Bonne Journée'), 
('954efebe-dd37-4145-845f-444f701be8ec', '4:40', 'Get It Right The First Time'), 
('954efebe-dd37-4145-845f-444f701be8ec', '2:20', 'Killer Queen'), 
('954efebe-dd37-4145-845f-444f701be8ec', '2:40', 'Just The Way You Are'), 
('954efebe-dd37-4145-845f-444f701be8ec', '2:40', 'Just The Way You Are'), 
('954efebe-dd37-4145-845f-444f701be8ec', '4:30', 'Deutschland'), 
('954efebe-dd37-4145-845f-444f701be8ec', '3:20', 'Get It Right The First Time'), 
('6eb5b167-0457-40b4-8437-a029358259de', '2:10', 'Mon Amour'), 
('6eb5b167-0457-40b4-8437-a029358259de', '3:10', 'Deutschland'), 
('6eb5b167-0457-40b4-8437-a029358259de', '4:30', 'Shoot For Your Heaert'), 
('6eb5b167-0457-40b4-8437-a029358259de', '2:40', 'The Great Gig In The Sky'), 
('6eb5b167-0457-40b4-8437-a029358259de', '4:00', 'Bonne Journée'), 
('40500643-9020-4aad-a85d-8ce9db4c97ad', '4:00', 'Gimme The Loot'), 
('40500643-9020-4aad-a85d-8ce9db4c97ad', '3:20', 'Brigthon Rock'), 
('40500643-9020-4aad-a85d-8ce9db4c97ad', '4:00', 'Mon Amour'), 
('40500643-9020-4aad-a85d-8ce9db4c97ad', '3:10', 'Santé'), 
('40500643-9020-4aad-a85d-8ce9db4c97ad', '4:00', 'Just The Way You Are'), 
('40500643-9020-4aad-a85d-8ce9db4c97ad', '4:50', 'Santé'), 
('40500643-9020-4aad-a85d-8ce9db4c97ad', '2:00', 'Tie Your Mother Down'), 
('40500643-9020-4aad-a85d-8ce9db4c97ad', '4:50', 'Call Of The Wild'), 
('40500643-9020-4aad-a85d-8ce9db4c97ad', '2:40', 'Call Of The Wild'), 
('c75f94dd-ff4e-4204-a2ae-07508dacaae0', '3:50', 'Brigthon Rock'), 
('c75f94dd-ff4e-4204-a2ae-07508dacaae0', '2:40', 'Call Of The Wild'), 
('c75f94dd-ff4e-4204-a2ae-07508dacaae0', '2:20', 'Deutschland'), 
('c75f94dd-ff4e-4204-a2ae-07508dacaae0', '2:50', 'Seventh Sun'), 
('c75f94dd-ff4e-4204-a2ae-07508dacaae0', '3:10', 'Killer Queen'), 
('5c563d76-bc9e-4c64-8a7a-7b91fcc95617', '3:20', 'Brigthon Rock'), 
('5c563d76-bc9e-4c64-8a7a-7b91fcc95617', '2:50', 'Everybody has A Dream'), 
('5c563d76-bc9e-4c64-8a7a-7b91fcc95617', '4:30', 'Gimme The Loot'), 
('5c563d76-bc9e-4c64-8a7a-7b91fcc95617', '2:00', 'Seventh Sun'), 
('5c563d76-bc9e-4c64-8a7a-7b91fcc95617', '4:10', 'Call Of The Wild'), 
('5c563d76-bc9e-4c64-8a7a-7b91fcc95617', '2:20', 'Thats What I Like'), 
('dfa07531-3bec-4529-9ab4-77e0c57f646f', '2:50', 'Everybody has A Dream'), 
('dfa07531-3bec-4529-9ab4-77e0c57f646f', '4:20', 'Gimme The Loot'), 
('dfa07531-3bec-4529-9ab4-77e0c57f646f', '2:20', 'Santé'), 
('dfa07531-3bec-4529-9ab4-77e0c57f646f', '3:50', 'Pas Vraiment'), 
('dfa07531-3bec-4529-9ab4-77e0c57f646f', '4:30', 'The Great Gig In The Sky'), 
('dfa07531-3bec-4529-9ab4-77e0c57f646f', '3:00', 'Shoot For Your Heaert'), 
('dfa07531-3bec-4529-9ab4-77e0c57f646f', '2:10', 'Somebody To Love'), 
('dfa07531-3bec-4529-9ab4-77e0c57f646f', '3:40', 'Call Of The Wild'), 
('dfa07531-3bec-4529-9ab4-77e0c57f646f', '2:10', 'Thats What I Like'), 
('91ef9516-096c-4fee-a418-ae02742506a2', '3:40', 'Tie Your Mother Down'), 
('91ef9516-096c-4fee-a418-ae02742506a2', '3:10', 'Shoot For Your Heaert'), 
('91ef9516-096c-4fee-a418-ae02742506a2', '3:30', 'The Great Gig In The Sky'), 
('91ef9516-096c-4fee-a418-ae02742506a2', '4:10', 'Call Of The Wild'), 
('91ef9516-096c-4fee-a418-ae02742506a2', '3:10', 'Machine Gun Funk'), 
('91ef9516-096c-4fee-a418-ae02742506a2', '2:00', 'Brigthon Rock'), 
('91ef9516-096c-4fee-a418-ae02742506a2', '4:00', 'Gimme The Loot'), 
('7f461852-7f55-4cc7-a9f3-6edf7b90ecfa', '2:00', 'Thats What I Like'), 
('7f461852-7f55-4cc7-a9f3-6edf7b90ecfa', '3:30', 'Brigthon Rock'), 
('7f461852-7f55-4cc7-a9f3-6edf7b90ecfa', '2:20', 'Call Of The Wild'), 
('7f461852-7f55-4cc7-a9f3-6edf7b90ecfa', '4:30', 'Mon Amour'), 
('7f461852-7f55-4cc7-a9f3-6edf7b90ecfa', '4:30', 'Everybody has A Dream'), 
('6c4540b1-47ef-4e65-b96f-85f791221472', '2:00', 'Pas Vraiment'), 
('6c4540b1-47ef-4e65-b96f-85f791221472', '3:50', 'Zeit'), 
('6c4540b1-47ef-4e65-b96f-85f791221472', '4:50', 'Bonne Journée'), 
('6c4540b1-47ef-4e65-b96f-85f791221472', '3:50', 'Mon Amour'), 
('6c4540b1-47ef-4e65-b96f-85f791221472', '2:00', 'Fils De Joie'), 
('6c4540b1-47ef-4e65-b96f-85f791221472', '4:20', 'Deutschland'), 
('6c4540b1-47ef-4e65-b96f-85f791221472', '3:40', 'Gimme The Loot'), 
('6c4540b1-47ef-4e65-b96f-85f791221472', '3:30', 'The Great Gig In The Sky'), 
('e409672f-50c9-445d-b9c5-9e22d45b4151', '3:00', 'Shoot For Your Heaert'), 
('e409672f-50c9-445d-b9c5-9e22d45b4151', '2:00', 'Rosenrot'), 
('e409672f-50c9-445d-b9c5-9e22d45b4151', '4:00', 'Thats What I Like'), 
('e409672f-50c9-445d-b9c5-9e22d45b4151', '2:20', 'Get It Right The First Time'), 
('e409672f-50c9-445d-b9c5-9e22d45b4151', '4:30', 'Tie Your Mother Down'), 
('e409672f-50c9-445d-b9c5-9e22d45b4151', '4:30', 'Shoot For Your Heaert'), 
('e409672f-50c9-445d-b9c5-9e22d45b4151', '2:20', 'Just The Way You Are'), 
('04137d15-c68c-4e1a-9a20-4f6e90c6ea81', '4:00', 'Rosenrot'), 
('04137d15-c68c-4e1a-9a20-4f6e90c6ea81', '2:50', 'Get It Right The First Time'), 
('04137d15-c68c-4e1a-9a20-4f6e90c6ea81', '2:00', 'Seventh Sun'), 
('04137d15-c68c-4e1a-9a20-4f6e90c6ea81', '2:40', 'Shoot For Your Heaert'), 
('04137d15-c68c-4e1a-9a20-4f6e90c6ea81', '4:10', 'Shoot For Your Heaert'), 
('04137d15-c68c-4e1a-9a20-4f6e90c6ea81', '4:40', 'Somebody To Love'), 
('04137d15-c68c-4e1a-9a20-4f6e90c6ea81', '2:00', 'Everybody has A Dream'), 
('04137d15-c68c-4e1a-9a20-4f6e90c6ea81', '2:30', 'Machine Gun Funk'), 
('04137d15-c68c-4e1a-9a20-4f6e90c6ea81', '2:30', 'Santé'), 
('a884c1da-8992-445c-a9ff-170b9a5c49ed', '2:00', 'Deutschland'), 
('a884c1da-8992-445c-a9ff-170b9a5c49ed', '4:20', 'Brigthon Rock'), 
('a884c1da-8992-445c-a9ff-170b9a5c49ed', '4:50', 'Call Of The Wild'), 
('a884c1da-8992-445c-a9ff-170b9a5c49ed', '3:30', 'Deutschland'), 
('a884c1da-8992-445c-a9ff-170b9a5c49ed', '4:30', 'Killer Queen'), 
('db31bb22-b1cf-4105-8ab4-c389e6bcdca5', '3:10', 'Thats What I Like'), 
('db31bb22-b1cf-4105-8ab4-c389e6bcdca5', '2:30', 'Pas Vraiment'), 
('db31bb22-b1cf-4105-8ab4-c389e6bcdca5', '3:50', 'Call Of The Wild'), 
('db31bb22-b1cf-4105-8ab4-c389e6bcdca5', '4:40', 'Fils De Joie'), 
('db31bb22-b1cf-4105-8ab4-c389e6bcdca5', '3:30', 'Just The Way You Are'), 
('db31bb22-b1cf-4105-8ab4-c389e6bcdca5', '4:20', 'Fils De Joie'), 
('db31bb22-b1cf-4105-8ab4-c389e6bcdca5', '2:00', 'Machine Gun Funk'), 
('db31bb22-b1cf-4105-8ab4-c389e6bcdca5', '2:30', 'Brigthon Rock'), 
('26195aab-38c9-4b77-8396-1d7676e6ef2b', '4:30', 'Killer Queen'), 
('26195aab-38c9-4b77-8396-1d7676e6ef2b', '3:20', 'Rosenrot'), 
('26195aab-38c9-4b77-8396-1d7676e6ef2b', '3:40', 'Pas Vraiment'), 
('26195aab-38c9-4b77-8396-1d7676e6ef2b', '4:50', 'Killer Queen'), 
('26195aab-38c9-4b77-8396-1d7676e6ef2b', '2:20', 'Call Of The Wild'), 
('26195aab-38c9-4b77-8396-1d7676e6ef2b', '2:00', 'Everybody has A Dream'), 
('26195aab-38c9-4b77-8396-1d7676e6ef2b', '2:20', 'Just The Way You Are'), 
('26195aab-38c9-4b77-8396-1d7676e6ef2b', '2:00', 'Shoot For Your Heaert'), 
('105f9ecd-530e-4c6f-9bbf-9ca024a0d854', '2:40', 'Killer Queen'), 
('105f9ecd-530e-4c6f-9bbf-9ca024a0d854', '4:40', 'Just The Way You Are'), 
('105f9ecd-530e-4c6f-9bbf-9ca024a0d854', '3:40', 'Killer Queen'), 
('105f9ecd-530e-4c6f-9bbf-9ca024a0d854', '2:10', 'Call Of The Wild'), 
('105f9ecd-530e-4c6f-9bbf-9ca024a0d854', '4:10', 'Killer Queen'), 
('105f9ecd-530e-4c6f-9bbf-9ca024a0d854', '2:00', 'Somebody To Love'), 
('105f9ecd-530e-4c6f-9bbf-9ca024a0d854', '2:20', 'Thats What I Like'), 
('105f9ecd-530e-4c6f-9bbf-9ca024a0d854', '3:20', 'Tie Your Mother Down'), 
('bdbc0fdb-aad0-44a1-86f1-83c1e6275fe3', '2:10', 'Machine Gun Funk'), 
('bdbc0fdb-aad0-44a1-86f1-83c1e6275fe3', '2:50', 'Bonne Journée'), 
('bdbc0fdb-aad0-44a1-86f1-83c1e6275fe3', '3:00', 'Killer Queen'), 
('bdbc0fdb-aad0-44a1-86f1-83c1e6275fe3', '3:10', 'Deutschland'), 
('bdbc0fdb-aad0-44a1-86f1-83c1e6275fe3', '4:00', 'The Great Gig In The Sky'), 
('bdbc0fdb-aad0-44a1-86f1-83c1e6275fe3', '3:00', 'Deutschland'), 
('bdbc0fdb-aad0-44a1-86f1-83c1e6275fe3', '3:20', 'Just The Way You Are'), 
('bdbc0fdb-aad0-44a1-86f1-83c1e6275fe3', '4:00', 'Everybody has A Dream'), 
('bdbc0fdb-aad0-44a1-86f1-83c1e6275fe3', '3:10', 'Just The Way You Are'), 
('10ebd255-d152-4c20-a2b3-c35fe81f17e1', '2:50', 'The Great Gig In The Sky'), 
('10ebd255-d152-4c20-a2b3-c35fe81f17e1', '2:10', 'Get It Right The First Time'), 
('10ebd255-d152-4c20-a2b3-c35fe81f17e1', '3:10', 'Bonne Journée'), 
('10ebd255-d152-4c20-a2b3-c35fe81f17e1', '4:40', 'Santé'), 
('10ebd255-d152-4c20-a2b3-c35fe81f17e1', '4:50', 'Tie Your Mother Down'), 
('10ebd255-d152-4c20-a2b3-c35fe81f17e1', '2:30', 'The Great Gig In The Sky'), 
('10ebd255-d152-4c20-a2b3-c35fe81f17e1', '2:30', 'Deutschland'), 
('10ebd255-d152-4c20-a2b3-c35fe81f17e1', '3:10', 'Gimme The Loot'), 
('10ebd255-d152-4c20-a2b3-c35fe81f17e1', '2:20', 'Santé'), 
('dc0504c2-bfa2-4bc2-995b-79bfaf17d2ee', '3:20', 'The Great Gig In The Sky'), 
('dc0504c2-bfa2-4bc2-995b-79bfaf17d2ee', '2:00', 'Fils De Joie'), 
('dc0504c2-bfa2-4bc2-995b-79bfaf17d2ee', '2:20', 'Somebody To Love'), 
('dc0504c2-bfa2-4bc2-995b-79bfaf17d2ee', '3:20', 'Tie Your Mother Down'), 
('dc0504c2-bfa2-4bc2-995b-79bfaf17d2ee', '2:50', 'Deutschland'), 
('dc0504c2-bfa2-4bc2-995b-79bfaf17d2ee', '2:20', 'Killer Queen'), 
('dc0504c2-bfa2-4bc2-995b-79bfaf17d2ee', '3:20', 'Brigthon Rock'), 
('dc0504c2-bfa2-4bc2-995b-79bfaf17d2ee', '4:00', 'Tie Your Mother Down'), 
('c76541cd-f6c4-4da9-b6d2-efef9141dc00', '3:00', 'Gimme The Loot'), 
('c76541cd-f6c4-4da9-b6d2-efef9141dc00', '4:10', 'Mon Amour'), 
('c76541cd-f6c4-4da9-b6d2-efef9141dc00', '2:10', 'Somebody To Love'), 
('c76541cd-f6c4-4da9-b6d2-efef9141dc00', '2:30', 'Pas Vraiment'), 
('c76541cd-f6c4-4da9-b6d2-efef9141dc00', '2:00', 'Zeit'), 
('c76541cd-f6c4-4da9-b6d2-efef9141dc00', '4:40', 'The Great Gig In The Sky'), 
('b28ba8ab-7b04-44b0-a7ed-65b34bb59a69', '4:20', 'Get It Right The First Time'), 
('b28ba8ab-7b04-44b0-a7ed-65b34bb59a69', '2:50', 'Mon Amour'), 
('b28ba8ab-7b04-44b0-a7ed-65b34bb59a69', '4:40', 'Mon Amour'), 
('b28ba8ab-7b04-44b0-a7ed-65b34bb59a69', '3:50', 'Santé'), 
('b28ba8ab-7b04-44b0-a7ed-65b34bb59a69', '4:40', 'Bonne Journée'), 
('90d03171-7b33-479c-b7f2-4588d54a057d', '2:30', 'Machine Gun Funk'), 
('90d03171-7b33-479c-b7f2-4588d54a057d', '4:10', 'Deutschland'), 
('90d03171-7b33-479c-b7f2-4588d54a057d', '2:40', 'Hot And Cold'), 
('90d03171-7b33-479c-b7f2-4588d54a057d', '2:20', 'Machine Gun Funk'), 
('90d03171-7b33-479c-b7f2-4588d54a057d', '2:50', 'Get It Right The First Time'), 
('05db9745-2fe3-403d-ae51-d2b526f33fa3', '2:10', 'Machine Gun Funk'), 
('05db9745-2fe3-403d-ae51-d2b526f33fa3', '4:10', 'Santé'), 
('05db9745-2fe3-403d-ae51-d2b526f33fa3', '4:50', 'Zeit'), 
('05db9745-2fe3-403d-ae51-d2b526f33fa3', '3:30', 'Santé'), 
('05db9745-2fe3-403d-ae51-d2b526f33fa3', '3:10', 'Pas Vraiment'), 
('6d550d25-8dd8-40f9-91fc-5c6aee25d6cd', '3:10', 'The Great Gig In The Sky'), 
('6d550d25-8dd8-40f9-91fc-5c6aee25d6cd', '2:10', 'Santé'), 
('6d550d25-8dd8-40f9-91fc-5c6aee25d6cd', '4:50', 'Brigthon Rock'), 
('6d550d25-8dd8-40f9-91fc-5c6aee25d6cd', '4:00', 'Hot And Cold'), 
('6d550d25-8dd8-40f9-91fc-5c6aee25d6cd', '3:40', 'Deutschland'), 
('6d550d25-8dd8-40f9-91fc-5c6aee25d6cd', '3:10', 'Pas Vraiment'), 
('6d550d25-8dd8-40f9-91fc-5c6aee25d6cd', '3:40', 'Call Of The Wild'), 
('6d550d25-8dd8-40f9-91fc-5c6aee25d6cd', '4:40', 'Tie Your Mother Down'), 
('6d550d25-8dd8-40f9-91fc-5c6aee25d6cd', '3:40', 'The Great Gig In The Sky'), 
('2b50e80d-f93e-468d-9c31-14bf9ed8dad0', '2:50', 'Thats What I Like'), 
('2b50e80d-f93e-468d-9c31-14bf9ed8dad0', '3:30', 'Shoot For Your Heaert'), 
('2b50e80d-f93e-468d-9c31-14bf9ed8dad0', '4:10', 'Tie Your Mother Down'), 
('2b50e80d-f93e-468d-9c31-14bf9ed8dad0', '3:00', 'Brigthon Rock'), 
('2b50e80d-f93e-468d-9c31-14bf9ed8dad0', '3:30', 'Brigthon Rock'), 
('2b50e80d-f93e-468d-9c31-14bf9ed8dad0', '3:20', 'Somebody To Love'), 
('2b50e80d-f93e-468d-9c31-14bf9ed8dad0', '2:00', 'Tie Your Mother Down'), 
('2b50e80d-f93e-468d-9c31-14bf9ed8dad0', '4:50', 'Just The Way You Are'), 
('b6c95c19-3b8e-4c2c-b787-0d40df366aa2', '4:30', 'Pas Vraiment'), 
('b6c95c19-3b8e-4c2c-b787-0d40df366aa2', '2:50', 'Gimme The Loot'), 
('b6c95c19-3b8e-4c2c-b787-0d40df366aa2', '2:10', 'Fils De Joie'), 
('b6c95c19-3b8e-4c2c-b787-0d40df366aa2', '3:50', 'Seventh Sun'), 
('b6c95c19-3b8e-4c2c-b787-0d40df366aa2', '3:50', 'Shoot For Your Heaert'), 
('b6c95c19-3b8e-4c2c-b787-0d40df366aa2', '4:10', 'Seventh Sun'), 
('b6c95c19-3b8e-4c2c-b787-0d40df366aa2', '3:30', 'Shoot For Your Heaert'), 
('b6c95c19-3b8e-4c2c-b787-0d40df366aa2', '4:00', 'Machine Gun Funk'), 
('eadc9173-134f-412c-b452-092ce0afcb27', '2:00', 'Rosenrot'), 
('eadc9173-134f-412c-b452-092ce0afcb27', '4:10', 'Santé'), 
('eadc9173-134f-412c-b452-092ce0afcb27', '3:50', 'Killer Queen'), 
('eadc9173-134f-412c-b452-092ce0afcb27', '2:00', 'Everybody has A Dream'), 
('eadc9173-134f-412c-b452-092ce0afcb27', '4:10', 'Machine Gun Funk'), 
('0be3fd3a-313f-4745-8cdc-cab1e3fc71a4', '2:30', 'Rosenrot'), 
('0be3fd3a-313f-4745-8cdc-cab1e3fc71a4', '2:20', 'Shoot For Your Heaert'), 
('0be3fd3a-313f-4745-8cdc-cab1e3fc71a4', '2:00', 'Tie Your Mother Down'), 
('0be3fd3a-313f-4745-8cdc-cab1e3fc71a4', '4:20', 'Mon Amour'), 
('0be3fd3a-313f-4745-8cdc-cab1e3fc71a4', '2:50', 'Call Of The Wild'), 
('0be3fd3a-313f-4745-8cdc-cab1e3fc71a4', '3:30', 'Killer Queen'), 
('0be3fd3a-313f-4745-8cdc-cab1e3fc71a4', '2:00', 'Mon Amour'), 
('0be3fd3a-313f-4745-8cdc-cab1e3fc71a4', '2:50', 'Santé'), 
('0be3fd3a-313f-4745-8cdc-cab1e3fc71a4', '4:20', 'Killer Queen'), 
('e6e64697-8301-4986-b6d4-4c5f0b49c3f0', '2:00', 'Fils De Joie'), 
('e6e64697-8301-4986-b6d4-4c5f0b49c3f0', '2:10', 'Machine Gun Funk'), 
('e6e64697-8301-4986-b6d4-4c5f0b49c3f0', '2:40', 'Hot And Cold'), 
('e6e64697-8301-4986-b6d4-4c5f0b49c3f0', '2:30', 'Call Of The Wild'), 
('e6e64697-8301-4986-b6d4-4c5f0b49c3f0', '3:40', 'Deutschland'), 
('c39b3f8e-323f-4723-9927-6c2aac24d486', '3:50', 'Machine Gun Funk'), 
('c39b3f8e-323f-4723-9927-6c2aac24d486', '2:50', 'Pas Vraiment'), 
('c39b3f8e-323f-4723-9927-6c2aac24d486', '2:40', 'Brigthon Rock'), 
('c39b3f8e-323f-4723-9927-6c2aac24d486', '3:40', 'Killer Queen'), 
('c39b3f8e-323f-4723-9927-6c2aac24d486', '3:00', 'Thats What I Like'), 
('c39b3f8e-323f-4723-9927-6c2aac24d486', '2:50', 'Seventh Sun'), 
('c39b3f8e-323f-4723-9927-6c2aac24d486', '3:00', 'Deutschland'), 
('8ad49757-f10a-49be-9a82-c475d8850896', '2:30', 'Deutschland'), 
('8ad49757-f10a-49be-9a82-c475d8850896', '3:40', 'The Great Gig In The Sky'), 
('8ad49757-f10a-49be-9a82-c475d8850896', '4:20', 'Tie Your Mother Down'), 
('8ad49757-f10a-49be-9a82-c475d8850896', '2:00', 'Hot And Cold'), 
('8ad49757-f10a-49be-9a82-c475d8850896', '2:50', 'Tie Your Mother Down'), 
('8ad49757-f10a-49be-9a82-c475d8850896', '2:40', 'Thats What I Like'), 
('8ad49757-f10a-49be-9a82-c475d8850896', '3:00', 'Get It Right The First Time'), 
('2a9b414b-7bbc-4084-971f-e5045e75e625', '4:30', 'Deutschland'), 
('2a9b414b-7bbc-4084-971f-e5045e75e625', '4:20', 'Everybody has A Dream'), 
('2a9b414b-7bbc-4084-971f-e5045e75e625', '2:20', 'Bonne Journée'), 
('2a9b414b-7bbc-4084-971f-e5045e75e625', '4:30', 'Pas Vraiment'), 
('2a9b414b-7bbc-4084-971f-e5045e75e625', '2:50', 'Deutschland'), 
('eb0dc7d5-3d7e-4bf8-8af0-5a63344f0d3b', '4:00', 'Thats What I Like'), 
('eb0dc7d5-3d7e-4bf8-8af0-5a63344f0d3b', '2:20', 'Machine Gun Funk'), 
('eb0dc7d5-3d7e-4bf8-8af0-5a63344f0d3b', '4:40', 'Deutschland'), 
('eb0dc7d5-3d7e-4bf8-8af0-5a63344f0d3b', '4:40', 'Killer Queen'), 
('eb0dc7d5-3d7e-4bf8-8af0-5a63344f0d3b', '2:20', 'The Great Gig In The Sky'), 
('eb0dc7d5-3d7e-4bf8-8af0-5a63344f0d3b', '3:20', 'Call Of The Wild'), 
('6ea43328-2001-4640-bcfc-86565ff00406', '3:00', 'Tie Your Mother Down'), 
('6ea43328-2001-4640-bcfc-86565ff00406', '2:30', 'Santé'), 
('6ea43328-2001-4640-bcfc-86565ff00406', '3:40', 'Get It Right The First Time'), 
('6ea43328-2001-4640-bcfc-86565ff00406', '3:20', 'Zeit'), 
('6ea43328-2001-4640-bcfc-86565ff00406', '4:40', 'The Great Gig In The Sky'), 
('6ea43328-2001-4640-bcfc-86565ff00406', '2:50', 'Pas Vraiment'), 
('6ea43328-2001-4640-bcfc-86565ff00406', '2:40', 'Shoot For Your Heaert'), 
('6ea43328-2001-4640-bcfc-86565ff00406', '3:10', 'Call Of The Wild'), 
('6ea43328-2001-4640-bcfc-86565ff00406', '4:20', 'Shoot For Your Heaert'), 
('03db2244-5e78-4810-8190-309799ffcabd', '2:10', 'Just The Way You Are'), 
('03db2244-5e78-4810-8190-309799ffcabd', '3:10', 'Machine Gun Funk'), 
('03db2244-5e78-4810-8190-309799ffcabd', '3:00', 'Seventh Sun'), 
('03db2244-5e78-4810-8190-309799ffcabd', '4:50', 'Just The Way You Are'), 
('03db2244-5e78-4810-8190-309799ffcabd', '4:50', 'Just The Way You Are'), 
('be7ed3ba-b3c1-4eb6-adc2-99168fd3bede', '4:40', 'Just The Way You Are'), 
('be7ed3ba-b3c1-4eb6-adc2-99168fd3bede', '3:40', 'Killer Queen'), 
('be7ed3ba-b3c1-4eb6-adc2-99168fd3bede', '2:00', 'Brigthon Rock'), 
('be7ed3ba-b3c1-4eb6-adc2-99168fd3bede', '4:20', 'Brigthon Rock'), 
('be7ed3ba-b3c1-4eb6-adc2-99168fd3bede', '3:50', 'Call Of The Wild'), 
('be7ed3ba-b3c1-4eb6-adc2-99168fd3bede', '2:00', 'Tie Your Mother Down'), 
('be7ed3ba-b3c1-4eb6-adc2-99168fd3bede', '4:40', 'Seventh Sun'), 
('cd1e7003-94db-4493-9898-82862dba2ab1', '3:50', 'Bonne Journée'), 
('cd1e7003-94db-4493-9898-82862dba2ab1', '4:40', 'Machine Gun Funk'), 
('cd1e7003-94db-4493-9898-82862dba2ab1', '3:20', 'Pas Vraiment'), 
('cd1e7003-94db-4493-9898-82862dba2ab1', '4:30', 'Bonne Journée'), 
('cd1e7003-94db-4493-9898-82862dba2ab1', '4:00', 'Mon Amour'), 
('cd1e7003-94db-4493-9898-82862dba2ab1', '2:30', 'Rosenrot'), 
('cd1e7003-94db-4493-9898-82862dba2ab1', '3:50', 'Seventh Sun'), 
('cd1e7003-94db-4493-9898-82862dba2ab1', '2:00', 'Call Of The Wild'), 
('6b5d0225-d127-428c-a20f-6b2ada62cc48', '2:00', 'Gimme The Loot'), 
('6b5d0225-d127-428c-a20f-6b2ada62cc48', '3:30', 'Somebody To Love'), 
('6b5d0225-d127-428c-a20f-6b2ada62cc48', '3:20', 'The Great Gig In The Sky'), 
('6b5d0225-d127-428c-a20f-6b2ada62cc48', '4:40', 'Thats What I Like'), 
('6b5d0225-d127-428c-a20f-6b2ada62cc48', '4:30', 'Hot And Cold'), 
('6b5d0225-d127-428c-a20f-6b2ada62cc48', '4:40', 'The Great Gig In The Sky'), 
('6b5d0225-d127-428c-a20f-6b2ada62cc48', '2:10', 'Brigthon Rock'), 
('6b5d0225-d127-428c-a20f-6b2ada62cc48', '3:20', 'Brigthon Rock'), 
('070bd834-6092-48e4-bcf1-d814865db399', '4:40', 'Bonne Journée'), 
('070bd834-6092-48e4-bcf1-d814865db399', '4:20', 'Tie Your Mother Down'), 
('070bd834-6092-48e4-bcf1-d814865db399', '3:50', 'Bonne Journée'), 
('070bd834-6092-48e4-bcf1-d814865db399', '4:00', 'Shoot For Your Heaert'), 
('070bd834-6092-48e4-bcf1-d814865db399', '2:50', 'Santé'), 
('070bd834-6092-48e4-bcf1-d814865db399', '2:10', 'Bonne Journée'), 
('070bd834-6092-48e4-bcf1-d814865db399', '2:30', 'Mon Amour'), 
('070bd834-6092-48e4-bcf1-d814865db399', '3:40', 'Shoot For Your Heaert'), 
('ed230131-5815-48d9-9d52-7789232bec46', '4:10', 'Seventh Sun'), 
('ed230131-5815-48d9-9d52-7789232bec46', '4:30', 'Call Of The Wild'), 
('ed230131-5815-48d9-9d52-7789232bec46', '4:10', 'Seventh Sun'), 
('ed230131-5815-48d9-9d52-7789232bec46', '4:00', 'Bonne Journée'), 
('ed230131-5815-48d9-9d52-7789232bec46', '2:40', 'Gimme The Loot'), 
('ed230131-5815-48d9-9d52-7789232bec46', '4:10', 'Hot And Cold'), 
('4d7097ec-8424-4025-b636-6d961051a391', '2:00', 'Fils De Joie'), 
('4d7097ec-8424-4025-b636-6d961051a391', '4:40', 'Killer Queen'), 
('4d7097ec-8424-4025-b636-6d961051a391', '3:10', 'Hot And Cold'), 
('4d7097ec-8424-4025-b636-6d961051a391', '2:10', 'Deutschland'), 
('4d7097ec-8424-4025-b636-6d961051a391', '3:50', 'Call Of The Wild'), 
('3a64f5ce-1d76-4f6b-a80d-11c56946bdd6', '3:00', 'Fils De Joie'), 
('3a64f5ce-1d76-4f6b-a80d-11c56946bdd6', '4:10', 'Everybody has A Dream'), 
('3a64f5ce-1d76-4f6b-a80d-11c56946bdd6', '2:30', 'The Great Gig In The Sky'), 
('3a64f5ce-1d76-4f6b-a80d-11c56946bdd6', '4:20', 'Deutschland'), 
('3a64f5ce-1d76-4f6b-a80d-11c56946bdd6', '3:30', 'Zeit'), 
('2508d74c-d0d9-48ab-9bc0-1a3bbfd43679', '3:40', 'Shoot For Your Heaert'), 
('2508d74c-d0d9-48ab-9bc0-1a3bbfd43679', '2:50', 'Brigthon Rock'), 
('2508d74c-d0d9-48ab-9bc0-1a3bbfd43679', '4:00', 'Rosenrot'), 
('2508d74c-d0d9-48ab-9bc0-1a3bbfd43679', '3:00', 'Killer Queen'), 
('2508d74c-d0d9-48ab-9bc0-1a3bbfd43679', '4:30', 'Thats What I Like'), 
('2508d74c-d0d9-48ab-9bc0-1a3bbfd43679', '3:50', 'Deutschland'), 
('ade52ecb-6b46-4821-a2ec-9a47f1a6682d', '4:40', 'Mon Amour'), 
('ade52ecb-6b46-4821-a2ec-9a47f1a6682d', '2:50', 'Rosenrot'), 
('ade52ecb-6b46-4821-a2ec-9a47f1a6682d', '3:40', 'Shoot For Your Heaert'), 
('ade52ecb-6b46-4821-a2ec-9a47f1a6682d', '2:10', 'Hot And Cold'), 
('ade52ecb-6b46-4821-a2ec-9a47f1a6682d', '3:50', 'Call Of The Wild'), 
('ade52ecb-6b46-4821-a2ec-9a47f1a6682d', '2:30', 'Deutschland'), 
('ade52ecb-6b46-4821-a2ec-9a47f1a6682d', '3:40', 'Rosenrot'), 
('ade52ecb-6b46-4821-a2ec-9a47f1a6682d', '4:30', 'Somebody To Love'), 
('ade52ecb-6b46-4821-a2ec-9a47f1a6682d', '2:30', 'Tie Your Mother Down'), 
('d80dc812-e66b-43d8-8c5b-a90d8852fee5', '2:50', 'Just The Way You Are'), 
('d80dc812-e66b-43d8-8c5b-a90d8852fee5', '2:50', 'The Great Gig In The Sky'), 
('d80dc812-e66b-43d8-8c5b-a90d8852fee5', '4:20', 'Pas Vraiment'), 
('d80dc812-e66b-43d8-8c5b-a90d8852fee5', '3:00', 'Fils De Joie'), 
('d80dc812-e66b-43d8-8c5b-a90d8852fee5', '3:00', 'Hot And Cold'), 
('37c2b648-0fce-47ba-9e76-f06af3f0ee2a', '2:40', 'Bonne Journée'), 
('37c2b648-0fce-47ba-9e76-f06af3f0ee2a', '3:50', 'Gimme The Loot'), 
('37c2b648-0fce-47ba-9e76-f06af3f0ee2a', '2:10', 'Seventh Sun'), 
('37c2b648-0fce-47ba-9e76-f06af3f0ee2a', '4:00', 'Pas Vraiment'), 
('37c2b648-0fce-47ba-9e76-f06af3f0ee2a', '2:10', 'Machine Gun Funk'), 
('37c2b648-0fce-47ba-9e76-f06af3f0ee2a', '2:00', 'Everybody has A Dream'), 
('f44e9804-ad99-405d-af04-3baa2350393c', '4:50', 'Pas Vraiment'), 
('f44e9804-ad99-405d-af04-3baa2350393c', '4:30', 'Fils De Joie'), 
('f44e9804-ad99-405d-af04-3baa2350393c', '4:20', 'Shoot For Your Heaert'), 
('f44e9804-ad99-405d-af04-3baa2350393c', '3:30', 'Fils De Joie'), 
('f44e9804-ad99-405d-af04-3baa2350393c', '2:40', 'Bonne Journée'), 
('f44e9804-ad99-405d-af04-3baa2350393c', '2:20', 'Somebody To Love'), 
('f44e9804-ad99-405d-af04-3baa2350393c', '2:20', 'Santé'), 
('f44e9804-ad99-405d-af04-3baa2350393c', '4:00', 'Thats What I Like'), 
('0a92aefc-aa92-440e-adf6-43fc1aa7beca', '4:00', 'Fils De Joie'), 
('0a92aefc-aa92-440e-adf6-43fc1aa7beca', '4:30', 'Santé'), 
('0a92aefc-aa92-440e-adf6-43fc1aa7beca', '4:10', 'The Great Gig In The Sky'), 
('0a92aefc-aa92-440e-adf6-43fc1aa7beca', '4:50', 'Get It Right The First Time'), 
('0a92aefc-aa92-440e-adf6-43fc1aa7beca', '3:40', 'Hot And Cold'), 
('0a92aefc-aa92-440e-adf6-43fc1aa7beca', '3:50', 'Somebody To Love'), 
('0a92aefc-aa92-440e-adf6-43fc1aa7beca', '4:40', 'Machine Gun Funk'), 
('0a92aefc-aa92-440e-adf6-43fc1aa7beca', '2:00', 'Somebody To Love'), 
('502a5123-0a14-4f80-ba8f-2d78cae5dd5a', '2:20', 'Hot And Cold'), 
('502a5123-0a14-4f80-ba8f-2d78cae5dd5a', '4:40', 'The Great Gig In The Sky'), 
('502a5123-0a14-4f80-ba8f-2d78cae5dd5a', '4:20', 'Mon Amour'), 
('502a5123-0a14-4f80-ba8f-2d78cae5dd5a', '2:00', 'Tie Your Mother Down'), 
('502a5123-0a14-4f80-ba8f-2d78cae5dd5a', '2:50', 'Somebody To Love'), 
('502a5123-0a14-4f80-ba8f-2d78cae5dd5a', '2:30', 'Killer Queen'), 
('502a5123-0a14-4f80-ba8f-2d78cae5dd5a', '3:20', 'Fils De Joie'), 
('502a5123-0a14-4f80-ba8f-2d78cae5dd5a', '4:10', 'Santé'), 
('502a5123-0a14-4f80-ba8f-2d78cae5dd5a', '3:30', 'Somebody To Love'), 
('c87c7d5a-23a9-4203-a398-5ba25d77274b', '4:30', 'Machine Gun Funk'), 
('c87c7d5a-23a9-4203-a398-5ba25d77274b', '4:10', 'Bonne Journée'), 
('c87c7d5a-23a9-4203-a398-5ba25d77274b', '2:50', 'Call Of The Wild'), 
('c87c7d5a-23a9-4203-a398-5ba25d77274b', '3:30', 'Seventh Sun'), 
('c87c7d5a-23a9-4203-a398-5ba25d77274b', '4:40', 'The Great Gig In The Sky'), 
('c87c7d5a-23a9-4203-a398-5ba25d77274b', '4:50', 'Deutschland'), 
('c87c7d5a-23a9-4203-a398-5ba25d77274b', '2:20', 'The Great Gig In The Sky'), 
('c87c7d5a-23a9-4203-a398-5ba25d77274b', '2:30', 'Pas Vraiment'), 
('b099065d-6f05-45e5-adf6-cf184ad76d88', '3:30', 'Tie Your Mother Down'), 
('b099065d-6f05-45e5-adf6-cf184ad76d88', '4:20', 'Seventh Sun'), 
('b099065d-6f05-45e5-adf6-cf184ad76d88', '2:50', 'Shoot For Your Heaert'), 
('b099065d-6f05-45e5-adf6-cf184ad76d88', '2:10', 'Pas Vraiment'), 
('b099065d-6f05-45e5-adf6-cf184ad76d88', '2:50', 'Zeit'), 
('b099065d-6f05-45e5-adf6-cf184ad76d88', '4:50', 'Get It Right The First Time'), 
('0f5e1c4a-84d2-46ab-b505-b24af825bd68', '3:30', 'Machine Gun Funk'), 
('0f5e1c4a-84d2-46ab-b505-b24af825bd68', '3:30', 'Everybody has A Dream'), 
('0f5e1c4a-84d2-46ab-b505-b24af825bd68', '2:10', 'Killer Queen'), 
('0f5e1c4a-84d2-46ab-b505-b24af825bd68', '2:10', 'Somebody To Love'), 
('0f5e1c4a-84d2-46ab-b505-b24af825bd68', '2:40', 'Rosenrot'), 
('def7b95f-c0c2-48e4-bf9b-1e1494772987', '4:30', 'Somebody To Love'), 
('def7b95f-c0c2-48e4-bf9b-1e1494772987', '4:40', 'Machine Gun Funk'), 
('def7b95f-c0c2-48e4-bf9b-1e1494772987', '2:50', 'Tie Your Mother Down'), 
('def7b95f-c0c2-48e4-bf9b-1e1494772987', '2:20', 'Thats What I Like'), 
('def7b95f-c0c2-48e4-bf9b-1e1494772987', '4:20', 'Just The Way You Are'), 
('def7b95f-c0c2-48e4-bf9b-1e1494772987', '2:50', 'Santé'), 
('def7b95f-c0c2-48e4-bf9b-1e1494772987', '3:00', 'Brigthon Rock'), 
('def7b95f-c0c2-48e4-bf9b-1e1494772987', '4:30', 'Zeit'), 
('def7b95f-c0c2-48e4-bf9b-1e1494772987', '2:20', 'Zeit'), 
('68bf3d78-bc2e-4c90-8ca1-6197d7873d7b', '3:00', 'Rosenrot'), 
('68bf3d78-bc2e-4c90-8ca1-6197d7873d7b', '3:50', 'Somebody To Love'), 
('68bf3d78-bc2e-4c90-8ca1-6197d7873d7b', '4:20', 'Get It Right The First Time'), 
('68bf3d78-bc2e-4c90-8ca1-6197d7873d7b', '4:50', 'Brigthon Rock'), 
('68bf3d78-bc2e-4c90-8ca1-6197d7873d7b', '2:20', 'Somebody To Love'), 
('68bf3d78-bc2e-4c90-8ca1-6197d7873d7b', '4:30', 'Killer Queen'), 
('03f961df-fe08-4b99-b250-effd5460be35', '4:00', 'Mon Amour'), 
('03f961df-fe08-4b99-b250-effd5460be35', '4:50', 'Bonne Journée'), 
('03f961df-fe08-4b99-b250-effd5460be35', '2:20', 'Call Of The Wild'), 
('03f961df-fe08-4b99-b250-effd5460be35', '4:40', 'Santé'), 
('03f961df-fe08-4b99-b250-effd5460be35', '2:20', 'Tie Your Mother Down'), 
('03f961df-fe08-4b99-b250-effd5460be35', '2:10', 'Somebody To Love'), 
('03f961df-fe08-4b99-b250-effd5460be35', '4:40', 'Seventh Sun'), 
('03f961df-fe08-4b99-b250-effd5460be35', '3:10', 'Thats What I Like'), 
('fc536cfc-3537-4d3f-be1e-8fcaa0ce424e', '3:30', 'Bonne Journée'), 
('fc536cfc-3537-4d3f-be1e-8fcaa0ce424e', '2:50', 'Seventh Sun'), 
('fc536cfc-3537-4d3f-be1e-8fcaa0ce424e', '3:20', 'Seventh Sun'), 
('fc536cfc-3537-4d3f-be1e-8fcaa0ce424e', '2:50', 'Tie Your Mother Down'), 
('fc536cfc-3537-4d3f-be1e-8fcaa0ce424e', '4:20', 'Killer Queen'), 
('fc536cfc-3537-4d3f-be1e-8fcaa0ce424e', '2:00', 'Deutschland'), 
('fc536cfc-3537-4d3f-be1e-8fcaa0ce424e', '2:10', 'Shoot For Your Heaert'), 
('c2daa879-c2ad-4ae2-9c4e-1dff38af56ba', '3:20', 'Santé'), 
('c2daa879-c2ad-4ae2-9c4e-1dff38af56ba', '3:50', 'Hot And Cold'), 
('c2daa879-c2ad-4ae2-9c4e-1dff38af56ba', '4:30', 'Zeit'), 
('c2daa879-c2ad-4ae2-9c4e-1dff38af56ba', '4:50', 'Gimme The Loot'), 
('c2daa879-c2ad-4ae2-9c4e-1dff38af56ba', '4:20', 'Get It Right The First Time'), 
('a00b42e5-5169-4e52-a079-4d41a3c9feb8', '4:50', 'The Great Gig In The Sky'), 
('a00b42e5-5169-4e52-a079-4d41a3c9feb8', '2:00', 'Mon Amour'), 
('a00b42e5-5169-4e52-a079-4d41a3c9feb8', '3:10', 'Somebody To Love'), 
('a00b42e5-5169-4e52-a079-4d41a3c9feb8', '2:40', 'Just The Way You Are'), 
('a00b42e5-5169-4e52-a079-4d41a3c9feb8', '3:00', 'Killer Queen'), 
('d1e7c17c-ea64-4d97-8e63-dfe5ec80cbff', '2:30', 'Get It Right The First Time'), 
('d1e7c17c-ea64-4d97-8e63-dfe5ec80cbff', '3:00', 'Deutschland'), 
('d1e7c17c-ea64-4d97-8e63-dfe5ec80cbff', '3:20', 'Somebody To Love'), 
('d1e7c17c-ea64-4d97-8e63-dfe5ec80cbff', '2:40', 'Zeit'), 
('d1e7c17c-ea64-4d97-8e63-dfe5ec80cbff', '2:30', 'Pas Vraiment'), 
('d1e7c17c-ea64-4d97-8e63-dfe5ec80cbff', '3:10', 'Tie Your Mother Down'), 
('d1e7c17c-ea64-4d97-8e63-dfe5ec80cbff', '3:30', 'Hot And Cold'), 
('d1e7c17c-ea64-4d97-8e63-dfe5ec80cbff', '2:50', 'Get It Right The First Time'), 
('d1e7c17c-ea64-4d97-8e63-dfe5ec80cbff', '4:20', 'Santé'), 
('afefaf39-9ea0-41d7-ba36-556299eccbf8', '4:10', 'Call Of The Wild'), 
('afefaf39-9ea0-41d7-ba36-556299eccbf8', '3:00', 'Everybody has A Dream'), 
('afefaf39-9ea0-41d7-ba36-556299eccbf8', '3:10', 'Just The Way You Are'), 
('afefaf39-9ea0-41d7-ba36-556299eccbf8', '4:50', 'Machine Gun Funk'), 
('afefaf39-9ea0-41d7-ba36-556299eccbf8', '2:30', 'Rosenrot'), 
('afefaf39-9ea0-41d7-ba36-556299eccbf8', '3:20', 'Tie Your Mother Down'), 
('afefaf39-9ea0-41d7-ba36-556299eccbf8', '2:50', 'Thats What I Like'), 
('afefaf39-9ea0-41d7-ba36-556299eccbf8', '3:20', 'Call Of The Wild'), 
('afefaf39-9ea0-41d7-ba36-556299eccbf8', '4:20', 'Seventh Sun'), 
('4c0dae8d-8c0f-4941-9ad4-3fbe17058240', '4:20', 'Everybody has A Dream'), 
('4c0dae8d-8c0f-4941-9ad4-3fbe17058240', '3:00', 'Deutschland'), 
('4c0dae8d-8c0f-4941-9ad4-3fbe17058240', '4:00', 'Rosenrot'), 
('4c0dae8d-8c0f-4941-9ad4-3fbe17058240', '3:30', 'Bonne Journée'), 
('4c0dae8d-8c0f-4941-9ad4-3fbe17058240', '4:30', 'Rosenrot'), 
('4c0dae8d-8c0f-4941-9ad4-3fbe17058240', '2:30', 'Rosenrot'), 
('4c0dae8d-8c0f-4941-9ad4-3fbe17058240', '2:00', 'Shoot For Your Heaert'), 
('55d7a6b5-1417-4ef3-b565-f67ab819f04d', '3:50', 'Thats What I Like'), 
('55d7a6b5-1417-4ef3-b565-f67ab819f04d', '4:00', 'Seventh Sun'), 
('55d7a6b5-1417-4ef3-b565-f67ab819f04d', '3:20', 'Killer Queen'), 
('55d7a6b5-1417-4ef3-b565-f67ab819f04d', '4:00', 'Rosenrot'), 
('55d7a6b5-1417-4ef3-b565-f67ab819f04d', '4:10', 'Rosenrot'), 
('138116f0-c2c9-4455-92c8-3fa9fc23e610', '2:00', 'Thats What I Like'), 
('138116f0-c2c9-4455-92c8-3fa9fc23e610', '4:20', 'Get It Right The First Time'), 
('138116f0-c2c9-4455-92c8-3fa9fc23e610', '4:10', 'Call Of The Wild'), 
('138116f0-c2c9-4455-92c8-3fa9fc23e610', '2:00', 'Hot And Cold'), 
('138116f0-c2c9-4455-92c8-3fa9fc23e610', '4:10', 'Rosenrot'), 
('138116f0-c2c9-4455-92c8-3fa9fc23e610', '4:20', 'Killer Queen'), 
('138116f0-c2c9-4455-92c8-3fa9fc23e610', '4:20', 'Shoot For Your Heaert'), 
('138116f0-c2c9-4455-92c8-3fa9fc23e610', '3:20', 'The Great Gig In The Sky'), 
('138116f0-c2c9-4455-92c8-3fa9fc23e610', '3:30', 'Rosenrot'), 
('7d451928-2ffe-41f0-876c-62343a6383b4', '3:40', 'Pas Vraiment'), 
('7d451928-2ffe-41f0-876c-62343a6383b4', '4:30', 'Zeit'), 
('7d451928-2ffe-41f0-876c-62343a6383b4', '2:30', 'Just The Way You Are'), 
('7d451928-2ffe-41f0-876c-62343a6383b4', '3:40', 'Rosenrot'), 
('7d451928-2ffe-41f0-876c-62343a6383b4', '4:50', 'Thats What I Like'), 
('7d451928-2ffe-41f0-876c-62343a6383b4', '2:00', 'Brigthon Rock'), 
('cf9b7aee-7cde-4604-8d49-996687170ce9', '2:40', 'Mon Amour'), 
('cf9b7aee-7cde-4604-8d49-996687170ce9', '4:00', 'Bonne Journée'), 
('cf9b7aee-7cde-4604-8d49-996687170ce9', '3:40', 'Bonne Journée'), 
('cf9b7aee-7cde-4604-8d49-996687170ce9', '2:50', 'Pas Vraiment'), 
('cf9b7aee-7cde-4604-8d49-996687170ce9', '3:50', 'Mon Amour'), 
('cf9b7aee-7cde-4604-8d49-996687170ce9', '3:20', 'Pas Vraiment'), 
('cf9b7aee-7cde-4604-8d49-996687170ce9', '3:50', 'Hot And Cold'), 
('cf9b7aee-7cde-4604-8d49-996687170ce9', '3:00', 'Just The Way You Are'), 
('b18d6a9f-eb39-4678-8c33-388962136f93', '3:40', 'Thats What I Like'), 
('b18d6a9f-eb39-4678-8c33-388962136f93', '4:30', 'Tie Your Mother Down'), 
('b18d6a9f-eb39-4678-8c33-388962136f93', '4:30', 'Everybody has A Dream'), 
('b18d6a9f-eb39-4678-8c33-388962136f93', '2:40', 'Zeit'), 
('b18d6a9f-eb39-4678-8c33-388962136f93', '3:10', 'Everybody has A Dream'), 
('b18d6a9f-eb39-4678-8c33-388962136f93', '2:20', 'Fils De Joie'), 
('b18d6a9f-eb39-4678-8c33-388962136f93', '4:10', 'Fils De Joie'), 
('bd2cfe01-5304-4ce9-9cf7-2ef117bc69c2', '4:30', 'Thats What I Like'), 
('bd2cfe01-5304-4ce9-9cf7-2ef117bc69c2', '3:10', 'Hot And Cold'), 
('bd2cfe01-5304-4ce9-9cf7-2ef117bc69c2', '4:10', 'Zeit'), 
('bd2cfe01-5304-4ce9-9cf7-2ef117bc69c2', '2:40', 'Brigthon Rock'), 
('bd2cfe01-5304-4ce9-9cf7-2ef117bc69c2', '2:30', 'Get It Right The First Time'), 
('bd2cfe01-5304-4ce9-9cf7-2ef117bc69c2', '2:00', 'Hot And Cold'), 
('bd2cfe01-5304-4ce9-9cf7-2ef117bc69c2', '3:20', 'Call Of The Wild'), 
('bd2cfe01-5304-4ce9-9cf7-2ef117bc69c2', '3:00', 'The Great Gig In The Sky'), 
('c293157c-e70c-4641-9a5c-1ef514b49a5b', '2:10', 'Gimme The Loot'), 
('c293157c-e70c-4641-9a5c-1ef514b49a5b', '4:40', 'Killer Queen'), 
('c293157c-e70c-4641-9a5c-1ef514b49a5b', '4:50', 'Just The Way You Are'), 
('c293157c-e70c-4641-9a5c-1ef514b49a5b', '4:30', 'Killer Queen'), 
('c293157c-e70c-4641-9a5c-1ef514b49a5b', '4:10', 'Everybody has A Dream'), 
('c293157c-e70c-4641-9a5c-1ef514b49a5b', '2:20', 'Thats What I Like'), 
('c293157c-e70c-4641-9a5c-1ef514b49a5b', '4:10', 'Brigthon Rock'), 
('c293157c-e70c-4641-9a5c-1ef514b49a5b', '4:30', 'Pas Vraiment'), 
('c293157c-e70c-4641-9a5c-1ef514b49a5b', '3:10', 'Pas Vraiment'), 
('8c0475ba-b1af-4d21-8f65-10614a222a00', '4:50', 'Hot And Cold'), 
('8c0475ba-b1af-4d21-8f65-10614a222a00', '4:30', 'Shoot For Your Heaert'), 
('8c0475ba-b1af-4d21-8f65-10614a222a00', '3:40', 'Somebody To Love'), 
('8c0475ba-b1af-4d21-8f65-10614a222a00', '4:10', 'Zeit'), 
('8c0475ba-b1af-4d21-8f65-10614a222a00', '3:30', 'The Great Gig In The Sky'), 
('da361520-2c05-4adb-a277-80561159f1b5', '3:30', 'Machine Gun Funk'), 
('da361520-2c05-4adb-a277-80561159f1b5', '3:00', 'Zeit'), 
('da361520-2c05-4adb-a277-80561159f1b5', '2:00', 'Fils De Joie'), 
('da361520-2c05-4adb-a277-80561159f1b5', '4:50', 'Mon Amour'), 
('da361520-2c05-4adb-a277-80561159f1b5', '2:00', 'Brigthon Rock'), 
('da361520-2c05-4adb-a277-80561159f1b5', '2:50', 'Brigthon Rock'), 
('b732e546-8acb-464e-82f0-c20d6edbf5b8', '4:50', 'Rosenrot'), 
('b732e546-8acb-464e-82f0-c20d6edbf5b8', '2:50', 'Machine Gun Funk'), 
('b732e546-8acb-464e-82f0-c20d6edbf5b8', '2:30', 'Seventh Sun'), 
('b732e546-8acb-464e-82f0-c20d6edbf5b8', '2:40', 'Hot And Cold'), 
('b732e546-8acb-464e-82f0-c20d6edbf5b8', '2:50', 'Everybody has A Dream'), 
('b732e546-8acb-464e-82f0-c20d6edbf5b8', '3:10', 'Pas Vraiment'), 
('b732e546-8acb-464e-82f0-c20d6edbf5b8', '3:10', 'Brigthon Rock'), 
('5f53155f-4731-47ca-b7ed-8926ab7ea53f', '3:20', 'Fils De Joie'), 
('5f53155f-4731-47ca-b7ed-8926ab7ea53f', '4:00', 'Bonne Journée'), 
('5f53155f-4731-47ca-b7ed-8926ab7ea53f', '4:50', 'Hot And Cold'), 
('5f53155f-4731-47ca-b7ed-8926ab7ea53f', '4:00', 'Gimme The Loot'), 
('5f53155f-4731-47ca-b7ed-8926ab7ea53f', '4:40', 'Santé'), 
('5f53155f-4731-47ca-b7ed-8926ab7ea53f', '3:00', 'Thats What I Like'), 
('bcfe7042-4866-4434-ac46-40c2a806e4c7', '2:20', 'Santé'), 
('bcfe7042-4866-4434-ac46-40c2a806e4c7', '4:50', 'Hot And Cold'), 
('bcfe7042-4866-4434-ac46-40c2a806e4c7', '4:00', 'Tie Your Mother Down'), 
('bcfe7042-4866-4434-ac46-40c2a806e4c7', '3:50', 'Santé'), 
('bcfe7042-4866-4434-ac46-40c2a806e4c7', '4:10', 'Tie Your Mother Down'), 
('c2b8a80f-2d77-4eaa-ac0c-888bf004c0f2', '2:50', 'Machine Gun Funk'), 
('c2b8a80f-2d77-4eaa-ac0c-888bf004c0f2', '2:30', 'Shoot For Your Heaert'), 
('c2b8a80f-2d77-4eaa-ac0c-888bf004c0f2', '2:00', 'Fils De Joie'), 
('c2b8a80f-2d77-4eaa-ac0c-888bf004c0f2', '3:00', 'Bonne Journée'), 
('c2b8a80f-2d77-4eaa-ac0c-888bf004c0f2', '3:50', 'Get It Right The First Time'), 
('c2b8a80f-2d77-4eaa-ac0c-888bf004c0f2', '3:00', 'Somebody To Love'), 
('bfb23afc-273b-4bb6-be3b-6be978b1e4a7', '4:00', 'The Great Gig In The Sky'), 
('bfb23afc-273b-4bb6-be3b-6be978b1e4a7', '4:00', 'Zeit'), 
('bfb23afc-273b-4bb6-be3b-6be978b1e4a7', '4:50', 'Killer Queen'), 
('bfb23afc-273b-4bb6-be3b-6be978b1e4a7', '4:50', 'Pas Vraiment'), 
('bfb23afc-273b-4bb6-be3b-6be978b1e4a7', '3:30', 'Zeit'), 
('bfb23afc-273b-4bb6-be3b-6be978b1e4a7', '2:10', 'Santé'), 
('bfb23afc-273b-4bb6-be3b-6be978b1e4a7', '3:30', 'Machine Gun Funk'), 
('bfb23afc-273b-4bb6-be3b-6be978b1e4a7', '3:00', 'Everybody has A Dream'), 
('74fbd118-332e-485f-a23f-112d51f5290d', '2:10', 'Mon Amour'), 
('74fbd118-332e-485f-a23f-112d51f5290d', '2:50', 'Santé'), 
('74fbd118-332e-485f-a23f-112d51f5290d', '2:40', 'Shoot For Your Heaert'), 
('74fbd118-332e-485f-a23f-112d51f5290d', '3:30', 'Santé'), 
('74fbd118-332e-485f-a23f-112d51f5290d', '3:40', 'Thats What I Like'), 
('74fbd118-332e-485f-a23f-112d51f5290d', '4:00', 'Call Of The Wild'), 
('74fbd118-332e-485f-a23f-112d51f5290d', '4:20', 'Mon Amour'), 
('afb6f4ea-f6d5-467b-bdc1-9e3e37dad64e', '4:00', 'Killer Queen'), 
('afb6f4ea-f6d5-467b-bdc1-9e3e37dad64e', '2:30', 'Seventh Sun'), 
('afb6f4ea-f6d5-467b-bdc1-9e3e37dad64e', '4:40', 'Mon Amour'), 
('afb6f4ea-f6d5-467b-bdc1-9e3e37dad64e', '3:00', 'Bonne Journée'), 
('afb6f4ea-f6d5-467b-bdc1-9e3e37dad64e', '4:00', 'The Great Gig In The Sky'), 
('1d081e71-268d-4455-8005-90007c8d97e6', '4:20', 'Brigthon Rock'), 
('1d081e71-268d-4455-8005-90007c8d97e6', '4:50', 'Just The Way You Are'), 
('1d081e71-268d-4455-8005-90007c8d97e6', '4:10', 'Killer Queen'), 
('1d081e71-268d-4455-8005-90007c8d97e6', '3:20', 'Zeit'), 
('1d081e71-268d-4455-8005-90007c8d97e6', '2:50', 'Pas Vraiment'), 
('1d081e71-268d-4455-8005-90007c8d97e6', '4:40', 'Machine Gun Funk'), 
('1d081e71-268d-4455-8005-90007c8d97e6', '2:50', 'Mon Amour'), 
('909e8273-a58d-4d8d-bc74-a61f28750fe7', '2:30', 'Rosenrot'), 
('909e8273-a58d-4d8d-bc74-a61f28750fe7', '3:00', 'Seventh Sun'), 
('909e8273-a58d-4d8d-bc74-a61f28750fe7', '3:50', 'Zeit'), 
('909e8273-a58d-4d8d-bc74-a61f28750fe7', '4:50', 'Somebody To Love'), 
('909e8273-a58d-4d8d-bc74-a61f28750fe7', '4:00', 'Mon Amour'), 
('909e8273-a58d-4d8d-bc74-a61f28750fe7', '4:00', 'Tie Your Mother Down'), 
('909e8273-a58d-4d8d-bc74-a61f28750fe7', '3:40', 'Rosenrot'), 
('909e8273-a58d-4d8d-bc74-a61f28750fe7', '4:00', 'Somebody To Love'), 
('787fc1d5-55a9-4c89-9c56-ad493362c3f6', '3:00', 'Hot And Cold'), 
('787fc1d5-55a9-4c89-9c56-ad493362c3f6', '2:50', 'Hot And Cold'), 
('787fc1d5-55a9-4c89-9c56-ad493362c3f6', '3:10', 'Seventh Sun'), 
('787fc1d5-55a9-4c89-9c56-ad493362c3f6', '4:40', 'Santé'), 
('787fc1d5-55a9-4c89-9c56-ad493362c3f6', '2:40', 'Tie Your Mother Down'), 
('787fc1d5-55a9-4c89-9c56-ad493362c3f6', '3:30', 'Get It Right The First Time'), 
('787fc1d5-55a9-4c89-9c56-ad493362c3f6', '4:30', 'Call Of The Wild'), 
('3932c7ec-8a7f-4f98-99d1-a367d7641f05', '2:40', 'Brigthon Rock'), 
('3932c7ec-8a7f-4f98-99d1-a367d7641f05', '3:20', 'Zeit'), 
('3932c7ec-8a7f-4f98-99d1-a367d7641f05', '4:00', 'Zeit'), 
('3932c7ec-8a7f-4f98-99d1-a367d7641f05', '3:30', 'Mon Amour'), 
('3932c7ec-8a7f-4f98-99d1-a367d7641f05', '3:10', 'Everybody has A Dream'), 
('3932c7ec-8a7f-4f98-99d1-a367d7641f05', '2:40', 'Gimme The Loot'), 
('3932c7ec-8a7f-4f98-99d1-a367d7641f05', '2:30', 'Get It Right The First Time'), 
('3932c7ec-8a7f-4f98-99d1-a367d7641f05', '4:30', 'Killer Queen'), 
('194d86f8-b6ae-453c-bc81-ebcd9f5203d8', '4:10', 'Just The Way You Are'), 
('194d86f8-b6ae-453c-bc81-ebcd9f5203d8', '3:30', 'Rosenrot'), 
('194d86f8-b6ae-453c-bc81-ebcd9f5203d8', '2:20', 'Zeit'), 
('194d86f8-b6ae-453c-bc81-ebcd9f5203d8', '3:00', 'Deutschland'), 
('194d86f8-b6ae-453c-bc81-ebcd9f5203d8', '4:00', 'Brigthon Rock'), 
('194d86f8-b6ae-453c-bc81-ebcd9f5203d8', '4:30', 'Rosenrot'), 
('194d86f8-b6ae-453c-bc81-ebcd9f5203d8', '2:40', 'Machine Gun Funk'), 
('194d86f8-b6ae-453c-bc81-ebcd9f5203d8', '2:00', 'Deutschland'), 
('6378d8e1-88de-4886-901c-ec82e0d9bee5', '3:50', 'Somebody To Love'), 
('6378d8e1-88de-4886-901c-ec82e0d9bee5', '3:10', 'Mon Amour'), 
('6378d8e1-88de-4886-901c-ec82e0d9bee5', '2:00', 'Get It Right The First Time'), 
('6378d8e1-88de-4886-901c-ec82e0d9bee5', '3:30', 'Get It Right The First Time'), 
('6378d8e1-88de-4886-901c-ec82e0d9bee5', '4:40', 'Deutschland'), 
('6378d8e1-88de-4886-901c-ec82e0d9bee5', '2:10', 'Mon Amour'), 
('6378d8e1-88de-4886-901c-ec82e0d9bee5', '2:10', 'Somebody To Love'), 
('6378d8e1-88de-4886-901c-ec82e0d9bee5', '2:00', 'Bonne Journée'), 
('6378d8e1-88de-4886-901c-ec82e0d9bee5', '3:20', 'Rosenrot'), 
('f855194a-d3da-44eb-8f64-23331fcf71e9', '2:20', 'Hot And Cold'), 
('f855194a-d3da-44eb-8f64-23331fcf71e9', '4:50', 'Gimme The Loot'), 
('f855194a-d3da-44eb-8f64-23331fcf71e9', '2:30', 'Gimme The Loot'), 
('f855194a-d3da-44eb-8f64-23331fcf71e9', '3:40', 'Rosenrot'), 
('f855194a-d3da-44eb-8f64-23331fcf71e9', '3:30', 'Fils De Joie'), 
('f855194a-d3da-44eb-8f64-23331fcf71e9', '3:10', 'Santé'), 
('f988c9ef-6bc2-4daa-8a98-ba6a37ec731f', '4:00', 'Pas Vraiment'), 
('f988c9ef-6bc2-4daa-8a98-ba6a37ec731f', '2:20', 'Get It Right The First Time'), 
('f988c9ef-6bc2-4daa-8a98-ba6a37ec731f', '4:40', 'Santé'), 
('f988c9ef-6bc2-4daa-8a98-ba6a37ec731f', '2:50', 'Deutschland'), 
('f988c9ef-6bc2-4daa-8a98-ba6a37ec731f', '4:30', 'Deutschland'), 
('f988c9ef-6bc2-4daa-8a98-ba6a37ec731f', '4:50', 'Killer Queen'), 
('fd9162ee-50de-448b-bcfe-e438c81cd294', '3:40', 'Just The Way You Are'), 
('fd9162ee-50de-448b-bcfe-e438c81cd294', '4:00', 'Santé'), 
('fd9162ee-50de-448b-bcfe-e438c81cd294', '4:20', 'Hot And Cold'), 
('fd9162ee-50de-448b-bcfe-e438c81cd294', '4:40', 'Brigthon Rock'), 
('fd9162ee-50de-448b-bcfe-e438c81cd294', '4:00', 'Brigthon Rock'), 
('fd9162ee-50de-448b-bcfe-e438c81cd294', '4:40', 'Seventh Sun'), 
('fd9162ee-50de-448b-bcfe-e438c81cd294', '3:50', 'Machine Gun Funk'), 
('fd9162ee-50de-448b-bcfe-e438c81cd294', '3:50', 'Everybody has A Dream'), 
('fd9162ee-50de-448b-bcfe-e438c81cd294', '4:20', 'Killer Queen'), 
('56cac70e-f0f0-4788-94a1-3265cdca564f', '3:00', 'Gimme The Loot'), 
('56cac70e-f0f0-4788-94a1-3265cdca564f', '2:10', 'Seventh Sun'), 
('56cac70e-f0f0-4788-94a1-3265cdca564f', '2:20', 'Thats What I Like'), 
('56cac70e-f0f0-4788-94a1-3265cdca564f', '3:20', 'Shoot For Your Heaert'), 
('56cac70e-f0f0-4788-94a1-3265cdca564f', '2:30', 'Tie Your Mother Down'), 
('56cac70e-f0f0-4788-94a1-3265cdca564f', '2:10', 'Everybody has A Dream'), 
('56cac70e-f0f0-4788-94a1-3265cdca564f', '2:00', 'Hot And Cold'), 
('23d25dd2-12e1-4c18-9c1f-f67fa6504c32', '3:10', 'Tie Your Mother Down'), 
('23d25dd2-12e1-4c18-9c1f-f67fa6504c32', '2:40', 'Thats What I Like'), 
('23d25dd2-12e1-4c18-9c1f-f67fa6504c32', '2:50', 'Fils De Joie'), 
('23d25dd2-12e1-4c18-9c1f-f67fa6504c32', '4:10', 'Tie Your Mother Down'), 
('23d25dd2-12e1-4c18-9c1f-f67fa6504c32', '3:30', 'Mon Amour'), 
('23d25dd2-12e1-4c18-9c1f-f67fa6504c32', '3:00', 'Seventh Sun'), 
('e7e7a50a-8d81-4669-a689-73b4faf439eb', '3:20', 'Killer Queen'), 
('e7e7a50a-8d81-4669-a689-73b4faf439eb', '2:20', 'Brigthon Rock'), 
('e7e7a50a-8d81-4669-a689-73b4faf439eb', '3:50', 'Shoot For Your Heaert'), 
('e7e7a50a-8d81-4669-a689-73b4faf439eb', '2:00', 'Thats What I Like'), 
('e7e7a50a-8d81-4669-a689-73b4faf439eb', '4:30', 'Hot And Cold'), 
('a34aafa7-9eb1-44d3-be47-987f1ecddc65', '2:50', 'Just The Way You Are'), 
('a34aafa7-9eb1-44d3-be47-987f1ecddc65', '4:30', 'Call Of The Wild'), 
('a34aafa7-9eb1-44d3-be47-987f1ecddc65', '4:10', 'The Great Gig In The Sky'), 
('a34aafa7-9eb1-44d3-be47-987f1ecddc65', '3:30', 'Thats What I Like'), 
('a34aafa7-9eb1-44d3-be47-987f1ecddc65', '2:30', 'Seventh Sun'), 
('a34aafa7-9eb1-44d3-be47-987f1ecddc65', '4:40', 'Shoot For Your Heaert'), 
('a34aafa7-9eb1-44d3-be47-987f1ecddc65', '2:10', 'Santé'), 
('71faf0da-f18b-47d7-8fa6-304e8bd7d622', '3:10', 'Just The Way You Are'), 
('71faf0da-f18b-47d7-8fa6-304e8bd7d622', '4:50', 'Shoot For Your Heaert'), 
('71faf0da-f18b-47d7-8fa6-304e8bd7d622', '2:00', 'Shoot For Your Heaert'), 
('71faf0da-f18b-47d7-8fa6-304e8bd7d622', '4:00', 'Bonne Journée'), 
('71faf0da-f18b-47d7-8fa6-304e8bd7d622', '4:50', 'Deutschland'), 
('71faf0da-f18b-47d7-8fa6-304e8bd7d622', '3:50', 'Bonne Journée'), 
('71faf0da-f18b-47d7-8fa6-304e8bd7d622', '2:20', 'Seventh Sun'), 
('6863f595-aeb1-4ce4-84ed-1dbd3d8e0411', '2:30', 'Mon Amour'), 
('6863f595-aeb1-4ce4-84ed-1dbd3d8e0411', '2:40', 'Gimme The Loot'), 
('6863f595-aeb1-4ce4-84ed-1dbd3d8e0411', '4:30', 'Everybody has A Dream'), 
('6863f595-aeb1-4ce4-84ed-1dbd3d8e0411', '4:50', 'Hot And Cold'), 
('6863f595-aeb1-4ce4-84ed-1dbd3d8e0411', '2:10', 'Deutschland'), 
('6863f595-aeb1-4ce4-84ed-1dbd3d8e0411', '2:20', 'Brigthon Rock'), 
('788236f2-e64a-499e-a6e4-6a67020b5e3f', '3:20', 'Get It Right The First Time'), 
('788236f2-e64a-499e-a6e4-6a67020b5e3f', '4:40', 'Just The Way You Are'), 
('788236f2-e64a-499e-a6e4-6a67020b5e3f', '3:20', 'Somebody To Love'), 
('788236f2-e64a-499e-a6e4-6a67020b5e3f', '2:10', 'Thats What I Like'), 
('788236f2-e64a-499e-a6e4-6a67020b5e3f', '4:10', 'Machine Gun Funk'), 
('788236f2-e64a-499e-a6e4-6a67020b5e3f', '4:00', 'Mon Amour'), 
('d524f58f-f1df-4fab-82f7-95edda26c473', '4:30', 'Killer Queen'), 
('d524f58f-f1df-4fab-82f7-95edda26c473', '3:30', 'Zeit'), 
('d524f58f-f1df-4fab-82f7-95edda26c473', '4:20', 'Hot And Cold'), 
('d524f58f-f1df-4fab-82f7-95edda26c473', '3:20', 'Hot And Cold'), 
('d524f58f-f1df-4fab-82f7-95edda26c473', '4:30', 'Santé'), 
('d524f58f-f1df-4fab-82f7-95edda26c473', '3:10', 'Thats What I Like'), 
('d524f58f-f1df-4fab-82f7-95edda26c473', '4:50', 'Rosenrot'), 
('4649ec95-6a23-452c-ad96-7e2497ea91e8', '4:20', 'Santé'), 
('4649ec95-6a23-452c-ad96-7e2497ea91e8', '3:30', 'Bonne Journée'), 
('4649ec95-6a23-452c-ad96-7e2497ea91e8', '3:40', 'Gimme The Loot'), 
('4649ec95-6a23-452c-ad96-7e2497ea91e8', '4:30', 'Hot And Cold'), 
('4649ec95-6a23-452c-ad96-7e2497ea91e8', '2:30', 'Deutschland'), 
('4649ec95-6a23-452c-ad96-7e2497ea91e8', '4:50', 'Everybody has A Dream'), 
('a869cf9b-c14e-464e-9177-51ec3efa029b', '3:20', 'Hot And Cold'), 
('a869cf9b-c14e-464e-9177-51ec3efa029b', '2:50', 'Gimme The Loot'), 
('a869cf9b-c14e-464e-9177-51ec3efa029b', '4:50', 'Somebody To Love'), 
('a869cf9b-c14e-464e-9177-51ec3efa029b', '4:40', 'Santé'), 
('a869cf9b-c14e-464e-9177-51ec3efa029b', '3:30', 'Shoot For Your Heaert'), 
('a869cf9b-c14e-464e-9177-51ec3efa029b', '4:50', 'Call Of The Wild'), 
('a869cf9b-c14e-464e-9177-51ec3efa029b', '3:10', 'Call Of The Wild'), 
('a869cf9b-c14e-464e-9177-51ec3efa029b', '2:30', 'Santé'), 
('d63f4679-c216-4109-97d6-fb907e69c547', '4:30', 'Fils De Joie'), 
('d63f4679-c216-4109-97d6-fb907e69c547', '4:10', 'Seventh Sun'), 
('d63f4679-c216-4109-97d6-fb907e69c547', '4:50', 'Gimme The Loot'), 
('d63f4679-c216-4109-97d6-fb907e69c547', '3:00', 'Machine Gun Funk'), 
('d63f4679-c216-4109-97d6-fb907e69c547', '3:00', 'Killer Queen'), 
('d63f4679-c216-4109-97d6-fb907e69c547', '3:20', 'Shoot For Your Heaert'), 
('d63f4679-c216-4109-97d6-fb907e69c547', '2:30', 'Bonne Journée'), 
('d63f4679-c216-4109-97d6-fb907e69c547', '2:40', 'Fils De Joie'), 
('d63f4679-c216-4109-97d6-fb907e69c547', '2:00', 'Gimme The Loot'), 
('09f963f4-5dd8-4919-bd55-d085753e2df6', '3:20', 'Santé'), 
('09f963f4-5dd8-4919-bd55-d085753e2df6', '3:00', 'Machine Gun Funk'), 
('09f963f4-5dd8-4919-bd55-d085753e2df6', '3:10', 'Killer Queen'), 
('09f963f4-5dd8-4919-bd55-d085753e2df6', '2:10', 'Get It Right The First Time'), 
('09f963f4-5dd8-4919-bd55-d085753e2df6', '3:00', 'Deutschland'), 
('09f963f4-5dd8-4919-bd55-d085753e2df6', '4:30', 'Mon Amour'), 
('09f963f4-5dd8-4919-bd55-d085753e2df6', '3:20', 'Call Of The Wild'), 
('09f963f4-5dd8-4919-bd55-d085753e2df6', '4:40', 'Shoot For Your Heaert'), 
('322bd0c2-3f81-41de-88c0-a3bc9e28fd23', '2:00', 'Just The Way You Are'), 
('322bd0c2-3f81-41de-88c0-a3bc9e28fd23', '3:00', 'Tie Your Mother Down'), 
('322bd0c2-3f81-41de-88c0-a3bc9e28fd23', '3:30', 'Shoot For Your Heaert'), 
('322bd0c2-3f81-41de-88c0-a3bc9e28fd23', '4:30', 'Machine Gun Funk'), 
('322bd0c2-3f81-41de-88c0-a3bc9e28fd23', '2:30', 'Pas Vraiment'), 
('322bd0c2-3f81-41de-88c0-a3bc9e28fd23', '2:00', 'Zeit'), 
('322bd0c2-3f81-41de-88c0-a3bc9e28fd23', '3:40', 'Call Of The Wild'), 
('72ea3062-2c0a-4970-bdfd-487ed81411f3', '3:40', 'Shoot For Your Heaert'), 
('72ea3062-2c0a-4970-bdfd-487ed81411f3', '3:30', 'Bonne Journée'), 
('72ea3062-2c0a-4970-bdfd-487ed81411f3', '3:20', 'Tie Your Mother Down'), 
('72ea3062-2c0a-4970-bdfd-487ed81411f3', '4:00', 'Rosenrot'), 
('72ea3062-2c0a-4970-bdfd-487ed81411f3', '3:50', 'Shoot For Your Heaert'), 
('72ea3062-2c0a-4970-bdfd-487ed81411f3', '3:10', 'Deutschland'), 
('1b217ffb-1479-4605-83df-acd6b0a385b9', '2:00', 'Pas Vraiment'), 
('1b217ffb-1479-4605-83df-acd6b0a385b9', '4:00', 'Zeit'), 
('1b217ffb-1479-4605-83df-acd6b0a385b9', '4:30', 'Fils De Joie'), 
('1b217ffb-1479-4605-83df-acd6b0a385b9', '2:20', 'Killer Queen'), 
('1b217ffb-1479-4605-83df-acd6b0a385b9', '2:00', 'Killer Queen'), 
('1b217ffb-1479-4605-83df-acd6b0a385b9', '3:50', 'Get It Right The First Time'), 
('4af1f3f5-afed-46c2-8ae0-5b876693b7e8', '3:50', 'Fils De Joie'), 
('4af1f3f5-afed-46c2-8ae0-5b876693b7e8', '2:20', 'Mon Amour'), 
('4af1f3f5-afed-46c2-8ae0-5b876693b7e8', '3:50', 'Pas Vraiment'), 
('4af1f3f5-afed-46c2-8ae0-5b876693b7e8', '2:30', 'Bonne Journée'), 
('4af1f3f5-afed-46c2-8ae0-5b876693b7e8', '3:20', 'Bonne Journée'), 
('4af1f3f5-afed-46c2-8ae0-5b876693b7e8', '3:40', 'Rosenrot'), 
('be2d9227-f988-4848-b29d-670615d2993f', '3:20', 'Pas Vraiment'), 
('be2d9227-f988-4848-b29d-670615d2993f', '3:00', 'The Great Gig In The Sky'), 
('be2d9227-f988-4848-b29d-670615d2993f', '3:30', 'Seventh Sun'), 
('be2d9227-f988-4848-b29d-670615d2993f', '4:20', 'Hot And Cold'), 
('be2d9227-f988-4848-b29d-670615d2993f', '4:00', 'Rosenrot'), 
('360f6427-1006-43ee-8cab-c8850c3947b9', '4:50', 'Santé'), 
('360f6427-1006-43ee-8cab-c8850c3947b9', '3:10', 'Gimme The Loot'), 
('360f6427-1006-43ee-8cab-c8850c3947b9', '3:50', 'Fils De Joie'), 
('360f6427-1006-43ee-8cab-c8850c3947b9', '4:20', 'Thats What I Like'), 
('360f6427-1006-43ee-8cab-c8850c3947b9', '4:40', 'Call Of The Wild'), 
('360f6427-1006-43ee-8cab-c8850c3947b9', '4:40', 'Seventh Sun'), 
('de4acfbe-b2e4-4264-86ee-497c0b8d2a56', '4:40', 'Killer Queen'), 
('de4acfbe-b2e4-4264-86ee-497c0b8d2a56', '2:40', 'Call Of The Wild'), 
('de4acfbe-b2e4-4264-86ee-497c0b8d2a56', '3:10', 'Shoot For Your Heaert'), 
('de4acfbe-b2e4-4264-86ee-497c0b8d2a56', '4:00', 'Mon Amour'), 
('de4acfbe-b2e4-4264-86ee-497c0b8d2a56', '3:00', 'Rosenrot'), 
('de4acfbe-b2e4-4264-86ee-497c0b8d2a56', '4:50', 'Brigthon Rock'), 
('de4acfbe-b2e4-4264-86ee-497c0b8d2a56', '3:20', 'Hot And Cold'), 
('de4acfbe-b2e4-4264-86ee-497c0b8d2a56', '2:10', 'Hot And Cold'), 
('de4acfbe-b2e4-4264-86ee-497c0b8d2a56', '3:00', 'Call Of The Wild'), 
('3e8d44a0-5bec-420a-b9d8-eaad0c3a2f94', '2:50', 'Gimme The Loot'), 
('3e8d44a0-5bec-420a-b9d8-eaad0c3a2f94', '3:50', 'Hot And Cold'), 
('3e8d44a0-5bec-420a-b9d8-eaad0c3a2f94', '2:30', 'Gimme The Loot'), 
('3e8d44a0-5bec-420a-b9d8-eaad0c3a2f94', '2:00', 'Somebody To Love'), 
('3e8d44a0-5bec-420a-b9d8-eaad0c3a2f94', '4:40', 'Fils De Joie'), 
('3e8d44a0-5bec-420a-b9d8-eaad0c3a2f94', '3:30', 'Seventh Sun'), 
('3e8d44a0-5bec-420a-b9d8-eaad0c3a2f94', '2:30', 'Just The Way You Are'), 
('5f963ff5-62e6-4221-914c-807bdf7369b3', '2:50', 'Gimme The Loot'), 
('5f963ff5-62e6-4221-914c-807bdf7369b3', '3:30', 'Hot And Cold'), 
('5f963ff5-62e6-4221-914c-807bdf7369b3', '4:30', 'Rosenrot'), 
('5f963ff5-62e6-4221-914c-807bdf7369b3', '3:40', 'Thats What I Like'), 
('5f963ff5-62e6-4221-914c-807bdf7369b3', '3:30', 'Zeit'), 
('5f963ff5-62e6-4221-914c-807bdf7369b3', '3:00', 'Brigthon Rock'), 
('668e473f-fb25-43ad-a776-8d67ca0d2d7f', '4:50', 'Call Of The Wild'), 
('668e473f-fb25-43ad-a776-8d67ca0d2d7f', '3:40', 'The Great Gig In The Sky'), 
('668e473f-fb25-43ad-a776-8d67ca0d2d7f', '4:10', 'Mon Amour'), 
('668e473f-fb25-43ad-a776-8d67ca0d2d7f', '2:40', 'Gimme The Loot'), 
('668e473f-fb25-43ad-a776-8d67ca0d2d7f', '3:20', 'Brigthon Rock'), 
('668e473f-fb25-43ad-a776-8d67ca0d2d7f', '2:30', 'Thats What I Like'), 
('23e1511d-1d21-4a82-9025-47d9d8fe8bcb', '3:00', 'Somebody To Love'), 
('23e1511d-1d21-4a82-9025-47d9d8fe8bcb', '4:40', 'Hot And Cold'), 
('23e1511d-1d21-4a82-9025-47d9d8fe8bcb', '4:10', 'Get It Right The First Time'), 
('23e1511d-1d21-4a82-9025-47d9d8fe8bcb', '2:40', 'Call Of The Wild'), 
('23e1511d-1d21-4a82-9025-47d9d8fe8bcb', '4:40', 'Santé'), 
('23e1511d-1d21-4a82-9025-47d9d8fe8bcb', '2:30', 'Seventh Sun'), 
('5339cf28-29c2-4a08-9553-b8c4c84eef82', '3:10', 'Brigthon Rock'), 
('5339cf28-29c2-4a08-9553-b8c4c84eef82', '3:20', 'Tie Your Mother Down'), 
('5339cf28-29c2-4a08-9553-b8c4c84eef82', '3:20', 'Gimme The Loot'), 
('5339cf28-29c2-4a08-9553-b8c4c84eef82', '3:30', 'Seventh Sun'), 
('5339cf28-29c2-4a08-9553-b8c4c84eef82', '2:10', 'Get It Right The First Time'), 
('8154720a-f51e-40f3-b360-10bb46a6c851', '4:10', 'Killer Queen'), 
('8154720a-f51e-40f3-b360-10bb46a6c851', '3:40', 'Machine Gun Funk'), 
('8154720a-f51e-40f3-b360-10bb46a6c851', '2:40', 'Rosenrot'), 
('8154720a-f51e-40f3-b360-10bb46a6c851', '3:20', 'Somebody To Love'), 
('8154720a-f51e-40f3-b360-10bb46a6c851', '4:20', 'Shoot For Your Heaert'), 
('8154720a-f51e-40f3-b360-10bb46a6c851', '3:10', 'Shoot For Your Heaert'), 
('c3a1dae4-f1c1-4744-b944-d63421ba1eb3', '4:40', 'Deutschland'), 
('c3a1dae4-f1c1-4744-b944-d63421ba1eb3', '3:30', 'Get It Right The First Time'), 
('c3a1dae4-f1c1-4744-b944-d63421ba1eb3', '3:10', 'Gimme The Loot'), 
('c3a1dae4-f1c1-4744-b944-d63421ba1eb3', '4:00', 'Mon Amour'), 
('c3a1dae4-f1c1-4744-b944-d63421ba1eb3', '2:30', 'Tie Your Mother Down'), 
('c3a1dae4-f1c1-4744-b944-d63421ba1eb3', '4:40', 'Brigthon Rock'), 
('c3a1dae4-f1c1-4744-b944-d63421ba1eb3', '3:30', 'Somebody To Love'), 
('c3a1dae4-f1c1-4744-b944-d63421ba1eb3', '4:30', 'Zeit'), 
('c3a1dae4-f1c1-4744-b944-d63421ba1eb3', '3:00', 'Deutschland'), 
('8b11ae62-2aa8-4b14-9e8a-92ce04d5aa54', '2:10', 'Fils De Joie'), 
('8b11ae62-2aa8-4b14-9e8a-92ce04d5aa54', '4:40', 'Call Of The Wild'), 
('8b11ae62-2aa8-4b14-9e8a-92ce04d5aa54', '2:10', 'Santé'), 
('8b11ae62-2aa8-4b14-9e8a-92ce04d5aa54', '2:10', 'Get It Right The First Time'), 
('8b11ae62-2aa8-4b14-9e8a-92ce04d5aa54', '2:30', 'Get It Right The First Time'), 
('8b11ae62-2aa8-4b14-9e8a-92ce04d5aa54', '4:40', 'Rosenrot'), 
('8b11ae62-2aa8-4b14-9e8a-92ce04d5aa54', '3:10', 'Just The Way You Are'), 
('8b11ae62-2aa8-4b14-9e8a-92ce04d5aa54', '4:10', 'Bonne Journée'), 
('4411c12c-c44c-422a-90fd-7dcf90d8621a', '3:50', 'Pas Vraiment'), 
('4411c12c-c44c-422a-90fd-7dcf90d8621a', '2:10', 'Gimme The Loot'), 
('4411c12c-c44c-422a-90fd-7dcf90d8621a', '4:30', 'Gimme The Loot'), 
('4411c12c-c44c-422a-90fd-7dcf90d8621a', '4:50', 'Call Of The Wild'), 
('4411c12c-c44c-422a-90fd-7dcf90d8621a', '4:30', 'The Great Gig In The Sky'), 
('4411c12c-c44c-422a-90fd-7dcf90d8621a', '4:10', 'Just The Way You Are'), 
('4411c12c-c44c-422a-90fd-7dcf90d8621a', '3:10', 'Gimme The Loot'), 
('4411c12c-c44c-422a-90fd-7dcf90d8621a', '4:20', 'Everybody has A Dream'), 
('4411c12c-c44c-422a-90fd-7dcf90d8621a', '3:20', 'Gimme The Loot'), 
('2b7131a2-015b-4b69-8de8-3626e1f1a6b7', '2:40', 'Everybody has A Dream'), 
('2b7131a2-015b-4b69-8de8-3626e1f1a6b7', '4:10', 'Rosenrot'), 
('2b7131a2-015b-4b69-8de8-3626e1f1a6b7', '4:00', 'Mon Amour'), 
('2b7131a2-015b-4b69-8de8-3626e1f1a6b7', '3:50', 'Killer Queen'), 
('2b7131a2-015b-4b69-8de8-3626e1f1a6b7', '4:40', 'Call Of The Wild'), 
('2b7131a2-015b-4b69-8de8-3626e1f1a6b7', '3:40', 'Everybody has A Dream'), 
('2b7131a2-015b-4b69-8de8-3626e1f1a6b7', '3:20', 'Get It Right The First Time'), 
('2b7131a2-015b-4b69-8de8-3626e1f1a6b7', '4:40', 'Tie Your Mother Down'), 
('e867612f-267a-4c82-bff9-d41f0cd2217c', '4:30', 'Tie Your Mother Down'), 
('e867612f-267a-4c82-bff9-d41f0cd2217c', '3:20', 'Bonne Journée'), 
('e867612f-267a-4c82-bff9-d41f0cd2217c', '3:40', 'Thats What I Like'), 
('e867612f-267a-4c82-bff9-d41f0cd2217c', '4:50', 'Santé'), 
('e867612f-267a-4c82-bff9-d41f0cd2217c', '3:30', 'Tie Your Mother Down'), 
('e867612f-267a-4c82-bff9-d41f0cd2217c', '3:50', 'Thats What I Like'), 
('e867612f-267a-4c82-bff9-d41f0cd2217c', '3:10', 'Mon Amour'), 
('e867612f-267a-4c82-bff9-d41f0cd2217c', '2:00', 'Machine Gun Funk'), 
('1f1852e8-a815-483d-9fbc-f6f402884e79', '3:00', 'The Great Gig In The Sky'), 
('1f1852e8-a815-483d-9fbc-f6f402884e79', '2:10', 'Fils De Joie'), 
('1f1852e8-a815-483d-9fbc-f6f402884e79', '4:00', 'Hot And Cold'), 
('1f1852e8-a815-483d-9fbc-f6f402884e79', '2:10', 'Killer Queen'), 
('1f1852e8-a815-483d-9fbc-f6f402884e79', '4:40', 'Santé'), 
('1f1852e8-a815-483d-9fbc-f6f402884e79', '3:50', 'Rosenrot'), 
('1f1852e8-a815-483d-9fbc-f6f402884e79', '3:30', 'Tie Your Mother Down'), 
('1f1852e8-a815-483d-9fbc-f6f402884e79', '3:00', 'Thats What I Like'), 
('1f1852e8-a815-483d-9fbc-f6f402884e79', '3:40', 'Tie Your Mother Down'), 
('f14db885-ab09-4019-a670-b7a02900bd45', '2:30', 'Machine Gun Funk'), 
('f14db885-ab09-4019-a670-b7a02900bd45', '4:40', 'Everybody has A Dream'), 
('f14db885-ab09-4019-a670-b7a02900bd45', '2:40', 'Killer Queen'), 
('f14db885-ab09-4019-a670-b7a02900bd45', '2:50', 'Tie Your Mother Down'), 
('f14db885-ab09-4019-a670-b7a02900bd45', '4:00', 'Rosenrot'), 
('f14db885-ab09-4019-a670-b7a02900bd45', '3:30', 'Bonne Journée'), 
('f14db885-ab09-4019-a670-b7a02900bd45', '3:30', 'Thats What I Like'), 
('0586b0bc-a140-4ec7-954d-b48ff2d1f514', '4:10', 'Pas Vraiment'), 
('0586b0bc-a140-4ec7-954d-b48ff2d1f514', '3:00', 'Pas Vraiment'), 
('0586b0bc-a140-4ec7-954d-b48ff2d1f514', '4:10', 'Pas Vraiment'), 
('0586b0bc-a140-4ec7-954d-b48ff2d1f514', '4:00', 'Deutschland'), 
('0586b0bc-a140-4ec7-954d-b48ff2d1f514', '4:10', 'Mon Amour'), 
('0586b0bc-a140-4ec7-954d-b48ff2d1f514', '4:50', 'Thats What I Like'), 
('0586b0bc-a140-4ec7-954d-b48ff2d1f514', '4:30', 'Tie Your Mother Down'), 
('0586b0bc-a140-4ec7-954d-b48ff2d1f514', '3:00', 'Mon Amour'), 
('0586b0bc-a140-4ec7-954d-b48ff2d1f514', '3:00', 'Thats What I Like'), 
('a69f2516-e189-4a20-9f71-440f6e4b2508', '2:50', 'Tie Your Mother Down'), 
('a69f2516-e189-4a20-9f71-440f6e4b2508', '2:50', 'Fils De Joie'), 
('a69f2516-e189-4a20-9f71-440f6e4b2508', '2:40', 'Rosenrot'), 
('a69f2516-e189-4a20-9f71-440f6e4b2508', '2:00', 'Machine Gun Funk'), 
('a69f2516-e189-4a20-9f71-440f6e4b2508', '2:00', 'Get It Right The First Time'), 
('a69f2516-e189-4a20-9f71-440f6e4b2508', '2:30', 'Call Of The Wild'), 
('a69f2516-e189-4a20-9f71-440f6e4b2508', '3:10', 'Shoot For Your Heaert'), 
('a69f2516-e189-4a20-9f71-440f6e4b2508', '4:30', 'Tie Your Mother Down'), 
('7c15c75e-929d-45e7-a6bf-6e4b883887d2', '3:40', 'Deutschland'), 
('7c15c75e-929d-45e7-a6bf-6e4b883887d2', '4:30', 'Pas Vraiment'), 
('7c15c75e-929d-45e7-a6bf-6e4b883887d2', '3:50', 'Shoot For Your Heaert'), 
('7c15c75e-929d-45e7-a6bf-6e4b883887d2', '4:00', 'Pas Vraiment'), 
('7c15c75e-929d-45e7-a6bf-6e4b883887d2', '3:10', 'Rosenrot'), 
('d08c2b7c-9ff0-48ca-bf4c-3916e5d8765d', '2:20', 'Deutschland'), 
('d08c2b7c-9ff0-48ca-bf4c-3916e5d8765d', '3:40', 'Deutschland'), 
('d08c2b7c-9ff0-48ca-bf4c-3916e5d8765d', '4:30', 'Shoot For Your Heaert'), 
('d08c2b7c-9ff0-48ca-bf4c-3916e5d8765d', '3:00', 'Deutschland'), 
('d08c2b7c-9ff0-48ca-bf4c-3916e5d8765d', '3:30', 'Mon Amour'), 
('d08c2b7c-9ff0-48ca-bf4c-3916e5d8765d', '4:10', 'Call Of The Wild'), 
('d08c2b7c-9ff0-48ca-bf4c-3916e5d8765d', '4:10', 'Call Of The Wild'), 
('d08c2b7c-9ff0-48ca-bf4c-3916e5d8765d', '3:20', 'Deutschland'), 
('d08c2b7c-9ff0-48ca-bf4c-3916e5d8765d', '4:50', 'Seventh Sun'), 
('3c6900f5-00e8-4b1c-a232-9372958aef0e', '4:20', 'Everybody has A Dream'), 
('3c6900f5-00e8-4b1c-a232-9372958aef0e', '3:30', 'Zeit'), 
('3c6900f5-00e8-4b1c-a232-9372958aef0e', '2:10', 'Gimme The Loot'), 
('3c6900f5-00e8-4b1c-a232-9372958aef0e', '4:20', 'Fils De Joie'), 
('3c6900f5-00e8-4b1c-a232-9372958aef0e', '4:20', 'Somebody To Love'), 
('3c6900f5-00e8-4b1c-a232-9372958aef0e', '2:40', 'Call Of The Wild'), 
('6c387275-3928-4bac-806f-d4b4372507fc', '2:10', 'Pas Vraiment'), 
('6c387275-3928-4bac-806f-d4b4372507fc', '3:10', 'Santé'), 
('6c387275-3928-4bac-806f-d4b4372507fc', '4:40', 'Mon Amour'), 
('6c387275-3928-4bac-806f-d4b4372507fc', '3:40', 'Deutschland'), 
('6c387275-3928-4bac-806f-d4b4372507fc', '3:00', 'Tie Your Mother Down'), 
('6c387275-3928-4bac-806f-d4b4372507fc', '2:00', 'Bonne Journée'), 
('6c387275-3928-4bac-806f-d4b4372507fc', '2:10', 'Machine Gun Funk'), 
('6c387275-3928-4bac-806f-d4b4372507fc', '2:00', 'Deutschland'), 
('18514394-de1f-49df-bf5f-a9fc6f68f7a6', '4:10', 'Pas Vraiment'), 
('18514394-de1f-49df-bf5f-a9fc6f68f7a6', '2:50', 'Rosenrot'), 
('18514394-de1f-49df-bf5f-a9fc6f68f7a6', '2:50', 'Deutschland'), 
('18514394-de1f-49df-bf5f-a9fc6f68f7a6', '4:50', 'Get It Right The First Time'), 
('18514394-de1f-49df-bf5f-a9fc6f68f7a6', '2:10', 'The Great Gig In The Sky'), 
('25a36c10-76f8-444d-9ad3-f52a7e36aa03', '2:10', 'Hot And Cold'), 
('25a36c10-76f8-444d-9ad3-f52a7e36aa03', '2:40', 'The Great Gig In The Sky'), 
('25a36c10-76f8-444d-9ad3-f52a7e36aa03', '3:00', 'Seventh Sun'), 
('25a36c10-76f8-444d-9ad3-f52a7e36aa03', '2:50', 'Pas Vraiment'), 
('25a36c10-76f8-444d-9ad3-f52a7e36aa03', '3:30', 'Machine Gun Funk'), 
('25a36c10-76f8-444d-9ad3-f52a7e36aa03', '4:30', 'Call Of The Wild'), 
('25a36c10-76f8-444d-9ad3-f52a7e36aa03', '2:20', 'Bonne Journée'), 
('25a36c10-76f8-444d-9ad3-f52a7e36aa03', '4:50', 'Machine Gun Funk'), 
('7b3baacc-ab83-44de-8f76-c82959f91d08', '4:50', 'Everybody has A Dream'), 
('7b3baacc-ab83-44de-8f76-c82959f91d08', '3:10', 'Just The Way You Are'), 
('7b3baacc-ab83-44de-8f76-c82959f91d08', '3:50', 'Shoot For Your Heaert'), 
('7b3baacc-ab83-44de-8f76-c82959f91d08', '3:10', 'Somebody To Love'), 
('7b3baacc-ab83-44de-8f76-c82959f91d08', '2:30', 'Everybody has A Dream'), 
('7b3baacc-ab83-44de-8f76-c82959f91d08', '4:20', 'Fils De Joie'), 
('7b3baacc-ab83-44de-8f76-c82959f91d08', '3:30', 'Get It Right The First Time'), 
('183d8532-47a7-4092-a47a-7634a91def4e', '2:20', 'Deutschland'), 
('183d8532-47a7-4092-a47a-7634a91def4e', '2:00', 'Killer Queen'), 
('183d8532-47a7-4092-a47a-7634a91def4e', '2:00', 'Shoot For Your Heaert'), 
('183d8532-47a7-4092-a47a-7634a91def4e', '2:20', 'Get It Right The First Time'), 
('183d8532-47a7-4092-a47a-7634a91def4e', '4:40', 'Thats What I Like'), 
('183d8532-47a7-4092-a47a-7634a91def4e', '4:10', 'Everybody has A Dream'), 
('c38f1933-aeb7-4257-b33e-9a6009d254a4', '2:20', 'Seventh Sun'), 
('c38f1933-aeb7-4257-b33e-9a6009d254a4', '3:20', 'Brigthon Rock'), 
('c38f1933-aeb7-4257-b33e-9a6009d254a4', '4:40', 'Brigthon Rock'), 
('c38f1933-aeb7-4257-b33e-9a6009d254a4', '4:00', 'Rosenrot'), 
('c38f1933-aeb7-4257-b33e-9a6009d254a4', '2:10', 'Seventh Sun'), 
('c38f1933-aeb7-4257-b33e-9a6009d254a4', '4:10', 'Bonne Journée'), 
('c38f1933-aeb7-4257-b33e-9a6009d254a4', '3:10', 'Zeit'), 
('c38f1933-aeb7-4257-b33e-9a6009d254a4', '2:20', 'Seventh Sun'), 
('c38f1933-aeb7-4257-b33e-9a6009d254a4', '3:20', 'Pas Vraiment'), 
('6c2a7de1-0754-444d-8580-63ba6dcfa55c', '2:40', 'Zeit'), 
('6c2a7de1-0754-444d-8580-63ba6dcfa55c', '4:40', 'Pas Vraiment'), 
('6c2a7de1-0754-444d-8580-63ba6dcfa55c', '3:10', 'Brigthon Rock'), 
('6c2a7de1-0754-444d-8580-63ba6dcfa55c', '2:50', 'Mon Amour'), 
('6c2a7de1-0754-444d-8580-63ba6dcfa55c', '4:30', 'Thats What I Like'), 
('6c2a7de1-0754-444d-8580-63ba6dcfa55c', '3:30', 'Machine Gun Funk'), 
('6c2a7de1-0754-444d-8580-63ba6dcfa55c', '4:20', 'Tie Your Mother Down'), 
('4fb325e6-2a32-4c8c-90a8-fcc227b48d41', '4:10', 'Get It Right The First Time'), 
('4fb325e6-2a32-4c8c-90a8-fcc227b48d41', '4:20', 'Killer Queen'), 
('4fb325e6-2a32-4c8c-90a8-fcc227b48d41', '2:20', 'Killer Queen'), 
('4fb325e6-2a32-4c8c-90a8-fcc227b48d41', '2:20', 'Tie Your Mother Down'), 
('4fb325e6-2a32-4c8c-90a8-fcc227b48d41', '2:10', 'Everybody has A Dream'), 
('b5834ada-8a92-4e79-9135-70c2691553be', '3:00', 'Pas Vraiment'), 
('b5834ada-8a92-4e79-9135-70c2691553be', '3:20', 'Brigthon Rock'), 
('b5834ada-8a92-4e79-9135-70c2691553be', '4:00', 'Gimme The Loot'), 
('b5834ada-8a92-4e79-9135-70c2691553be', '3:50', 'Thats What I Like'), 
('b5834ada-8a92-4e79-9135-70c2691553be', '4:50', 'Bonne Journée'), 
('b5834ada-8a92-4e79-9135-70c2691553be', '4:00', 'Fils De Joie'), 
('b5834ada-8a92-4e79-9135-70c2691553be', '4:20', 'Hot And Cold'), 
('b5834ada-8a92-4e79-9135-70c2691553be', '3:20', 'Killer Queen'), 
('b5834ada-8a92-4e79-9135-70c2691553be', '2:00', 'Deutschland'), 
('09b0b0ed-c7bb-43ac-98e2-98e0cfa5e314', '4:50', 'Call Of The Wild'), 
('09b0b0ed-c7bb-43ac-98e2-98e0cfa5e314', '3:00', 'Just The Way You Are'), 
('09b0b0ed-c7bb-43ac-98e2-98e0cfa5e314', '2:50', 'Shoot For Your Heaert'), 
('09b0b0ed-c7bb-43ac-98e2-98e0cfa5e314', '3:30', 'Mon Amour'), 
('09b0b0ed-c7bb-43ac-98e2-98e0cfa5e314', '2:40', 'Deutschland'), 
('99297120-b2bc-4ad6-9399-1044c5b40a1c', '3:40', 'Seventh Sun'), 
('99297120-b2bc-4ad6-9399-1044c5b40a1c', '2:50', 'Killer Queen'), 
('99297120-b2bc-4ad6-9399-1044c5b40a1c', '2:10', 'The Great Gig In The Sky'), 
('99297120-b2bc-4ad6-9399-1044c5b40a1c', '2:20', 'The Great Gig In The Sky'), 
('99297120-b2bc-4ad6-9399-1044c5b40a1c', '4:00', 'Shoot For Your Heaert'), 
('99297120-b2bc-4ad6-9399-1044c5b40a1c', '3:20', 'Machine Gun Funk'), 
('99297120-b2bc-4ad6-9399-1044c5b40a1c', '4:30', 'Pas Vraiment'), 
('c444d9da-6dec-43fa-b6ea-2137efe2e1f4', '2:30', 'Shoot For Your Heaert'), 
('c444d9da-6dec-43fa-b6ea-2137efe2e1f4', '3:50', 'Thats What I Like'), 
('c444d9da-6dec-43fa-b6ea-2137efe2e1f4', '3:50', 'Gimme The Loot'), 
('c444d9da-6dec-43fa-b6ea-2137efe2e1f4', '4:50', 'Pas Vraiment'), 
('c444d9da-6dec-43fa-b6ea-2137efe2e1f4', '4:00', 'Thats What I Like'), 
('c444d9da-6dec-43fa-b6ea-2137efe2e1f4', '2:40', 'Fils De Joie'), 
('c444d9da-6dec-43fa-b6ea-2137efe2e1f4', '3:40', 'Machine Gun Funk'), 
('c444d9da-6dec-43fa-b6ea-2137efe2e1f4', '3:10', 'Call Of The Wild'), 
('c444d9da-6dec-43fa-b6ea-2137efe2e1f4', '3:40', 'Rosenrot'), 
('954e1e08-dc7f-4d1f-8053-ca3c919de6c0', '3:40', 'Mon Amour'), 
('954e1e08-dc7f-4d1f-8053-ca3c919de6c0', '2:00', 'Brigthon Rock'), 
('954e1e08-dc7f-4d1f-8053-ca3c919de6c0', '4:30', 'Rosenrot'), 
('954e1e08-dc7f-4d1f-8053-ca3c919de6c0', '2:40', 'Machine Gun Funk'), 
('954e1e08-dc7f-4d1f-8053-ca3c919de6c0', '2:50', 'Rosenrot'), 
('954e1e08-dc7f-4d1f-8053-ca3c919de6c0', '2:10', 'Shoot For Your Heaert'), 
('954e1e08-dc7f-4d1f-8053-ca3c919de6c0', '4:00', 'Fils De Joie'), 
('954e1e08-dc7f-4d1f-8053-ca3c919de6c0', '4:50', 'Rosenrot'), 
('954e1e08-dc7f-4d1f-8053-ca3c919de6c0', '4:50', 'Somebody To Love'), 
('3ecdb674-5bf7-417e-9c9d-a78e254256d7', '4:00', 'Tie Your Mother Down'), 
('3ecdb674-5bf7-417e-9c9d-a78e254256d7', '2:20', 'Pas Vraiment'), 
('3ecdb674-5bf7-417e-9c9d-a78e254256d7', '3:50', 'Rosenrot'), 
('3ecdb674-5bf7-417e-9c9d-a78e254256d7', '2:10', 'Zeit'), 
('3ecdb674-5bf7-417e-9c9d-a78e254256d7', '2:00', 'Everybody has A Dream'), 
('3ecdb674-5bf7-417e-9c9d-a78e254256d7', '2:00', 'Tie Your Mother Down'), 
('b687f4ee-dc99-4efc-a1b1-39520cae466c', '4:30', 'The Great Gig In The Sky'), 
('b687f4ee-dc99-4efc-a1b1-39520cae466c', '3:00', 'Call Of The Wild'), 
('b687f4ee-dc99-4efc-a1b1-39520cae466c', '3:20', 'Tie Your Mother Down'), 
('b687f4ee-dc99-4efc-a1b1-39520cae466c', '3:50', 'Fils De Joie'), 
('b687f4ee-dc99-4efc-a1b1-39520cae466c', '3:20', 'Mon Amour'), 
('b687f4ee-dc99-4efc-a1b1-39520cae466c', '2:40', 'Mon Amour'), 
('b931e56a-0870-4ed0-a779-d14bdb81ee59', '4:20', 'Bonne Journée'), 
('b931e56a-0870-4ed0-a779-d14bdb81ee59', '3:40', 'Pas Vraiment'), 
('b931e56a-0870-4ed0-a779-d14bdb81ee59', '3:50', 'Call Of The Wild'), 
('b931e56a-0870-4ed0-a779-d14bdb81ee59', '4:50', 'Thats What I Like'), 
('b931e56a-0870-4ed0-a779-d14bdb81ee59', '2:20', 'Brigthon Rock'), 
('b734a7d8-4e35-4298-828e-30d9f2f4d86e', '3:40', 'The Great Gig In The Sky'), 
('b734a7d8-4e35-4298-828e-30d9f2f4d86e', '2:10', 'Just The Way You Are'), 
('b734a7d8-4e35-4298-828e-30d9f2f4d86e', '2:10', 'Killer Queen'), 
('b734a7d8-4e35-4298-828e-30d9f2f4d86e', '2:00', 'Zeit'), 
('b734a7d8-4e35-4298-828e-30d9f2f4d86e', '2:10', 'Pas Vraiment'), 
('b734a7d8-4e35-4298-828e-30d9f2f4d86e', '3:40', 'Shoot For Your Heaert'), 
('d5bab114-1d34-45fc-8227-e78f2f8042d1', '3:10', 'Mon Amour'), 
('d5bab114-1d34-45fc-8227-e78f2f8042d1', '2:40', 'Thats What I Like'), 
('d5bab114-1d34-45fc-8227-e78f2f8042d1', '3:20', 'Shoot For Your Heaert'), 
('d5bab114-1d34-45fc-8227-e78f2f8042d1', '2:30', 'Shoot For Your Heaert'), 
('d5bab114-1d34-45fc-8227-e78f2f8042d1', '2:30', 'The Great Gig In The Sky'), 
('d5bab114-1d34-45fc-8227-e78f2f8042d1', '2:00', 'Brigthon Rock'), 
('d5bab114-1d34-45fc-8227-e78f2f8042d1', '2:10', 'Get It Right The First Time'), 
('d5bab114-1d34-45fc-8227-e78f2f8042d1', '4:00', 'Hot And Cold'), 
('d5bab114-1d34-45fc-8227-e78f2f8042d1', '3:00', 'Zeit'), 
('2dcace40-c6be-43f5-8ea3-aacae9bec76e', '2:50', 'Rosenrot'), 
('2dcace40-c6be-43f5-8ea3-aacae9bec76e', '4:00', 'Zeit'), 
('2dcace40-c6be-43f5-8ea3-aacae9bec76e', '4:20', 'The Great Gig In The Sky'), 
('2dcace40-c6be-43f5-8ea3-aacae9bec76e', '4:40', 'Somebody To Love'), 
('2dcace40-c6be-43f5-8ea3-aacae9bec76e', '2:40', 'Fils De Joie'), 
('2dcace40-c6be-43f5-8ea3-aacae9bec76e', '4:20', 'Get It Right The First Time'), 
('2dcace40-c6be-43f5-8ea3-aacae9bec76e', '3:00', 'Brigthon Rock'), 
('2dcace40-c6be-43f5-8ea3-aacae9bec76e', '4:00', 'Bonne Journée'), 
('2dcace40-c6be-43f5-8ea3-aacae9bec76e', '3:10', 'Brigthon Rock'), 
('bd741d3a-46f4-4086-abff-45febf00bae4', '4:50', 'Rosenrot'), 
('bd741d3a-46f4-4086-abff-45febf00bae4', '3:20', 'Deutschland'), 
('bd741d3a-46f4-4086-abff-45febf00bae4', '4:50', 'Santé'), 
('bd741d3a-46f4-4086-abff-45febf00bae4', '2:40', 'Somebody To Love'), 
('bd741d3a-46f4-4086-abff-45febf00bae4', '2:40', 'Somebody To Love'), 
('bd741d3a-46f4-4086-abff-45febf00bae4', '2:00', 'Killer Queen'), 
('bd741d3a-46f4-4086-abff-45febf00bae4', '4:30', 'Tie Your Mother Down'), 
('bd741d3a-46f4-4086-abff-45febf00bae4', '2:40', 'Deutschland'), 
('92da4e68-b101-4081-aa0d-277d5f670839', '3:40', 'Shoot For Your Heaert'), 
('92da4e68-b101-4081-aa0d-277d5f670839', '2:20', 'Hot And Cold'), 
('92da4e68-b101-4081-aa0d-277d5f670839', '3:20', 'Bonne Journée'), 
('92da4e68-b101-4081-aa0d-277d5f670839', '3:40', 'Hot And Cold'), 
('92da4e68-b101-4081-aa0d-277d5f670839', '2:20', 'Machine Gun Funk'), 
('92da4e68-b101-4081-aa0d-277d5f670839', '2:40', 'Killer Queen'), 
('92da4e68-b101-4081-aa0d-277d5f670839', '3:20', 'Gimme The Loot'), 
('f2be6ce8-e25a-47ff-939a-7299adc4905c', '3:50', 'Everybody has A Dream'), 
('f2be6ce8-e25a-47ff-939a-7299adc4905c', '3:10', 'Somebody To Love'), 
('f2be6ce8-e25a-47ff-939a-7299adc4905c', '4:40', 'Call Of The Wild'), 
('f2be6ce8-e25a-47ff-939a-7299adc4905c', '4:00', 'Killer Queen'), 
('f2be6ce8-e25a-47ff-939a-7299adc4905c', '3:40', 'Bonne Journée'), 
('f2be6ce8-e25a-47ff-939a-7299adc4905c', '2:10', 'Shoot For Your Heaert'), 
('f2be6ce8-e25a-47ff-939a-7299adc4905c', '4:30', 'Santé'), 
('f2be6ce8-e25a-47ff-939a-7299adc4905c', '4:00', 'Shoot For Your Heaert'), 
('8d9fd7a4-31ca-45c5-a1cb-078e2758ad81', '3:10', 'Pas Vraiment'), 
('8d9fd7a4-31ca-45c5-a1cb-078e2758ad81', '2:40', 'Gimme The Loot'), 
('8d9fd7a4-31ca-45c5-a1cb-078e2758ad81', '3:50', 'Get It Right The First Time'), 
('8d9fd7a4-31ca-45c5-a1cb-078e2758ad81', '3:30', 'Pas Vraiment'), 
('8d9fd7a4-31ca-45c5-a1cb-078e2758ad81', '4:20', 'Brigthon Rock'), 
('41c73325-06db-4bbe-97a3-be9757f8fdcf', '4:30', 'The Great Gig In The Sky'), 
('41c73325-06db-4bbe-97a3-be9757f8fdcf', '3:40', 'Brigthon Rock'), 
('41c73325-06db-4bbe-97a3-be9757f8fdcf', '3:50', 'Brigthon Rock'), 
('41c73325-06db-4bbe-97a3-be9757f8fdcf', '2:20', 'The Great Gig In The Sky'), 
('41c73325-06db-4bbe-97a3-be9757f8fdcf', '4:50', 'Bonne Journée'), 
('41c73325-06db-4bbe-97a3-be9757f8fdcf', '3:10', 'Gimme The Loot'), 
('5e5de132-8fcc-47ed-a3ad-b33dbcfbba62', '4:10', 'Tie Your Mother Down'), 
('5e5de132-8fcc-47ed-a3ad-b33dbcfbba62', '2:50', 'Bonne Journée'), 
('5e5de132-8fcc-47ed-a3ad-b33dbcfbba62', '2:00', 'Killer Queen'), 
('5e5de132-8fcc-47ed-a3ad-b33dbcfbba62', '4:20', 'Tie Your Mother Down'), 
('5e5de132-8fcc-47ed-a3ad-b33dbcfbba62', '3:20', 'Santé'), 
('5e5de132-8fcc-47ed-a3ad-b33dbcfbba62', '4:50', 'Zeit'), 
('5e5de132-8fcc-47ed-a3ad-b33dbcfbba62', '4:00', 'Pas Vraiment'), 
('5e5de132-8fcc-47ed-a3ad-b33dbcfbba62', '2:20', 'Machine Gun Funk'), 
('670a7912-2dc5-4a25-b687-b65bdbd4e683', '4:30', 'Zeit'), 
('670a7912-2dc5-4a25-b687-b65bdbd4e683', '4:00', 'Get It Right The First Time'), 
('670a7912-2dc5-4a25-b687-b65bdbd4e683', '3:20', 'Santé'), 
('670a7912-2dc5-4a25-b687-b65bdbd4e683', '4:20', 'Santé'), 
('670a7912-2dc5-4a25-b687-b65bdbd4e683', '3:00', 'Just The Way You Are'), 
('670a7912-2dc5-4a25-b687-b65bdbd4e683', '3:50', 'Just The Way You Are'), 
('670a7912-2dc5-4a25-b687-b65bdbd4e683', '4:20', 'Zeit'), 
('7c75218e-a7e5-4438-98cd-638d3dfd8d7d', '3:10', 'Somebody To Love'), 
('7c75218e-a7e5-4438-98cd-638d3dfd8d7d', '4:40', 'Rosenrot'), 
('7c75218e-a7e5-4438-98cd-638d3dfd8d7d', '4:30', 'Tie Your Mother Down'), 
('7c75218e-a7e5-4438-98cd-638d3dfd8d7d', '4:00', 'Call Of The Wild'), 
('7c75218e-a7e5-4438-98cd-638d3dfd8d7d', '2:00', 'Hot And Cold'), 
('7c75218e-a7e5-4438-98cd-638d3dfd8d7d', '2:50', 'Fils De Joie'), 
('7c75218e-a7e5-4438-98cd-638d3dfd8d7d', '4:00', 'The Great Gig In The Sky'), 
('7c75218e-a7e5-4438-98cd-638d3dfd8d7d', '2:20', 'Rosenrot'), 
('ac501f2c-67d3-4867-b8b7-7e2683e039d2', '3:30', 'Get It Right The First Time'), 
('ac501f2c-67d3-4867-b8b7-7e2683e039d2', '3:50', 'Zeit'), 
('ac501f2c-67d3-4867-b8b7-7e2683e039d2', '3:50', 'Just The Way You Are'), 
('ac501f2c-67d3-4867-b8b7-7e2683e039d2', '2:20', 'Seventh Sun'), 
('ac501f2c-67d3-4867-b8b7-7e2683e039d2', '3:50', 'Santé'), 
('ac501f2c-67d3-4867-b8b7-7e2683e039d2', '2:40', 'Somebody To Love'), 
('ac501f2c-67d3-4867-b8b7-7e2683e039d2', '2:40', 'Hot And Cold'), 
('ac501f2c-67d3-4867-b8b7-7e2683e039d2', '4:00', 'Rosenrot'), 
('28c37823-fb98-44f6-9d30-54ce07276aa3', '2:50', 'Just The Way You Are'), 
('28c37823-fb98-44f6-9d30-54ce07276aa3', '2:40', 'Thats What I Like'), 
('28c37823-fb98-44f6-9d30-54ce07276aa3', '4:50', 'Brigthon Rock'), 
('28c37823-fb98-44f6-9d30-54ce07276aa3', '2:40', 'Shoot For Your Heaert'), 
('28c37823-fb98-44f6-9d30-54ce07276aa3', '2:30', 'Killer Queen'), 
('28c37823-fb98-44f6-9d30-54ce07276aa3', '3:40', 'Machine Gun Funk'), 
('28c37823-fb98-44f6-9d30-54ce07276aa3', '3:40', 'Santé'), 
('28c37823-fb98-44f6-9d30-54ce07276aa3', '3:20', 'Call Of The Wild'), 
('6a264bda-2606-4f14-83ba-729ab14c5be7', '2:00', 'Santé'), 
('6a264bda-2606-4f14-83ba-729ab14c5be7', '4:40', 'Pas Vraiment'), 
('6a264bda-2606-4f14-83ba-729ab14c5be7', '2:50', 'Bonne Journée'), 
('6a264bda-2606-4f14-83ba-729ab14c5be7', '4:30', 'Rosenrot'), 
('6a264bda-2606-4f14-83ba-729ab14c5be7', '3:00', 'Fils De Joie'), 
('6a264bda-2606-4f14-83ba-729ab14c5be7', '3:40', 'Zeit'), 
('6a264bda-2606-4f14-83ba-729ab14c5be7', '4:20', 'Pas Vraiment'), 
('899ba088-7618-4f6b-b945-69cfa30df2da', '4:30', 'Bonne Journée'), 
('899ba088-7618-4f6b-b945-69cfa30df2da', '3:30', 'Thats What I Like'), 
('899ba088-7618-4f6b-b945-69cfa30df2da', '3:30', 'Everybody has A Dream'), 
('899ba088-7618-4f6b-b945-69cfa30df2da', '4:40', 'The Great Gig In The Sky'), 
('899ba088-7618-4f6b-b945-69cfa30df2da', '2:50', 'Killer Queen'), 
('96de6ab4-2c65-4978-b822-b7c9d78cf2f9', '3:30', 'Brigthon Rock'), 
('96de6ab4-2c65-4978-b822-b7c9d78cf2f9', '3:00', 'Brigthon Rock'), 
('96de6ab4-2c65-4978-b822-b7c9d78cf2f9', '2:20', 'Call Of The Wild'), 
('96de6ab4-2c65-4978-b822-b7c9d78cf2f9', '3:50', 'Machine Gun Funk'), 
('96de6ab4-2c65-4978-b822-b7c9d78cf2f9', '2:50', 'Zeit'), 
('96de6ab4-2c65-4978-b822-b7c9d78cf2f9', '4:30', 'Bonne Journée'), 
('96de6ab4-2c65-4978-b822-b7c9d78cf2f9', '3:30', 'Machine Gun Funk'), 
('42f548e0-a36a-4f58-8c5a-3f86693d26f5', '2:40', 'Hot And Cold'), 
('42f548e0-a36a-4f58-8c5a-3f86693d26f5', '3:10', 'Gimme The Loot'), 
('42f548e0-a36a-4f58-8c5a-3f86693d26f5', '4:30', 'Pas Vraiment'), 
('42f548e0-a36a-4f58-8c5a-3f86693d26f5', '3:20', 'Hot And Cold'), 
('42f548e0-a36a-4f58-8c5a-3f86693d26f5', '4:10', 'Rosenrot'), 
('42f548e0-a36a-4f58-8c5a-3f86693d26f5', '2:40', 'Shoot For Your Heaert'), 
('42f548e0-a36a-4f58-8c5a-3f86693d26f5', '2:20', 'Everybody has A Dream'), 
('b4b42d2e-1691-4a32-b3f8-515624d12baf', '2:20', 'Deutschland'), 
('b4b42d2e-1691-4a32-b3f8-515624d12baf', '4:20', 'Tie Your Mother Down'), 
('b4b42d2e-1691-4a32-b3f8-515624d12baf', '4:10', 'Shoot For Your Heaert'), 
('b4b42d2e-1691-4a32-b3f8-515624d12baf', '3:00', 'Shoot For Your Heaert'), 
('b4b42d2e-1691-4a32-b3f8-515624d12baf', '3:40', 'Get It Right The First Time'), 
('b4b42d2e-1691-4a32-b3f8-515624d12baf', '4:30', 'Call Of The Wild'), 
('b4b42d2e-1691-4a32-b3f8-515624d12baf', '3:00', 'Shoot For Your Heaert'), 
('150bd13b-c4cd-4375-8502-c84e57fdbe17', '2:50', 'Killer Queen'), 
('150bd13b-c4cd-4375-8502-c84e57fdbe17', '2:20', 'Deutschland'), 
('150bd13b-c4cd-4375-8502-c84e57fdbe17', '3:00', 'Get It Right The First Time'), 
('150bd13b-c4cd-4375-8502-c84e57fdbe17', '4:00', 'Call Of The Wild'), 
('150bd13b-c4cd-4375-8502-c84e57fdbe17', '4:20', 'Just The Way You Are'), 
('150bd13b-c4cd-4375-8502-c84e57fdbe17', '2:00', 'Tie Your Mother Down'), 
('150bd13b-c4cd-4375-8502-c84e57fdbe17', '2:50', 'Deutschland'), 
('9094534b-3d0a-4216-b087-74d2a135351d', '3:40', 'Bonne Journée'), 
('9094534b-3d0a-4216-b087-74d2a135351d', '4:10', 'Everybody has A Dream'), 
('9094534b-3d0a-4216-b087-74d2a135351d', '3:40', 'Gimme The Loot'), 
('9094534b-3d0a-4216-b087-74d2a135351d', '3:20', 'Brigthon Rock'), 
('9094534b-3d0a-4216-b087-74d2a135351d', '2:40', 'Mon Amour'), 
('9094534b-3d0a-4216-b087-74d2a135351d', '2:20', 'Pas Vraiment'), 
('9094534b-3d0a-4216-b087-74d2a135351d', '2:30', 'Get It Right The First Time'), 
('9094534b-3d0a-4216-b087-74d2a135351d', '3:30', 'Just The Way You Are'), 
('9094534b-3d0a-4216-b087-74d2a135351d', '2:00', 'Rosenrot'), 
('42b3b659-0b8e-4567-879b-96c3d935ae5d', '3:40', 'Seventh Sun'), 
('42b3b659-0b8e-4567-879b-96c3d935ae5d', '4:00', 'Mon Amour'), 
('42b3b659-0b8e-4567-879b-96c3d935ae5d', '2:50', 'Seventh Sun'), 
('42b3b659-0b8e-4567-879b-96c3d935ae5d', '3:00', 'Brigthon Rock'), 
('42b3b659-0b8e-4567-879b-96c3d935ae5d', '2:30', 'Fils De Joie'), 
('42b3b659-0b8e-4567-879b-96c3d935ae5d', '4:40', 'Pas Vraiment'), 
('42b3b659-0b8e-4567-879b-96c3d935ae5d', '4:30', 'Shoot For Your Heaert'), 
('42b3b659-0b8e-4567-879b-96c3d935ae5d', '3:50', 'Pas Vraiment'), 
('92c7b9fc-c47a-410f-9c2b-2f5c5588300a', '4:20', 'Tie Your Mother Down'), 
('92c7b9fc-c47a-410f-9c2b-2f5c5588300a', '3:00', 'Santé'), 
('92c7b9fc-c47a-410f-9c2b-2f5c5588300a', '2:30', 'Mon Amour'), 
('92c7b9fc-c47a-410f-9c2b-2f5c5588300a', '2:40', 'Tie Your Mother Down'), 
('92c7b9fc-c47a-410f-9c2b-2f5c5588300a', '2:50', 'Hot And Cold'), 
('7493d295-dd9a-47b5-8ad9-4a6728855784', '4:40', 'Shoot For Your Heaert'), 
('7493d295-dd9a-47b5-8ad9-4a6728855784', '2:30', 'Bonne Journée'), 
('7493d295-dd9a-47b5-8ad9-4a6728855784', '3:20', 'Santé'), 
('7493d295-dd9a-47b5-8ad9-4a6728855784', '2:30', 'Call Of The Wild'), 
('7493d295-dd9a-47b5-8ad9-4a6728855784', '4:30', 'Bonne Journée'), 
('7493d295-dd9a-47b5-8ad9-4a6728855784', '2:30', 'Somebody To Love'), 
('7493d295-dd9a-47b5-8ad9-4a6728855784', '3:50', 'Killer Queen'), 
('7493d295-dd9a-47b5-8ad9-4a6728855784', '4:40', 'Fils De Joie'), 
('7493d295-dd9a-47b5-8ad9-4a6728855784', '4:00', 'Pas Vraiment'), 
('ef293a9f-93bd-4efb-88da-893b3bf1d3ba', '2:00', 'Pas Vraiment'), 
('ef293a9f-93bd-4efb-88da-893b3bf1d3ba', '4:50', 'Mon Amour'), 
('ef293a9f-93bd-4efb-88da-893b3bf1d3ba', '2:10', 'Zeit'), 
('ef293a9f-93bd-4efb-88da-893b3bf1d3ba', '4:40', 'Pas Vraiment'), 
('ef293a9f-93bd-4efb-88da-893b3bf1d3ba', '4:00', 'Shoot For Your Heaert'), 
('ef293a9f-93bd-4efb-88da-893b3bf1d3ba', '3:20', 'Shoot For Your Heaert'), 
('ef293a9f-93bd-4efb-88da-893b3bf1d3ba', '2:20', 'Fils De Joie'), 
('ef293a9f-93bd-4efb-88da-893b3bf1d3ba', '2:40', 'Pas Vraiment'), 
('eb806e6d-5240-4452-9fc9-42a914b8b154', '2:40', 'Hot And Cold'), 
('eb806e6d-5240-4452-9fc9-42a914b8b154', '4:20', 'Zeit'), 
('eb806e6d-5240-4452-9fc9-42a914b8b154', '4:20', 'The Great Gig In The Sky'), 
('eb806e6d-5240-4452-9fc9-42a914b8b154', '2:40', 'Pas Vraiment'), 
('eb806e6d-5240-4452-9fc9-42a914b8b154', '4:30', 'Get It Right The First Time'), 
('eb806e6d-5240-4452-9fc9-42a914b8b154', '3:30', 'Just The Way You Are'), 
('eb806e6d-5240-4452-9fc9-42a914b8b154', '4:50', 'Pas Vraiment'), 
('eb806e6d-5240-4452-9fc9-42a914b8b154', '3:10', 'Everybody has A Dream'), 
('0dc9c818-8bd0-4edd-98ac-4620dda0dc22', '4:10', 'Machine Gun Funk'), 
('0dc9c818-8bd0-4edd-98ac-4620dda0dc22', '3:20', 'Get It Right The First Time'), 
('0dc9c818-8bd0-4edd-98ac-4620dda0dc22', '2:30', 'Thats What I Like'), 
('0dc9c818-8bd0-4edd-98ac-4620dda0dc22', '3:10', 'Zeit'), 
('0dc9c818-8bd0-4edd-98ac-4620dda0dc22', '3:30', 'Hot And Cold'), 
('0dc9c818-8bd0-4edd-98ac-4620dda0dc22', '3:00', 'Thats What I Like'), 
('8530b5c1-342d-4f72-bb18-c1cbc930c1a3', '3:50', 'Santé'), 
('8530b5c1-342d-4f72-bb18-c1cbc930c1a3', '3:40', 'Thats What I Like'), 
('8530b5c1-342d-4f72-bb18-c1cbc930c1a3', '3:50', 'Pas Vraiment'), 
('8530b5c1-342d-4f72-bb18-c1cbc930c1a3', '3:10', 'Bonne Journée'), 
('8530b5c1-342d-4f72-bb18-c1cbc930c1a3', '4:40', 'Pas Vraiment'), 
('8530b5c1-342d-4f72-bb18-c1cbc930c1a3', '4:40', 'Machine Gun Funk'), 
('8530b5c1-342d-4f72-bb18-c1cbc930c1a3', '2:20', 'Rosenrot'), 
('0407136e-3cb1-4c4c-b6f2-77bc973d5783', '4:30', 'Killer Queen'), 
('0407136e-3cb1-4c4c-b6f2-77bc973d5783', '3:30', 'Mon Amour'), 
('0407136e-3cb1-4c4c-b6f2-77bc973d5783', '2:40', 'Deutschland'), 
('0407136e-3cb1-4c4c-b6f2-77bc973d5783', '4:20', 'Somebody To Love'), 
('0407136e-3cb1-4c4c-b6f2-77bc973d5783', '4:30', 'Just The Way You Are'), 
('0407136e-3cb1-4c4c-b6f2-77bc973d5783', '3:50', 'Hot And Cold'), 
('67d2175a-1f45-44e7-9fd1-60ec611daaa4', '3:20', 'Fils De Joie'), 
('67d2175a-1f45-44e7-9fd1-60ec611daaa4', '4:50', 'Shoot For Your Heaert'), 
('67d2175a-1f45-44e7-9fd1-60ec611daaa4', '2:30', 'Brigthon Rock'), 
('67d2175a-1f45-44e7-9fd1-60ec611daaa4', '3:00', 'Hot And Cold'), 
('67d2175a-1f45-44e7-9fd1-60ec611daaa4', '3:50', 'The Great Gig In The Sky'), 
('67d2175a-1f45-44e7-9fd1-60ec611daaa4', '4:10', 'Get It Right The First Time'), 
('67d2175a-1f45-44e7-9fd1-60ec611daaa4', '4:30', 'Tie Your Mother Down'), 
('67d2175a-1f45-44e7-9fd1-60ec611daaa4', '4:20', 'Killer Queen'), 
('27c0e973-9328-45df-bf25-d26451a5ffc0', '3:40', 'Thats What I Like'), 
('27c0e973-9328-45df-bf25-d26451a5ffc0', '3:50', 'Gimme The Loot'), 
('27c0e973-9328-45df-bf25-d26451a5ffc0', '2:10', 'Mon Amour'), 
('27c0e973-9328-45df-bf25-d26451a5ffc0', '2:40', 'Get It Right The First Time'), 
('27c0e973-9328-45df-bf25-d26451a5ffc0', '3:30', 'Bonne Journée'), 
('27c0e973-9328-45df-bf25-d26451a5ffc0', '3:00', 'Everybody has A Dream'), 
('65781566-0538-4f48-a016-d3973d366b97', '4:30', 'Everybody has A Dream'), 
('65781566-0538-4f48-a016-d3973d366b97', '3:30', 'Killer Queen'), 
('65781566-0538-4f48-a016-d3973d366b97', '4:50', 'Gimme The Loot'), 
('65781566-0538-4f48-a016-d3973d366b97', '2:50', 'Thats What I Like'), 
('65781566-0538-4f48-a016-d3973d366b97', '2:30', 'The Great Gig In The Sky'), 
('65781566-0538-4f48-a016-d3973d366b97', '2:00', 'Tie Your Mother Down'), 
('65781566-0538-4f48-a016-d3973d366b97', '4:40', 'Tie Your Mother Down'), 
('65781566-0538-4f48-a016-d3973d366b97', '2:20', 'Santé'), 
('65781566-0538-4f48-a016-d3973d366b97', '3:20', 'Somebody To Love'), 
('1251ee48-cf98-4253-9faf-dab129fca827', '2:40', 'Somebody To Love'), 
('1251ee48-cf98-4253-9faf-dab129fca827', '4:40', 'Everybody has A Dream'), 
('1251ee48-cf98-4253-9faf-dab129fca827', '3:30', 'Mon Amour'), 
('1251ee48-cf98-4253-9faf-dab129fca827', '3:10', 'Bonne Journée'), 
('1251ee48-cf98-4253-9faf-dab129fca827', '2:30', 'Machine Gun Funk'), 
('1251ee48-cf98-4253-9faf-dab129fca827', '2:40', 'Get It Right The First Time'), 
('02a0b0ff-172d-46c9-a9d0-f13e4130c1c7', '2:00', 'Rosenrot'), 
('02a0b0ff-172d-46c9-a9d0-f13e4130c1c7', '2:30', 'Deutschland'), 
('02a0b0ff-172d-46c9-a9d0-f13e4130c1c7', '4:20', 'The Great Gig In The Sky'), 
('02a0b0ff-172d-46c9-a9d0-f13e4130c1c7', '4:20', 'Brigthon Rock'), 
('02a0b0ff-172d-46c9-a9d0-f13e4130c1c7', '4:00', 'Just The Way You Are'), 
('356fc5ae-2b39-4b3f-b848-05b3ab3b41c7', '4:10', 'Deutschland'), 
('356fc5ae-2b39-4b3f-b848-05b3ab3b41c7', '2:10', 'Fils De Joie'), 
('356fc5ae-2b39-4b3f-b848-05b3ab3b41c7', '3:20', 'Get It Right The First Time'), 
('356fc5ae-2b39-4b3f-b848-05b3ab3b41c7', '4:50', 'Shoot For Your Heaert'), 
('356fc5ae-2b39-4b3f-b848-05b3ab3b41c7', '3:40', 'Machine Gun Funk'), 
('cf35383e-a22b-47a6-a4fe-61c04b093edd', '3:30', 'Hot And Cold'), 
('cf35383e-a22b-47a6-a4fe-61c04b093edd', '4:50', 'Seventh Sun'), 
('cf35383e-a22b-47a6-a4fe-61c04b093edd', '3:20', 'Killer Queen'), 
('cf35383e-a22b-47a6-a4fe-61c04b093edd', '2:00', 'Gimme The Loot'), 
('cf35383e-a22b-47a6-a4fe-61c04b093edd', '4:00', 'Pas Vraiment'), 
('cf35383e-a22b-47a6-a4fe-61c04b093edd', '2:00', 'Seventh Sun'), 
('cf35383e-a22b-47a6-a4fe-61c04b093edd', '3:40', 'Gimme The Loot'), 
('2e2e5c82-c2ee-47ef-b7f0-1df02e178975', '3:20', 'Everybody has A Dream'), 
('2e2e5c82-c2ee-47ef-b7f0-1df02e178975', '2:10', 'Seventh Sun'), 
('2e2e5c82-c2ee-47ef-b7f0-1df02e178975', '4:20', 'Hot And Cold'), 
('2e2e5c82-c2ee-47ef-b7f0-1df02e178975', '2:00', 'Mon Amour'), 
('2e2e5c82-c2ee-47ef-b7f0-1df02e178975', '4:50', 'Hot And Cold'), 
('2e2e5c82-c2ee-47ef-b7f0-1df02e178975', '4:00', 'Machine Gun Funk'), 
('2e2e5c82-c2ee-47ef-b7f0-1df02e178975', '3:40', 'Mon Amour'), 
('2e2e5c82-c2ee-47ef-b7f0-1df02e178975', '2:50', 'Santé'), 
('0b013b50-ffd8-42ae-be88-4c10697c730b', '3:00', 'The Great Gig In The Sky'), 
('0b013b50-ffd8-42ae-be88-4c10697c730b', '2:30', 'Hot And Cold'), 
('0b013b50-ffd8-42ae-be88-4c10697c730b', '3:40', 'Just The Way You Are'), 
('0b013b50-ffd8-42ae-be88-4c10697c730b', '3:30', 'Get It Right The First Time'), 
('0b013b50-ffd8-42ae-be88-4c10697c730b', '4:50', 'Gimme The Loot'), 
('0b013b50-ffd8-42ae-be88-4c10697c730b', '2:00', 'Seventh Sun'), 
('0b013b50-ffd8-42ae-be88-4c10697c730b', '4:30', 'Rosenrot'), 
('a0eb9087-ff81-4d6d-8b6b-94f8ac5fde78', '2:50', 'Deutschland'), 
('a0eb9087-ff81-4d6d-8b6b-94f8ac5fde78', '4:50', 'Seventh Sun'), 
('a0eb9087-ff81-4d6d-8b6b-94f8ac5fde78', '2:20', 'Hot And Cold'), 
('a0eb9087-ff81-4d6d-8b6b-94f8ac5fde78', '4:30', 'Hot And Cold'), 
('a0eb9087-ff81-4d6d-8b6b-94f8ac5fde78', '4:30', 'Tie Your Mother Down'), 
('a0eb9087-ff81-4d6d-8b6b-94f8ac5fde78', '2:30', 'Gimme The Loot'), 
('a0eb9087-ff81-4d6d-8b6b-94f8ac5fde78', '3:10', 'Hot And Cold'), 
('0ccf3cdd-50db-48d8-bf54-e74171a8588e', '4:40', 'Everybody has A Dream'), 
('0ccf3cdd-50db-48d8-bf54-e74171a8588e', '2:20', 'Santé'), 
('0ccf3cdd-50db-48d8-bf54-e74171a8588e', '2:00', 'Rosenrot'), 
('0ccf3cdd-50db-48d8-bf54-e74171a8588e', '4:50', 'Rosenrot'), 
('0ccf3cdd-50db-48d8-bf54-e74171a8588e', '2:50', 'Rosenrot'), 
('0ccf3cdd-50db-48d8-bf54-e74171a8588e', '2:40', 'Thats What I Like'), 
('0ccf3cdd-50db-48d8-bf54-e74171a8588e', '3:30', 'Brigthon Rock');

insert into product_artistids (product_productid, artistid) values 
('7999daee-9454-4906-b159-4393c73a5d26', 'b103a182-290d-41d5-8b11-b145ddfaee88'), 
('c95744c0-8078-4c71-90be-c6bfcb60d114', 'b4bbe3d2-b84a-4407-8de9-a045943788ba'), 
('e1ee4750-e56b-4e74-8e9f-a33d9005f2ab', 'dff7e2f2-f478-495f-81b3-ce19f61caf6c'), 
('e1ee4750-e56b-4e74-8e9f-a33d9005f2ab', '4d7c4b64-5b81-45a1-b057-644fd89c3c84'), 
('ef5752ac-07b7-4b0e-a74f-73870f373b5d', '7329789e-0720-489a-84fa-66ba55bd8471'), 
('ef5752ac-07b7-4b0e-a74f-73870f373b5d', '83458a5b-4ca2-4983-acf0-574d681d9334'), 
('94018f86-57a7-4322-a567-1d2966ef601c', 'b9f3fd05-1c29-4689-a0cc-9903a2122e66'), 
('cb74dbf3-bf4f-42d3-8cb0-986a4cb207d4', '370c3c20-8438-47e7-9640-1f04cb88e3fa'), 
('cb74dbf3-bf4f-42d3-8cb0-986a4cb207d4', '83458a5b-4ca2-4983-acf0-574d681d9334'), 
('601d5ad5-27e8-4af4-b7bf-39133fe44e57', '348d033f-004a-4c09-aada-964589e2d202'), 
('601d5ad5-27e8-4af4-b7bf-39133fe44e57', '7f2efa0f-462a-45bc-b818-d9595e80d600'), 
('2d5e966f-6138-48ed-b786-a48094003eab', '85ce4471-9ccf-4985-a0bb-663edfab9e15'), 
('2d5e966f-6138-48ed-b786-a48094003eab', '4dd98ffe-0b42-4ec9-a695-720af1459cb3'), 
('0b08246d-b879-47de-b84b-3531f37c712a', 'b9f3fd05-1c29-4689-a0cc-9903a2122e66'), 
('88d27818-43f4-4bbc-865a-482aa0a623ad', 'a150085d-04bc-49ca-9087-3c4e7d79c70e'), 
('b5940157-bc77-498c-80d1-97da55d4209c', '28c0a87a-6934-401d-95f7-90bde4e4cb79'), 
('b5940157-bc77-498c-80d1-97da55d4209c', '768cb2f6-74ea-4797-aab6-084f0fa1d341'), 
('6a9c5647-c433-46d6-9248-8d4f3e240921', '370c3c20-8438-47e7-9640-1f04cb88e3fa'), 
('330c8f7e-1959-474e-9059-303ae043c8bb', '7f2efa0f-462a-45bc-b818-d9595e80d600'), 
('4449a836-be9c-4a83-a608-b95a5142483f', '0d6aa87f-f0b5-4861-930b-218773fd7104'), 
('9f7aef9d-7f68-41fd-aa3f-608d5763f694', '97d24b56-1309-4af4-8fcb-302ae96490f8'), 
('9f7aef9d-7f68-41fd-aa3f-608d5763f694', '8e5eca63-a885-4b7c-bcb3-cef89d76c090'), 
('2992facc-1e92-4cd1-9405-ba777a4460c1', '44ac8b0e-4fc6-48a6-b1f7-5a4f4b4051fb'), 
('2992facc-1e92-4cd1-9405-ba777a4460c1', '022c5d5d-ef53-4461-8fd4-728083c0f394'), 
('cf736862-aa20-422c-8baf-ff82f45781c5', 'a78b7851-56a1-40c1-a0fa-79a79833459f'), 
('84f59868-05c2-4988-b390-46fd5752ce1a', 'f13c4e79-7e1b-48e3-8bad-99c3b094cfa2'), 
('dd58c780-ee1d-4c37-9e34-400a12bf567c', 'db177ae1-9da4-486d-8535-6fdfea876b57'), 
('dd58c780-ee1d-4c37-9e34-400a12bf567c', '6bff5088-8ce4-4eaf-b7c4-454ba1cd8ce4'), 
('f9c979fa-b78c-4e31-9a0d-4f961cc91952', 'cb2805f1-e805-4837-a164-789f06786f00'), 
('8ac5277b-1f1f-404b-8598-92e4993bc4fa', '44ac8b0e-4fc6-48a6-b1f7-5a4f4b4051fb'), 
('531932c4-b73a-477c-9875-60f0cf16686b', '7329789e-0720-489a-84fa-66ba55bd8471'), 
('531932c4-b73a-477c-9875-60f0cf16686b', '918494f9-278e-4543-852e-ab0ec96a9c6f'), 
('1936e386-e694-41b5-95a5-023a6cbf10c2', '393b8c8b-542a-4c05-9a86-b93cbcb31aa0'), 
('62e4e190-654d-4ce2-adf5-7e7a43664ded', '163d6b46-6bf9-4cff-9f5d-4990520b9cd7'), 
('da3602c1-9257-4d28-ad59-53d90c9b71e9', '83458a5b-4ca2-4983-acf0-574d681d9334'), 
('131e4c24-dfc7-4915-ba7a-b6c94a5c5679', 'cb2805f1-e805-4837-a164-789f06786f00'), 
('131e4c24-dfc7-4915-ba7a-b6c94a5c5679', '10ee1965-73be-46f0-8c76-36c2d855e248'), 
('c3274280-88d1-41e1-bdae-7522acbd3140', '022c5d5d-ef53-4461-8fd4-728083c0f394'), 
('c3274280-88d1-41e1-bdae-7522acbd3140', 'f7571ce2-7320-4032-8942-ea080c332f76'), 
('bc84e716-f2b6-4f15-a3f7-416836f3751e', 'b4bbe3d2-b84a-4407-8de9-a045943788ba'), 
('aeb779e0-1fd7-49cc-b728-2e5e6d06629e', '41ba8241-e53f-4a70-a223-79a7a183a34e'), 
('a6ff632b-2cf8-4267-b5ff-344121e8fa85', 'cb2805f1-e805-4837-a164-789f06786f00'), 
('3d5f8134-7801-4e30-9349-4d878bce40a3', '918494f9-278e-4543-852e-ab0ec96a9c6f'), 
('3d5f8134-7801-4e30-9349-4d878bce40a3', 'db1aac5f-a868-43e7-b9cb-41008e32ac13'), 
('e1296e80-75f6-4338-afa2-7db23fd154f6', 'b103a182-290d-41d5-8b11-b145ddfaee88'), 
('eceba604-6d39-4f5e-b361-bcf5f7c99d82', 'f7571ce2-7320-4032-8942-ea080c332f76'), 
('954efebe-dd37-4145-845f-444f701be8ec', '084d0b65-9fbf-496f-b642-e838e64c799e'), 
('6eb5b167-0457-40b4-8437-a029358259de', 'bd9461de-f34a-46ac-ac3d-5b46eee467db'), 
('40500643-9020-4aad-a85d-8ce9db4c97ad', '97d24b56-1309-4af4-8fcb-302ae96490f8'), 
('c75f94dd-ff4e-4204-a2ae-07508dacaae0', '83458a5b-4ca2-4983-acf0-574d681d9334'), 
('5c563d76-bc9e-4c64-8a7a-7b91fcc95617', '97d24b56-1309-4af4-8fcb-302ae96490f8'), 
('5c563d76-bc9e-4c64-8a7a-7b91fcc95617', '84576e4c-9cf3-4a59-a71f-e0cd2e63eeec'), 
('dfa07531-3bec-4529-9ab4-77e0c57f646f', '55c051a4-123c-43a3-974b-ecd29d44ce04'), 
('dfa07531-3bec-4529-9ab4-77e0c57f646f', 'e1fa91de-62d7-421e-850a-4ce42d6eb0f0'), 
('91ef9516-096c-4fee-a418-ae02742506a2', 'ddc54729-e81f-4f86-a68b-c46395c539d1'), 
('91ef9516-096c-4fee-a418-ae02742506a2', '163d6b46-6bf9-4cff-9f5d-4990520b9cd7'), 
('7f461852-7f55-4cc7-a9f3-6edf7b90ecfa', '1f8ddb5e-4e38-4d33-8f4e-fda97c61554a'), 
('6c4540b1-47ef-4e65-b96f-85f791221472', 'b96416cd-de7d-4f47-a7bb-6eec3798b18a'), 
('6c4540b1-47ef-4e65-b96f-85f791221472', '084d0b65-9fbf-496f-b642-e838e64c799e'), 
('e409672f-50c9-445d-b9c5-9e22d45b4151', 'dff7e2f2-f478-495f-81b3-ce19f61caf6c'), 
('e409672f-50c9-445d-b9c5-9e22d45b4151', '4a9171b7-9b88-493b-a594-1edfd3a2ce81'), 
('04137d15-c68c-4e1a-9a20-4f6e90c6ea81', '6bff5088-8ce4-4eaf-b7c4-454ba1cd8ce4'), 
('a884c1da-8992-445c-a9ff-170b9a5c49ed', '1e35d6b7-dc23-4b6f-a5bf-514f4c0eccf0'), 
('db31bb22-b1cf-4105-8ab4-c389e6bcdca5', 'c09de18f-8711-47d0-9caa-dbf26a6b26d0'), 
('db31bb22-b1cf-4105-8ab4-c389e6bcdca5', '85ce4471-9ccf-4985-a0bb-663edfab9e15'), 
('26195aab-38c9-4b77-8396-1d7676e6ef2b', 'fab24729-b047-4586-986d-73ac45a046ca'), 
('26195aab-38c9-4b77-8396-1d7676e6ef2b', 'b4bbe3d2-b84a-4407-8de9-a045943788ba'), 
('105f9ecd-530e-4c6f-9bbf-9ca024a0d854', 'cff635a7-34a3-4105-9ccf-2c4ca183ce93'), 
('bdbc0fdb-aad0-44a1-86f1-83c1e6275fe3', '37b3b7a8-ffe8-4714-acf9-d8328fd2dcd0'), 
('bdbc0fdb-aad0-44a1-86f1-83c1e6275fe3', '55c051a4-123c-43a3-974b-ecd29d44ce04'), 
('10ebd255-d152-4c20-a2b3-c35fe81f17e1', '370c3c20-8438-47e7-9640-1f04cb88e3fa'), 
('dc0504c2-bfa2-4bc2-995b-79bfaf17d2ee', '37ed8bd6-2be2-47ef-a802-a5534f0c769f'), 
('dc0504c2-bfa2-4bc2-995b-79bfaf17d2ee', 'b7f2e7d7-d050-4991-81fa-68f211832432'), 
('c76541cd-f6c4-4da9-b6d2-efef9141dc00', 'd72f7f65-b135-448f-b04c-bc160b91d278'), 
('c76541cd-f6c4-4da9-b6d2-efef9141dc00', 'ddc54729-e81f-4f86-a68b-c46395c539d1'), 
('b28ba8ab-7b04-44b0-a7ed-65b34bb59a69', 'bd9461de-f34a-46ac-ac3d-5b46eee467db'), 
('b28ba8ab-7b04-44b0-a7ed-65b34bb59a69', 'b96416cd-de7d-4f47-a7bb-6eec3798b18a'), 
('90d03171-7b33-479c-b7f2-4588d54a057d', 'c778a634-53a1-4795-b94b-caf2b8505f7d'), 
('90d03171-7b33-479c-b7f2-4588d54a057d', '0f18f138-135f-43cc-bcfa-ebd409dd56fa'), 
('05db9745-2fe3-403d-ae51-d2b526f33fa3', 'da023c7a-6adc-4f53-b9c1-e92fa8fcb9f3'), 
('05db9745-2fe3-403d-ae51-d2b526f33fa3', '5a41894a-61b2-4929-ad02-3d77e98a4763'), 
('6d550d25-8dd8-40f9-91fc-5c6aee25d6cd', '8e5eca63-a885-4b7c-bcb3-cef89d76c090'), 
('2b50e80d-f93e-468d-9c31-14bf9ed8dad0', 'ddc54729-e81f-4f86-a68b-c46395c539d1'), 
('2b50e80d-f93e-468d-9c31-14bf9ed8dad0', '4dfb17df-1bfc-4e02-9ed3-8c7a2ea8cb8c'), 
('b6c95c19-3b8e-4c2c-b787-0d40df366aa2', 'b9f3fd05-1c29-4689-a0cc-9903a2122e66'), 
('b6c95c19-3b8e-4c2c-b787-0d40df366aa2', '28c0a87a-6934-401d-95f7-90bde4e4cb79'), 
('eadc9173-134f-412c-b452-092ce0afcb27', '43c26a40-4fe5-4623-8f12-36833f1b9d5f'), 
('0be3fd3a-313f-4745-8cdc-cab1e3fc71a4', '768cb2f6-74ea-4797-aab6-084f0fa1d341'), 
('e6e64697-8301-4986-b6d4-4c5f0b49c3f0', '1e35d6b7-dc23-4b6f-a5bf-514f4c0eccf0'), 
('e6e64697-8301-4986-b6d4-4c5f0b49c3f0', '163d6b46-6bf9-4cff-9f5d-4990520b9cd7'), 
('c39b3f8e-323f-4723-9927-6c2aac24d486', '918494f9-278e-4543-852e-ab0ec96a9c6f'), 
('c39b3f8e-323f-4723-9927-6c2aac24d486', '4761ce12-c5f4-40e3-8fa2-45f580bbca27'), 
('8ad49757-f10a-49be-9a82-c475d8850896', '918494f9-278e-4543-852e-ab0ec96a9c6f'), 
('2a9b414b-7bbc-4084-971f-e5045e75e625', '7f2efa0f-462a-45bc-b818-d9595e80d600'), 
('eb0dc7d5-3d7e-4bf8-8af0-5a63344f0d3b', '370c3c20-8438-47e7-9640-1f04cb88e3fa'), 
('6ea43328-2001-4640-bcfc-86565ff00406', '381e4aff-f679-4af5-90b8-42c4201e9550'), 
('03db2244-5e78-4810-8190-309799ffcabd', '10ee1965-73be-46f0-8c76-36c2d855e248'), 
('be7ed3ba-b3c1-4eb6-adc2-99168fd3bede', '56b2b575-b636-4098-89a7-90e97c1db84b'), 
('be7ed3ba-b3c1-4eb6-adc2-99168fd3bede', '348d033f-004a-4c09-aada-964589e2d202'), 
('cd1e7003-94db-4493-9898-82862dba2ab1', '0f18f138-135f-43cc-bcfa-ebd409dd56fa'), 
('6b5d0225-d127-428c-a20f-6b2ada62cc48', 'b7f2e7d7-d050-4991-81fa-68f211832432'), 
('070bd834-6092-48e4-bcf1-d814865db399', 'bd9461de-f34a-46ac-ac3d-5b46eee467db'), 
('070bd834-6092-48e4-bcf1-d814865db399', '37b3b7a8-ffe8-4714-acf9-d8328fd2dcd0'), 
('ed230131-5815-48d9-9d52-7789232bec46', '505fa683-663a-4aec-8822-a2fa16110c7c'), 
('ed230131-5815-48d9-9d52-7789232bec46', 'b9f3fd05-1c29-4689-a0cc-9903a2122e66'), 
('4d7097ec-8424-4025-b636-6d961051a391', 'b9f3fd05-1c29-4689-a0cc-9903a2122e66'), 
('3a64f5ce-1d76-4f6b-a80d-11c56946bdd6', 'ca1a3dd8-9df7-42c0-8932-01a6f751841b'), 
('3a64f5ce-1d76-4f6b-a80d-11c56946bdd6', 'f13c4e79-7e1b-48e3-8bad-99c3b094cfa2'), 
('2508d74c-d0d9-48ab-9bc0-1a3bbfd43679', 'cff635a7-34a3-4105-9ccf-2c4ca183ce93'), 
('2508d74c-d0d9-48ab-9bc0-1a3bbfd43679', '03635430-4780-4682-a168-09a12901cedc'), 
('ade52ecb-6b46-4821-a2ec-9a47f1a6682d', 'db177ae1-9da4-486d-8535-6fdfea876b57'), 
('ade52ecb-6b46-4821-a2ec-9a47f1a6682d', '56b2b575-b636-4098-89a7-90e97c1db84b'), 
('d80dc812-e66b-43d8-8c5b-a90d8852fee5', 'fab24729-b047-4586-986d-73ac45a046ca'), 
('d80dc812-e66b-43d8-8c5b-a90d8852fee5', 'db177ae1-9da4-486d-8535-6fdfea876b57'), 
('37c2b648-0fce-47ba-9e76-f06af3f0ee2a', '03635430-4780-4682-a168-09a12901cedc'), 
('37c2b648-0fce-47ba-9e76-f06af3f0ee2a', '6bff5088-8ce4-4eaf-b7c4-454ba1cd8ce4'), 
('f44e9804-ad99-405d-af04-3baa2350393c', '97d24b56-1309-4af4-8fcb-302ae96490f8'), 
('0a92aefc-aa92-440e-adf6-43fc1aa7beca', 'bd9461de-f34a-46ac-ac3d-5b46eee467db'), 
('502a5123-0a14-4f80-ba8f-2d78cae5dd5a', 'fbf4a06d-6f99-4ce3-8b2d-f443a925a41f'), 
('502a5123-0a14-4f80-ba8f-2d78cae5dd5a', '393b8c8b-542a-4c05-9a86-b93cbcb31aa0'), 
('c87c7d5a-23a9-4203-a398-5ba25d77274b', 'b4bbe3d2-b84a-4407-8de9-a045943788ba'), 
('c87c7d5a-23a9-4203-a398-5ba25d77274b', '4a9171b7-9b88-493b-a594-1edfd3a2ce81'), 
('b099065d-6f05-45e5-adf6-cf184ad76d88', '5a41894a-61b2-4929-ad02-3d77e98a4763'), 
('0f5e1c4a-84d2-46ab-b505-b24af825bd68', 'cff635a7-34a3-4105-9ccf-2c4ca183ce93'), 
('0f5e1c4a-84d2-46ab-b505-b24af825bd68', 'db177ae1-9da4-486d-8535-6fdfea876b57'), 
('def7b95f-c0c2-48e4-bf9b-1e1494772987', '076ee4df-40a3-45f0-9913-937452240614'), 
('68bf3d78-bc2e-4c90-8ca1-6197d7873d7b', '86e32463-d025-4561-aa85-41b69f2c61fd'), 
('03f961df-fe08-4b99-b250-effd5460be35', '97d24b56-1309-4af4-8fcb-302ae96490f8'), 
('03f961df-fe08-4b99-b250-effd5460be35', '4dfb17df-1bfc-4e02-9ed3-8c7a2ea8cb8c'), 
('fc536cfc-3537-4d3f-be1e-8fcaa0ce424e', '84576e4c-9cf3-4a59-a71f-e0cd2e63eeec'), 
('fc536cfc-3537-4d3f-be1e-8fcaa0ce424e', '10ee1965-73be-46f0-8c76-36c2d855e248'), 
('c2daa879-c2ad-4ae2-9c4e-1dff38af56ba', '4dd98ffe-0b42-4ec9-a695-720af1459cb3'), 
('c2daa879-c2ad-4ae2-9c4e-1dff38af56ba', '5a41894a-61b2-4929-ad02-3d77e98a4763'), 
('a00b42e5-5169-4e52-a079-4d41a3c9feb8', 'c778a634-53a1-4795-b94b-caf2b8505f7d'), 
('a00b42e5-5169-4e52-a079-4d41a3c9feb8', 'b96416cd-de7d-4f47-a7bb-6eec3798b18a'), 
('d1e7c17c-ea64-4d97-8e63-dfe5ec80cbff', '381e4aff-f679-4af5-90b8-42c4201e9550'), 
('d1e7c17c-ea64-4d97-8e63-dfe5ec80cbff', 'f7571ce2-7320-4032-8942-ea080c332f76'), 
('afefaf39-9ea0-41d7-ba36-556299eccbf8', '370c3c20-8438-47e7-9640-1f04cb88e3fa'), 
('4c0dae8d-8c0f-4941-9ad4-3fbe17058240', '44ac8b0e-4fc6-48a6-b1f7-5a4f4b4051fb'), 
('4c0dae8d-8c0f-4941-9ad4-3fbe17058240', '4a9171b7-9b88-493b-a594-1edfd3a2ce81'), 
('55d7a6b5-1417-4ef3-b565-f67ab819f04d', '43c26a40-4fe5-4623-8f12-36833f1b9d5f'), 
('55d7a6b5-1417-4ef3-b565-f67ab819f04d', 'ddc54729-e81f-4f86-a68b-c46395c539d1'), 
('138116f0-c2c9-4455-92c8-3fa9fc23e610', '4dd98ffe-0b42-4ec9-a695-720af1459cb3'), 
('138116f0-c2c9-4455-92c8-3fa9fc23e610', '97d24b56-1309-4af4-8fcb-302ae96490f8'), 
('7d451928-2ffe-41f0-876c-62343a6383b4', 'd72f7f65-b135-448f-b04c-bc160b91d278'), 
('7d451928-2ffe-41f0-876c-62343a6383b4', '2443fbe1-e318-4a1b-a959-fb35088e206b'), 
('cf9b7aee-7cde-4604-8d49-996687170ce9', '7329789e-0720-489a-84fa-66ba55bd8471'), 
('b18d6a9f-eb39-4678-8c33-388962136f93', '43c26a40-4fe5-4623-8f12-36833f1b9d5f'), 
('b18d6a9f-eb39-4678-8c33-388962136f93', 'f13c4e79-7e1b-48e3-8bad-99c3b094cfa2'), 
('bd2cfe01-5304-4ce9-9cf7-2ef117bc69c2', 'e1fa91de-62d7-421e-850a-4ce42d6eb0f0'), 
('c293157c-e70c-4641-9a5c-1ef514b49a5b', 'fbf4a06d-6f99-4ce3-8b2d-f443a925a41f'), 
('c293157c-e70c-4641-9a5c-1ef514b49a5b', '022c5d5d-ef53-4461-8fd4-728083c0f394'), 
('8c0475ba-b1af-4d21-8f65-10614a222a00', '4761ce12-c5f4-40e3-8fa2-45f580bbca27'), 
('da361520-2c05-4adb-a277-80561159f1b5', '10ee1965-73be-46f0-8c76-36c2d855e248'), 
('da361520-2c05-4adb-a277-80561159f1b5', '2443fbe1-e318-4a1b-a959-fb35088e206b'), 
('b732e546-8acb-464e-82f0-c20d6edbf5b8', '918494f9-278e-4543-852e-ab0ec96a9c6f'), 
('b732e546-8acb-464e-82f0-c20d6edbf5b8', '0d6aa87f-f0b5-4861-930b-218773fd7104'), 
('5f53155f-4731-47ca-b7ed-8926ab7ea53f', 'b4bbe3d2-b84a-4407-8de9-a045943788ba'), 
('5f53155f-4731-47ca-b7ed-8926ab7ea53f', '56b2b575-b636-4098-89a7-90e97c1db84b'), 
('bcfe7042-4866-4434-ac46-40c2a806e4c7', 'b103a182-290d-41d5-8b11-b145ddfaee88'), 
('c2b8a80f-2d77-4eaa-ac0c-888bf004c0f2', 'a150085d-04bc-49ca-9087-3c4e7d79c70e'), 
('bfb23afc-273b-4bb6-be3b-6be978b1e4a7', '1e35d6b7-dc23-4b6f-a5bf-514f4c0eccf0'), 
('74fbd118-332e-485f-a23f-112d51f5290d', 'c778a634-53a1-4795-b94b-caf2b8505f7d'), 
('74fbd118-332e-485f-a23f-112d51f5290d', '7329789e-0720-489a-84fa-66ba55bd8471'), 
('afb6f4ea-f6d5-467b-bdc1-9e3e37dad64e', '393b8c8b-542a-4c05-9a86-b93cbcb31aa0'), 
('1d081e71-268d-4455-8005-90007c8d97e6', '918494f9-278e-4543-852e-ab0ec96a9c6f'), 
('909e8273-a58d-4d8d-bc74-a61f28750fe7', 'b103a182-290d-41d5-8b11-b145ddfaee88'), 
('787fc1d5-55a9-4c89-9c56-ad493362c3f6', '41ba8241-e53f-4a70-a223-79a7a183a34e'), 
('787fc1d5-55a9-4c89-9c56-ad493362c3f6', '6bff5088-8ce4-4eaf-b7c4-454ba1cd8ce4'), 
('3932c7ec-8a7f-4f98-99d1-a367d7641f05', '163d6b46-6bf9-4cff-9f5d-4990520b9cd7'), 
('194d86f8-b6ae-453c-bc81-ebcd9f5203d8', 'c1806922-90fb-407c-83b8-f8cf4e373af3'), 
('6378d8e1-88de-4886-901c-ec82e0d9bee5', '7329789e-0720-489a-84fa-66ba55bd8471'), 
('f855194a-d3da-44eb-8f64-23331fcf71e9', '41ba8241-e53f-4a70-a223-79a7a183a34e'), 
('f988c9ef-6bc2-4daa-8a98-ba6a37ec731f', 'a150085d-04bc-49ca-9087-3c4e7d79c70e'), 
('fd9162ee-50de-448b-bcfe-e438c81cd294', 'ddc54729-e81f-4f86-a68b-c46395c539d1'), 
('56cac70e-f0f0-4788-94a1-3265cdca564f', 'a78b7851-56a1-40c1-a0fa-79a79833459f'), 
('23d25dd2-12e1-4c18-9c1f-f67fa6504c32', 'da023c7a-6adc-4f53-b9c1-e92fa8fcb9f3'), 
('e7e7a50a-8d81-4669-a689-73b4faf439eb', '84576e4c-9cf3-4a59-a71f-e0cd2e63eeec'), 
('e7e7a50a-8d81-4669-a689-73b4faf439eb', 'b103a182-290d-41d5-8b11-b145ddfaee88'), 
('a34aafa7-9eb1-44d3-be47-987f1ecddc65', '4a9171b7-9b88-493b-a594-1edfd3a2ce81'), 
('71faf0da-f18b-47d7-8fa6-304e8bd7d622', 'bd9461de-f34a-46ac-ac3d-5b46eee467db'), 
('71faf0da-f18b-47d7-8fa6-304e8bd7d622', '348d033f-004a-4c09-aada-964589e2d202'), 
('6863f595-aeb1-4ce4-84ed-1dbd3d8e0411', '43c26a40-4fe5-4623-8f12-36833f1b9d5f'), 
('788236f2-e64a-499e-a6e4-6a67020b5e3f', 'd72f7f65-b135-448f-b04c-bc160b91d278'), 
('788236f2-e64a-499e-a6e4-6a67020b5e3f', 'ddc54729-e81f-4f86-a68b-c46395c539d1'), 
('d524f58f-f1df-4fab-82f7-95edda26c473', 'b96416cd-de7d-4f47-a7bb-6eec3798b18a'), 
('4649ec95-6a23-452c-ad96-7e2497ea91e8', '1e35d6b7-dc23-4b6f-a5bf-514f4c0eccf0'), 
('4649ec95-6a23-452c-ad96-7e2497ea91e8', '348d033f-004a-4c09-aada-964589e2d202'), 
('a869cf9b-c14e-464e-9177-51ec3efa029b', 'b9f3fd05-1c29-4689-a0cc-9903a2122e66'), 
('d63f4679-c216-4109-97d6-fb907e69c547', '084d0b65-9fbf-496f-b642-e838e64c799e'), 
('09f963f4-5dd8-4919-bd55-d085753e2df6', '1e35d6b7-dc23-4b6f-a5bf-514f4c0eccf0'), 
('322bd0c2-3f81-41de-88c0-a3bc9e28fd23', 'f7571ce2-7320-4032-8942-ea080c332f76'), 
('72ea3062-2c0a-4970-bdfd-487ed81411f3', '8e5eca63-a885-4b7c-bcb3-cef89d76c090'), 
('72ea3062-2c0a-4970-bdfd-487ed81411f3', 'de3d4c78-052d-4839-96d9-d9e7f7c73367'), 
('1b217ffb-1479-4605-83df-acd6b0a385b9', 'de3d4c78-052d-4839-96d9-d9e7f7c73367'), 
('1b217ffb-1479-4605-83df-acd6b0a385b9', 'db177ae1-9da4-486d-8535-6fdfea876b57'), 
('4af1f3f5-afed-46c2-8ae0-5b876693b7e8', 'b103a182-290d-41d5-8b11-b145ddfaee88'), 
('be2d9227-f988-4848-b29d-670615d2993f', 'cb2805f1-e805-4837-a164-789f06786f00'), 
('360f6427-1006-43ee-8cab-c8850c3947b9', 'd72f7f65-b135-448f-b04c-bc160b91d278'), 
('360f6427-1006-43ee-8cab-c8850c3947b9', '83458a5b-4ca2-4983-acf0-574d681d9334'), 
('de4acfbe-b2e4-4264-86ee-497c0b8d2a56', '44ac8b0e-4fc6-48a6-b1f7-5a4f4b4051fb'), 
('3e8d44a0-5bec-420a-b9d8-eaad0c3a2f94', '55c051a4-123c-43a3-974b-ecd29d44ce04'), 
('3e8d44a0-5bec-420a-b9d8-eaad0c3a2f94', 'c778a634-53a1-4795-b94b-caf2b8505f7d'), 
('5f963ff5-62e6-4221-914c-807bdf7369b3', '393b8c8b-542a-4c05-9a86-b93cbcb31aa0'), 
('5f963ff5-62e6-4221-914c-807bdf7369b3', '84576e4c-9cf3-4a59-a71f-e0cd2e63eeec'), 
('668e473f-fb25-43ad-a776-8d67ca0d2d7f', 'fbf4a06d-6f99-4ce3-8b2d-f443a925a41f'), 
('668e473f-fb25-43ad-a776-8d67ca0d2d7f', '10ee1965-73be-46f0-8c76-36c2d855e248'), 
('23e1511d-1d21-4a82-9025-47d9d8fe8bcb', 'dff7e2f2-f478-495f-81b3-ce19f61caf6c'), 
('5339cf28-29c2-4a08-9553-b8c4c84eef82', 'b7f2e7d7-d050-4991-81fa-68f211832432'), 
('8154720a-f51e-40f3-b360-10bb46a6c851', '4a9171b7-9b88-493b-a594-1edfd3a2ce81'), 
('c3a1dae4-f1c1-4744-b944-d63421ba1eb3', '022c5d5d-ef53-4461-8fd4-728083c0f394'), 
('8b11ae62-2aa8-4b14-9e8a-92ce04d5aa54', 'b9f3fd05-1c29-4689-a0cc-9903a2122e66'), 
('4411c12c-c44c-422a-90fd-7dcf90d8621a', '084d0b65-9fbf-496f-b642-e838e64c799e'), 
('4411c12c-c44c-422a-90fd-7dcf90d8621a', 'da023c7a-6adc-4f53-b9c1-e92fa8fcb9f3'), 
('2b7131a2-015b-4b69-8de8-3626e1f1a6b7', 'b96416cd-de7d-4f47-a7bb-6eec3798b18a'), 
('e867612f-267a-4c82-bff9-d41f0cd2217c', '85ce4471-9ccf-4985-a0bb-663edfab9e15'), 
('e867612f-267a-4c82-bff9-d41f0cd2217c', '348d033f-004a-4c09-aada-964589e2d202'), 
('1f1852e8-a815-483d-9fbc-f6f402884e79', 'b4bbe3d2-b84a-4407-8de9-a045943788ba'), 
('f14db885-ab09-4019-a670-b7a02900bd45', '97d24b56-1309-4af4-8fcb-302ae96490f8'), 
('f14db885-ab09-4019-a670-b7a02900bd45', 'cb2805f1-e805-4837-a164-789f06786f00'), 
('0586b0bc-a140-4ec7-954d-b48ff2d1f514', '4a9171b7-9b88-493b-a594-1edfd3a2ce81'), 
('0586b0bc-a140-4ec7-954d-b48ff2d1f514', '85ce4471-9ccf-4985-a0bb-663edfab9e15'), 
('a69f2516-e189-4a20-9f71-440f6e4b2508', '393b8c8b-542a-4c05-9a86-b93cbcb31aa0'), 
('a69f2516-e189-4a20-9f71-440f6e4b2508', 'a150085d-04bc-49ca-9087-3c4e7d79c70e'), 
('7c15c75e-929d-45e7-a6bf-6e4b883887d2', 'f7571ce2-7320-4032-8942-ea080c332f76'), 
('7c15c75e-929d-45e7-a6bf-6e4b883887d2', 'fbf4a06d-6f99-4ce3-8b2d-f443a925a41f'), 
('d08c2b7c-9ff0-48ca-bf4c-3916e5d8765d', '5a41894a-61b2-4929-ad02-3d77e98a4763'), 
('d08c2b7c-9ff0-48ca-bf4c-3916e5d8765d', 'db177ae1-9da4-486d-8535-6fdfea876b57'), 
('3c6900f5-00e8-4b1c-a232-9372958aef0e', '0d6aa87f-f0b5-4861-930b-218773fd7104'), 
('6c387275-3928-4bac-806f-d4b4372507fc', 'cff635a7-34a3-4105-9ccf-2c4ca183ce93'), 
('6c387275-3928-4bac-806f-d4b4372507fc', 'b9f3fd05-1c29-4689-a0cc-9903a2122e66'), 
('18514394-de1f-49df-bf5f-a9fc6f68f7a6', 'cff635a7-34a3-4105-9ccf-2c4ca183ce93'), 
('25a36c10-76f8-444d-9ad3-f52a7e36aa03', 'd72f7f65-b135-448f-b04c-bc160b91d278'), 
('25a36c10-76f8-444d-9ad3-f52a7e36aa03', 'a150085d-04bc-49ca-9087-3c4e7d79c70e'), 
('7b3baacc-ab83-44de-8f76-c82959f91d08', 'b4bbe3d2-b84a-4407-8de9-a045943788ba'), 
('183d8532-47a7-4092-a47a-7634a91def4e', '41ba8241-e53f-4a70-a223-79a7a183a34e'), 
('183d8532-47a7-4092-a47a-7634a91def4e', '37ed8bd6-2be2-47ef-a802-a5534f0c769f'), 
('c38f1933-aeb7-4257-b33e-9a6009d254a4', '4761ce12-c5f4-40e3-8fa2-45f580bbca27'), 
('c38f1933-aeb7-4257-b33e-9a6009d254a4', '03635430-4780-4682-a168-09a12901cedc'), 
('6c2a7de1-0754-444d-8580-63ba6dcfa55c', 'b4bbe3d2-b84a-4407-8de9-a045943788ba'), 
('4fb325e6-2a32-4c8c-90a8-fcc227b48d41', '97d24b56-1309-4af4-8fcb-302ae96490f8'), 
('4fb325e6-2a32-4c8c-90a8-fcc227b48d41', 'a78b7851-56a1-40c1-a0fa-79a79833459f'), 
('b5834ada-8a92-4e79-9135-70c2691553be', '37ed8bd6-2be2-47ef-a802-a5534f0c769f'), 
('b5834ada-8a92-4e79-9135-70c2691553be', 'f13c4e79-7e1b-48e3-8bad-99c3b094cfa2'), 
('09b0b0ed-c7bb-43ac-98e2-98e0cfa5e314', 'b96416cd-de7d-4f47-a7bb-6eec3798b18a'), 
('99297120-b2bc-4ad6-9399-1044c5b40a1c', 'ca1a3dd8-9df7-42c0-8932-01a6f751841b'), 
('c444d9da-6dec-43fa-b6ea-2137efe2e1f4', '37b3b7a8-ffe8-4714-acf9-d8328fd2dcd0'), 
('954e1e08-dc7f-4d1f-8053-ca3c919de6c0', 'b96416cd-de7d-4f47-a7bb-6eec3798b18a'), 
('3ecdb674-5bf7-417e-9c9d-a78e254256d7', '85ce4471-9ccf-4985-a0bb-663edfab9e15'), 
('3ecdb674-5bf7-417e-9c9d-a78e254256d7', '37ed8bd6-2be2-47ef-a802-a5534f0c769f'), 
('b687f4ee-dc99-4efc-a1b1-39520cae466c', '7329789e-0720-489a-84fa-66ba55bd8471'), 
('b687f4ee-dc99-4efc-a1b1-39520cae466c', '4a9171b7-9b88-493b-a594-1edfd3a2ce81'), 
('b931e56a-0870-4ed0-a779-d14bdb81ee59', '44ac8b0e-4fc6-48a6-b1f7-5a4f4b4051fb'), 
('b931e56a-0870-4ed0-a779-d14bdb81ee59', 'b7f2e7d7-d050-4991-81fa-68f211832432'), 
('b734a7d8-4e35-4298-828e-30d9f2f4d86e', '076ee4df-40a3-45f0-9913-937452240614'), 
('b734a7d8-4e35-4298-828e-30d9f2f4d86e', '7329789e-0720-489a-84fa-66ba55bd8471'), 
('d5bab114-1d34-45fc-8227-e78f2f8042d1', '370c3c20-8438-47e7-9640-1f04cb88e3fa'), 
('d5bab114-1d34-45fc-8227-e78f2f8042d1', '55c051a4-123c-43a3-974b-ecd29d44ce04'), 
('2dcace40-c6be-43f5-8ea3-aacae9bec76e', 'bd9461de-f34a-46ac-ac3d-5b46eee467db'), 
('bd741d3a-46f4-4086-abff-45febf00bae4', '85ce4471-9ccf-4985-a0bb-663edfab9e15'), 
('bd741d3a-46f4-4086-abff-45febf00bae4', 'fbf4a06d-6f99-4ce3-8b2d-f443a925a41f'), 
('92da4e68-b101-4081-aa0d-277d5f670839', '76f0851e-f43b-437a-8895-851bfed42d4f'), 
('f2be6ce8-e25a-47ff-939a-7299adc4905c', '084d0b65-9fbf-496f-b642-e838e64c799e'), 
('8d9fd7a4-31ca-45c5-a1cb-078e2758ad81', '7329789e-0720-489a-84fa-66ba55bd8471'), 
('8d9fd7a4-31ca-45c5-a1cb-078e2758ad81', 'b103a182-290d-41d5-8b11-b145ddfaee88'), 
('41c73325-06db-4bbe-97a3-be9757f8fdcf', '4761ce12-c5f4-40e3-8fa2-45f580bbca27'), 
('41c73325-06db-4bbe-97a3-be9757f8fdcf', '8e5eca63-a885-4b7c-bcb3-cef89d76c090'), 
('5e5de132-8fcc-47ed-a3ad-b33dbcfbba62', '0d6aa87f-f0b5-4861-930b-218773fd7104'), 
('670a7912-2dc5-4a25-b687-b65bdbd4e683', 'a150085d-04bc-49ca-9087-3c4e7d79c70e'), 
('670a7912-2dc5-4a25-b687-b65bdbd4e683', '918494f9-278e-4543-852e-ab0ec96a9c6f'), 
('7c75218e-a7e5-4438-98cd-638d3dfd8d7d', '28c0a87a-6934-401d-95f7-90bde4e4cb79'), 
('ac501f2c-67d3-4867-b8b7-7e2683e039d2', '44ac8b0e-4fc6-48a6-b1f7-5a4f4b4051fb'), 
('28c37823-fb98-44f6-9d30-54ce07276aa3', 'b4bbe3d2-b84a-4407-8de9-a045943788ba'), 
('28c37823-fb98-44f6-9d30-54ce07276aa3', '4dd98ffe-0b42-4ec9-a695-720af1459cb3'), 
('6a264bda-2606-4f14-83ba-729ab14c5be7', '370c3c20-8438-47e7-9640-1f04cb88e3fa'), 
('899ba088-7618-4f6b-b945-69cfa30df2da', '4dfb17df-1bfc-4e02-9ed3-8c7a2ea8cb8c'), 
('96de6ab4-2c65-4978-b822-b7c9d78cf2f9', '43c26a40-4fe5-4623-8f12-36833f1b9d5f'), 
('96de6ab4-2c65-4978-b822-b7c9d78cf2f9', '03635430-4780-4682-a168-09a12901cedc'), 
('42f548e0-a36a-4f58-8c5a-3f86693d26f5', '4a9171b7-9b88-493b-a594-1edfd3a2ce81'), 
('42f548e0-a36a-4f58-8c5a-3f86693d26f5', '10ee1965-73be-46f0-8c76-36c2d855e248'), 
('b4b42d2e-1691-4a32-b3f8-515624d12baf', 'db177ae1-9da4-486d-8535-6fdfea876b57'), 
('b4b42d2e-1691-4a32-b3f8-515624d12baf', '9ea5be71-c850-4ba4-a982-a03b10e6e03a'), 
('150bd13b-c4cd-4375-8502-c84e57fdbe17', '56b2b575-b636-4098-89a7-90e97c1db84b'), 
('150bd13b-c4cd-4375-8502-c84e57fdbe17', 'b9f3fd05-1c29-4689-a0cc-9903a2122e66'), 
('9094534b-3d0a-4216-b087-74d2a135351d', 'b9f3fd05-1c29-4689-a0cc-9903a2122e66'), 
('42b3b659-0b8e-4567-879b-96c3d935ae5d', '55c051a4-123c-43a3-974b-ecd29d44ce04'), 
('92c7b9fc-c47a-410f-9c2b-2f5c5588300a', 'a78b7851-56a1-40c1-a0fa-79a79833459f'), 
('7493d295-dd9a-47b5-8ad9-4a6728855784', '163d6b46-6bf9-4cff-9f5d-4990520b9cd7'), 
('ef293a9f-93bd-4efb-88da-893b3bf1d3ba', 'c09de18f-8711-47d0-9caa-dbf26a6b26d0'), 
('eb806e6d-5240-4452-9fc9-42a914b8b154', '37b3b7a8-ffe8-4714-acf9-d8328fd2dcd0'), 
('0dc9c818-8bd0-4edd-98ac-4620dda0dc22', '768cb2f6-74ea-4797-aab6-084f0fa1d341'), 
('0dc9c818-8bd0-4edd-98ac-4620dda0dc22', 'da023c7a-6adc-4f53-b9c1-e92fa8fcb9f3'), 
('8530b5c1-342d-4f72-bb18-c1cbc930c1a3', '97d24b56-1309-4af4-8fcb-302ae96490f8'), 
('0407136e-3cb1-4c4c-b6f2-77bc973d5783', 'cb2805f1-e805-4837-a164-789f06786f00'), 
('0407136e-3cb1-4c4c-b6f2-77bc973d5783', '4761ce12-c5f4-40e3-8fa2-45f580bbca27'), 
('67d2175a-1f45-44e7-9fd1-60ec611daaa4', '4dd98ffe-0b42-4ec9-a695-720af1459cb3'), 
('27c0e973-9328-45df-bf25-d26451a5ffc0', '41ba8241-e53f-4a70-a223-79a7a183a34e'), 
('27c0e973-9328-45df-bf25-d26451a5ffc0', '28c0a87a-6934-401d-95f7-90bde4e4cb79'), 
('65781566-0538-4f48-a016-d3973d366b97', 'fbf4a06d-6f99-4ce3-8b2d-f443a925a41f'), 
('1251ee48-cf98-4253-9faf-dab129fca827', '43c26a40-4fe5-4623-8f12-36833f1b9d5f'), 
('1251ee48-cf98-4253-9faf-dab129fca827', '076ee4df-40a3-45f0-9913-937452240614'), 
('02a0b0ff-172d-46c9-a9d0-f13e4130c1c7', 'fbf4a06d-6f99-4ce3-8b2d-f443a925a41f'), 
('356fc5ae-2b39-4b3f-b848-05b3ab3b41c7', '83458a5b-4ca2-4983-acf0-574d681d9334'), 
('356fc5ae-2b39-4b3f-b848-05b3ab3b41c7', '4a9171b7-9b88-493b-a594-1edfd3a2ce81'), 
('cf35383e-a22b-47a6-a4fe-61c04b093edd', 'b103a182-290d-41d5-8b11-b145ddfaee88'), 
('cf35383e-a22b-47a6-a4fe-61c04b093edd', '10ee1965-73be-46f0-8c76-36c2d855e248'), 
('2e2e5c82-c2ee-47ef-b7f0-1df02e178975', 'db177ae1-9da4-486d-8535-6fdfea876b57'), 
('0b013b50-ffd8-42ae-be88-4c10697c730b', '381e4aff-f679-4af5-90b8-42c4201e9550'), 
('0b013b50-ffd8-42ae-be88-4c10697c730b', '022c5d5d-ef53-4461-8fd4-728083c0f394'), 
('a0eb9087-ff81-4d6d-8b6b-94f8ac5fde78', 'cb2805f1-e805-4837-a164-789f06786f00'), 
('0ccf3cdd-50db-48d8-bf54-e74171a8588e', '10ee1965-73be-46f0-8c76-36c2d855e248'), 
('0ccf3cdd-50db-48d8-bf54-e74171a8588e', 'db177ae1-9da4-486d-8535-6fdfea876b57');

insert into artist (artistid, artistname, countryoforigin) values 
('ca1a3dd8-9df7-42c0-8932-01a6f751841b', 'Tina Turner', 'Deutschland'), 
('a78b7851-56a1-40c1-a0fa-79a79833459f', 'Stromae', 'France'), 
('28c0a87a-6934-401d-95f7-90bde4e4cb79', 'Tears for Fears', 'France'), 
('c09de18f-8711-47d0-9caa-dbf26a6b26d0', 'Billy Joel', 'France'), 
('10ee1965-73be-46f0-8c76-36c2d855e248', 'The Notorious B.I.G.', 'Deutschland'), 
('cb2805f1-e805-4837-a164-789f06786f00', 'Rammstein', 'Deutschland'), 
('1a5766a0-fad6-4a4f-9526-ae8a2a397933', 'Tears for Fears', 'USA'), 
('381e4aff-f679-4af5-90b8-42c4201e9550', 'The Notorious B.I.G.', 'UK'), 
('505fa683-663a-4aec-8822-a2fa16110c7c', 'Kesha', 'Deutschland'), 
('85ce4471-9ccf-4985-a0bb-663edfab9e15', 'Stromae', 'Deutschland'), 
('348d033f-004a-4c09-aada-964589e2d202', 'Tina Turner', 'France'), 
('44ac8b0e-4fc6-48a6-b1f7-5a4f4b4051fb', 'Billy Joel', 'UK'), 
('7329789e-0720-489a-84fa-66ba55bd8471', 'Joy Division', 'France'), 
('d72f7f65-b135-448f-b04c-bc160b91d278', 'Tina Turner', 'USA'), 
('55c051a4-123c-43a3-974b-ecd29d44ce04', 'Tina Turner', 'Deutschland'), 
('84576e4c-9cf3-4a59-a71f-e0cd2e63eeec', 'Joy Division', 'Deutschland'), 
('4d7c4b64-5b81-45a1-b057-644fd89c3c84', 'Tina Turner', 'USA'), 
('393b8c8b-542a-4c05-9a86-b93cbcb31aa0', 'Joy Division', 'Deutschland'), 
('ddc54729-e81f-4f86-a68b-c46395c539d1', 'Joy Division', 'USA'), 
('83458a5b-4ca2-4983-acf0-574d681d9334', 'Kesha', 'USA'), 
('f7571ce2-7320-4032-8942-ea080c332f76', 'Tina Turner', 'UK'), 
('97d24b56-1309-4af4-8fcb-302ae96490f8', 'Tears for Fears', 'UK'), 
('37ed8bd6-2be2-47ef-a802-a5534f0c769f', 'The Notorious B.I.G.', 'Deutschland'), 
('c778a634-53a1-4795-b94b-caf2b8505f7d', 'Billy Joel', 'France'), 
('a150085d-04bc-49ca-9087-3c4e7d79c70e', 'Pearl Jam', 'Deutschland'), 
('76f0851e-f43b-437a-8895-851bfed42d4f', 'Joy Division', 'USA'), 
('37b3b7a8-ffe8-4714-acf9-d8328fd2dcd0', 'Stromae', 'UK'), 
('fbf4a06d-6f99-4ce3-8b2d-f443a925a41f', 'Billy Joel', 'France'), 
('6bff5088-8ce4-4eaf-b7c4-454ba1cd8ce4', 'Tears for Fears', 'UK'), 
('db1aac5f-a868-43e7-b9cb-41008e32ac13', 'Pink Floyd', 'UK'), 
('b96416cd-de7d-4f47-a7bb-6eec3798b18a', 'Billy Joel', 'UK'), 
('084d0b65-9fbf-496f-b642-e838e64c799e', 'Pink Floyd', 'France'), 
('da023c7a-6adc-4f53-b9c1-e92fa8fcb9f3', 'Joy Division', 'Deutschland'), 
('163d6b46-6bf9-4cff-9f5d-4990520b9cd7', 'Rammstein', 'USA'), 
('022c5d5d-ef53-4461-8fd4-728083c0f394', 'Stromae', 'UK'), 
('4dfb17df-1bfc-4e02-9ed3-8c7a2ea8cb8c', 'Rammstein', 'Deutschland'), 
('db177ae1-9da4-486d-8535-6fdfea876b57', 'Rammstein', 'USA'), 
('1e35d6b7-dc23-4b6f-a5bf-514f4c0eccf0', 'Joy Division', 'Deutschland'), 
('41ba8241-e53f-4a70-a223-79a7a183a34e', 'Queen', 'USA'), 
('2443fbe1-e318-4a1b-a959-fb35088e206b', 'Tina Turner', 'USA'), 
('9ea5be71-c850-4ba4-a982-a03b10e6e03a', 'The Notorious B.I.G.', 'UK'), 
('b103a182-290d-41d5-8b11-b145ddfaee88', 'Bruno Mars', 'UK'), 
('cff635a7-34a3-4105-9ccf-2c4ca183ce93', 'Tina Turner', 'France'), 
('0f18f138-135f-43cc-bcfa-ebd409dd56fa', 'Pearl Jam', 'USA'), 
('4a9171b7-9b88-493b-a594-1edfd3a2ce81', 'Bruno Mars', 'USA'), 
('c1806922-90fb-407c-83b8-f8cf4e373af3', 'Pink Floyd', 'USA'), 
('768cb2f6-74ea-4797-aab6-084f0fa1d341', 'The Notorious B.I.G.', 'Deutschland'), 
('918494f9-278e-4543-852e-ab0ec96a9c6f', 'Stromae', 'UK'), 
('370c3c20-8438-47e7-9640-1f04cb88e3fa', 'Joy Division', 'USA'), 
('bd9461de-f34a-46ac-ac3d-5b46eee467db', 'Rammstein', 'France'), 
('b9f3fd05-1c29-4689-a0cc-9903a2122e66', 'Pink Floyd', 'USA'), 
('b7f2e7d7-d050-4991-81fa-68f211832432', 'Rammstein', 'USA'), 
('8e5eca63-a885-4b7c-bcb3-cef89d76c090', 'Pearl Jam', 'USA'), 
('f13c4e79-7e1b-48e3-8bad-99c3b094cfa2', 'The Notorious B.I.G.', 'Deutschland'), 
('4761ce12-c5f4-40e3-8fa2-45f580bbca27', 'Queen', 'USA'), 
('5a41894a-61b2-4929-ad02-3d77e98a4763', 'Queen', 'UK'), 
('7f2efa0f-462a-45bc-b818-d9595e80d600', 'Tina Turner', 'Deutschland'), 
('0d6aa87f-f0b5-4861-930b-218773fd7104', 'Stromae', 'Deutschland'), 
('dff7e2f2-f478-495f-81b3-ce19f61caf6c', 'Tears for Fears', 'France'), 
('076ee4df-40a3-45f0-9913-937452240614', 'Pearl Jam', 'France'), 
('1f8ddb5e-4e38-4d33-8f4e-fda97c61554a', 'Bruno Mars', 'UK'), 
('43c26a40-4fe5-4623-8f12-36833f1b9d5f', 'Stromae', 'USA'), 
('56b2b575-b636-4098-89a7-90e97c1db84b', 'Joy Division', 'USA'), 
('fab24729-b047-4586-986d-73ac45a046ca', 'Queen', 'UK'), 
('86e32463-d025-4561-aa85-41b69f2c61fd', 'Joy Division', 'UK'), 
('b4bbe3d2-b84a-4407-8de9-a045943788ba', 'Pearl Jam', 'USA'), 
('4dd98ffe-0b42-4ec9-a695-720af1459cb3', 'Tina Turner', 'France'), 
('de3d4c78-052d-4839-96d9-d9e7f7c73367', 'Pearl Jam', 'USA'), 
('03635430-4780-4682-a168-09a12901cedc', 'Kesha', 'USA'), 
('e1fa91de-62d7-421e-850a-4ce42d6eb0f0', 'Kesha', 'USA');

insert into artist_productids (artist_artistid, productid) values 
('ca1a3dd8-9df7-42c0-8932-01a6f751841b', '3a64f5ce-1d76-4f6b-a80d-11c56946bdd6'), 
('ca1a3dd8-9df7-42c0-8932-01a6f751841b', '99297120-b2bc-4ad6-9399-1044c5b40a1c'), 
('a78b7851-56a1-40c1-a0fa-79a79833459f', 'cf736862-aa20-422c-8baf-ff82f45781c5'), 
('a78b7851-56a1-40c1-a0fa-79a79833459f', '56cac70e-f0f0-4788-94a1-3265cdca564f'), 
('a78b7851-56a1-40c1-a0fa-79a79833459f', '4fb325e6-2a32-4c8c-90a8-fcc227b48d41'), 
('a78b7851-56a1-40c1-a0fa-79a79833459f', '92c7b9fc-c47a-410f-9c2b-2f5c5588300a'), 
('28c0a87a-6934-401d-95f7-90bde4e4cb79', 'b5940157-bc77-498c-80d1-97da55d4209c'), 
('28c0a87a-6934-401d-95f7-90bde4e4cb79', 'b6c95c19-3b8e-4c2c-b787-0d40df366aa2'), 
('28c0a87a-6934-401d-95f7-90bde4e4cb79', '7c75218e-a7e5-4438-98cd-638d3dfd8d7d'), 
('28c0a87a-6934-401d-95f7-90bde4e4cb79', '27c0e973-9328-45df-bf25-d26451a5ffc0'), 
('c09de18f-8711-47d0-9caa-dbf26a6b26d0', 'db31bb22-b1cf-4105-8ab4-c389e6bcdca5'), 
('c09de18f-8711-47d0-9caa-dbf26a6b26d0', 'ef293a9f-93bd-4efb-88da-893b3bf1d3ba'), 
('10ee1965-73be-46f0-8c76-36c2d855e248', '131e4c24-dfc7-4915-ba7a-b6c94a5c5679'), 
('10ee1965-73be-46f0-8c76-36c2d855e248', '03db2244-5e78-4810-8190-309799ffcabd'), 
('10ee1965-73be-46f0-8c76-36c2d855e248', 'fc536cfc-3537-4d3f-be1e-8fcaa0ce424e'), 
('10ee1965-73be-46f0-8c76-36c2d855e248', 'da361520-2c05-4adb-a277-80561159f1b5'), 
('10ee1965-73be-46f0-8c76-36c2d855e248', '668e473f-fb25-43ad-a776-8d67ca0d2d7f'), 
('10ee1965-73be-46f0-8c76-36c2d855e248', '42f548e0-a36a-4f58-8c5a-3f86693d26f5'), 
('10ee1965-73be-46f0-8c76-36c2d855e248', 'cf35383e-a22b-47a6-a4fe-61c04b093edd'), 
('10ee1965-73be-46f0-8c76-36c2d855e248', '0ccf3cdd-50db-48d8-bf54-e74171a8588e'), 
('cb2805f1-e805-4837-a164-789f06786f00', 'f9c979fa-b78c-4e31-9a0d-4f961cc91952'), 
('cb2805f1-e805-4837-a164-789f06786f00', '131e4c24-dfc7-4915-ba7a-b6c94a5c5679'), 
('cb2805f1-e805-4837-a164-789f06786f00', 'a6ff632b-2cf8-4267-b5ff-344121e8fa85'), 
('cb2805f1-e805-4837-a164-789f06786f00', 'be2d9227-f988-4848-b29d-670615d2993f'), 
('cb2805f1-e805-4837-a164-789f06786f00', 'f14db885-ab09-4019-a670-b7a02900bd45'), 
('cb2805f1-e805-4837-a164-789f06786f00', '0407136e-3cb1-4c4c-b6f2-77bc973d5783'), 
('cb2805f1-e805-4837-a164-789f06786f00', 'a0eb9087-ff81-4d6d-8b6b-94f8ac5fde78'), 
('381e4aff-f679-4af5-90b8-42c4201e9550', '6ea43328-2001-4640-bcfc-86565ff00406'), 
('381e4aff-f679-4af5-90b8-42c4201e9550', 'd1e7c17c-ea64-4d97-8e63-dfe5ec80cbff'), 
('381e4aff-f679-4af5-90b8-42c4201e9550', '0b013b50-ffd8-42ae-be88-4c10697c730b'), 
('505fa683-663a-4aec-8822-a2fa16110c7c', 'ed230131-5815-48d9-9d52-7789232bec46'), 
('85ce4471-9ccf-4985-a0bb-663edfab9e15', '2d5e966f-6138-48ed-b786-a48094003eab'), 
('85ce4471-9ccf-4985-a0bb-663edfab9e15', 'db31bb22-b1cf-4105-8ab4-c389e6bcdca5'), 
('85ce4471-9ccf-4985-a0bb-663edfab9e15', 'e867612f-267a-4c82-bff9-d41f0cd2217c'), 
('85ce4471-9ccf-4985-a0bb-663edfab9e15', '0586b0bc-a140-4ec7-954d-b48ff2d1f514'), 
('85ce4471-9ccf-4985-a0bb-663edfab9e15', '3ecdb674-5bf7-417e-9c9d-a78e254256d7'), 
('85ce4471-9ccf-4985-a0bb-663edfab9e15', 'bd741d3a-46f4-4086-abff-45febf00bae4'), 
('348d033f-004a-4c09-aada-964589e2d202', '601d5ad5-27e8-4af4-b7bf-39133fe44e57'), 
('348d033f-004a-4c09-aada-964589e2d202', 'be7ed3ba-b3c1-4eb6-adc2-99168fd3bede'), 
('348d033f-004a-4c09-aada-964589e2d202', '71faf0da-f18b-47d7-8fa6-304e8bd7d622'), 
('348d033f-004a-4c09-aada-964589e2d202', '4649ec95-6a23-452c-ad96-7e2497ea91e8'), 
('348d033f-004a-4c09-aada-964589e2d202', 'e867612f-267a-4c82-bff9-d41f0cd2217c'), 
('44ac8b0e-4fc6-48a6-b1f7-5a4f4b4051fb', '2992facc-1e92-4cd1-9405-ba777a4460c1'), 
('44ac8b0e-4fc6-48a6-b1f7-5a4f4b4051fb', '8ac5277b-1f1f-404b-8598-92e4993bc4fa'), 
('44ac8b0e-4fc6-48a6-b1f7-5a4f4b4051fb', '4c0dae8d-8c0f-4941-9ad4-3fbe17058240'), 
('44ac8b0e-4fc6-48a6-b1f7-5a4f4b4051fb', 'de4acfbe-b2e4-4264-86ee-497c0b8d2a56'), 
('44ac8b0e-4fc6-48a6-b1f7-5a4f4b4051fb', 'b931e56a-0870-4ed0-a779-d14bdb81ee59'), 
('44ac8b0e-4fc6-48a6-b1f7-5a4f4b4051fb', 'ac501f2c-67d3-4867-b8b7-7e2683e039d2'), 
('7329789e-0720-489a-84fa-66ba55bd8471', 'ef5752ac-07b7-4b0e-a74f-73870f373b5d'), 
('7329789e-0720-489a-84fa-66ba55bd8471', '531932c4-b73a-477c-9875-60f0cf16686b'), 
('7329789e-0720-489a-84fa-66ba55bd8471', 'cf9b7aee-7cde-4604-8d49-996687170ce9'), 
('7329789e-0720-489a-84fa-66ba55bd8471', '74fbd118-332e-485f-a23f-112d51f5290d'), 
('7329789e-0720-489a-84fa-66ba55bd8471', '6378d8e1-88de-4886-901c-ec82e0d9bee5'), 
('7329789e-0720-489a-84fa-66ba55bd8471', 'b687f4ee-dc99-4efc-a1b1-39520cae466c'), 
('7329789e-0720-489a-84fa-66ba55bd8471', 'b734a7d8-4e35-4298-828e-30d9f2f4d86e'), 
('7329789e-0720-489a-84fa-66ba55bd8471', '8d9fd7a4-31ca-45c5-a1cb-078e2758ad81'), 
('d72f7f65-b135-448f-b04c-bc160b91d278', 'c76541cd-f6c4-4da9-b6d2-efef9141dc00'), 
('d72f7f65-b135-448f-b04c-bc160b91d278', '7d451928-2ffe-41f0-876c-62343a6383b4'), 
('d72f7f65-b135-448f-b04c-bc160b91d278', '788236f2-e64a-499e-a6e4-6a67020b5e3f'), 
('d72f7f65-b135-448f-b04c-bc160b91d278', '360f6427-1006-43ee-8cab-c8850c3947b9'), 
('d72f7f65-b135-448f-b04c-bc160b91d278', '25a36c10-76f8-444d-9ad3-f52a7e36aa03'), 
('55c051a4-123c-43a3-974b-ecd29d44ce04', 'dfa07531-3bec-4529-9ab4-77e0c57f646f'), 
('55c051a4-123c-43a3-974b-ecd29d44ce04', 'bdbc0fdb-aad0-44a1-86f1-83c1e6275fe3'), 
('55c051a4-123c-43a3-974b-ecd29d44ce04', '3e8d44a0-5bec-420a-b9d8-eaad0c3a2f94'), 
('55c051a4-123c-43a3-974b-ecd29d44ce04', 'd5bab114-1d34-45fc-8227-e78f2f8042d1'), 
('55c051a4-123c-43a3-974b-ecd29d44ce04', '42b3b659-0b8e-4567-879b-96c3d935ae5d'), 
('84576e4c-9cf3-4a59-a71f-e0cd2e63eeec', '5c563d76-bc9e-4c64-8a7a-7b91fcc95617'), 
('84576e4c-9cf3-4a59-a71f-e0cd2e63eeec', 'fc536cfc-3537-4d3f-be1e-8fcaa0ce424e'), 
('84576e4c-9cf3-4a59-a71f-e0cd2e63eeec', 'e7e7a50a-8d81-4669-a689-73b4faf439eb'), 
('84576e4c-9cf3-4a59-a71f-e0cd2e63eeec', '5f963ff5-62e6-4221-914c-807bdf7369b3'), 
('4d7c4b64-5b81-45a1-b057-644fd89c3c84', 'e1ee4750-e56b-4e74-8e9f-a33d9005f2ab'), 
('393b8c8b-542a-4c05-9a86-b93cbcb31aa0', '1936e386-e694-41b5-95a5-023a6cbf10c2'), 
('393b8c8b-542a-4c05-9a86-b93cbcb31aa0', '502a5123-0a14-4f80-ba8f-2d78cae5dd5a'), 
('393b8c8b-542a-4c05-9a86-b93cbcb31aa0', 'afb6f4ea-f6d5-467b-bdc1-9e3e37dad64e'), 
('393b8c8b-542a-4c05-9a86-b93cbcb31aa0', '5f963ff5-62e6-4221-914c-807bdf7369b3'), 
('393b8c8b-542a-4c05-9a86-b93cbcb31aa0', 'a69f2516-e189-4a20-9f71-440f6e4b2508'), 
('ddc54729-e81f-4f86-a68b-c46395c539d1', '91ef9516-096c-4fee-a418-ae02742506a2'), 
('ddc54729-e81f-4f86-a68b-c46395c539d1', 'c76541cd-f6c4-4da9-b6d2-efef9141dc00'), 
('ddc54729-e81f-4f86-a68b-c46395c539d1', '2b50e80d-f93e-468d-9c31-14bf9ed8dad0'), 
('ddc54729-e81f-4f86-a68b-c46395c539d1', '55d7a6b5-1417-4ef3-b565-f67ab819f04d'), 
('ddc54729-e81f-4f86-a68b-c46395c539d1', 'fd9162ee-50de-448b-bcfe-e438c81cd294'), 
('ddc54729-e81f-4f86-a68b-c46395c539d1', '788236f2-e64a-499e-a6e4-6a67020b5e3f'), 
('83458a5b-4ca2-4983-acf0-574d681d9334', 'ef5752ac-07b7-4b0e-a74f-73870f373b5d'), 
('83458a5b-4ca2-4983-acf0-574d681d9334', 'cb74dbf3-bf4f-42d3-8cb0-986a4cb207d4'), 
('83458a5b-4ca2-4983-acf0-574d681d9334', 'da3602c1-9257-4d28-ad59-53d90c9b71e9'), 
('83458a5b-4ca2-4983-acf0-574d681d9334', 'c75f94dd-ff4e-4204-a2ae-07508dacaae0'), 
('83458a5b-4ca2-4983-acf0-574d681d9334', '360f6427-1006-43ee-8cab-c8850c3947b9'), 
('83458a5b-4ca2-4983-acf0-574d681d9334', '356fc5ae-2b39-4b3f-b848-05b3ab3b41c7'), 
('f7571ce2-7320-4032-8942-ea080c332f76', 'c3274280-88d1-41e1-bdae-7522acbd3140'), 
('f7571ce2-7320-4032-8942-ea080c332f76', 'eceba604-6d39-4f5e-b361-bcf5f7c99d82'), 
('f7571ce2-7320-4032-8942-ea080c332f76', 'd1e7c17c-ea64-4d97-8e63-dfe5ec80cbff'), 
('f7571ce2-7320-4032-8942-ea080c332f76', '322bd0c2-3f81-41de-88c0-a3bc9e28fd23'), 
('f7571ce2-7320-4032-8942-ea080c332f76', '7c15c75e-929d-45e7-a6bf-6e4b883887d2'), 
('97d24b56-1309-4af4-8fcb-302ae96490f8', '9f7aef9d-7f68-41fd-aa3f-608d5763f694'), 
('97d24b56-1309-4af4-8fcb-302ae96490f8', '40500643-9020-4aad-a85d-8ce9db4c97ad'), 
('97d24b56-1309-4af4-8fcb-302ae96490f8', '5c563d76-bc9e-4c64-8a7a-7b91fcc95617'), 
('97d24b56-1309-4af4-8fcb-302ae96490f8', 'f44e9804-ad99-405d-af04-3baa2350393c'), 
('97d24b56-1309-4af4-8fcb-302ae96490f8', '03f961df-fe08-4b99-b250-effd5460be35'), 
('97d24b56-1309-4af4-8fcb-302ae96490f8', '138116f0-c2c9-4455-92c8-3fa9fc23e610'), 
('97d24b56-1309-4af4-8fcb-302ae96490f8', 'f14db885-ab09-4019-a670-b7a02900bd45'), 
('97d24b56-1309-4af4-8fcb-302ae96490f8', '4fb325e6-2a32-4c8c-90a8-fcc227b48d41'), 
('97d24b56-1309-4af4-8fcb-302ae96490f8', '8530b5c1-342d-4f72-bb18-c1cbc930c1a3'), 
('37ed8bd6-2be2-47ef-a802-a5534f0c769f', 'dc0504c2-bfa2-4bc2-995b-79bfaf17d2ee'), 
('37ed8bd6-2be2-47ef-a802-a5534f0c769f', '183d8532-47a7-4092-a47a-7634a91def4e'), 
('37ed8bd6-2be2-47ef-a802-a5534f0c769f', 'b5834ada-8a92-4e79-9135-70c2691553be'), 
('37ed8bd6-2be2-47ef-a802-a5534f0c769f', '3ecdb674-5bf7-417e-9c9d-a78e254256d7'), 
('c778a634-53a1-4795-b94b-caf2b8505f7d', '90d03171-7b33-479c-b7f2-4588d54a057d'), 
('c778a634-53a1-4795-b94b-caf2b8505f7d', 'a00b42e5-5169-4e52-a079-4d41a3c9feb8'), 
('c778a634-53a1-4795-b94b-caf2b8505f7d', '74fbd118-332e-485f-a23f-112d51f5290d'), 
('c778a634-53a1-4795-b94b-caf2b8505f7d', '3e8d44a0-5bec-420a-b9d8-eaad0c3a2f94'), 
('a150085d-04bc-49ca-9087-3c4e7d79c70e', '88d27818-43f4-4bbc-865a-482aa0a623ad'), 
('a150085d-04bc-49ca-9087-3c4e7d79c70e', 'c2b8a80f-2d77-4eaa-ac0c-888bf004c0f2'), 
('a150085d-04bc-49ca-9087-3c4e7d79c70e', 'f988c9ef-6bc2-4daa-8a98-ba6a37ec731f'), 
('a150085d-04bc-49ca-9087-3c4e7d79c70e', 'a69f2516-e189-4a20-9f71-440f6e4b2508'), 
('a150085d-04bc-49ca-9087-3c4e7d79c70e', '25a36c10-76f8-444d-9ad3-f52a7e36aa03'), 
('a150085d-04bc-49ca-9087-3c4e7d79c70e', '670a7912-2dc5-4a25-b687-b65bdbd4e683'), 
('76f0851e-f43b-437a-8895-851bfed42d4f', '92da4e68-b101-4081-aa0d-277d5f670839'), 
('37b3b7a8-ffe8-4714-acf9-d8328fd2dcd0', 'bdbc0fdb-aad0-44a1-86f1-83c1e6275fe3'), 
('37b3b7a8-ffe8-4714-acf9-d8328fd2dcd0', '070bd834-6092-48e4-bcf1-d814865db399'), 
('37b3b7a8-ffe8-4714-acf9-d8328fd2dcd0', 'c444d9da-6dec-43fa-b6ea-2137efe2e1f4'), 
('37b3b7a8-ffe8-4714-acf9-d8328fd2dcd0', 'eb806e6d-5240-4452-9fc9-42a914b8b154'), 
('fbf4a06d-6f99-4ce3-8b2d-f443a925a41f', '502a5123-0a14-4f80-ba8f-2d78cae5dd5a'), 
('fbf4a06d-6f99-4ce3-8b2d-f443a925a41f', 'c293157c-e70c-4641-9a5c-1ef514b49a5b'), 
('fbf4a06d-6f99-4ce3-8b2d-f443a925a41f', '668e473f-fb25-43ad-a776-8d67ca0d2d7f'), 
('fbf4a06d-6f99-4ce3-8b2d-f443a925a41f', '7c15c75e-929d-45e7-a6bf-6e4b883887d2'), 
('fbf4a06d-6f99-4ce3-8b2d-f443a925a41f', 'bd741d3a-46f4-4086-abff-45febf00bae4'), 
('fbf4a06d-6f99-4ce3-8b2d-f443a925a41f', '65781566-0538-4f48-a016-d3973d366b97'), 
('fbf4a06d-6f99-4ce3-8b2d-f443a925a41f', '02a0b0ff-172d-46c9-a9d0-f13e4130c1c7'), 
('6bff5088-8ce4-4eaf-b7c4-454ba1cd8ce4', 'dd58c780-ee1d-4c37-9e34-400a12bf567c'), 
('6bff5088-8ce4-4eaf-b7c4-454ba1cd8ce4', '04137d15-c68c-4e1a-9a20-4f6e90c6ea81'), 
('6bff5088-8ce4-4eaf-b7c4-454ba1cd8ce4', '37c2b648-0fce-47ba-9e76-f06af3f0ee2a'), 
('6bff5088-8ce4-4eaf-b7c4-454ba1cd8ce4', '787fc1d5-55a9-4c89-9c56-ad493362c3f6'), 
('db1aac5f-a868-43e7-b9cb-41008e32ac13', '3d5f8134-7801-4e30-9349-4d878bce40a3'), 
('b96416cd-de7d-4f47-a7bb-6eec3798b18a', '6c4540b1-47ef-4e65-b96f-85f791221472'), 
('b96416cd-de7d-4f47-a7bb-6eec3798b18a', 'b28ba8ab-7b04-44b0-a7ed-65b34bb59a69'), 
('b96416cd-de7d-4f47-a7bb-6eec3798b18a', 'a00b42e5-5169-4e52-a079-4d41a3c9feb8'), 
('b96416cd-de7d-4f47-a7bb-6eec3798b18a', 'd524f58f-f1df-4fab-82f7-95edda26c473'), 
('b96416cd-de7d-4f47-a7bb-6eec3798b18a', '2b7131a2-015b-4b69-8de8-3626e1f1a6b7'), 
('b96416cd-de7d-4f47-a7bb-6eec3798b18a', '09b0b0ed-c7bb-43ac-98e2-98e0cfa5e314'), 
('b96416cd-de7d-4f47-a7bb-6eec3798b18a', '954e1e08-dc7f-4d1f-8053-ca3c919de6c0'), 
('084d0b65-9fbf-496f-b642-e838e64c799e', '954efebe-dd37-4145-845f-444f701be8ec'), 
('084d0b65-9fbf-496f-b642-e838e64c799e', '6c4540b1-47ef-4e65-b96f-85f791221472'), 
('084d0b65-9fbf-496f-b642-e838e64c799e', 'd63f4679-c216-4109-97d6-fb907e69c547'), 
('084d0b65-9fbf-496f-b642-e838e64c799e', '4411c12c-c44c-422a-90fd-7dcf90d8621a'), 
('084d0b65-9fbf-496f-b642-e838e64c799e', 'f2be6ce8-e25a-47ff-939a-7299adc4905c'), 
('da023c7a-6adc-4f53-b9c1-e92fa8fcb9f3', '05db9745-2fe3-403d-ae51-d2b526f33fa3'), 
('da023c7a-6adc-4f53-b9c1-e92fa8fcb9f3', '23d25dd2-12e1-4c18-9c1f-f67fa6504c32'), 
('da023c7a-6adc-4f53-b9c1-e92fa8fcb9f3', '4411c12c-c44c-422a-90fd-7dcf90d8621a'), 
('da023c7a-6adc-4f53-b9c1-e92fa8fcb9f3', '0dc9c818-8bd0-4edd-98ac-4620dda0dc22'), 
('163d6b46-6bf9-4cff-9f5d-4990520b9cd7', '62e4e190-654d-4ce2-adf5-7e7a43664ded'), 
('163d6b46-6bf9-4cff-9f5d-4990520b9cd7', '91ef9516-096c-4fee-a418-ae02742506a2'), 
('163d6b46-6bf9-4cff-9f5d-4990520b9cd7', 'e6e64697-8301-4986-b6d4-4c5f0b49c3f0'), 
('163d6b46-6bf9-4cff-9f5d-4990520b9cd7', '3932c7ec-8a7f-4f98-99d1-a367d7641f05'), 
('163d6b46-6bf9-4cff-9f5d-4990520b9cd7', '7493d295-dd9a-47b5-8ad9-4a6728855784'), 
('022c5d5d-ef53-4461-8fd4-728083c0f394', '2992facc-1e92-4cd1-9405-ba777a4460c1'), 
('022c5d5d-ef53-4461-8fd4-728083c0f394', 'c3274280-88d1-41e1-bdae-7522acbd3140'), 
('022c5d5d-ef53-4461-8fd4-728083c0f394', 'c293157c-e70c-4641-9a5c-1ef514b49a5b'), 
('022c5d5d-ef53-4461-8fd4-728083c0f394', 'c3a1dae4-f1c1-4744-b944-d63421ba1eb3'), 
('022c5d5d-ef53-4461-8fd4-728083c0f394', '0b013b50-ffd8-42ae-be88-4c10697c730b'), 
('4dfb17df-1bfc-4e02-9ed3-8c7a2ea8cb8c', '2b50e80d-f93e-468d-9c31-14bf9ed8dad0'), 
('4dfb17df-1bfc-4e02-9ed3-8c7a2ea8cb8c', '03f961df-fe08-4b99-b250-effd5460be35'), 
('4dfb17df-1bfc-4e02-9ed3-8c7a2ea8cb8c', '899ba088-7618-4f6b-b945-69cfa30df2da'), 
('db177ae1-9da4-486d-8535-6fdfea876b57', 'dd58c780-ee1d-4c37-9e34-400a12bf567c'), 
('db177ae1-9da4-486d-8535-6fdfea876b57', 'ade52ecb-6b46-4821-a2ec-9a47f1a6682d'), 
('db177ae1-9da4-486d-8535-6fdfea876b57', 'd80dc812-e66b-43d8-8c5b-a90d8852fee5'), 
('db177ae1-9da4-486d-8535-6fdfea876b57', '0f5e1c4a-84d2-46ab-b505-b24af825bd68'), 
('db177ae1-9da4-486d-8535-6fdfea876b57', '1b217ffb-1479-4605-83df-acd6b0a385b9'), 
('db177ae1-9da4-486d-8535-6fdfea876b57', 'd08c2b7c-9ff0-48ca-bf4c-3916e5d8765d'), 
('db177ae1-9da4-486d-8535-6fdfea876b57', 'b4b42d2e-1691-4a32-b3f8-515624d12baf'), 
('db177ae1-9da4-486d-8535-6fdfea876b57', '2e2e5c82-c2ee-47ef-b7f0-1df02e178975'), 
('db177ae1-9da4-486d-8535-6fdfea876b57', '0ccf3cdd-50db-48d8-bf54-e74171a8588e'), 
('1e35d6b7-dc23-4b6f-a5bf-514f4c0eccf0', 'a884c1da-8992-445c-a9ff-170b9a5c49ed'), 
('1e35d6b7-dc23-4b6f-a5bf-514f4c0eccf0', 'e6e64697-8301-4986-b6d4-4c5f0b49c3f0'), 
('1e35d6b7-dc23-4b6f-a5bf-514f4c0eccf0', 'bfb23afc-273b-4bb6-be3b-6be978b1e4a7'), 
('1e35d6b7-dc23-4b6f-a5bf-514f4c0eccf0', '4649ec95-6a23-452c-ad96-7e2497ea91e8'), 
('1e35d6b7-dc23-4b6f-a5bf-514f4c0eccf0', '09f963f4-5dd8-4919-bd55-d085753e2df6'), 
('41ba8241-e53f-4a70-a223-79a7a183a34e', 'aeb779e0-1fd7-49cc-b728-2e5e6d06629e'), 
('41ba8241-e53f-4a70-a223-79a7a183a34e', '787fc1d5-55a9-4c89-9c56-ad493362c3f6'), 
('41ba8241-e53f-4a70-a223-79a7a183a34e', 'f855194a-d3da-44eb-8f64-23331fcf71e9'), 
('41ba8241-e53f-4a70-a223-79a7a183a34e', '183d8532-47a7-4092-a47a-7634a91def4e'), 
('41ba8241-e53f-4a70-a223-79a7a183a34e', '27c0e973-9328-45df-bf25-d26451a5ffc0'), 
('2443fbe1-e318-4a1b-a959-fb35088e206b', '7d451928-2ffe-41f0-876c-62343a6383b4'), 
('2443fbe1-e318-4a1b-a959-fb35088e206b', 'da361520-2c05-4adb-a277-80561159f1b5'), 
('9ea5be71-c850-4ba4-a982-a03b10e6e03a', 'b4b42d2e-1691-4a32-b3f8-515624d12baf'), 
('b103a182-290d-41d5-8b11-b145ddfaee88', '7999daee-9454-4906-b159-4393c73a5d26'), 
('b103a182-290d-41d5-8b11-b145ddfaee88', 'e1296e80-75f6-4338-afa2-7db23fd154f6'), 
('b103a182-290d-41d5-8b11-b145ddfaee88', 'bcfe7042-4866-4434-ac46-40c2a806e4c7'), 
('b103a182-290d-41d5-8b11-b145ddfaee88', '909e8273-a58d-4d8d-bc74-a61f28750fe7'), 
('b103a182-290d-41d5-8b11-b145ddfaee88', 'e7e7a50a-8d81-4669-a689-73b4faf439eb'), 
('b103a182-290d-41d5-8b11-b145ddfaee88', '4af1f3f5-afed-46c2-8ae0-5b876693b7e8'), 
('b103a182-290d-41d5-8b11-b145ddfaee88', '8d9fd7a4-31ca-45c5-a1cb-078e2758ad81'), 
('b103a182-290d-41d5-8b11-b145ddfaee88', 'cf35383e-a22b-47a6-a4fe-61c04b093edd'), 
('cff635a7-34a3-4105-9ccf-2c4ca183ce93', '105f9ecd-530e-4c6f-9bbf-9ca024a0d854'), 
('cff635a7-34a3-4105-9ccf-2c4ca183ce93', '2508d74c-d0d9-48ab-9bc0-1a3bbfd43679'), 
('cff635a7-34a3-4105-9ccf-2c4ca183ce93', '0f5e1c4a-84d2-46ab-b505-b24af825bd68'), 
('cff635a7-34a3-4105-9ccf-2c4ca183ce93', '6c387275-3928-4bac-806f-d4b4372507fc'), 
('cff635a7-34a3-4105-9ccf-2c4ca183ce93', '18514394-de1f-49df-bf5f-a9fc6f68f7a6'), 
('0f18f138-135f-43cc-bcfa-ebd409dd56fa', '90d03171-7b33-479c-b7f2-4588d54a057d'), 
('0f18f138-135f-43cc-bcfa-ebd409dd56fa', 'cd1e7003-94db-4493-9898-82862dba2ab1'), 
('4a9171b7-9b88-493b-a594-1edfd3a2ce81', 'e409672f-50c9-445d-b9c5-9e22d45b4151'), 
('4a9171b7-9b88-493b-a594-1edfd3a2ce81', 'c87c7d5a-23a9-4203-a398-5ba25d77274b'), 
('4a9171b7-9b88-493b-a594-1edfd3a2ce81', '4c0dae8d-8c0f-4941-9ad4-3fbe17058240'), 
('4a9171b7-9b88-493b-a594-1edfd3a2ce81', 'a34aafa7-9eb1-44d3-be47-987f1ecddc65'), 
('4a9171b7-9b88-493b-a594-1edfd3a2ce81', '8154720a-f51e-40f3-b360-10bb46a6c851'), 
('4a9171b7-9b88-493b-a594-1edfd3a2ce81', '0586b0bc-a140-4ec7-954d-b48ff2d1f514'), 
('4a9171b7-9b88-493b-a594-1edfd3a2ce81', 'b687f4ee-dc99-4efc-a1b1-39520cae466c'), 
('4a9171b7-9b88-493b-a594-1edfd3a2ce81', '42f548e0-a36a-4f58-8c5a-3f86693d26f5'), 
('4a9171b7-9b88-493b-a594-1edfd3a2ce81', '356fc5ae-2b39-4b3f-b848-05b3ab3b41c7'), 
('c1806922-90fb-407c-83b8-f8cf4e373af3', '194d86f8-b6ae-453c-bc81-ebcd9f5203d8'), 
('768cb2f6-74ea-4797-aab6-084f0fa1d341', 'b5940157-bc77-498c-80d1-97da55d4209c'), 
('768cb2f6-74ea-4797-aab6-084f0fa1d341', '0be3fd3a-313f-4745-8cdc-cab1e3fc71a4'), 
('768cb2f6-74ea-4797-aab6-084f0fa1d341', '0dc9c818-8bd0-4edd-98ac-4620dda0dc22'), 
('918494f9-278e-4543-852e-ab0ec96a9c6f', '531932c4-b73a-477c-9875-60f0cf16686b'), 
('918494f9-278e-4543-852e-ab0ec96a9c6f', '3d5f8134-7801-4e30-9349-4d878bce40a3'), 
('918494f9-278e-4543-852e-ab0ec96a9c6f', 'c39b3f8e-323f-4723-9927-6c2aac24d486'), 
('918494f9-278e-4543-852e-ab0ec96a9c6f', '8ad49757-f10a-49be-9a82-c475d8850896'), 
('918494f9-278e-4543-852e-ab0ec96a9c6f', 'b732e546-8acb-464e-82f0-c20d6edbf5b8'), 
('918494f9-278e-4543-852e-ab0ec96a9c6f', '1d081e71-268d-4455-8005-90007c8d97e6'), 
('918494f9-278e-4543-852e-ab0ec96a9c6f', '670a7912-2dc5-4a25-b687-b65bdbd4e683'), 
('370c3c20-8438-47e7-9640-1f04cb88e3fa', 'cb74dbf3-bf4f-42d3-8cb0-986a4cb207d4'), 
('370c3c20-8438-47e7-9640-1f04cb88e3fa', '6a9c5647-c433-46d6-9248-8d4f3e240921'), 
('370c3c20-8438-47e7-9640-1f04cb88e3fa', '10ebd255-d152-4c20-a2b3-c35fe81f17e1'), 
('370c3c20-8438-47e7-9640-1f04cb88e3fa', 'eb0dc7d5-3d7e-4bf8-8af0-5a63344f0d3b'), 
('370c3c20-8438-47e7-9640-1f04cb88e3fa', 'afefaf39-9ea0-41d7-ba36-556299eccbf8'), 
('370c3c20-8438-47e7-9640-1f04cb88e3fa', 'd5bab114-1d34-45fc-8227-e78f2f8042d1'), 
('370c3c20-8438-47e7-9640-1f04cb88e3fa', '6a264bda-2606-4f14-83ba-729ab14c5be7'), 
('bd9461de-f34a-46ac-ac3d-5b46eee467db', '6eb5b167-0457-40b4-8437-a029358259de'), 
('bd9461de-f34a-46ac-ac3d-5b46eee467db', 'b28ba8ab-7b04-44b0-a7ed-65b34bb59a69'), 
('bd9461de-f34a-46ac-ac3d-5b46eee467db', '070bd834-6092-48e4-bcf1-d814865db399'), 
('bd9461de-f34a-46ac-ac3d-5b46eee467db', '0a92aefc-aa92-440e-adf6-43fc1aa7beca'), 
('bd9461de-f34a-46ac-ac3d-5b46eee467db', '71faf0da-f18b-47d7-8fa6-304e8bd7d622'), 
('bd9461de-f34a-46ac-ac3d-5b46eee467db', '2dcace40-c6be-43f5-8ea3-aacae9bec76e'), 
('b9f3fd05-1c29-4689-a0cc-9903a2122e66', '94018f86-57a7-4322-a567-1d2966ef601c'), 
('b9f3fd05-1c29-4689-a0cc-9903a2122e66', '0b08246d-b879-47de-b84b-3531f37c712a'), 
('b9f3fd05-1c29-4689-a0cc-9903a2122e66', 'b6c95c19-3b8e-4c2c-b787-0d40df366aa2'), 
('b9f3fd05-1c29-4689-a0cc-9903a2122e66', 'ed230131-5815-48d9-9d52-7789232bec46'), 
('b9f3fd05-1c29-4689-a0cc-9903a2122e66', '4d7097ec-8424-4025-b636-6d961051a391'), 
('b9f3fd05-1c29-4689-a0cc-9903a2122e66', 'a869cf9b-c14e-464e-9177-51ec3efa029b'), 
('b9f3fd05-1c29-4689-a0cc-9903a2122e66', '8b11ae62-2aa8-4b14-9e8a-92ce04d5aa54'), 
('b9f3fd05-1c29-4689-a0cc-9903a2122e66', '6c387275-3928-4bac-806f-d4b4372507fc'), 
('b9f3fd05-1c29-4689-a0cc-9903a2122e66', '150bd13b-c4cd-4375-8502-c84e57fdbe17'), 
('b9f3fd05-1c29-4689-a0cc-9903a2122e66', '9094534b-3d0a-4216-b087-74d2a135351d'), 
('b7f2e7d7-d050-4991-81fa-68f211832432', 'dc0504c2-bfa2-4bc2-995b-79bfaf17d2ee'), 
('b7f2e7d7-d050-4991-81fa-68f211832432', '6b5d0225-d127-428c-a20f-6b2ada62cc48'), 
('b7f2e7d7-d050-4991-81fa-68f211832432', '5339cf28-29c2-4a08-9553-b8c4c84eef82'), 
('b7f2e7d7-d050-4991-81fa-68f211832432', 'b931e56a-0870-4ed0-a779-d14bdb81ee59'), 
('8e5eca63-a885-4b7c-bcb3-cef89d76c090', '9f7aef9d-7f68-41fd-aa3f-608d5763f694'), 
('8e5eca63-a885-4b7c-bcb3-cef89d76c090', '6d550d25-8dd8-40f9-91fc-5c6aee25d6cd'), 
('8e5eca63-a885-4b7c-bcb3-cef89d76c090', '72ea3062-2c0a-4970-bdfd-487ed81411f3'), 
('8e5eca63-a885-4b7c-bcb3-cef89d76c090', '41c73325-06db-4bbe-97a3-be9757f8fdcf'), 
('f13c4e79-7e1b-48e3-8bad-99c3b094cfa2', '84f59868-05c2-4988-b390-46fd5752ce1a'), 
('f13c4e79-7e1b-48e3-8bad-99c3b094cfa2', '3a64f5ce-1d76-4f6b-a80d-11c56946bdd6'), 
('f13c4e79-7e1b-48e3-8bad-99c3b094cfa2', 'b18d6a9f-eb39-4678-8c33-388962136f93'), 
('f13c4e79-7e1b-48e3-8bad-99c3b094cfa2', 'b5834ada-8a92-4e79-9135-70c2691553be'), 
('4761ce12-c5f4-40e3-8fa2-45f580bbca27', 'c39b3f8e-323f-4723-9927-6c2aac24d486'), 
('4761ce12-c5f4-40e3-8fa2-45f580bbca27', '8c0475ba-b1af-4d21-8f65-10614a222a00'), 
('4761ce12-c5f4-40e3-8fa2-45f580bbca27', 'c38f1933-aeb7-4257-b33e-9a6009d254a4'), 
('4761ce12-c5f4-40e3-8fa2-45f580bbca27', '41c73325-06db-4bbe-97a3-be9757f8fdcf'), 
('4761ce12-c5f4-40e3-8fa2-45f580bbca27', '0407136e-3cb1-4c4c-b6f2-77bc973d5783'), 
('5a41894a-61b2-4929-ad02-3d77e98a4763', '05db9745-2fe3-403d-ae51-d2b526f33fa3'), 
('5a41894a-61b2-4929-ad02-3d77e98a4763', 'b099065d-6f05-45e5-adf6-cf184ad76d88'), 
('5a41894a-61b2-4929-ad02-3d77e98a4763', 'c2daa879-c2ad-4ae2-9c4e-1dff38af56ba'), 
('5a41894a-61b2-4929-ad02-3d77e98a4763', 'd08c2b7c-9ff0-48ca-bf4c-3916e5d8765d'), 
('7f2efa0f-462a-45bc-b818-d9595e80d600', '601d5ad5-27e8-4af4-b7bf-39133fe44e57'), 
('7f2efa0f-462a-45bc-b818-d9595e80d600', '330c8f7e-1959-474e-9059-303ae043c8bb'), 
('7f2efa0f-462a-45bc-b818-d9595e80d600', '2a9b414b-7bbc-4084-971f-e5045e75e625'), 
('0d6aa87f-f0b5-4861-930b-218773fd7104', '4449a836-be9c-4a83-a608-b95a5142483f'), 
('0d6aa87f-f0b5-4861-930b-218773fd7104', 'b732e546-8acb-464e-82f0-c20d6edbf5b8'), 
('0d6aa87f-f0b5-4861-930b-218773fd7104', '3c6900f5-00e8-4b1c-a232-9372958aef0e'), 
('0d6aa87f-f0b5-4861-930b-218773fd7104', '5e5de132-8fcc-47ed-a3ad-b33dbcfbba62'), 
('dff7e2f2-f478-495f-81b3-ce19f61caf6c', 'e1ee4750-e56b-4e74-8e9f-a33d9005f2ab'), 
('dff7e2f2-f478-495f-81b3-ce19f61caf6c', 'e409672f-50c9-445d-b9c5-9e22d45b4151'), 
('dff7e2f2-f478-495f-81b3-ce19f61caf6c', '23e1511d-1d21-4a82-9025-47d9d8fe8bcb'), 
('076ee4df-40a3-45f0-9913-937452240614', 'def7b95f-c0c2-48e4-bf9b-1e1494772987'), 
('076ee4df-40a3-45f0-9913-937452240614', 'b734a7d8-4e35-4298-828e-30d9f2f4d86e'), 
('076ee4df-40a3-45f0-9913-937452240614', '1251ee48-cf98-4253-9faf-dab129fca827'), 
('1f8ddb5e-4e38-4d33-8f4e-fda97c61554a', '7f461852-7f55-4cc7-a9f3-6edf7b90ecfa'), 
('43c26a40-4fe5-4623-8f12-36833f1b9d5f', 'eadc9173-134f-412c-b452-092ce0afcb27'), 
('43c26a40-4fe5-4623-8f12-36833f1b9d5f', '55d7a6b5-1417-4ef3-b565-f67ab819f04d'), 
('43c26a40-4fe5-4623-8f12-36833f1b9d5f', 'b18d6a9f-eb39-4678-8c33-388962136f93'), 
('43c26a40-4fe5-4623-8f12-36833f1b9d5f', '6863f595-aeb1-4ce4-84ed-1dbd3d8e0411'), 
('43c26a40-4fe5-4623-8f12-36833f1b9d5f', '96de6ab4-2c65-4978-b822-b7c9d78cf2f9'), 
('43c26a40-4fe5-4623-8f12-36833f1b9d5f', '1251ee48-cf98-4253-9faf-dab129fca827'), 
('56b2b575-b636-4098-89a7-90e97c1db84b', 'be7ed3ba-b3c1-4eb6-adc2-99168fd3bede'), 
('56b2b575-b636-4098-89a7-90e97c1db84b', 'ade52ecb-6b46-4821-a2ec-9a47f1a6682d'), 
('56b2b575-b636-4098-89a7-90e97c1db84b', '5f53155f-4731-47ca-b7ed-8926ab7ea53f'), 
('56b2b575-b636-4098-89a7-90e97c1db84b', '150bd13b-c4cd-4375-8502-c84e57fdbe17'), 
('fab24729-b047-4586-986d-73ac45a046ca', '26195aab-38c9-4b77-8396-1d7676e6ef2b'), 
('fab24729-b047-4586-986d-73ac45a046ca', 'd80dc812-e66b-43d8-8c5b-a90d8852fee5'), 
('86e32463-d025-4561-aa85-41b69f2c61fd', '68bf3d78-bc2e-4c90-8ca1-6197d7873d7b'), 
('b4bbe3d2-b84a-4407-8de9-a045943788ba', 'c95744c0-8078-4c71-90be-c6bfcb60d114'), 
('b4bbe3d2-b84a-4407-8de9-a045943788ba', 'bc84e716-f2b6-4f15-a3f7-416836f3751e'), 
('b4bbe3d2-b84a-4407-8de9-a045943788ba', '26195aab-38c9-4b77-8396-1d7676e6ef2b'), 
('b4bbe3d2-b84a-4407-8de9-a045943788ba', 'c87c7d5a-23a9-4203-a398-5ba25d77274b'), 
('b4bbe3d2-b84a-4407-8de9-a045943788ba', '5f53155f-4731-47ca-b7ed-8926ab7ea53f'), 
('b4bbe3d2-b84a-4407-8de9-a045943788ba', '1f1852e8-a815-483d-9fbc-f6f402884e79'), 
('b4bbe3d2-b84a-4407-8de9-a045943788ba', '7b3baacc-ab83-44de-8f76-c82959f91d08'), 
('b4bbe3d2-b84a-4407-8de9-a045943788ba', '6c2a7de1-0754-444d-8580-63ba6dcfa55c'), 
('b4bbe3d2-b84a-4407-8de9-a045943788ba', '28c37823-fb98-44f6-9d30-54ce07276aa3'), 
('4dd98ffe-0b42-4ec9-a695-720af1459cb3', '2d5e966f-6138-48ed-b786-a48094003eab'), 
('4dd98ffe-0b42-4ec9-a695-720af1459cb3', 'c2daa879-c2ad-4ae2-9c4e-1dff38af56ba'), 
('4dd98ffe-0b42-4ec9-a695-720af1459cb3', '138116f0-c2c9-4455-92c8-3fa9fc23e610'), 
('4dd98ffe-0b42-4ec9-a695-720af1459cb3', '28c37823-fb98-44f6-9d30-54ce07276aa3'), 
('4dd98ffe-0b42-4ec9-a695-720af1459cb3', '67d2175a-1f45-44e7-9fd1-60ec611daaa4'), 
('de3d4c78-052d-4839-96d9-d9e7f7c73367', '72ea3062-2c0a-4970-bdfd-487ed81411f3'), 
('de3d4c78-052d-4839-96d9-d9e7f7c73367', '1b217ffb-1479-4605-83df-acd6b0a385b9'), 
('03635430-4780-4682-a168-09a12901cedc', '2508d74c-d0d9-48ab-9bc0-1a3bbfd43679'), 
('03635430-4780-4682-a168-09a12901cedc', '37c2b648-0fce-47ba-9e76-f06af3f0ee2a'), 
('03635430-4780-4682-a168-09a12901cedc', 'c38f1933-aeb7-4257-b33e-9a6009d254a4'), 
('03635430-4780-4682-a168-09a12901cedc', '96de6ab4-2c65-4978-b822-b7c9d78cf2f9'), 
('e1fa91de-62d7-421e-850a-4ce42d6eb0f0', 'dfa07531-3bec-4529-9ab4-77e0c57f646f'), 
('e1fa91de-62d7-421e-850a-4ce42d6eb0f0', 'bd2cfe01-5304-4ce9-9cf7-2ef117bc69c2');

insert into soundcarrier (carrierid, amountinstore, location, price, productid, type) values 
('1ce152c6-77f3-4293-98ff-a7ad43653bdd', 22, 'A21', 37, '7999daee-9454-4906-b159-4393c73a5d26', 0), 
('208c3200-1726-40cf-b458-f6a82704bf6a', 9, 'A13', 33, '7999daee-9454-4906-b159-4393c73a5d26', 1), 
('fbf2d1e2-ede5-42d1-a47b-fe01cf7f1c7d', 47, 'A1', 11, '7999daee-9454-4906-b159-4393c73a5d26', 2), 
('7085c2b3-e198-4544-a954-b39cf0b3b81c', 95, 'A11', 20, 'c95744c0-8078-4c71-90be-c6bfcb60d114', 0), 
('996f96fc-db61-40b5-9ec4-5677aac32ed2', 87, 'A3', 16, 'c95744c0-8078-4c71-90be-c6bfcb60d114', 1), 
('60a1b6da-0c63-40dc-a7b0-cb5f8ee82ae6', 67, 'A28', 18, 'c95744c0-8078-4c71-90be-c6bfcb60d114', 2), 
('b179e5c8-73ae-44b6-9237-4699c5eecf83', 47, 'A19', 11, 'e1ee4750-e56b-4e74-8e9f-a33d9005f2ab', 0), 
('0d0b6286-cf86-4e52-801e-6d81643e814c', 53, 'A2', 34, 'e1ee4750-e56b-4e74-8e9f-a33d9005f2ab', 1), 
('296ca009-9ea9-4493-a8cc-fcd6be2333c1', 39, 'A22', 44, 'e1ee4750-e56b-4e74-8e9f-a33d9005f2ab', 2), 
('147db73d-84b1-4953-b352-d46c22606e93', 29, 'A14', 36, 'ef5752ac-07b7-4b0e-a74f-73870f373b5d', 0), 
('05e647cb-6782-4fa8-90bc-2773ec186cc0', 4, 'A18', 10, 'ef5752ac-07b7-4b0e-a74f-73870f373b5d', 1), 
('d340bc40-e539-4462-ae58-df296e4599aa', 25, 'A12', 40, 'ef5752ac-07b7-4b0e-a74f-73870f373b5d', 2), 
('99a006d3-b852-407b-b4a6-da3ac1463cbf', 44, 'A24', 47, '94018f86-57a7-4322-a567-1d2966ef601c', 0), 
('0732c80a-40c5-44a0-a7b7-207f598843b0', 49, 'A14', 49, '94018f86-57a7-4322-a567-1d2966ef601c', 1), 
('6ccf05a7-2427-4a66-93fd-98b514f0d72b', 96, 'A8', 8, '94018f86-57a7-4322-a567-1d2966ef601c', 2), 
('ceeeb87a-e664-45af-af04-cfac3d066fbd', 43, 'A22', 49, 'cb74dbf3-bf4f-42d3-8cb0-986a4cb207d4', 0), 
('4c4f0cbd-3825-477c-86a7-81770a5de943', 52, 'A25', 11, 'cb74dbf3-bf4f-42d3-8cb0-986a4cb207d4', 1), 
('77c03e36-335d-47db-996f-e4d65f0ccecb', 97, 'A15', 21, 'cb74dbf3-bf4f-42d3-8cb0-986a4cb207d4', 2), 
('df820344-2dfc-4c92-9d9d-ae4b4d0b4488', 35, 'A28', 36, '601d5ad5-27e8-4af4-b7bf-39133fe44e57', 0), 
('119e418a-91f9-48fe-b0bf-41051686ff8b', 33, 'A13', 15, '601d5ad5-27e8-4af4-b7bf-39133fe44e57', 1), 
('2ed0cefa-791f-4e56-9bb5-5e873631d626', 88, 'A9', 20, '601d5ad5-27e8-4af4-b7bf-39133fe44e57', 2), 
('7b063538-79a1-454a-9c84-9808725c9b86', 74, 'A23', 49, '2d5e966f-6138-48ed-b786-a48094003eab', 0), 
('fcb29a39-dfe4-46af-9ad9-cf103bc28776', 53, 'A28', 27, '2d5e966f-6138-48ed-b786-a48094003eab', 1), 
('b679d8b4-2967-4895-9c2c-d635e1295dab', 98, 'A6', 48, '2d5e966f-6138-48ed-b786-a48094003eab', 2), 
('db8c2b4a-4cac-44f0-8293-b1e4515b620f', 19, 'A20', 38, '0b08246d-b879-47de-b84b-3531f37c712a', 0), 
('cf783291-23d4-46e5-9afa-1fdde784c228', 55, 'A22', 5, '0b08246d-b879-47de-b84b-3531f37c712a', 1), 
('c59130b5-3ea6-4c97-8109-4f68f31bfffb', 23, 'A22', 14, '0b08246d-b879-47de-b84b-3531f37c712a', 2), 
('f24d59cd-bc14-49c6-9649-322fd24a9cf4', 40, 'A11', 6, '88d27818-43f4-4bbc-865a-482aa0a623ad', 0), 
('b2620ac0-fb5e-42db-a358-cbaffc01365a', 80, 'A19', 8, '88d27818-43f4-4bbc-865a-482aa0a623ad', 1), 
('c76d5610-aaa3-4d50-907f-749c2e3a0556', 65, 'A25', 34, '88d27818-43f4-4bbc-865a-482aa0a623ad', 2), 
('9eb5804d-153a-41f2-b631-f48e17c1ac44', 19, 'A11', 12, 'b5940157-bc77-498c-80d1-97da55d4209c', 0), 
('dcaff867-b349-444a-87f7-af5ba6d0edba', 97, 'A1', 41, 'b5940157-bc77-498c-80d1-97da55d4209c', 1), 
('64d2ffda-5c47-4a6d-a083-2278ea1a5c33', 56, 'A23', 47, 'b5940157-bc77-498c-80d1-97da55d4209c', 2), 
('f188582d-8342-41ab-9ae5-c00ef7a1a24a', 79, 'A4', 46, '6a9c5647-c433-46d6-9248-8d4f3e240921', 0), 
('732567b7-e59c-4aa9-99e8-8d4c57dc4660', 61, 'A8', 20, '6a9c5647-c433-46d6-9248-8d4f3e240921', 1), 
('1aab6b5a-292c-4fe8-9265-b198a7114c31', 13, 'A19', 35, '6a9c5647-c433-46d6-9248-8d4f3e240921', 2), 
('311f1816-fdbf-4c85-9e76-ecdbc66eb21a', 69, 'A8', 16, '330c8f7e-1959-474e-9059-303ae043c8bb', 0), 
('625d459f-19e4-40a1-a01d-d647b6c48401', 56, 'A8', 43, '330c8f7e-1959-474e-9059-303ae043c8bb', 1), 
('21eca2e8-4711-4583-bd71-98b8833db706', 61, 'A15', 49, '330c8f7e-1959-474e-9059-303ae043c8bb', 2), 
('2ee3b569-1088-4f89-9c59-be3fa7b917c0', 98, 'A16', 26, '4449a836-be9c-4a83-a608-b95a5142483f', 0), 
('2929f84f-39de-4880-a43c-f73fd30b3f85', 69, 'A2', 41, '4449a836-be9c-4a83-a608-b95a5142483f', 1), 
('c492069c-4e67-417b-9df8-68f1a0f4413e', 21, 'A3', 19, '4449a836-be9c-4a83-a608-b95a5142483f', 2), 
('cfc8ff36-379a-4eaf-8fea-ae1c202aef15', 66, 'A28', 8, '9f7aef9d-7f68-41fd-aa3f-608d5763f694', 0), 
('551c1db4-7ddb-4d88-ad54-85242205781a', 60, 'A12', 18, '9f7aef9d-7f68-41fd-aa3f-608d5763f694', 1), 
('c48cd76a-c18c-4eb8-97f0-74ef3a6b58c1', 99, 'A20', 7, '9f7aef9d-7f68-41fd-aa3f-608d5763f694', 2), 
('b4348a49-e5b5-4e31-8944-852fd98a52de', 29, 'A25', 20, '2992facc-1e92-4cd1-9405-ba777a4460c1', 0), 
('cf23ec31-2b6e-4fab-861c-9739587e92bd', 77, 'A20', 36, '2992facc-1e92-4cd1-9405-ba777a4460c1', 1), 
('ec72e4b0-dd98-4ca2-865b-20bcba71d2ba', 56, 'A26', 38, '2992facc-1e92-4cd1-9405-ba777a4460c1', 2), 
('0641aeeb-74a8-4da5-847d-55ab1c3a2f9d', 77, 'A12', 36, 'cf736862-aa20-422c-8baf-ff82f45781c5', 0), 
('58ee24be-cd44-4538-8bb4-9575c44b11aa', 34, 'A17', 39, 'cf736862-aa20-422c-8baf-ff82f45781c5', 1), 
('7edbb669-d70c-4cd9-9b19-3c90749a64fb', 89, 'A12', 24, 'cf736862-aa20-422c-8baf-ff82f45781c5', 2), 
('636681e6-131f-45a3-b8a0-7a658c3d7bde', 46, 'A27', 41, '84f59868-05c2-4988-b390-46fd5752ce1a', 0), 
('3a284d4e-20fc-4c70-a624-dd60ba5fc926', 44, 'A4', 47, '84f59868-05c2-4988-b390-46fd5752ce1a', 1), 
('b0794c08-7e80-4d38-86c7-3d91ba674089', 97, 'A27', 18, '84f59868-05c2-4988-b390-46fd5752ce1a', 2), 
('48dec885-8c7b-42ab-8e75-1a148325fdcb', 71, 'A12', 17, 'dd58c780-ee1d-4c37-9e34-400a12bf567c', 0), 
('886c2d55-6392-4f48-98c3-ee7244ef8296', 29, 'A29', 29, 'dd58c780-ee1d-4c37-9e34-400a12bf567c', 1), 
('2f4e1b35-258e-4eb6-a7ed-72fca0137bcb', 61, 'A5', 30, 'dd58c780-ee1d-4c37-9e34-400a12bf567c', 2), 
('7fcf52a2-e9fc-4bf7-98cc-c9c68c0d196e', 42, 'A10', 32, 'f9c979fa-b78c-4e31-9a0d-4f961cc91952', 0), 
('a485a8b9-06cf-4da4-b00d-c53de7e540af', 92, 'A13', 31, 'f9c979fa-b78c-4e31-9a0d-4f961cc91952', 1), 
('5cbed19a-fe8b-4d12-b417-fbfaf8d31167', 14, 'A8', 20, 'f9c979fa-b78c-4e31-9a0d-4f961cc91952', 2), 
('2769511a-a5ea-47ff-a548-43b9bcd22e59', 35, 'A22', 10, '8ac5277b-1f1f-404b-8598-92e4993bc4fa', 0), 
('da51aec8-a95d-4512-93d0-5472fe037a65', 90, 'A27', 15, '8ac5277b-1f1f-404b-8598-92e4993bc4fa', 1), 
('b95e3b59-1770-4acc-bab5-18d197e6859e', 39, 'A25', 31, '8ac5277b-1f1f-404b-8598-92e4993bc4fa', 2), 
('b136d5ac-adb9-4f1d-a5c1-176af16d6234', 35, 'A26', 38, '531932c4-b73a-477c-9875-60f0cf16686b', 0), 
('6edcf0e9-d134-4f5f-a581-b7972d7f5cdb', 99, 'A26', 31, '531932c4-b73a-477c-9875-60f0cf16686b', 1), 
('beea8b7f-4aca-4441-bc74-369d31526eb3', 90, 'A5', 10, '531932c4-b73a-477c-9875-60f0cf16686b', 2), 
('7cd05369-8a20-4ec8-8e35-691950629827', 57, 'A27', 37, '1936e386-e694-41b5-95a5-023a6cbf10c2', 0), 
('48238034-9703-4f9f-a6ab-42ffddb70ac4', 23, 'A5', 43, '1936e386-e694-41b5-95a5-023a6cbf10c2', 1), 
('be9f26af-43ed-4245-9dcd-ba2a91f64133', 26, 'A13', 24, '1936e386-e694-41b5-95a5-023a6cbf10c2', 2), 
('e7dab898-c2c3-4fb8-8dd8-9e8325e3286a', 37, 'A12', 10, '62e4e190-654d-4ce2-adf5-7e7a43664ded', 0), 
('32d5d543-ae49-4677-9523-302787c2cfb1', 37, 'A16', 24, '62e4e190-654d-4ce2-adf5-7e7a43664ded', 1), 
('bb102e1a-3278-4fb8-85dd-eeee98cb7297', 55, 'A16', 27, '62e4e190-654d-4ce2-adf5-7e7a43664ded', 2), 
('fe752cc0-149b-445f-9267-ac26136cc8f0', 85, 'A22', 48, 'da3602c1-9257-4d28-ad59-53d90c9b71e9', 0), 
('fa9f8437-ad64-431d-860f-6b12824089f9', 81, 'A2', 19, 'da3602c1-9257-4d28-ad59-53d90c9b71e9', 1), 
('a8eebaf7-7aaa-47a4-a70b-cb94d63f52fd', 12, 'A22', 30, 'da3602c1-9257-4d28-ad59-53d90c9b71e9', 2), 
('d84b44b4-62ac-4e6a-ae02-39904b8eaafc', 83, 'A17', 39, '131e4c24-dfc7-4915-ba7a-b6c94a5c5679', 0), 
('c7cfd33f-6cc5-4f3f-885d-fc86a5155156', 5, 'A7', 11, '131e4c24-dfc7-4915-ba7a-b6c94a5c5679', 1), 
('3bd70251-260b-4ee1-815f-2ca4ca7a69e8', 95, 'A16', 28, '131e4c24-dfc7-4915-ba7a-b6c94a5c5679', 2), 
('74697d24-8f9d-4c71-9729-bf934863d592', 32, 'A8', 37, 'c3274280-88d1-41e1-bdae-7522acbd3140', 0), 
('d17d257e-3878-4a38-a055-557e522a64cf', 61, 'A8', 17, 'c3274280-88d1-41e1-bdae-7522acbd3140', 1), 
('e7826568-0b25-4918-a1b8-bf1c99aad43c', 39, 'A8', 47, 'c3274280-88d1-41e1-bdae-7522acbd3140', 2), 
('acca110e-7dc2-487b-8cea-6d05e20c05ba', 33, 'A1', 5, 'bc84e716-f2b6-4f15-a3f7-416836f3751e', 0), 
('167c4795-f6fa-4ba9-afe2-b33d7df73029', 60, 'A25', 11, 'bc84e716-f2b6-4f15-a3f7-416836f3751e', 1), 
('b42fc8f3-bf86-44b9-b85e-eb5854e56bc8', 30, 'A23', 23, 'bc84e716-f2b6-4f15-a3f7-416836f3751e', 2), 
('360dcf50-8e3a-49d9-a32f-872501e6fdbc', 7, 'A2', 22, 'aeb779e0-1fd7-49cc-b728-2e5e6d06629e', 0), 
('0ee13ed9-3d8a-4e5a-b5d7-a275bb95dfd6', 10, 'A6', 45, 'aeb779e0-1fd7-49cc-b728-2e5e6d06629e', 1), 
('ef8bbe1c-251f-4b6c-b8af-2f77acabfd29', 43, 'A3', 14, 'aeb779e0-1fd7-49cc-b728-2e5e6d06629e', 2), 
('0a542dc3-37f7-4ff5-8b07-c684a1e9937d', 43, 'A11', 45, 'a6ff632b-2cf8-4267-b5ff-344121e8fa85', 0), 
('0cc3dbe9-6db9-4b71-ad43-9d2877ff973b', 63, 'A24', 18, 'a6ff632b-2cf8-4267-b5ff-344121e8fa85', 1), 
('482c5b20-0e07-4893-a558-33e2c9cdfeb0', 15, 'A16', 37, 'a6ff632b-2cf8-4267-b5ff-344121e8fa85', 2), 
('f7ace982-661c-4815-89b9-3291ca99635e', 21, 'A7', 36, '3d5f8134-7801-4e30-9349-4d878bce40a3', 0), 
('90ae59af-e835-488f-805d-cd412fff7d9a', 48, 'A25', 22, '3d5f8134-7801-4e30-9349-4d878bce40a3', 1), 
('f8dca8e7-c414-45ae-9c20-ad8e9b092d39', 58, 'A6', 22, '3d5f8134-7801-4e30-9349-4d878bce40a3', 2), 
('e709f128-5d43-4ae2-aa53-f026d2a0dbeb', 86, 'A5', 23, 'e1296e80-75f6-4338-afa2-7db23fd154f6', 0), 
('56f33a61-51ab-44b5-9752-a1fba549cebc', 16, 'A9', 39, 'e1296e80-75f6-4338-afa2-7db23fd154f6', 1), 
('03c6724f-8c10-4f8e-b22d-d6864eebd9e4', 92, 'A1', 45, 'e1296e80-75f6-4338-afa2-7db23fd154f6', 2), 
('0749c2e5-03af-4c3a-a6cb-3209e70ac489', 12, 'A20', 32, 'eceba604-6d39-4f5e-b361-bcf5f7c99d82', 0), 
('04f489bd-ae90-485d-8769-df936e97200f', 42, 'A20', 34, 'eceba604-6d39-4f5e-b361-bcf5f7c99d82', 1), 
('d2250499-2d53-43af-a01f-f3447345226f', 44, 'A6', 10, 'eceba604-6d39-4f5e-b361-bcf5f7c99d82', 2), 
('2e9a3fd0-17c3-4aca-adaf-d58a80bbde8f', 72, 'A4', 41, '954efebe-dd37-4145-845f-444f701be8ec', 0), 
('8dcb3763-c677-46e9-9bac-c7fe97d38051', 38, 'A16', 8, '954efebe-dd37-4145-845f-444f701be8ec', 1), 
('163f66c0-1815-4aa6-a1ab-e5f57bd81185', 62, 'A6', 11, '954efebe-dd37-4145-845f-444f701be8ec', 2), 
('ba892a9b-af87-4e79-8b0c-2412b0ed415a', 95, 'A2', 38, '6eb5b167-0457-40b4-8437-a029358259de', 0), 
('743058eb-7bf5-467c-ac7d-f56ebb635482', 93, 'A18', 46, '6eb5b167-0457-40b4-8437-a029358259de', 1), 
('ded9b914-3c72-4173-af91-37c3dc36dc01', 40, 'A7', 12, '6eb5b167-0457-40b4-8437-a029358259de', 2), 
('b0f1d32f-afef-4bc7-b5b1-58cd120f1a88', 22, 'A16', 45, '40500643-9020-4aad-a85d-8ce9db4c97ad', 0), 
('393afcb7-2fc2-48a7-ad51-3733a5dae1e5', 60, 'A6', 45, '40500643-9020-4aad-a85d-8ce9db4c97ad', 1), 
('929a049a-b9d1-4edb-a312-c3313214933e', 50, 'A16', 48, '40500643-9020-4aad-a85d-8ce9db4c97ad', 2), 
('0aa1c6d7-00f1-4d55-a6bd-ca8ec54c03f4', 94, 'A26', 47, 'c75f94dd-ff4e-4204-a2ae-07508dacaae0', 0), 
('9ddec8c8-30d8-4d3b-8590-255696b3aa13', 75, 'A20', 16, 'c75f94dd-ff4e-4204-a2ae-07508dacaae0', 1), 
('c8637c9f-1dff-4d1f-806a-ef5b715e72a3', 10, 'A4', 25, 'c75f94dd-ff4e-4204-a2ae-07508dacaae0', 2), 
('5963169f-9ee8-4cf0-8555-5cc3ec968831', 28, 'A12', 30, '5c563d76-bc9e-4c64-8a7a-7b91fcc95617', 0), 
('4c3f9533-00b7-4e94-97f3-a0ab194046b7', 7, 'A17', 44, '5c563d76-bc9e-4c64-8a7a-7b91fcc95617', 1), 
('91d4d6ef-7834-4eb2-b25f-ec335194c65c', 96, 'A29', 18, '5c563d76-bc9e-4c64-8a7a-7b91fcc95617', 2), 
('09a23aa8-8efc-48da-a6de-9ccf9e9106a4', 85, 'A18', 20, 'dfa07531-3bec-4529-9ab4-77e0c57f646f', 0), 
('0351451b-0fd7-4ee4-9f5b-26ea000657b9', 50, 'A1', 45, 'dfa07531-3bec-4529-9ab4-77e0c57f646f', 1), 
('8d2d051b-64b3-4096-9779-62f19e67e56a', 13, 'A19', 16, 'dfa07531-3bec-4529-9ab4-77e0c57f646f', 2), 
('2f0fc50a-019a-44ad-ad43-c7d56be9d39c', 3, 'A19', 6, '91ef9516-096c-4fee-a418-ae02742506a2', 0), 
('038a7f3a-3dc3-49ac-a12f-4dc09b688e11', 30, 'A3', 6, '91ef9516-096c-4fee-a418-ae02742506a2', 1), 
('c16b1e4a-f55e-4241-9e7d-0110d6ea2983', 10, 'A3', 41, '91ef9516-096c-4fee-a418-ae02742506a2', 2), 
('6c096f52-c378-4125-a7a3-e84b6c3d5b60', 63, 'A2', 49, '7f461852-7f55-4cc7-a9f3-6edf7b90ecfa', 0), 
('3a0c198f-42c8-4c81-8e27-7d72c3bbbfa5', 27, 'A15', 33, '7f461852-7f55-4cc7-a9f3-6edf7b90ecfa', 1), 
('164b5c95-591f-4508-bf11-f7d5fa2196ef', 12, 'A7', 49, '7f461852-7f55-4cc7-a9f3-6edf7b90ecfa', 2), 
('badc66ae-c6c5-4da1-899f-da8e71fcac6f', 11, 'A26', 14, '6c4540b1-47ef-4e65-b96f-85f791221472', 0), 
('36f90539-406f-422a-96df-a20422829c60', 40, 'A26', 47, '6c4540b1-47ef-4e65-b96f-85f791221472', 1), 
('09ac5d73-6e48-4675-9ec5-7c8beef44633', 26, 'A12', 31, '6c4540b1-47ef-4e65-b96f-85f791221472', 2), 
('c25bdbd1-5439-4ea8-91a4-6e04c89c434e', 12, 'A16', 24, 'e409672f-50c9-445d-b9c5-9e22d45b4151', 0), 
('af0a4098-75c0-4ddb-af6d-b07558da5573', 72, 'A5', 14, 'e409672f-50c9-445d-b9c5-9e22d45b4151', 1), 
('fd246aa1-77a0-449c-ba7e-110417369861', 43, 'A22', 24, 'e409672f-50c9-445d-b9c5-9e22d45b4151', 2), 
('71fb3851-f2dc-4a26-9ddd-1cf26a5b8cb8', 52, 'A13', 18, '04137d15-c68c-4e1a-9a20-4f6e90c6ea81', 0), 
('334b708e-8353-4269-b07f-7de54a2c1597', 66, 'A8', 30, '04137d15-c68c-4e1a-9a20-4f6e90c6ea81', 1), 
('be8b4b40-0a38-46e9-8b13-38a0b0f984ed', 70, 'A5', 8, '04137d15-c68c-4e1a-9a20-4f6e90c6ea81', 2), 
('71d2bd3c-3e49-4dca-bb65-c6972945ebf9', 89, 'A6', 26, 'a884c1da-8992-445c-a9ff-170b9a5c49ed', 0), 
('d6d6f3ff-865f-44df-a9ad-1440f226f4c1', 4, 'A25', 45, 'a884c1da-8992-445c-a9ff-170b9a5c49ed', 1), 
('eb992373-3ac1-4f11-97c9-d4f1239c36d9', 86, 'A20', 13, 'a884c1da-8992-445c-a9ff-170b9a5c49ed', 2), 
('ed3309bf-27a0-462a-990e-a41063c9bedc', 28, 'A18', 49, 'db31bb22-b1cf-4105-8ab4-c389e6bcdca5', 0), 
('483f02bc-e9e0-472d-affd-4cf6be85088d', 66, 'A12', 41, 'db31bb22-b1cf-4105-8ab4-c389e6bcdca5', 1), 
('2bb2013e-4aa4-428b-8ab5-5ec85670dff5', 65, 'A11', 21, 'db31bb22-b1cf-4105-8ab4-c389e6bcdca5', 2), 
('ed312398-92bd-4815-8f44-5ef90e6bffec', 21, 'A1', 14, '26195aab-38c9-4b77-8396-1d7676e6ef2b', 0), 
('7cd17a6f-39f2-42d4-967e-234dc2c1cd1a', 95, 'A5', 8, '26195aab-38c9-4b77-8396-1d7676e6ef2b', 1), 
('6488cdae-8284-43e0-9ada-b0ef2df03b07', 11, 'A21', 12, '26195aab-38c9-4b77-8396-1d7676e6ef2b', 2), 
('b051b44b-a35e-4d54-a949-ca526258d7a1', 41, 'A2', 41, '105f9ecd-530e-4c6f-9bbf-9ca024a0d854', 0), 
('cec39466-63de-422c-b104-e0bc7a65130a', 54, 'A11', 21, '105f9ecd-530e-4c6f-9bbf-9ca024a0d854', 1), 
('ddfb0f21-7753-433b-9a1d-f9e18c4bd2d2', 42, 'A15', 38, '105f9ecd-530e-4c6f-9bbf-9ca024a0d854', 2), 
('c7118c6b-55c6-4a0c-92a5-005722734298', 24, 'A1', 28, 'bdbc0fdb-aad0-44a1-86f1-83c1e6275fe3', 0), 
('b69a6575-bc79-41f4-b343-992a7a04d9ca', 61, 'A11', 22, 'bdbc0fdb-aad0-44a1-86f1-83c1e6275fe3', 1), 
('c1b02a33-5f52-4631-9d1f-d60d3e124ca2', 50, 'A25', 40, 'bdbc0fdb-aad0-44a1-86f1-83c1e6275fe3', 2), 
('13485daf-4f2c-4e69-a943-f7e735826c98', 44, 'A29', 45, '10ebd255-d152-4c20-a2b3-c35fe81f17e1', 0), 
('0308c774-9dc0-4a27-a049-2e96d13a238b', 8, 'A23', 31, '10ebd255-d152-4c20-a2b3-c35fe81f17e1', 1), 
('06286b92-9c01-4b6b-816c-8c5ab481de59', 10, 'A25', 46, '10ebd255-d152-4c20-a2b3-c35fe81f17e1', 2), 
('35b55b12-4a10-45d9-b312-e8e2c8bbebdb', 48, 'A13', 6, 'dc0504c2-bfa2-4bc2-995b-79bfaf17d2ee', 0), 
('73fb8a19-4cb9-4a06-9dd5-763c1a25dbbc', 66, 'A23', 25, 'dc0504c2-bfa2-4bc2-995b-79bfaf17d2ee', 1), 
('b1410ae1-0391-45e0-b481-5f5fc902057b', 29, 'A8', 47, 'dc0504c2-bfa2-4bc2-995b-79bfaf17d2ee', 2), 
('f654db24-c72e-4126-be5d-2f4c34b9c33a', 72, 'A23', 27, 'c76541cd-f6c4-4da9-b6d2-efef9141dc00', 0), 
('28bf8c54-6ac3-4c8e-9757-55abcff9b165', 72, 'A21', 46, 'c76541cd-f6c4-4da9-b6d2-efef9141dc00', 1), 
('092f7b75-4f73-4ab9-9317-fe045fa5cd31', 20, 'A1', 43, 'c76541cd-f6c4-4da9-b6d2-efef9141dc00', 2), 
('de6de3e9-ca5d-4cb5-8368-4900d7b77e54', 86, 'A15', 34, 'b28ba8ab-7b04-44b0-a7ed-65b34bb59a69', 0), 
('5ff6e2c0-2c48-48cc-aab4-2fb9a8bba366', 74, 'A27', 43, 'b28ba8ab-7b04-44b0-a7ed-65b34bb59a69', 1), 
('759f8668-271f-4dc3-b971-def252c68596', 56, 'A24', 6, 'b28ba8ab-7b04-44b0-a7ed-65b34bb59a69', 2), 
('ef16d90d-658e-4b58-bb8e-533f78e19126', 29, 'A10', 44, '90d03171-7b33-479c-b7f2-4588d54a057d', 0), 
('6044934f-523a-4950-a2e7-b21c6dcd43f7', 96, 'A8', 5, '90d03171-7b33-479c-b7f2-4588d54a057d', 1), 
('322ecea1-4602-48c3-b2d3-200df4583bf5', 68, 'A17', 18, '90d03171-7b33-479c-b7f2-4588d54a057d', 2), 
('c9b5a22c-7bd9-4372-8039-60ac8be48911', 3, 'A24', 30, '05db9745-2fe3-403d-ae51-d2b526f33fa3', 0), 
('8a8c89e7-6dce-47fd-b2c0-b66a7b627369', 16, 'A8', 48, '05db9745-2fe3-403d-ae51-d2b526f33fa3', 1), 
('62a861f5-45e8-4f41-983f-1a5977c98030', 71, 'A28', 15, '05db9745-2fe3-403d-ae51-d2b526f33fa3', 2), 
('336029cb-ba62-4ee1-8b43-74bf41fe5183', 62, 'A6', 36, '6d550d25-8dd8-40f9-91fc-5c6aee25d6cd', 0), 
('b1b9cadf-fb71-458b-a702-f714e1e69575', 93, 'A29', 46, '6d550d25-8dd8-40f9-91fc-5c6aee25d6cd', 1), 
('259a002f-2920-41da-bf83-60735e5bb284', 67, 'A22', 5, '6d550d25-8dd8-40f9-91fc-5c6aee25d6cd', 2), 
('8617c614-2a31-4f11-80f2-85e7c81d1310', 66, 'A11', 10, '2b50e80d-f93e-468d-9c31-14bf9ed8dad0', 0), 
('8f2ac14e-cb96-4f47-a276-7ffb5a132ac3', 45, 'A3', 24, '2b50e80d-f93e-468d-9c31-14bf9ed8dad0', 1), 
('b212c836-8cbb-457f-9e58-9d2057973345', 40, 'A19', 44, '2b50e80d-f93e-468d-9c31-14bf9ed8dad0', 2), 
('3303cbc9-7ac9-467d-b682-63ea62a46aa3', 67, 'A6', 42, 'b6c95c19-3b8e-4c2c-b787-0d40df366aa2', 0), 
('50d9e541-c66b-4976-aa00-6d462a411cdd', 19, 'A22', 43, 'b6c95c19-3b8e-4c2c-b787-0d40df366aa2', 1), 
('2a9aa29e-649e-492d-91fd-e2fbe95f6e84', 22, 'A15', 21, 'b6c95c19-3b8e-4c2c-b787-0d40df366aa2', 2), 
('95a7bf4d-d335-4ec5-8336-741a6dc94891', 82, 'A27', 29, 'eadc9173-134f-412c-b452-092ce0afcb27', 0), 
('7f096579-08fe-40b1-94f2-7db94f9b801e', 41, 'A22', 5, 'eadc9173-134f-412c-b452-092ce0afcb27', 1), 
('2d7c585c-7609-4843-8677-f304fcc68b6a', 48, 'A12', 24, 'eadc9173-134f-412c-b452-092ce0afcb27', 2), 
('27f06d98-8a84-48ab-95eb-648d26504fc5', 75, 'A13', 49, '0be3fd3a-313f-4745-8cdc-cab1e3fc71a4', 0), 
('45b7257a-8e9b-4305-9b2f-4b7d2a3550fd', 80, 'A14', 18, '0be3fd3a-313f-4745-8cdc-cab1e3fc71a4', 1), 
('a447c450-3bad-411b-968f-10265052cc1a', 65, 'A24', 37, '0be3fd3a-313f-4745-8cdc-cab1e3fc71a4', 2), 
('a92716bf-759a-4670-a59a-a7f1781f6da0', 91, 'A11', 29, 'e6e64697-8301-4986-b6d4-4c5f0b49c3f0', 0), 
('db9f09fb-f244-461f-9adb-fe512426b228', 28, 'A17', 21, 'e6e64697-8301-4986-b6d4-4c5f0b49c3f0', 1), 
('a7af90e3-1890-4df4-abdb-4625b2bf0501', 34, 'A8', 43, 'e6e64697-8301-4986-b6d4-4c5f0b49c3f0', 2), 
('10556301-47c6-4017-bbf4-2afb308235f6', 79, 'A18', 30, 'c39b3f8e-323f-4723-9927-6c2aac24d486', 0), 
('0fc6fc9f-5e6e-4756-9c75-b923d875b22f', 96, 'A12', 40, 'c39b3f8e-323f-4723-9927-6c2aac24d486', 1), 
('4f34f40a-7905-4c8e-8e83-741e13d32fde', 11, 'A15', 29, 'c39b3f8e-323f-4723-9927-6c2aac24d486', 2), 
('48fbb53e-55f9-467b-ae9d-427e649fd8d7', 56, 'A7', 22, '8ad49757-f10a-49be-9a82-c475d8850896', 0), 
('8d791c87-a710-4c39-ae18-89bcabd232d3', 15, 'A9', 20, '8ad49757-f10a-49be-9a82-c475d8850896', 1), 
('3b46229d-38a8-43b3-8efc-e4dcc129ff37', 66, 'A10', 49, '8ad49757-f10a-49be-9a82-c475d8850896', 2), 
('12ea62fa-5ea7-4ee3-9a46-22158d2d10b1', 78, 'A25', 41, '2a9b414b-7bbc-4084-971f-e5045e75e625', 0), 
('17c16a3b-d54e-41d6-953f-14df6f9512ab', 78, 'A20', 25, '2a9b414b-7bbc-4084-971f-e5045e75e625', 1), 
('694636f5-ce07-449a-bec4-d5c3321e4124', 66, 'A10', 23, '2a9b414b-7bbc-4084-971f-e5045e75e625', 2), 
('5b0949da-b754-4bf3-9d0f-62b9d1d7b9f7', 20, 'A22', 5, 'eb0dc7d5-3d7e-4bf8-8af0-5a63344f0d3b', 0), 
('3d03c037-a3b5-456d-8d0f-93c43b803a88', 63, 'A1', 48, 'eb0dc7d5-3d7e-4bf8-8af0-5a63344f0d3b', 1), 
('8d60ded7-c86d-4f80-b2c0-f4e7a49e25c6', 30, 'A16', 35, 'eb0dc7d5-3d7e-4bf8-8af0-5a63344f0d3b', 2), 
('fe23e0e8-6b51-4e31-b2d7-47eca648191a', 62, 'A28', 44, '6ea43328-2001-4640-bcfc-86565ff00406', 0), 
('ab951f2b-bf6e-49c1-a949-e4f52e8a0b02', 97, 'A1', 49, '6ea43328-2001-4640-bcfc-86565ff00406', 1), 
('ff0ecf1a-5fac-4895-b766-69f26d9ad113', 33, 'A10', 30, '6ea43328-2001-4640-bcfc-86565ff00406', 2), 
('c42f2bf1-7d2a-4cb0-b283-8faf52bc1ad2', 80, 'A23', 8, '03db2244-5e78-4810-8190-309799ffcabd', 0), 
('d9f1360f-13ea-44e3-8ba9-df8e8c6dd32c', 36, 'A1', 30, '03db2244-5e78-4810-8190-309799ffcabd', 1), 
('44c789e8-e73c-465e-bb6c-43b0938fa527', 11, 'A9', 5, '03db2244-5e78-4810-8190-309799ffcabd', 2), 
('a3bed21f-37b5-4ee1-b1de-0e494c765743', 44, 'A17', 24, 'be7ed3ba-b3c1-4eb6-adc2-99168fd3bede', 0), 
('bb11db97-0fab-417c-a259-c43d1b951644', 92, 'A11', 37, 'be7ed3ba-b3c1-4eb6-adc2-99168fd3bede', 1), 
('289e077c-b4f8-46a5-8362-b3eb371addfb', 91, 'A17', 47, 'be7ed3ba-b3c1-4eb6-adc2-99168fd3bede', 2), 
('43dd0f39-dce6-4c2f-99d3-bce146f07e1b', 70, 'A23', 38, 'cd1e7003-94db-4493-9898-82862dba2ab1', 0), 
('c727d94f-cd5c-44ef-9287-634675fd004f', 52, 'A5', 40, 'cd1e7003-94db-4493-9898-82862dba2ab1', 1), 
('c54e9429-be18-4f69-9b0a-5f0f00511b38', 72, 'A19', 14, 'cd1e7003-94db-4493-9898-82862dba2ab1', 2), 
('2f1df87b-e9ef-45c5-aba3-ef306d4718ce', 75, 'A20', 33, '6b5d0225-d127-428c-a20f-6b2ada62cc48', 0), 
('64b6fa07-4c9a-42b4-b299-0ed25cc76bc9', 26, 'A4', 32, '6b5d0225-d127-428c-a20f-6b2ada62cc48', 1), 
('8c943755-cd2e-4b25-a5e7-54dbdcd169bc', 90, 'A18', 28, '6b5d0225-d127-428c-a20f-6b2ada62cc48', 2), 
('077deb0f-dec8-4001-8ec6-9c1e69673061', 9, 'A14', 11, '070bd834-6092-48e4-bcf1-d814865db399', 0), 
('35ab205f-dd8a-401f-a995-7e9ef78976a3', 44, 'A21', 37, '070bd834-6092-48e4-bcf1-d814865db399', 1), 
('3f5a600b-0967-473d-8eed-5a38cf607c0f', 7, 'A20', 42, '070bd834-6092-48e4-bcf1-d814865db399', 2), 
('00f7f7e6-e0f5-4300-bf9e-717acae2955a', 25, 'A13', 46, 'ed230131-5815-48d9-9d52-7789232bec46', 0), 
('1bc0ec36-3523-4449-bb66-5481b2e0cf77', 63, 'A7', 10, 'ed230131-5815-48d9-9d52-7789232bec46', 1), 
('43e6a12c-72d4-418e-a6ec-c28ac357532e', 17, 'A23', 11, 'ed230131-5815-48d9-9d52-7789232bec46', 2), 
('0f79e3ca-d910-4da6-8266-35d5da6d1ab5', 16, 'A7', 22, '4d7097ec-8424-4025-b636-6d961051a391', 0), 
('f107cfd5-4fc0-4638-9f82-614e8043926d', 53, 'A19', 41, '4d7097ec-8424-4025-b636-6d961051a391', 1), 
('21262a2c-e338-4547-af4f-815e4f9363f2', 33, 'A17', 47, '4d7097ec-8424-4025-b636-6d961051a391', 2), 
('5114fb29-b08f-46d4-b1f3-124bcfbe6905', 88, 'A28', 26, '3a64f5ce-1d76-4f6b-a80d-11c56946bdd6', 0), 
('49e9b8eb-a71f-4fbd-8149-0796518f57ee', 31, 'A2', 42, '3a64f5ce-1d76-4f6b-a80d-11c56946bdd6', 1), 
('df85421f-38ed-4682-9b4e-9825ffd30b4c', 3, 'A10', 38, '3a64f5ce-1d76-4f6b-a80d-11c56946bdd6', 2), 
('58b93ac4-c608-44c9-8004-7efd66a34378', 5, 'A11', 34, '2508d74c-d0d9-48ab-9bc0-1a3bbfd43679', 0), 
('82e6d226-61e1-4368-8d76-f14710caac22', 52, 'A19', 43, '2508d74c-d0d9-48ab-9bc0-1a3bbfd43679', 1), 
('90663b0d-73c6-40cf-98fa-d8168b640640', 52, 'A8', 38, '2508d74c-d0d9-48ab-9bc0-1a3bbfd43679', 2), 
('c571a6dc-d0c3-41ff-bba6-5d24af2f114b', 37, 'A29', 44, 'ade52ecb-6b46-4821-a2ec-9a47f1a6682d', 0), 
('c0b8cf8a-c544-4107-a9f6-a456a93ff769', 60, 'A15', 29, 'ade52ecb-6b46-4821-a2ec-9a47f1a6682d', 1), 
('8b21b633-57a6-4b32-9542-b36e773cdc66', 42, 'A18', 32, 'ade52ecb-6b46-4821-a2ec-9a47f1a6682d', 2), 
('ed2eca43-98d4-4f61-ada4-c2fa3c3cc3d1', 79, 'A9', 27, 'd80dc812-e66b-43d8-8c5b-a90d8852fee5', 0), 
('2824fcca-d4e5-4e9f-8eef-fff8211ca798', 61, 'A5', 13, 'd80dc812-e66b-43d8-8c5b-a90d8852fee5', 1), 
('6120fdda-d42b-4379-8c42-a101525f7dd9', 32, 'A27', 27, 'd80dc812-e66b-43d8-8c5b-a90d8852fee5', 2), 
('4488f153-42ae-4cc0-8912-946a0d4da761', 91, 'A27', 13, '37c2b648-0fce-47ba-9e76-f06af3f0ee2a', 0), 
('9462a659-943d-484a-b9e2-1848d1ba3461', 90, 'A23', 37, '37c2b648-0fce-47ba-9e76-f06af3f0ee2a', 1), 
('881311a5-9441-46e2-b913-47d51f7e445b', 76, 'A1', 47, '37c2b648-0fce-47ba-9e76-f06af3f0ee2a', 2), 
('a4b0f601-4508-4f2c-896f-a32572218872', 97, 'A27', 23, 'f44e9804-ad99-405d-af04-3baa2350393c', 0), 
('b87b6e2c-0bad-4a33-8ed3-a164048d0040', 3, 'A8', 7, 'f44e9804-ad99-405d-af04-3baa2350393c', 1), 
('62d984e5-1e49-4364-81dd-5fcf5a521f52', 32, 'A16', 18, 'f44e9804-ad99-405d-af04-3baa2350393c', 2), 
('76dceea7-1f42-4eef-b662-ca74f0c0e792', 81, 'A23', 7, '0a92aefc-aa92-440e-adf6-43fc1aa7beca', 0), 
('c5683e39-cbaa-43af-bbad-127b36b00320', 80, 'A28', 35, '0a92aefc-aa92-440e-adf6-43fc1aa7beca', 1), 
('ca3268f7-e278-4655-99a8-16e50914f5ad', 57, 'A7', 28, '0a92aefc-aa92-440e-adf6-43fc1aa7beca', 2), 
('beffdd7f-f2cb-4990-a48c-5d1135a35ffc', 10, 'A22', 26, '502a5123-0a14-4f80-ba8f-2d78cae5dd5a', 0), 
('ff461b1c-2769-4630-9728-1df11903e2b8', 63, 'A3', 40, '502a5123-0a14-4f80-ba8f-2d78cae5dd5a', 1), 
('657fba11-1eb4-4172-bd7f-9cde3247b7f4', 13, 'A19', 18, '502a5123-0a14-4f80-ba8f-2d78cae5dd5a', 2), 
('0e2c6371-857f-4bf0-adac-eae886353c8d', 75, 'A10', 44, 'c87c7d5a-23a9-4203-a398-5ba25d77274b', 0), 
('ffe5a179-ebca-43ca-b177-38a109c11076', 86, 'A15', 32, 'c87c7d5a-23a9-4203-a398-5ba25d77274b', 1), 
('39fb6922-741e-4db2-a271-e505b73afc5b', 12, 'A9', 13, 'c87c7d5a-23a9-4203-a398-5ba25d77274b', 2), 
('b44b10ee-69ab-4a8e-a688-c2ad8cbac7c0', 54, 'A14', 21, 'b099065d-6f05-45e5-adf6-cf184ad76d88', 0), 
('bdaa35cd-f71a-4476-8bc8-225f38087a14', 13, 'A10', 44, 'b099065d-6f05-45e5-adf6-cf184ad76d88', 1), 
('7562a5ac-128c-40aa-8c8b-7d05d7666137', 21, 'A27', 14, 'b099065d-6f05-45e5-adf6-cf184ad76d88', 2), 
('6c357f61-f444-4499-9287-0ce9d5d30e2d', 43, 'A28', 42, '0f5e1c4a-84d2-46ab-b505-b24af825bd68', 0), 
('51f98d8f-8bbd-4801-b176-67e35430c475', 21, 'A21', 25, '0f5e1c4a-84d2-46ab-b505-b24af825bd68', 1), 
('afa24ba2-5444-4d94-9b20-2e5f2bf48897', 66, 'A20', 26, '0f5e1c4a-84d2-46ab-b505-b24af825bd68', 2), 
('d94f981a-7a52-474d-8e8c-c4504b3ff94d', 73, 'A8', 40, 'def7b95f-c0c2-48e4-bf9b-1e1494772987', 0), 
('9c29c1ba-fd9a-46e3-bc0a-ad19a3124e04', 57, 'A29', 11, 'def7b95f-c0c2-48e4-bf9b-1e1494772987', 1), 
('32c77b78-4a15-4689-92b7-9d4da9040434', 18, 'A28', 28, 'def7b95f-c0c2-48e4-bf9b-1e1494772987', 2), 
('3b29cac4-d9b2-4f0a-b5e3-28374f3fb581', 48, 'A26', 6, '68bf3d78-bc2e-4c90-8ca1-6197d7873d7b', 0), 
('2ac12a41-90d3-472e-abe3-928a9b903c3e', 64, 'A8', 41, '68bf3d78-bc2e-4c90-8ca1-6197d7873d7b', 1), 
('8fdd9d64-e03f-4feb-8122-6dd59897213e', 4, 'A28', 31, '68bf3d78-bc2e-4c90-8ca1-6197d7873d7b', 2), 
('a0ef6921-c227-4ed2-962b-3c2f953ff18b', 29, 'A9', 33, '03f961df-fe08-4b99-b250-effd5460be35', 0), 
('f1ab6606-3a8d-46a1-81e7-ddf80d171e14', 39, 'A21', 13, '03f961df-fe08-4b99-b250-effd5460be35', 1), 
('25b67f54-12be-4adb-a591-dd37e51ce9ee', 49, 'A8', 15, '03f961df-fe08-4b99-b250-effd5460be35', 2), 
('6fae9c46-e574-49e9-aebd-4c5a31a26189', 6, 'A1', 15, 'fc536cfc-3537-4d3f-be1e-8fcaa0ce424e', 0), 
('5aaaeb0a-8b14-4f09-94c4-793339b0e10e', 41, 'A7', 18, 'fc536cfc-3537-4d3f-be1e-8fcaa0ce424e', 1), 
('1e6cef0e-57d4-43e7-9c2f-78dbde1129aa', 64, 'A7', 17, 'fc536cfc-3537-4d3f-be1e-8fcaa0ce424e', 2), 
('358410aa-684a-4643-af78-8af55d67101d', 82, 'A19', 39, 'c2daa879-c2ad-4ae2-9c4e-1dff38af56ba', 0), 
('a2aa8a2e-40d8-464c-98d9-877180037b98', 11, 'A11', 15, 'c2daa879-c2ad-4ae2-9c4e-1dff38af56ba', 1), 
('f03d54aa-4535-45c6-bac8-7b520c45d00d', 17, 'A17', 49, 'c2daa879-c2ad-4ae2-9c4e-1dff38af56ba', 2), 
('f7414c24-1c0c-4ade-9a88-94c8e367583a', 55, 'A27', 22, 'a00b42e5-5169-4e52-a079-4d41a3c9feb8', 0), 
('e93cb5be-e496-4000-8c1f-210166812472', 72, 'A15', 25, 'a00b42e5-5169-4e52-a079-4d41a3c9feb8', 1), 
('43787452-fdf2-4931-a67f-d44d0356a480', 84, 'A27', 22, 'a00b42e5-5169-4e52-a079-4d41a3c9feb8', 2), 
('507cd00b-0c8b-49f1-a500-98140de42cff', 63, 'A7', 19, 'd1e7c17c-ea64-4d97-8e63-dfe5ec80cbff', 0), 
('f5f126f2-f345-44e4-9a45-c8ea9e255130', 50, 'A5', 43, 'd1e7c17c-ea64-4d97-8e63-dfe5ec80cbff', 1), 
('b4609cfd-b588-4750-9cbc-c6ddffe0e265', 6, 'A27', 12, 'd1e7c17c-ea64-4d97-8e63-dfe5ec80cbff', 2), 
('b26804b4-74c6-4346-a5db-2069b36b936f', 20, 'A15', 38, 'afefaf39-9ea0-41d7-ba36-556299eccbf8', 0), 
('b6bd7bdb-0637-4a20-81bb-87e9f2dbc154', 38, 'A15', 41, 'afefaf39-9ea0-41d7-ba36-556299eccbf8', 1), 
('727f140f-510d-4404-8cd3-cf4dd2110c08', 8, 'A5', 21, 'afefaf39-9ea0-41d7-ba36-556299eccbf8', 2), 
('a36325d5-6baa-45ff-b516-61ac91f1089d', 81, 'A5', 17, '4c0dae8d-8c0f-4941-9ad4-3fbe17058240', 0), 
('cb53f731-6c5d-4290-b74a-ac525f95bbc3', 96, 'A27', 7, '4c0dae8d-8c0f-4941-9ad4-3fbe17058240', 1), 
('5a5a02b5-1c23-4d9d-a215-d12e3eab79ea', 55, 'A16', 13, '4c0dae8d-8c0f-4941-9ad4-3fbe17058240', 2), 
('3e3909f9-758d-4330-9435-c2eb3fd5b1e2', 48, 'A15', 7, '55d7a6b5-1417-4ef3-b565-f67ab819f04d', 0), 
('a7b31b7e-3e79-4e2c-a871-1ba8b7734b6d', 70, 'A23', 40, '55d7a6b5-1417-4ef3-b565-f67ab819f04d', 1), 
('0745c168-b575-4c1a-aba7-aac9c20ca804', 9, 'A27', 10, '55d7a6b5-1417-4ef3-b565-f67ab819f04d', 2), 
('5bd29a48-63de-4ff6-8c44-fe3aadaaba06', 82, 'A19', 6, '138116f0-c2c9-4455-92c8-3fa9fc23e610', 0), 
('dbb6e384-b0ba-4fb0-b3ef-1be1b1400fd3', 57, 'A23', 17, '138116f0-c2c9-4455-92c8-3fa9fc23e610', 1), 
('f4dc10d9-b067-44ca-9c04-9ac637ff5889', 84, 'A4', 15, '138116f0-c2c9-4455-92c8-3fa9fc23e610', 2), 
('0a7bdae4-1ac4-4af5-9b8f-b8ac34145a9f', 78, 'A1', 37, '7d451928-2ffe-41f0-876c-62343a6383b4', 0), 
('dc0784c8-ab29-43fc-8e6d-7a33f2fdeb92', 99, 'A9', 40, '7d451928-2ffe-41f0-876c-62343a6383b4', 1), 
('15a9bbbe-bfa9-4481-931a-d8d7fe0c58d8', 91, 'A17', 9, '7d451928-2ffe-41f0-876c-62343a6383b4', 2), 
('2cc764da-afea-4a78-a3b2-baad63efde7a', 36, 'A8', 9, 'cf9b7aee-7cde-4604-8d49-996687170ce9', 0), 
('31aef0c9-5f87-49a0-baad-fe32244de0f1', 44, 'A3', 45, 'cf9b7aee-7cde-4604-8d49-996687170ce9', 1), 
('50c96f5a-955f-43f7-b8bb-e7a64f006513', 76, 'A8', 12, 'cf9b7aee-7cde-4604-8d49-996687170ce9', 2), 
('afebb541-ce61-47ef-96fd-13ada4a4af9f', 40, 'A26', 28, 'b18d6a9f-eb39-4678-8c33-388962136f93', 0), 
('2b380285-690a-4bcc-bcae-9c5ec6589188', 5, 'A2', 46, 'b18d6a9f-eb39-4678-8c33-388962136f93', 1), 
('0ab5a3c7-d61e-462c-bb6e-00919f0f6c97', 10, 'A14', 26, 'b18d6a9f-eb39-4678-8c33-388962136f93', 2), 
('d43dc9f2-b985-42cc-8227-06470ec74175', 57, 'A15', 19, 'bd2cfe01-5304-4ce9-9cf7-2ef117bc69c2', 0), 
('f25c5678-a678-4879-bfa6-ed317a1dc4de', 34, 'A9', 37, 'bd2cfe01-5304-4ce9-9cf7-2ef117bc69c2', 1), 
('d1d1e897-39db-4f14-a652-8eed39df627e', 18, 'A25', 24, 'bd2cfe01-5304-4ce9-9cf7-2ef117bc69c2', 2), 
('73d0b293-b4ad-4fa1-b6be-36a223bf774b', 52, 'A13', 27, 'c293157c-e70c-4641-9a5c-1ef514b49a5b', 0), 
('8bf695d0-4a04-42c1-9199-faebfcc2f9e9', 7, 'A4', 31, 'c293157c-e70c-4641-9a5c-1ef514b49a5b', 1), 
('8930e1e2-3e43-41bb-8ebc-915b56fe779a', 23, 'A7', 26, 'c293157c-e70c-4641-9a5c-1ef514b49a5b', 2), 
('877d4014-8236-4aec-ae4a-c8c0a4a65f9d', 25, 'A23', 39, '8c0475ba-b1af-4d21-8f65-10614a222a00', 0), 
('11213635-b077-430e-afea-1b8270211d34', 4, 'A29', 36, '8c0475ba-b1af-4d21-8f65-10614a222a00', 1), 
('647cf36c-5936-48bf-8c28-fd36f61785af', 31, 'A17', 38, '8c0475ba-b1af-4d21-8f65-10614a222a00', 2), 
('4439611b-4ea3-460f-b196-6672b3c8b7a3', 37, 'A7', 44, 'da361520-2c05-4adb-a277-80561159f1b5', 0), 
('b5ce87e3-8a7a-4bac-b59a-2996ee34f0f1', 62, 'A6', 29, 'da361520-2c05-4adb-a277-80561159f1b5', 1), 
('ca1c959b-26fd-4801-b553-be5c7563e64f', 37, 'A15', 30, 'da361520-2c05-4adb-a277-80561159f1b5', 2), 
('c905a5ee-0ea5-4aa5-b52b-44d990044ac5', 23, 'A23', 14, 'b732e546-8acb-464e-82f0-c20d6edbf5b8', 0), 
('998cb803-77a1-4650-9a70-f27f95d8333c', 62, 'A13', 22, 'b732e546-8acb-464e-82f0-c20d6edbf5b8', 1), 
('e324648c-fc5d-4e3d-b8e7-d8081cfc984b', 23, 'A11', 10, 'b732e546-8acb-464e-82f0-c20d6edbf5b8', 2), 
('bad5e19c-f96a-455f-9426-ba8f6bbe6c2a', 54, 'A6', 22, '5f53155f-4731-47ca-b7ed-8926ab7ea53f', 0), 
('28558999-3698-456c-9a46-93f059f6a91d', 42, 'A12', 22, '5f53155f-4731-47ca-b7ed-8926ab7ea53f', 1), 
('46ed15de-4dbe-485f-ad04-462a35b96f7b', 15, 'A11', 12, '5f53155f-4731-47ca-b7ed-8926ab7ea53f', 2), 
('a64c27d2-d859-4dfe-b3c3-69b21886e22f', 83, 'A22', 33, 'bcfe7042-4866-4434-ac46-40c2a806e4c7', 0), 
('140db772-b714-4dd6-bb53-2da512367a25', 68, 'A2', 37, 'bcfe7042-4866-4434-ac46-40c2a806e4c7', 1), 
('ebdc246f-9139-4951-8e39-f0bf6134f802', 46, 'A18', 11, 'bcfe7042-4866-4434-ac46-40c2a806e4c7', 2), 
('ce784b91-de51-4d0a-86af-98a00cf2b959', 95, 'A26', 29, 'c2b8a80f-2d77-4eaa-ac0c-888bf004c0f2', 0), 
('5e18c837-e5c6-40a8-a86c-fe3354fca012', 28, 'A29', 21, 'c2b8a80f-2d77-4eaa-ac0c-888bf004c0f2', 1), 
('368ef658-86e8-4657-8e57-99af136d79d4', 57, 'A11', 19, 'c2b8a80f-2d77-4eaa-ac0c-888bf004c0f2', 2), 
('3d7ce634-1da7-4796-a948-7607cf478a73', 80, 'A28', 33, 'bfb23afc-273b-4bb6-be3b-6be978b1e4a7', 0), 
('0d12457f-8349-4328-9fa8-005f41d01e47', 37, 'A25', 21, 'bfb23afc-273b-4bb6-be3b-6be978b1e4a7', 1), 
('99e5ee06-554a-4539-afbd-d5b975b2cb8b', 13, 'A28', 5, 'bfb23afc-273b-4bb6-be3b-6be978b1e4a7', 2), 
('325ed610-2db7-4627-9147-58068ffdd9b3', 52, 'A13', 34, '74fbd118-332e-485f-a23f-112d51f5290d', 0), 
('b1c4afb6-7fd4-43d5-872a-0e126ec39013', 93, 'A20', 35, '74fbd118-332e-485f-a23f-112d51f5290d', 1), 
('0767f2be-5fe0-4f55-8d99-2fbfee1485c4', 26, 'A26', 39, '74fbd118-332e-485f-a23f-112d51f5290d', 2), 
('c62c92b3-50b1-4244-bf86-002fd974e691', 96, 'A28', 26, 'afb6f4ea-f6d5-467b-bdc1-9e3e37dad64e', 0), 
('5773cb33-c1e5-4e91-8485-104f5a8699f3', 96, 'A7', 10, 'afb6f4ea-f6d5-467b-bdc1-9e3e37dad64e', 1), 
('b96f2608-b905-4e43-943b-8e07c02c9331', 6, 'A29', 8, 'afb6f4ea-f6d5-467b-bdc1-9e3e37dad64e', 2), 
('2617d2d8-2836-4577-9c86-25e7d7d6f6ff', 54, 'A21', 45, '1d081e71-268d-4455-8005-90007c8d97e6', 0), 
('78678c87-483b-47f7-93e0-041d125549ec', 37, 'A7', 35, '1d081e71-268d-4455-8005-90007c8d97e6', 1), 
('7343fefe-ff06-4f16-b6f6-f4d8d9a32d65', 12, 'A13', 39, '1d081e71-268d-4455-8005-90007c8d97e6', 2), 
('bbedcaf0-092c-42c1-90c8-fa18988ab89d', 37, 'A25', 43, '909e8273-a58d-4d8d-bc74-a61f28750fe7', 0), 
('4999531a-96d7-4aa5-857b-c1dfaa7f7067', 51, 'A16', 35, '909e8273-a58d-4d8d-bc74-a61f28750fe7', 1), 
('f114c18b-c945-4e1d-a11b-0a3403393c63', 75, 'A8', 45, '909e8273-a58d-4d8d-bc74-a61f28750fe7', 2), 
('89fd9c46-2f70-4df5-9b24-1f53e6238ebe', 55, 'A5', 22, '787fc1d5-55a9-4c89-9c56-ad493362c3f6', 0), 
('46740ce2-22ad-43c4-83f7-d9f4cdc13614', 22, 'A24', 9, '787fc1d5-55a9-4c89-9c56-ad493362c3f6', 1), 
('96153b43-30ae-43e8-9f83-a3e693e27607', 14, 'A21', 32, '787fc1d5-55a9-4c89-9c56-ad493362c3f6', 2), 
('6c87582a-01ad-46e7-9e58-4781f644ff14', 24, 'A8', 12, '3932c7ec-8a7f-4f98-99d1-a367d7641f05', 0), 
('a3867db7-7af7-4420-a502-177448e87b64', 56, 'A3', 42, '3932c7ec-8a7f-4f98-99d1-a367d7641f05', 1), 
('15f24fa5-405d-4645-8453-40ea602c19ee', 93, 'A27', 25, '3932c7ec-8a7f-4f98-99d1-a367d7641f05', 2), 
('749eb206-2237-4872-9a75-8db64083e007', 36, 'A29', 20, '194d86f8-b6ae-453c-bc81-ebcd9f5203d8', 0), 
('44c788fb-728a-48f1-a1e5-52b16ceff86f', 82, 'A14', 19, '194d86f8-b6ae-453c-bc81-ebcd9f5203d8', 1), 
('8b89f147-d6e1-49c3-9653-8f1714c270fd', 62, 'A5', 27, '194d86f8-b6ae-453c-bc81-ebcd9f5203d8', 2), 
('b482b35e-d960-4b9c-a9ca-65ce9c810c80', 43, 'A4', 37, '6378d8e1-88de-4886-901c-ec82e0d9bee5', 0), 
('09823286-4db3-4157-9723-f8fcdb3c94a4', 4, 'A21', 25, '6378d8e1-88de-4886-901c-ec82e0d9bee5', 1), 
('def48374-107e-49d9-b505-6e1aa92ec79a', 65, 'A8', 42, '6378d8e1-88de-4886-901c-ec82e0d9bee5', 2), 
('069515bd-332b-4262-8cc0-7806e3b0e980', 64, 'A20', 40, 'f855194a-d3da-44eb-8f64-23331fcf71e9', 0), 
('310c121d-980f-46a4-9275-1426e7f2e343', 38, 'A23', 46, 'f855194a-d3da-44eb-8f64-23331fcf71e9', 1), 
('95d8e047-3b15-4404-bd22-7b7d0f4e1cb5', 10, 'A27', 13, 'f855194a-d3da-44eb-8f64-23331fcf71e9', 2), 
('678bcb44-3faf-49c2-aa32-dcb616d80f3b', 42, 'A3', 25, 'f988c9ef-6bc2-4daa-8a98-ba6a37ec731f', 0), 
('73d742d2-d707-4857-a2ed-9426dc7418c1', 63, 'A10', 17, 'f988c9ef-6bc2-4daa-8a98-ba6a37ec731f', 1), 
('248a6cd0-1a11-4181-949a-8f952e531146', 7, 'A26', 37, 'f988c9ef-6bc2-4daa-8a98-ba6a37ec731f', 2), 
('8943412c-0954-4a93-a4b0-c997b0f40b79', 93, 'A26', 28, 'fd9162ee-50de-448b-bcfe-e438c81cd294', 0), 
('b5b542a8-280d-40ae-a218-b7efc0324d2d', 82, 'A6', 25, 'fd9162ee-50de-448b-bcfe-e438c81cd294', 1), 
('a0486f1f-9435-41e9-a6ce-d11127cd5e97', 65, 'A22', 41, 'fd9162ee-50de-448b-bcfe-e438c81cd294', 2), 
('16cb2532-fa30-4f4d-9509-2d37c959fb1c', 8, 'A17', 34, '56cac70e-f0f0-4788-94a1-3265cdca564f', 0), 
('2c4c0e35-265e-4c04-8e2e-bda9111274a8', 39, 'A12', 5, '56cac70e-f0f0-4788-94a1-3265cdca564f', 1), 
('e1d523ec-4f8a-43c3-827e-6660edee9df6', 26, 'A6', 32, '56cac70e-f0f0-4788-94a1-3265cdca564f', 2), 
('66b96f42-0eed-47ff-9aee-03b63ce9cb83', 69, 'A3', 12, '23d25dd2-12e1-4c18-9c1f-f67fa6504c32', 0), 
('8f7c27cc-4cce-4893-87d6-6e08163138c1', 76, 'A10', 31, '23d25dd2-12e1-4c18-9c1f-f67fa6504c32', 1), 
('ab96e9c3-8572-467f-97b3-3a67f4645593', 87, 'A16', 32, '23d25dd2-12e1-4c18-9c1f-f67fa6504c32', 2), 
('f1298259-b6b3-4acc-8204-342a09c61887', 17, 'A20', 20, 'e7e7a50a-8d81-4669-a689-73b4faf439eb', 0), 
('d346a697-e892-4282-923c-58741fe25855', 95, 'A15', 14, 'e7e7a50a-8d81-4669-a689-73b4faf439eb', 1), 
('1c3e95e4-8228-4a53-ab81-47a29d492538', 73, 'A6', 9, 'e7e7a50a-8d81-4669-a689-73b4faf439eb', 2), 
('eb278277-b594-42a0-a3a2-301c051ae361', 83, 'A22', 32, 'a34aafa7-9eb1-44d3-be47-987f1ecddc65', 0), 
('cea4a380-21b3-4453-bc59-09c4321405b5', 82, 'A3', 43, 'a34aafa7-9eb1-44d3-be47-987f1ecddc65', 1), 
('990bada1-e9f4-413e-ad66-59780471e71e', 55, 'A20', 28, 'a34aafa7-9eb1-44d3-be47-987f1ecddc65', 2), 
('3869d651-5447-45e4-9d0d-d033f6a62a7c', 69, 'A20', 34, '71faf0da-f18b-47d7-8fa6-304e8bd7d622', 0), 
('2384f206-6764-4c0e-8d3b-af8d73d73b15', 62, 'A29', 22, '71faf0da-f18b-47d7-8fa6-304e8bd7d622', 1), 
('4a1a5562-16f1-495e-9441-a8324a38b191', 52, 'A24', 46, '71faf0da-f18b-47d7-8fa6-304e8bd7d622', 2), 
('ba3c7ebc-a194-4360-be3f-d437d879a2a5', 90, 'A19', 38, '6863f595-aeb1-4ce4-84ed-1dbd3d8e0411', 0), 
('6b79a6ef-0882-4602-9e39-45f632fe38d9', 82, 'A2', 41, '6863f595-aeb1-4ce4-84ed-1dbd3d8e0411', 1), 
('833977c8-31d1-4a27-b25b-4dce3d122a4d', 50, 'A24', 37, '6863f595-aeb1-4ce4-84ed-1dbd3d8e0411', 2), 
('f15c6525-9125-4a33-8fdb-d4272bc99513', 96, 'A7', 36, '788236f2-e64a-499e-a6e4-6a67020b5e3f', 0), 
('f296f462-8e2c-498a-a0d1-6b8fc2d2e21b', 35, 'A20', 26, '788236f2-e64a-499e-a6e4-6a67020b5e3f', 1), 
('05821da5-d39d-41c3-923d-f0178f975a01', 74, 'A25', 10, '788236f2-e64a-499e-a6e4-6a67020b5e3f', 2), 
('77e0d88f-8e0a-4f03-a896-13a6b09bc8bf', 8, 'A21', 23, 'd524f58f-f1df-4fab-82f7-95edda26c473', 0), 
('915a8a9a-d86a-4c93-be9b-4046a388fc1b', 71, 'A7', 32, 'd524f58f-f1df-4fab-82f7-95edda26c473', 1), 
('5086b2f8-5681-436e-82c4-7dffa74c369f', 52, 'A24', 17, 'd524f58f-f1df-4fab-82f7-95edda26c473', 2), 
('c586f0e0-fca9-4e57-ad27-d399d0823931', 67, 'A14', 44, '4649ec95-6a23-452c-ad96-7e2497ea91e8', 0), 
('5b1a6ea9-4f58-452c-8a8f-47f1a4b13087', 52, 'A26', 42, '4649ec95-6a23-452c-ad96-7e2497ea91e8', 1), 
('c7b8ad58-a852-4ef6-906d-3b68d500f474', 63, 'A1', 32, '4649ec95-6a23-452c-ad96-7e2497ea91e8', 2), 
('afd2cfcb-b59d-4517-b09a-f26474abe99c', 32, 'A7', 48, 'a869cf9b-c14e-464e-9177-51ec3efa029b', 0), 
('b88be468-c044-4181-8f02-ef1a57d1c12d', 66, 'A7', 26, 'a869cf9b-c14e-464e-9177-51ec3efa029b', 1), 
('729f8619-c235-4433-b051-2757ceceec70', 37, 'A26', 32, 'a869cf9b-c14e-464e-9177-51ec3efa029b', 2), 
('488e5835-4bd6-4699-8cbb-a3f82d0b8612', 89, 'A15', 8, 'd63f4679-c216-4109-97d6-fb907e69c547', 0), 
('a34a6952-9c45-476a-be71-bee98e40dbe9', 69, 'A22', 40, 'd63f4679-c216-4109-97d6-fb907e69c547', 1), 
('35acd555-47b8-41cd-872d-b94bcc1f30ad', 33, 'A8', 37, 'd63f4679-c216-4109-97d6-fb907e69c547', 2), 
('bdef44a8-aa23-46f5-9848-c26c45d2abd6', 27, 'A6', 35, '09f963f4-5dd8-4919-bd55-d085753e2df6', 0), 
('6713829e-64e0-4808-96a6-95d0f3d4217f', 75, 'A7', 22, '09f963f4-5dd8-4919-bd55-d085753e2df6', 1), 
('7ed497ee-e357-48f7-a081-b73c73c6bb50', 69, 'A8', 10, '09f963f4-5dd8-4919-bd55-d085753e2df6', 2), 
('55c5f127-3cbf-4039-9381-11391e7351b6', 83, 'A16', 31, '322bd0c2-3f81-41de-88c0-a3bc9e28fd23', 0), 
('44e36163-9ec6-42e6-8e42-c41dbceafc32', 57, 'A10', 10, '322bd0c2-3f81-41de-88c0-a3bc9e28fd23', 1), 
('f0062913-0618-4e23-80d8-be921ec21393', 53, 'A6', 38, '322bd0c2-3f81-41de-88c0-a3bc9e28fd23', 2), 
('47eb88d1-51cf-4033-80fc-411e87543cb5', 14, 'A21', 10, '72ea3062-2c0a-4970-bdfd-487ed81411f3', 0), 
('ea33b531-e0a5-489b-a997-09999da10a8d', 77, 'A4', 48, '72ea3062-2c0a-4970-bdfd-487ed81411f3', 1), 
('d9826fc3-d3eb-4d0d-be23-103e0eb46cf8', 55, 'A28', 29, '72ea3062-2c0a-4970-bdfd-487ed81411f3', 2), 
('d6cd2bdb-7b7e-4a56-928d-d6e2b6ee3dc0', 88, 'A1', 49, '1b217ffb-1479-4605-83df-acd6b0a385b9', 0), 
('f30d996b-620b-4f83-ab93-cba8bf7d2e66', 29, 'A25', 30, '1b217ffb-1479-4605-83df-acd6b0a385b9', 1), 
('dbe2c8dc-414c-48cf-b824-f2d9bfd9d1e5', 98, 'A21', 15, '1b217ffb-1479-4605-83df-acd6b0a385b9', 2), 
('a6108c7d-e2f1-4a85-baba-430527e78af5', 38, 'A8', 31, '4af1f3f5-afed-46c2-8ae0-5b876693b7e8', 0), 
('6516d532-f2ad-4577-bc01-f436d21db195', 84, 'A2', 22, '4af1f3f5-afed-46c2-8ae0-5b876693b7e8', 1), 
('baecc40a-2fab-488e-acce-eb476e0c97d6', 3, 'A21', 40, '4af1f3f5-afed-46c2-8ae0-5b876693b7e8', 2), 
('c5a9d6f1-2021-4fc5-88fb-bbcb69567b1b', 64, 'A15', 37, 'be2d9227-f988-4848-b29d-670615d2993f', 0), 
('71311299-3755-4df0-89f1-f2481a3c9b9c', 45, 'A17', 34, 'be2d9227-f988-4848-b29d-670615d2993f', 1), 
('4a08fbae-d387-4b90-aa36-d6d68d77cacc', 6, 'A16', 44, 'be2d9227-f988-4848-b29d-670615d2993f', 2), 
('fcdb297d-f967-4e3e-a9ed-efac99153601', 75, 'A5', 16, '360f6427-1006-43ee-8cab-c8850c3947b9', 0), 
('6125cbb5-1e34-4088-aebb-bfcd5cf62cff', 82, 'A22', 39, '360f6427-1006-43ee-8cab-c8850c3947b9', 1), 
('02e75df6-6cc2-486d-8326-b5daf095a101', 90, 'A15', 45, '360f6427-1006-43ee-8cab-c8850c3947b9', 2), 
('768dc108-65fd-4684-a0f3-031559f578d3', 11, 'A13', 7, 'de4acfbe-b2e4-4264-86ee-497c0b8d2a56', 0), 
('47ed811f-38f6-4929-ab30-0360f0fb201e', 33, 'A4', 36, 'de4acfbe-b2e4-4264-86ee-497c0b8d2a56', 1), 
('c9c9b203-f0a0-4ef8-8849-9bcfb054d7b0', 66, 'A11', 31, 'de4acfbe-b2e4-4264-86ee-497c0b8d2a56', 2), 
('e5b4dffe-ca90-48c8-96cd-99b6a24a4db4', 91, 'A20', 11, '3e8d44a0-5bec-420a-b9d8-eaad0c3a2f94', 0), 
('daff23b5-dcd7-46a2-896f-121ad0520d3c', 57, 'A22', 48, '3e8d44a0-5bec-420a-b9d8-eaad0c3a2f94', 1), 
('dae9cf9c-8a04-48b1-aa05-90ca837cbadf', 19, 'A7', 24, '3e8d44a0-5bec-420a-b9d8-eaad0c3a2f94', 2), 
('18f3e783-509d-469a-8022-3fa3d9c57653', 77, 'A1', 44, '5f963ff5-62e6-4221-914c-807bdf7369b3', 0), 
('44df356d-e680-4b13-8a4d-6cb3e89e8cde', 21, 'A9', 20, '5f963ff5-62e6-4221-914c-807bdf7369b3', 1), 
('28454ea2-cec2-4ad6-a4e3-f2834068a368', 40, 'A21', 8, '5f963ff5-62e6-4221-914c-807bdf7369b3', 2), 
('0e7e01c0-de09-43af-9535-9da9fe90342b', 34, 'A27', 49, '668e473f-fb25-43ad-a776-8d67ca0d2d7f', 0), 
('1570d92f-3295-4331-a5a0-0574391cf609', 90, 'A20', 34, '668e473f-fb25-43ad-a776-8d67ca0d2d7f', 1), 
('83fb92e8-dc0e-4d12-8b45-dc3b939ac2b4', 8, 'A2', 28, '668e473f-fb25-43ad-a776-8d67ca0d2d7f', 2), 
('8a759618-d32a-4c4d-b8af-6dc7002050f8', 39, 'A22', 21, '23e1511d-1d21-4a82-9025-47d9d8fe8bcb', 0), 
('e029f906-f9cc-47f1-9bf1-1b51e9a82dd0', 69, 'A28', 40, '23e1511d-1d21-4a82-9025-47d9d8fe8bcb', 1), 
('30f487d6-b07d-4347-ad2f-52c307bbfe50', 84, 'A12', 11, '23e1511d-1d21-4a82-9025-47d9d8fe8bcb', 2), 
('c1ff1b84-7d46-48d5-add2-57bf3cb8a92e', 24, 'A16', 9, '5339cf28-29c2-4a08-9553-b8c4c84eef82', 0), 
('9caccd51-becc-4b7d-98d7-dc16f1d8c571', 83, 'A17', 49, '5339cf28-29c2-4a08-9553-b8c4c84eef82', 1), 
('a95ac4da-9e5f-479d-8e2c-fa53a08c350b', 30, 'A5', 38, '5339cf28-29c2-4a08-9553-b8c4c84eef82', 2), 
('a664e9e2-3a0e-4c23-b35c-32b062b14822', 29, 'A16', 31, '8154720a-f51e-40f3-b360-10bb46a6c851', 0), 
('fb9532cf-77f9-4e75-83e5-3972a7cf7cc1', 58, 'A14', 40, '8154720a-f51e-40f3-b360-10bb46a6c851', 1), 
('f605fa43-a6b8-43da-b64c-d5aa9c3fef6a', 15, 'A7', 24, '8154720a-f51e-40f3-b360-10bb46a6c851', 2), 
('ab128c24-e431-411f-b199-6e1fdabf5052', 82, 'A13', 44, 'c3a1dae4-f1c1-4744-b944-d63421ba1eb3', 0), 
('72400dae-8e94-4d8a-b5c3-863542059d96', 62, 'A23', 9, 'c3a1dae4-f1c1-4744-b944-d63421ba1eb3', 1), 
('fb089cb9-ffe3-4385-8af5-3861ceb9ade1', 86, 'A4', 46, 'c3a1dae4-f1c1-4744-b944-d63421ba1eb3', 2), 
('4d2f2df8-b322-475a-bcc2-67ba29763a5e', 49, 'A25', 42, '8b11ae62-2aa8-4b14-9e8a-92ce04d5aa54', 0), 
('4e52d271-02ae-4f02-b91a-843494ffe0d8', 18, 'A5', 41, '8b11ae62-2aa8-4b14-9e8a-92ce04d5aa54', 1), 
('f1486a32-40d4-4549-a1df-d398764b3242', 20, 'A13', 32, '8b11ae62-2aa8-4b14-9e8a-92ce04d5aa54', 2), 
('00f241a9-6740-470f-a3f9-80063eabd040', 8, 'A1', 37, '4411c12c-c44c-422a-90fd-7dcf90d8621a', 0), 
('a6bf6df0-e6a3-4a34-858d-cecb2aee586f', 39, 'A17', 36, '4411c12c-c44c-422a-90fd-7dcf90d8621a', 1), 
('29e87532-0b83-400e-bfb9-a021435160b8', 96, 'A13', 5, '4411c12c-c44c-422a-90fd-7dcf90d8621a', 2), 
('d5f3ddd0-31ee-44ec-9c29-0eaabaf99f98', 56, 'A27', 39, '2b7131a2-015b-4b69-8de8-3626e1f1a6b7', 0), 
('4f79403c-dbc7-4ae7-a6f2-9f0cf93c1b46', 27, 'A17', 7, '2b7131a2-015b-4b69-8de8-3626e1f1a6b7', 1), 
('0d606abf-490a-4eff-b8eb-897c36247b32', 76, 'A24', 32, '2b7131a2-015b-4b69-8de8-3626e1f1a6b7', 2), 
('b33fbd86-84c6-449b-bee5-5263047b1110', 62, 'A17', 18, 'e867612f-267a-4c82-bff9-d41f0cd2217c', 0), 
('bc1ec6c6-f655-4632-97c0-3b7af7e72310', 50, 'A10', 22, 'e867612f-267a-4c82-bff9-d41f0cd2217c', 1), 
('289e4347-4bb5-4266-a1df-36dde3dd19e0', 42, 'A7', 16, 'e867612f-267a-4c82-bff9-d41f0cd2217c', 2), 
('30062084-700f-4bab-a07b-5b9685362a97', 94, 'A13', 5, '1f1852e8-a815-483d-9fbc-f6f402884e79', 0), 
('342eab31-8758-43e3-afbf-13507783dc8e', 80, 'A27', 34, '1f1852e8-a815-483d-9fbc-f6f402884e79', 1), 
('f4657723-3778-41c4-89e5-bc41198a1119', 88, 'A28', 14, '1f1852e8-a815-483d-9fbc-f6f402884e79', 2), 
('f0763ae0-b865-461f-a98d-c3035f98db41', 57, 'A17', 13, 'f14db885-ab09-4019-a670-b7a02900bd45', 0), 
('ad570f93-3289-4d94-b60d-f738c99678b2', 15, 'A15', 20, 'f14db885-ab09-4019-a670-b7a02900bd45', 1), 
('428a6e65-3887-495a-bedd-13cccfb22610', 62, 'A1', 38, 'f14db885-ab09-4019-a670-b7a02900bd45', 2), 
('6f120236-f59c-496d-8906-a31746722640', 73, 'A11', 31, '0586b0bc-a140-4ec7-954d-b48ff2d1f514', 0), 
('4182fd86-8f42-413e-bcdf-df1edf36398e', 50, 'A24', 34, '0586b0bc-a140-4ec7-954d-b48ff2d1f514', 1), 
('595eddef-000e-4e9f-82a1-57f17f356851', 13, 'A15', 45, '0586b0bc-a140-4ec7-954d-b48ff2d1f514', 2), 
('aa2c5955-a7f3-4d35-9e55-17c80931a7c6', 19, 'A6', 40, 'a69f2516-e189-4a20-9f71-440f6e4b2508', 0), 
('4c2e7f30-c282-4777-a19f-f86d111f85a8', 54, 'A12', 21, 'a69f2516-e189-4a20-9f71-440f6e4b2508', 1), 
('bbce7046-35ca-4057-bc85-28511d7eacea', 6, 'A25', 8, 'a69f2516-e189-4a20-9f71-440f6e4b2508', 2), 
('172a1a31-68f7-4945-84d4-aba8c4bdfc83', 10, 'A1', 24, '7c15c75e-929d-45e7-a6bf-6e4b883887d2', 0), 
('49df8c91-9d19-4919-923b-2f1e9559dda0', 38, 'A17', 33, '7c15c75e-929d-45e7-a6bf-6e4b883887d2', 1), 
('7c660a8a-8f25-47b5-954c-794bc4805c6c', 14, 'A15', 32, '7c15c75e-929d-45e7-a6bf-6e4b883887d2', 2), 
('97deed71-693c-428a-8999-ea6196019a54', 44, 'A9', 17, 'd08c2b7c-9ff0-48ca-bf4c-3916e5d8765d', 0), 
('3e5eed46-68ff-477c-b09a-2164a394ec79', 12, 'A4', 8, 'd08c2b7c-9ff0-48ca-bf4c-3916e5d8765d', 1), 
('e751ef69-f628-4c25-a082-4e22ac163db6', 13, 'A4', 26, 'd08c2b7c-9ff0-48ca-bf4c-3916e5d8765d', 2), 
('08b2fc5f-edc5-4ca1-8de8-85509da106e1', 32, 'A13', 24, '3c6900f5-00e8-4b1c-a232-9372958aef0e', 0), 
('0512778c-7662-4cc0-9e77-b4355bde9514', 97, 'A12', 39, '3c6900f5-00e8-4b1c-a232-9372958aef0e', 1), 
('e5487ccc-50cd-4527-8e98-4f2f69e60710', 76, 'A20', 8, '3c6900f5-00e8-4b1c-a232-9372958aef0e', 2), 
('4993df5e-5b53-4083-9011-bbe652cfc1a6', 65, 'A28', 37, '6c387275-3928-4bac-806f-d4b4372507fc', 0), 
('5d8438d9-a1cf-4cf7-8264-aad0a6185229', 65, 'A26', 9, '6c387275-3928-4bac-806f-d4b4372507fc', 1), 
('6ce1f558-97de-4798-8c1c-a378f7e1e28d', 40, 'A21', 8, '6c387275-3928-4bac-806f-d4b4372507fc', 2), 
('2a27fcf5-25d6-4f23-a431-64d23a1a1902', 92, 'A17', 26, '18514394-de1f-49df-bf5f-a9fc6f68f7a6', 0), 
('fad224c4-53d7-4801-8e3e-eb35d1fdbaa0', 85, 'A14', 25, '18514394-de1f-49df-bf5f-a9fc6f68f7a6', 1), 
('daaa7785-3d1d-41fa-85aa-ae0fa42be580', 28, 'A5', 25, '18514394-de1f-49df-bf5f-a9fc6f68f7a6', 2), 
('c5f8c668-d1af-4232-a293-ae3535736451', 13, 'A16', 31, '25a36c10-76f8-444d-9ad3-f52a7e36aa03', 0), 
('504e04f9-fd78-4019-8223-8bfe87781671', 46, 'A15', 28, '25a36c10-76f8-444d-9ad3-f52a7e36aa03', 1), 
('22d89762-1435-412e-98f0-870e237e95f6', 43, 'A19', 39, '25a36c10-76f8-444d-9ad3-f52a7e36aa03', 2), 
('41683107-c324-4903-af42-845550b618df', 67, 'A26', 12, '7b3baacc-ab83-44de-8f76-c82959f91d08', 0), 
('b105f3e9-8583-4932-afad-c53bcfc41359', 41, 'A22', 41, '7b3baacc-ab83-44de-8f76-c82959f91d08', 1), 
('8a1e5df8-8e13-4e74-ab9c-e73d3a394ea9', 95, 'A5', 30, '7b3baacc-ab83-44de-8f76-c82959f91d08', 2), 
('1c1712db-045c-4a75-953c-f4f88afe51cc', 47, 'A29', 46, '183d8532-47a7-4092-a47a-7634a91def4e', 0), 
('015bf3d8-08e3-4661-9cfd-882992f3e4df', 58, 'A10', 33, '183d8532-47a7-4092-a47a-7634a91def4e', 1), 
('4beafb70-9151-456d-95e5-3618a7e50d5e', 34, 'A8', 38, '183d8532-47a7-4092-a47a-7634a91def4e', 2), 
('248865f6-f190-46bd-86bf-2998e96bebb2', 11, 'A10', 40, 'c38f1933-aeb7-4257-b33e-9a6009d254a4', 0), 
('f649ea4d-68e1-4c2c-9a8e-d202574cde4e', 68, 'A16', 18, 'c38f1933-aeb7-4257-b33e-9a6009d254a4', 1), 
('e6461915-ecf0-4f8c-8791-2ba674286b6b', 14, 'A13', 35, 'c38f1933-aeb7-4257-b33e-9a6009d254a4', 2), 
('37801d99-c49f-4621-88b9-5d4ea0564ff4', 77, 'A23', 8, '6c2a7de1-0754-444d-8580-63ba6dcfa55c', 0), 
('969947b0-a17d-44ab-8181-75251be09951', 82, 'A29', 25, '6c2a7de1-0754-444d-8580-63ba6dcfa55c', 1), 
('a1202d0b-7fc0-427f-8d44-d60b0b30eaa8', 61, 'A28', 8, '6c2a7de1-0754-444d-8580-63ba6dcfa55c', 2), 
('8667d9b6-2e03-4976-a1d3-d28996b3a5a8', 45, 'A29', 22, '4fb325e6-2a32-4c8c-90a8-fcc227b48d41', 0), 
('2cd153bb-e032-420a-917a-1c61433e2c69', 89, 'A28', 7, '4fb325e6-2a32-4c8c-90a8-fcc227b48d41', 1), 
('cd174bae-bfea-4f14-a1fc-6c136cc93022', 64, 'A25', 5, '4fb325e6-2a32-4c8c-90a8-fcc227b48d41', 2), 
('81c04b70-929c-49bf-a9e3-db3c16e43ef1', 52, 'A16', 30, 'b5834ada-8a92-4e79-9135-70c2691553be', 0), 
('29e2c86e-14dc-4512-8601-7527006320e2', 8, 'A4', 36, 'b5834ada-8a92-4e79-9135-70c2691553be', 1), 
('24614cff-d70d-4b24-bd1f-d16790c4e7ce', 33, 'A6', 18, 'b5834ada-8a92-4e79-9135-70c2691553be', 2), 
('c51da1fa-f826-43e2-bc11-cfd888890fb7', 79, 'A14', 41, '09b0b0ed-c7bb-43ac-98e2-98e0cfa5e314', 0), 
('01914604-b200-4167-890e-8ead54eb7c6d', 17, 'A16', 48, '09b0b0ed-c7bb-43ac-98e2-98e0cfa5e314', 1), 
('789463b7-0b62-4d39-a143-0e8de3b60afa', 38, 'A15', 5, '09b0b0ed-c7bb-43ac-98e2-98e0cfa5e314', 2), 
('f738fbf0-becd-41ed-81ad-b44070d53ab2', 63, 'A22', 27, '99297120-b2bc-4ad6-9399-1044c5b40a1c', 0), 
('d49b9f1a-426b-4bf6-a6e0-a5877bc75a25', 53, 'A27', 38, '99297120-b2bc-4ad6-9399-1044c5b40a1c', 1), 
('7d7d0ec1-a131-43b0-8d78-5e6d0b398815', 9, 'A21', 33, '99297120-b2bc-4ad6-9399-1044c5b40a1c', 2), 
('82b92a6e-e625-4e06-b984-04a10f761c6e', 96, 'A22', 33, 'c444d9da-6dec-43fa-b6ea-2137efe2e1f4', 0), 
('50844efc-1659-4c68-9b8b-3b065d6cc00f', 79, 'A6', 37, 'c444d9da-6dec-43fa-b6ea-2137efe2e1f4', 1), 
('0b83b06b-55db-4ff2-9c33-9ac3d9e41566', 68, 'A29', 22, 'c444d9da-6dec-43fa-b6ea-2137efe2e1f4', 2), 
('fb997e9f-c52a-4ff2-96fe-57141a8f4b0e', 7, 'A11', 26, '954e1e08-dc7f-4d1f-8053-ca3c919de6c0', 0), 
('204f2332-1852-446c-87b3-2ff69e6958d0', 52, 'A19', 40, '954e1e08-dc7f-4d1f-8053-ca3c919de6c0', 1), 
('95f17d10-8e50-47bf-91cd-6b498d5aeffe', 26, 'A23', 18, '954e1e08-dc7f-4d1f-8053-ca3c919de6c0', 2), 
('3ecd2bac-5222-4843-a0f1-1fe5e077f8ae', 55, 'A9', 21, '3ecdb674-5bf7-417e-9c9d-a78e254256d7', 0), 
('30450f55-9458-49f0-89a6-af5cb02457c6', 49, 'A4', 30, '3ecdb674-5bf7-417e-9c9d-a78e254256d7', 1), 
('af148cb3-5a5a-4c97-b1dd-e5a7548199a4', 20, 'A14', 21, '3ecdb674-5bf7-417e-9c9d-a78e254256d7', 2), 
('00870afc-ff2c-448f-862f-0bfaa6f2b329', 55, 'A2', 40, 'b687f4ee-dc99-4efc-a1b1-39520cae466c', 0), 
('56965013-574c-4c36-aff7-349500c171dd', 58, 'A27', 10, 'b687f4ee-dc99-4efc-a1b1-39520cae466c', 1), 
('f553f64b-02a9-47f2-b9d8-658eafce037d', 85, 'A25', 22, 'b687f4ee-dc99-4efc-a1b1-39520cae466c', 2), 
('a872bbf0-a877-4ddb-a7aa-28d5010e472d', 35, 'A11', 42, 'b931e56a-0870-4ed0-a779-d14bdb81ee59', 0), 
('c22743cc-5ea4-417a-8455-977009ad6719', 33, 'A9', 37, 'b931e56a-0870-4ed0-a779-d14bdb81ee59', 1), 
('62bcd0e0-43c0-42a3-8117-78db66715b5c', 78, 'A14', 5, 'b931e56a-0870-4ed0-a779-d14bdb81ee59', 2), 
('a5b76205-2aa9-4ec1-be7f-8e1c3655ce7f', 82, 'A26', 14, 'b734a7d8-4e35-4298-828e-30d9f2f4d86e', 0), 
('247fc198-ed58-4e3b-8bde-781b21773dcf', 65, 'A19', 27, 'b734a7d8-4e35-4298-828e-30d9f2f4d86e', 1), 
('68ff16ee-addb-4e58-9633-7297bbe36161', 62, 'A5', 30, 'b734a7d8-4e35-4298-828e-30d9f2f4d86e', 2), 
('315a022c-132d-4303-b427-05d4fbfec65d', 99, 'A21', 45, 'd5bab114-1d34-45fc-8227-e78f2f8042d1', 0), 
('b4034d2c-80ec-4786-bb17-41882b0e0933', 21, 'A20', 22, 'd5bab114-1d34-45fc-8227-e78f2f8042d1', 1), 
('359a22dc-6ad3-46e4-96c0-38d63db3f320', 73, 'A2', 26, 'd5bab114-1d34-45fc-8227-e78f2f8042d1', 2), 
('a00021f7-76d6-4abc-8525-7a5153b46b6a', 27, 'A7', 5, '2dcace40-c6be-43f5-8ea3-aacae9bec76e', 0), 
('3109129e-9ff2-4a1d-8803-37cd4b988ddd', 83, 'A5', 48, '2dcace40-c6be-43f5-8ea3-aacae9bec76e', 1), 
('38438c58-5b28-49f7-94eb-c9b9ac1ae6ac', 20, 'A10', 36, '2dcace40-c6be-43f5-8ea3-aacae9bec76e', 2), 
('0913a975-8f41-4b8a-ba76-e279967d6df5', 29, 'A24', 43, 'bd741d3a-46f4-4086-abff-45febf00bae4', 0), 
('5757dfb8-a423-4b7b-9374-e42611fa51aa', 73, 'A7', 36, 'bd741d3a-46f4-4086-abff-45febf00bae4', 1), 
('abb7d0a1-91ca-4d94-8406-9641bf10ad75', 72, 'A23', 19, 'bd741d3a-46f4-4086-abff-45febf00bae4', 2), 
('785feffd-c0cc-4310-afcf-f114715c637c', 48, 'A23', 24, '92da4e68-b101-4081-aa0d-277d5f670839', 0), 
('0aeb5edf-f912-4458-820a-cfd018d648e9', 75, 'A12', 18, '92da4e68-b101-4081-aa0d-277d5f670839', 1), 
('4939586f-e091-446c-bb84-4f8ebdfa3333', 60, 'A15', 33, '92da4e68-b101-4081-aa0d-277d5f670839', 2), 
('6d52aa70-7764-40bd-bcd9-813b379b6fe2', 50, 'A23', 29, 'f2be6ce8-e25a-47ff-939a-7299adc4905c', 0), 
('8ff2fb2a-2793-4278-9f2d-2559ab69e18e', 26, 'A22', 48, 'f2be6ce8-e25a-47ff-939a-7299adc4905c', 1), 
('c626669e-5f47-481b-aa77-f5edeb0ec30f', 9, 'A23', 8, 'f2be6ce8-e25a-47ff-939a-7299adc4905c', 2), 
('22f6bd4b-9241-4ce1-91f8-6ea9370500c8', 39, 'A16', 25, '8d9fd7a4-31ca-45c5-a1cb-078e2758ad81', 0), 
('74abe5ea-59ee-4748-b305-fa0d43160227', 30, 'A17', 17, '8d9fd7a4-31ca-45c5-a1cb-078e2758ad81', 1), 
('ea1663a7-ac8e-4ed9-92e3-5cf17a5d2e10', 90, 'A24', 5, '8d9fd7a4-31ca-45c5-a1cb-078e2758ad81', 2), 
('bdb04682-53d9-4252-b3b7-db29e50eaf33', 79, 'A23', 43, '41c73325-06db-4bbe-97a3-be9757f8fdcf', 0), 
('fe4ff9e4-dc77-4d5d-90ca-2775f84e3721', 20, 'A2', 24, '41c73325-06db-4bbe-97a3-be9757f8fdcf', 1), 
('6d6b0e2e-479c-4ebf-b582-816bee90b046', 40, 'A8', 27, '41c73325-06db-4bbe-97a3-be9757f8fdcf', 2), 
('addf92e3-1729-467b-90e7-a94a59100384', 14, 'A20', 16, '5e5de132-8fcc-47ed-a3ad-b33dbcfbba62', 0), 
('baed3428-0c60-44b6-8e20-557f221081db', 80, 'A22', 24, '5e5de132-8fcc-47ed-a3ad-b33dbcfbba62', 1), 
('a51cbdb9-f8cf-410e-8917-f016c80b4d17', 9, 'A3', 48, '5e5de132-8fcc-47ed-a3ad-b33dbcfbba62', 2), 
('9f99776b-2814-4016-86da-ce6040739547', 33, 'A23', 33, '670a7912-2dc5-4a25-b687-b65bdbd4e683', 0), 
('ea5a79d9-6abb-436d-8292-65054bd50846', 73, 'A1', 47, '670a7912-2dc5-4a25-b687-b65bdbd4e683', 1), 
('63ef4c85-4a37-4e83-a242-807b403e0e35', 99, 'A24', 36, '670a7912-2dc5-4a25-b687-b65bdbd4e683', 2), 
('c04608a5-fa5b-4c03-80c0-13df78a4278c', 91, 'A24', 40, '7c75218e-a7e5-4438-98cd-638d3dfd8d7d', 0), 
('fa802153-e8d1-4ef5-8b15-583196a8d310', 37, 'A27', 15, '7c75218e-a7e5-4438-98cd-638d3dfd8d7d', 1), 
('60bb63d7-c90f-4f20-8a7c-ea1adc696ada', 8, 'A5', 14, '7c75218e-a7e5-4438-98cd-638d3dfd8d7d', 2), 
('32414630-bdaa-48a4-8f4a-111a912d5271', 37, 'A29', 33, 'ac501f2c-67d3-4867-b8b7-7e2683e039d2', 0), 
('380f83ef-bfc5-4119-a710-e536c51ce8f3', 54, 'A14', 20, 'ac501f2c-67d3-4867-b8b7-7e2683e039d2', 1), 
('957874a8-0a07-4681-965b-0d16de738578', 99, 'A27', 17, 'ac501f2c-67d3-4867-b8b7-7e2683e039d2', 2), 
('5f379bb3-dc8f-4afb-8340-097c3ef1e50b', 12, 'A5', 46, '28c37823-fb98-44f6-9d30-54ce07276aa3', 0), 
('fcd02145-dae4-46d4-b8ab-a6e9d725c816', 8, 'A1', 48, '28c37823-fb98-44f6-9d30-54ce07276aa3', 1), 
('2ae873b3-0fbb-42b7-8d1d-29a6a9699899', 49, 'A22', 49, '28c37823-fb98-44f6-9d30-54ce07276aa3', 2), 
('d277f0ab-063e-417d-ac87-2d39704cddac', 7, 'A8', 24, '6a264bda-2606-4f14-83ba-729ab14c5be7', 0), 
('b64b126c-e340-4df6-9661-6a19580ad67e', 90, 'A10', 19, '6a264bda-2606-4f14-83ba-729ab14c5be7', 1), 
('7b6900ce-1b0d-4319-aab9-f20863a297ee', 57, 'A10', 41, '6a264bda-2606-4f14-83ba-729ab14c5be7', 2), 
('ebe4dd91-69db-4520-aedf-ca3eade0474b', 25, 'A9', 20, '899ba088-7618-4f6b-b945-69cfa30df2da', 0), 
('319b448c-24a4-40aa-b49d-e32c96d425a5', 28, 'A10', 20, '899ba088-7618-4f6b-b945-69cfa30df2da', 1), 
('c5f76ead-39cb-41b4-b4c3-60278b5d46ca', 33, 'A5', 5, '899ba088-7618-4f6b-b945-69cfa30df2da', 2), 
('585d471a-69d2-45d7-89a2-f9b0717753b2', 47, 'A8', 14, '96de6ab4-2c65-4978-b822-b7c9d78cf2f9', 0), 
('587e2e67-dbd9-4ad1-a051-e8c4f563ad7f', 98, 'A1', 25, '96de6ab4-2c65-4978-b822-b7c9d78cf2f9', 1), 
('b4a54fac-bd0d-40c3-9f90-6e7d7667bef2', 56, 'A27', 23, '96de6ab4-2c65-4978-b822-b7c9d78cf2f9', 2), 
('981bfa39-509a-4a54-b203-169062b1babd', 37, 'A26', 19, '42f548e0-a36a-4f58-8c5a-3f86693d26f5', 0), 
('16ed96c6-85c1-4c44-a8c6-49de03682636', 48, 'A15', 7, '42f548e0-a36a-4f58-8c5a-3f86693d26f5', 1), 
('e3c26546-257a-4877-98f3-99daa8fdebf9', 40, 'A10', 17, '42f548e0-a36a-4f58-8c5a-3f86693d26f5', 2), 
('2a212b0e-75b9-4f2d-9cee-db816303c14d', 66, 'A7', 49, 'b4b42d2e-1691-4a32-b3f8-515624d12baf', 0), 
('069e70d7-7b3a-4780-bb47-7b360bcda6f3', 65, 'A12', 44, 'b4b42d2e-1691-4a32-b3f8-515624d12baf', 1), 
('6a567664-0dda-4ccf-bdd4-3c4db8334118', 27, 'A20', 38, 'b4b42d2e-1691-4a32-b3f8-515624d12baf', 2), 
('3255f787-b6ed-41c2-8eb1-13d4b831114d', 18, 'A10', 27, '150bd13b-c4cd-4375-8502-c84e57fdbe17', 0), 
('8dba8eb3-3c9e-47a2-afbf-af743426274f', 35, 'A8', 25, '150bd13b-c4cd-4375-8502-c84e57fdbe17', 1), 
('2b876101-2466-4e72-99a3-bff2333c4bdf', 40, 'A29', 45, '150bd13b-c4cd-4375-8502-c84e57fdbe17', 2), 
('5e40820c-f798-4735-8f2f-74a430a45f9e', 68, 'A22', 23, '9094534b-3d0a-4216-b087-74d2a135351d', 0), 
('8fc461fe-f1c6-478f-8696-2f9739b52222', 66, 'A25', 36, '9094534b-3d0a-4216-b087-74d2a135351d', 1), 
('7402e69a-596a-40a4-adbe-e329799a30b7', 26, 'A14', 8, '9094534b-3d0a-4216-b087-74d2a135351d', 2), 
('6c63132e-bdb7-49ad-9c94-bae110bf2827', 19, 'A25', 46, '42b3b659-0b8e-4567-879b-96c3d935ae5d', 0), 
('e41fe9bf-3f93-4a64-82d2-09969cd03eb6', 95, 'A5', 10, '42b3b659-0b8e-4567-879b-96c3d935ae5d', 1), 
('583681b5-31db-48e0-8253-717fd14aa58b', 59, 'A20', 7, '42b3b659-0b8e-4567-879b-96c3d935ae5d', 2), 
('6f3059b1-46fb-442a-95b8-69bbd383a4f7', 94, 'A12', 25, '92c7b9fc-c47a-410f-9c2b-2f5c5588300a', 0), 
('ed6f94c9-468d-4b9e-8041-32ace2e5013f', 25, 'A19', 20, '92c7b9fc-c47a-410f-9c2b-2f5c5588300a', 1), 
('ec0f084c-8fcd-45ac-a36c-879cfbbb3b0f', 86, 'A11', 28, '92c7b9fc-c47a-410f-9c2b-2f5c5588300a', 2), 
('d6c4758f-88b9-45f2-980c-b4e581bb69b3', 40, 'A5', 26, '7493d295-dd9a-47b5-8ad9-4a6728855784', 0), 
('fed8043c-9cc0-4707-a7c5-70b9573adc3a', 90, 'A27', 5, '7493d295-dd9a-47b5-8ad9-4a6728855784', 1), 
('11df00d2-0496-4811-91b1-5847e89750e1', 78, 'A9', 6, '7493d295-dd9a-47b5-8ad9-4a6728855784', 2), 
('19b80583-55d7-4bd3-873a-9f9c17951237', 10, 'A2', 14, 'ef293a9f-93bd-4efb-88da-893b3bf1d3ba', 0), 
('e9ad86e2-e37e-4bf5-bd3e-97a53bd99825', 49, 'A9', 46, 'ef293a9f-93bd-4efb-88da-893b3bf1d3ba', 1), 
('5c6d4972-197b-4ab1-9452-961b53f0bb6f', 30, 'A25', 12, 'ef293a9f-93bd-4efb-88da-893b3bf1d3ba', 2), 
('e74637f6-0822-407f-837b-8ecb1a8ac6c5', 69, 'A25', 21, 'eb806e6d-5240-4452-9fc9-42a914b8b154', 0), 
('cf95a586-6bde-49ca-86a7-9aa4e1acbbaa', 92, 'A28', 27, 'eb806e6d-5240-4452-9fc9-42a914b8b154', 1), 
('26647b29-c69d-40fd-90fa-0c4506372f62', 5, 'A26', 47, 'eb806e6d-5240-4452-9fc9-42a914b8b154', 2), 
('d546935a-0e13-4a15-826a-d69c21b202c0', 86, 'A7', 27, '0dc9c818-8bd0-4edd-98ac-4620dda0dc22', 0), 
('ea5c73b1-88e1-4dfa-8fc4-bf3632f1c181', 83, 'A27', 22, '0dc9c818-8bd0-4edd-98ac-4620dda0dc22', 1), 
('b5575139-b28a-4015-a327-a7bd2ba2482b', 7, 'A15', 34, '0dc9c818-8bd0-4edd-98ac-4620dda0dc22', 2), 
('dce367e4-70f3-497e-846d-45cde2403efe', 98, 'A3', 38, '8530b5c1-342d-4f72-bb18-c1cbc930c1a3', 0), 
('05f24ae8-c0d5-441c-bc69-588a56b1d442', 61, 'A19', 10, '8530b5c1-342d-4f72-bb18-c1cbc930c1a3', 1), 
('d4708782-b9b3-4256-b539-8b711d673e27', 48, 'A2', 24, '8530b5c1-342d-4f72-bb18-c1cbc930c1a3', 2), 
('9e08d25a-3844-4f21-a3c8-6098e1d000a0', 43, 'A23', 24, '0407136e-3cb1-4c4c-b6f2-77bc973d5783', 0), 
('ac4c8cbb-701f-48ce-af46-43d49ad17a05', 27, 'A20', 48, '0407136e-3cb1-4c4c-b6f2-77bc973d5783', 1), 
('2768e9b3-139f-4574-9433-f38a45ced832', 58, 'A15', 24, '0407136e-3cb1-4c4c-b6f2-77bc973d5783', 2), 
('46d209a9-50e0-498f-a79c-3b0cafe0626f', 31, 'A15', 20, '67d2175a-1f45-44e7-9fd1-60ec611daaa4', 0), 
('ff7a4424-d70b-4a11-b8d6-ffa0a0106616', 34, 'A24', 17, '67d2175a-1f45-44e7-9fd1-60ec611daaa4', 1), 
('f7e3bcb6-094c-4fa7-978b-61eaddef07cc', 19, 'A9', 37, '67d2175a-1f45-44e7-9fd1-60ec611daaa4', 2), 
('e704453f-c845-4a8e-ae8f-268eaf3b5811', 40, 'A6', 9, '27c0e973-9328-45df-bf25-d26451a5ffc0', 0), 
('209967e8-a2e7-4d40-83b9-89233c42ab58', 5, 'A13', 34, '27c0e973-9328-45df-bf25-d26451a5ffc0', 1), 
('8de0e7c5-3004-41ac-a2a0-b1956ab30479', 13, 'A3', 10, '27c0e973-9328-45df-bf25-d26451a5ffc0', 2), 
('31a44318-c606-426b-ac9a-9127aaa4e444', 7, 'A17', 32, '65781566-0538-4f48-a016-d3973d366b97', 0), 
('062369d1-c51c-4d7b-92a7-3dd52c5d0a1c', 63, 'A18', 38, '65781566-0538-4f48-a016-d3973d366b97', 1), 
('8a277e83-ecb3-45b3-ab06-67ce18c64c6b', 68, 'A1', 8, '65781566-0538-4f48-a016-d3973d366b97', 2), 
('945b4c50-f26c-4203-b713-96acffb09f00', 84, 'A9', 17, '1251ee48-cf98-4253-9faf-dab129fca827', 0), 
('625cab0d-acb1-4a6b-9b42-6eeb70b4f926', 30, 'A28', 8, '1251ee48-cf98-4253-9faf-dab129fca827', 1), 
('a9d17907-ce1e-4ed7-9ff0-fc4b6c14c9ff', 36, 'A11', 47, '1251ee48-cf98-4253-9faf-dab129fca827', 2), 
('e8381708-dbfb-43c6-8ad3-a1716206b04a', 91, 'A25', 43, '02a0b0ff-172d-46c9-a9d0-f13e4130c1c7', 0), 
('307602d8-d7ad-49dd-a8c2-add920ffcd59', 74, 'A14', 23, '02a0b0ff-172d-46c9-a9d0-f13e4130c1c7', 1), 
('fde10e8a-c1b4-4b73-bcd5-e44db047c8c4', 13, 'A2', 43, '02a0b0ff-172d-46c9-a9d0-f13e4130c1c7', 2), 
('074cf19d-2016-4c97-858d-228836388f15', 83, 'A1', 18, '356fc5ae-2b39-4b3f-b848-05b3ab3b41c7', 0), 
('784069c7-8ccf-49bb-83e6-9287032b24d6', 92, 'A21', 14, '356fc5ae-2b39-4b3f-b848-05b3ab3b41c7', 1), 
('6bbee67c-30dd-42df-8dc6-896861b202e0', 14, 'A12', 25, '356fc5ae-2b39-4b3f-b848-05b3ab3b41c7', 2), 
('cf18909a-a271-4790-9291-601c6664ac21', 66, 'A17', 28, 'cf35383e-a22b-47a6-a4fe-61c04b093edd', 0), 
('3e6f07fa-1a6a-4b6b-b995-0529b551a7b1', 36, 'A21', 32, 'cf35383e-a22b-47a6-a4fe-61c04b093edd', 1), 
('77c9aa00-fa6b-45a6-869c-0900960c42aa', 18, 'A20', 46, 'cf35383e-a22b-47a6-a4fe-61c04b093edd', 2), 
('28cd7337-fb88-4350-a155-ccca460cfcc0', 28, 'A3', 45, '2e2e5c82-c2ee-47ef-b7f0-1df02e178975', 0), 
('a6aa0ed9-8b99-46ca-9164-7ccf8d8e2272', 22, 'A27', 32, '2e2e5c82-c2ee-47ef-b7f0-1df02e178975', 1), 
('136663f1-36a9-4913-a7c9-f72f9a5db3a2', 67, 'A15', 23, '2e2e5c82-c2ee-47ef-b7f0-1df02e178975', 2), 
('2069793d-930f-48c0-956a-68097a37e0a3', 48, 'A10', 12, '0b013b50-ffd8-42ae-be88-4c10697c730b', 0), 
('e1223065-404b-4233-90ee-f0f36c16fcdd', 89, 'A28', 35, '0b013b50-ffd8-42ae-be88-4c10697c730b', 1), 
('04270e05-c815-455c-bb10-ccb5c5e8425f', 52, 'A14', 15, '0b013b50-ffd8-42ae-be88-4c10697c730b', 2), 
('7c473d1f-2ca2-470f-9e40-8b132ddbdf80', 34, 'A26', 26, 'a0eb9087-ff81-4d6d-8b6b-94f8ac5fde78', 0), 
('d6549e5b-16f2-467b-ae98-21cf149fa927', 14, 'A9', 21, 'a0eb9087-ff81-4d6d-8b6b-94f8ac5fde78', 1), 
('013cf01f-d600-444b-aba3-71cc5c0578de', 63, 'A19', 32, 'a0eb9087-ff81-4d6d-8b6b-94f8ac5fde78', 2), 
('615efd6d-09e2-40dd-b294-b0050c08f393', 20, 'A23', 37, '0ccf3cdd-50db-48d8-bf54-e74171a8588e', 0), 
('8cda7ef9-bc3c-40be-8006-26ea03524e76', 18, 'A18', 13, '0ccf3cdd-50db-48d8-bf54-e74171a8588e', 1), 
('6c0541cf-18bc-4c69-8810-3c2549301eac', 48, 'A13', 17, '0ccf3cdd-50db-48d8-bf54-e74171a8588e', 2);