insert into employee (employeeid, firstname, lastname, username, lastviewed) values
('b3044bcb-10ac-4420-a626-071d8247f81e', 'Dario', 'Birbamer', 'dbi6423', '2000-01-01'),
('22d0368b-89e4-49a8-88c8-5d933f704010', 'Dominik', 'Kühne', 'dku7033', '2000-01-01'),
('e586526c-c0f8-4b77-9bac-c6fc1d96a2c3', 'Johannes', 'Moosbrugger', 'jmo8620', '2000-01-01'),
('501827a6-0e88-4d85-a4ac-cb4d58ba79c5', 'Lukas', 'Kaufmann', 'lka2222', '2000-01-01'),
('b711d27d-3b7b-4e0d-bf51-c56c260aa565', 'Michael', 'Spiegel', 'msp3991', '2000-01-01'),
('81d052be-f3ee-4a6b-bd36-9ca8ad2e0224', 'Stefan', 'Mayer', 'sma7959', '2000-01-01'),
('81f3f082-772c-44c3-8ca6-a64d1bfc8976', 'Thomas', 'Feilhauer', 'tf-test', '2000-01-01'),
('81f3f082-772c-44c3-8ca6-a64d1bfc8977', 'Basic', 'Employee', 'employee', '2000-01-01'),
('81f3f082-772c-44c3-8ca6-a64d1bfc8978', 'Basic', 'Operator', 'operator', '2000-01-01');

insert into employee_subscribedtopics (employee_employeeid, subscribedtopics) values
('b3044bcb-10ac-4420-a626-071d8247f81e', 'Pop'),
('b3044bcb-10ac-4420-a626-071d8247f81e', 'Metal'),
('b3044bcb-10ac-4420-a626-071d8247f81e', 'Rock'),
('22d0368b-89e4-49a8-88c8-5d933f704010', 'Pop'),
('22d0368b-89e4-49a8-88c8-5d933f704010', 'Electronic'),
('22d0368b-89e4-49a8-88c8-5d933f704010', 'Grunge'),
('e586526c-c0f8-4b77-9bac-c6fc1d96a2c3', 'Electronic'),
('e586526c-c0f8-4b77-9bac-c6fc1d96a2c3', 'Hip-Hop'),
('e586526c-c0f8-4b77-9bac-c6fc1d96a2c3', 'Hard Rock'),
('501827a6-0e88-4d85-a4ac-cb4d58ba79c5', 'Hip-Hop'),
('501827a6-0e88-4d85-a4ac-cb4d58ba79c5', 'Pop'),
('501827a6-0e88-4d85-a4ac-cb4d58ba79c5', 'Metal'),
('b711d27d-3b7b-4e0d-bf51-c56c260aa565', 'Metal'),
('b711d27d-3b7b-4e0d-bf51-c56c260aa565', 'Hard Rock'),
('b711d27d-3b7b-4e0d-bf51-c56c260aa565', 'Grunge'),
('81d052be-f3ee-4a6b-bd36-9ca8ad2e0224', 'Electronic'),
('81d052be-f3ee-4a6b-bd36-9ca8ad2e0224', 'Metal'),
('81d052be-f3ee-4a6b-bd36-9ca8ad2e0224', 'Pop'),
('81f3f082-772c-44c3-8ca6-a64d1bfc8976', 'Hard Rock'),
('81f3f082-772c-44c3-8ca6-a64d1bfc8976', 'Hip-Hop'),
('81f3f082-772c-44c3-8ca6-a64d1bfc8976', 'Grunge'),
('81f3f082-772c-44c3-8ca6-a64d1bfc8977', 'Pop'),
('81f3f082-772c-44c3-8ca6-a64d1bfc8977', 'Metal'),
('81f3f082-772c-44c3-8ca6-a64d1bfc8977', 'Rock'),
('81f3f082-772c-44c3-8ca6-a64d1bfc8978', 'Hard Rock'),
('81f3f082-772c-44c3-8ca6-a64d1bfc8978', 'Hip-Hop'),
('81f3f082-772c-44c3-8ca6-a64d1bfc8978', 'Grunge');

insert into employee_roles (employee_employeeid, roles) values
('81f3f082-772c-44c3-8ca6-a64d1bfc8978', 'EMPLOYEE'),
('81f3f082-772c-44c3-8ca6-a64d1bfc8978', 'OPERATOR'),
('81f3f082-772c-44c3-8ca6-a64d1bfc8977', 'EMPLOYEE'),
('b3044bcb-10ac-4420-a626-071d8247f81e', 'ADMIN'),
('b3044bcb-10ac-4420-a626-071d8247f81e', 'OPERATOR'),
('b3044bcb-10ac-4420-a626-071d8247f81e', 'EMPLOYEE'),
('22d0368b-89e4-49a8-88c8-5d933f704010', 'ADMIN'),
('22d0368b-89e4-49a8-88c8-5d933f704010', 'OPERATOR'),
('22d0368b-89e4-49a8-88c8-5d933f704010', 'EMPLOYEE'),
('e586526c-c0f8-4b77-9bac-c6fc1d96a2c3', 'ADMIN'),
('e586526c-c0f8-4b77-9bac-c6fc1d96a2c3', 'OPERATOR'),
('e586526c-c0f8-4b77-9bac-c6fc1d96a2c3', 'EMPLOYEE'),
('501827a6-0e88-4d85-a4ac-cb4d58ba79c5', 'ADMIN'),
('501827a6-0e88-4d85-a4ac-cb4d58ba79c5', 'OPERATOR'),
('501827a6-0e88-4d85-a4ac-cb4d58ba79c5', 'EMPLOYEE'),
('b711d27d-3b7b-4e0d-bf51-c56c260aa565', 'ADMIN'),
('b711d27d-3b7b-4e0d-bf51-c56c260aa565', 'OPERATOR'),
('b711d27d-3b7b-4e0d-bf51-c56c260aa565', 'EMPLOYEE'),
('81d052be-f3ee-4a6b-bd36-9ca8ad2e0224', 'ADMIN'),
('81d052be-f3ee-4a6b-bd36-9ca8ad2e0224', 'OPERATOR'),
('81d052be-f3ee-4a6b-bd36-9ca8ad2e0224', 'EMPLOYEE'),
('81f3f082-772c-44c3-8ca6-a64d1bfc8976', 'ADMIN'),
('81f3f082-772c-44c3-8ca6-a64d1bfc8976', 'OPERATOR'),
('81f3f082-772c-44c3-8ca6-a64d1bfc8976', 'EMPLOYEE');

insert into product (productid, duration, label, name, releaseyear) values
('7ea75acf-1a9f-4a26-be34-b707ee7b1829', '29:31', 'Svek', 'Stockholm', '1999'),
('0a45ce1e-6d11-45f9-9972-b688b93b8d2e', '18:37', 'Svek', 'Knockin Boots (Vol 2 Of 2)', '1998'),
('6a0b0952-59de-49e8-bef8-b02a99cc1092', '67:33', 'Ruffhouse Records', 'Profound Sounds Vol. 1', '1999'),
('f8519fdf-d419-4e9a-a9e8-fbfa918b4e0c', '73:41', 'F-111 Records', 'Moving Cities', '1999'),
('bb955c17-dc57-417c-9068-a31495a6b863', '64:39', 'Rather Interesting', 'Flowerhead', '1995'),
('f7f4a445-52e8-48ee-8a33-46aca2ee7123', '15:34', 'Svek', 'Knockin Boots (Vol 1 Of 2)', '1998'),
('3a8297bf-208d-4a81-be7a-13d7d624dc36', '18:31', 'Deep4Life', 'Moonchildren EP', '2000'),
('e514001b-d08a-4ddc-b132-fd90213e8f98', '21:08', 'Deep4Life', 'Spreading Outward EP', '2000'),
('d692c33a-b393-428c-afae-e4cf2ed67fcc', '25:07', 'Naked Music Recordings', 'Pure', '2000'),
('3d4aeafb-fe5f-44e6-b22a-5eb8204a6153', '31:07', 'Naked Music Recordings', 'You Are Love', '1999'),
('bea12c2a-abc6-4988-a736-5a481e2ff45d', '31:02', 'Naked Music Recordings', 'Music And Wine', '1999'),
('75acc550-f134-48df-8f65-da1ebd2a2951', '26:37', 'Naked Music Recordings', 'Everything Is Changing', '1999'),
('4a41df20-17cc-490f-ab2c-30770e0b4b18', '10:00', 'Deep4Life', 'Beyond Love', '2000'),
('0cd52f85-aa97-4dd7-bf56-15c16db85f29', '22:46', 'Earthtones Recordings', 'Sincere, The Sky Be', '1999'),
('dc9aeca7-886b-4e55-8d12-4e7692bd358e', '10:00', 'Seasons Recordings', 'Leaving The City EP', '2000'),
('bbc657da-41e9-4c1c-ad50-0cb974786dd6', '10:00', 'Intrinsic Design', 'The Sideshow Bob EP', '2000'),
('243de61e-d8da-4be2-b142-d6fdb2f86eb4', '10:00', 'Intrinsic Design', 'Uncut', '1999'),
('66bc00d9-5670-4ecb-ad0e-64dbf1c86eae', '10:00', 'Intrinsic Design', 'Galactic Schematix EP', '2000'),
('d998c38e-8056-4000-9730-c076e8df2ac2', '07:30', 'Leaf Recordings', 'True Science', '2000'),
('925956f4-0218-4170-be7f-32825627f677', '10:00', 'Immigrant', 'Switchstance EP', '2000'),
('9ffc8571-8f8a-4a09-a320-4e032cbbdee7', '10:00', 'Soma Quality Recordings', 'Neural Response EP', '2000'),
('dc766c6b-7f26-4776-a996-c1c97ce64edb', '19:39', 'Deep4Life', 'Sweetness You Bring', '2000'),
('a1e234bc-134a-42a7-b6b8-b8a43028c993', '10:42', 'Deep4Life', 'Blessings', '2000'),
('540114d3-2191-4493-9a09-2b90a7d3e1be', '10:00', 'Large Records', 'Digitalsoul (Session One)', '1999'),
('5cdc3808-5b2d-483b-b0d3-16bb632a55d9', '36:02', 'Large Records', 'Digitalsoul (Session Two)', '2000'),
('5c874b6d-aa05-463d-9acf-8c4172c3484a', '12:30', 'Large Records', 'Soul Searching Vol. 1', '1998'),
('a80277ac-8e74-49d2-8c37-8648a51d1171', '10:00', 'Large Records', 'Soul Searching Vol. 2', '1998'),
('df812040-2310-4982-bf5c-84bbd72ce591', '07:30', 'Recline', 'Outward Bound EP', '2000'),
('bec44178-c3bd-43f0-b8f9-03fc85adcaef', '15:00', 'Palette Recordings', '6 Hits Of Sunshine', '2000'),
('6aaba3cd-e2b1-436d-9d25-419a77f4a974', '20:02', 'Mosaic', 'Song Forms & Freedom EP', '2000'),
('9aa41e5c-4888-402b-8fb6-4482c1439270', '15:00', 'Large Records', 'Soul Searching Vol. 4', '1999'),
('0fee0a8a-4ec7-4ac3-b25a-f9268cfbc312', '07:30', 'Worship Recordings', 'Night Life', '1999'),
('27d8e5a6-70bd-4f5a-948b-d889464a51ee', '27:30', 'Moonshine Music', 'Trilogy, Part One: Empire', '2000'),
('1b5abf73-886e-4e9c-ae13-23cf66df9845', '70:45', 'Statra Recordings', 'Club "H"', '1999'),
('3f58819b-a20a-4b97-8569-16db6b1212b0', '07:30', 'Ovum Recordings', 'Late Night Up North', '1999'),
('3caf0687-3a50-4f7c-833c-8e0078f0d8d2', '10:00', 'End Recordings', 'Subterrain 100% Unreleased (Disc 1)', '2000'),
('caae7ebf-ad2a-4070-a408-46eaf69a077a', '10:00', 'Zebra Recordings', 'The Fog City EP', '1999'),
('b106bb48-38d4-4aec-80d5-d926a89fd580', '10:00', 'i! Records', 'Loungin', '1999'),
('3ad6d1e1-c1e8-464f-be0e-fc9b560ea239', '10:00', 'i! Records', 'Retrospect', '2000'),
('2d4c2e41-f588-4838-9804-ec383056f558', '05:00', 'Metro Trax Records', 'Philly Groove EP', '2000'),
('a63f6a0c-7321-4cb3-8af1-39504bb7b669', '18:29', 'Svek', 'Pattern 1 - 4', '1998'),
('3e13e48c-5b9d-4a6a-8412-53b3b8692cbf', '10:00', 'Loaded Records', 'Push Along EP', '2000'),
('a0ab376c-3b50-485a-bb15-6c6f2090fbe4', '10:00', 'Loaded Records', 'New Standards', '1999'),
('eb902f79-9ddd-4ffd-971a-5f54bf51f7ec', '07:30', 'Loaded Records', 'Limited Edition Remixes By Tom Middleton & Automator', '1999'),
('02ad40d6-b08d-41f6-af38-ed00699ea2fd', '68:25', 'Fathom', 'Stalker', '1995'),
('6f3aba42-a5a4-4259-9d1a-0ac5a4269f64', '35:00', 'DMC', 'A Jedis Night Out', '1999'),
('9b1d8b29-ff5c-4c5b-aef3-ca4058da97d6', '10:00', 'Naked Music Recordings', 'Take Me To Paradise', '2000'),
('10ae7a11-e64e-4b6e-8989-bfcf0a74ee01', '07:30', 'Loaded Records', 'Walk Away (2020 Vision Remixes)', '2000'),
('fec59b53-f66d-42b6-89dd-f1fdd9686515', '15:00', 'Large Records', 'Frontiers EP', '1999'),
('c5cefff3-4eaf-4162-8f8b-95ea38cd5258', '17:30', 'Deep Vision Records', 'Going Back To Blackwiz', '2000'),
('f155e5da-8314-473d-9c3f-1dd690345136', '50:00', 'IntelliNET', 'Building Blocks (Volume 1)', '1995'),
('b27c4371-6978-4473-8e60-cd6af549b49b', '73:03', 'Groovin Records', 'House De Luxe (Volume 2)', '2000'),
('7d556dbc-95a6-4889-958a-7a8029bfdb7b', '15:00', 'Immigrant', 'Tales From Abroad', '2000'),
('73c6de20-c46b-4b1f-8abd-fa05cb2c72cc', '35:48', 'Track Mode', 'Missing You (The Remixes)', '2000'),
('34360d04-5276-4fa4-ba51-5512d85720bb', '62:39', 'Fax +49-69/450464', 'Solitaire', '1995'),
('d5fa5d83-c621-4ddd-ac1d-f20c6d5ff160', '63:28', 'Instinct Ambient', 'World Receiver', '1996'),
('f41de723-5c51-4569-bfeb-ca6dad67e5b9', '72:27', 'Fax +49-69/450464', 'Ambiant Otaku', '1994'),
('fb5b498e-c149-406a-93a7-0dd7c7247713', '05:00', 'Electrik Soul', 'Right There', '2000'),
('89b19153-5ef3-422b-88e6-d87d98c93aeb', '22:48', 'Siesta Music', 'Mango Drum', '2000'),
('4629ca82-6f31-4518-9549-3d3aae472375', '10:00', 'Viva!', 'Dont Cry', '2000'),
('c807084e-e43d-4b50-a965-8da20b93394b', '55:41', 'Tresor', 'Highrise', '1999'),
('7201a047-ac92-4b3b-9f6b-24465240bbac', '66:27', 'A13', 'Little Green Lights And Four Inch Faders', '1998'),
('c0015380-9169-4b6c-a5a5-f332dec634ad', '23:12', 'Distance', 'If She Only Knew', '1999'),
('a0ab3b69-6a75-4a08-8aca-51c77ef14a2d', '12:30', 'Rising High Records', 'Sunset Boulevard EP', '1994'),
('0db7c6da-3a85-482c-8400-84b938c00123', '12:30', 'Earthtones Recordings', 'All Terrain EP', '2000'),
('6c028a45-fe67-44cd-bbc9-ca364e66ca09', '15:00', 'Transport Recordings', 'The Roundtrip EP', '1999'),
('3b98c354-8225-4428-b971-0a1197ce293b', '37:30', 'Soma Quality Recordings', 'Twisted Funk', '1999'),
('048c93a0-e0ed-4fbb-a52d-015b4ced2b57', '10:00', 'i! Records', 'The Solid Vibes EP', '2000'),
('78e91879-0301-4a04-a900-234b17b9df1f', '10:00', '20:20 Vision', 'Universal Mind', '2000'),
('f436bf78-6695-4760-928a-a3a92b2883b4', '47:52', 'Cross Section Records', 'Lonely Disco Dancer (Re-mixes)', '2000'),
('3b72c80c-c9aa-43b0-b3c9-c4c7b78036a5', '10:00', 'Drop Music', 'Spilt Over', '2000'),
('336212a1-3a2b-4ab8-8681-de989402f331', '10:00', 'Camouflage Recordings', 'Stateside E.P.', '1999'),
('9f0577b1-5b4a-4749-a585-2fe8af2d2a89', '10:00', 'Viva!', 'Controlled Emotions', '1999'),
('71acd9f0-6c92-4091-9334-621a6eee8c28', '10:00', 'i! Records', 'Earth', '1998'),
('8f9079ac-ed65-43df-8092-33c72ce11b0b', '19:01', 'Svek', 'City Of Islands', '1998'),
('c8992493-3402-48f2-b9aa-1adbf4db9fef', '07:30', 'Ovum Recordings', 'Softshoe EP', '1999'),
('3394608b-ecbc-4fbf-81cd-6b95124c1093', '07:30', 'Ritual Recordings', 'The Shoreline EP', '1999'),
('874cf191-da8a-4e0a-be21-17f38c6d8b98', '05:00', 'Ovum Recordings', 'Hows Your Evening So Far?', '2000'),
('8d09912b-d4ab-447e-9d79-ad2cb2e20fb0', '15:00', 'Palette Recordings', 'If I Were To Be You', '1998'),
('597bda01-5193-484e-8919-8817b79ed5d7', '10:00', 'Residual Recordings', 'Selling Memories', '1998'),
('a73dff7f-538c-4ae5-aadc-c5f88c23bb7f', '20:00', 'Low Pressings', 'Junkyard Funk', '2000'),
('cc8eefec-3861-4f4a-95d5-7fc33471deaf', '21:02', 'Wave Music', 'Expression In E-Dub', '2000'),
('0a07a3e3-09ec-4748-a64a-51cf5447221c', '10:00', 'Nordic Trax', 'Skunks', '2000'),
('c9715c7e-e9df-428c-a7e7-48c91168e4a5', '10:00', 'Wave Music', 'Do Ya Like It?', '1998'),
('5dc0e926-fd8d-4181-bd0d-06a8e57e5ca9', '10:00', 'Pagan', 'Better Day (Salt City Orchestra Remixes)', '1997'),
('589a5170-c946-42cb-8b49-64c78d870b41', '19:25', 'MAW Records', 'Messages', '1999'),
('f2d862af-8ad2-4608-aec1-9551be85c649', '07:30', 'Large Records', 'Universal', '1999'),
('6212e49a-a23e-4641-86eb-8a6b6668b433', '10:00', 'Seasons Recordings', 'Polyphonic EP', '2000'),
('704213d4-da2e-4297-bce1-b7f783d88fbc', '10:00', 'Cytrax', 'Modul', '2000'),
('eb582976-fd1d-4ad6-ba9c-dfdc859d7335', '07:30', 'Fair Park', 'Money Flowers E.P.', '1997'),
('bed114e4-2cf2-4b9f-8fd6-14870de8b000', '05:00', 'Airtight', 'Mushrooms', '1998'),
('13b17b26-c1a8-4977-9d4a-f23a91164266', '07:30', 'Svek', 'Alchemy', '1998'),
('3a2ca33a-4c74-47c7-b157-8a82f6bea97e', '20:17', 'Ovum Recordings', 'Klugh', '1999'),
('77ee7e9b-baf2-46ae-9d8e-97858a2a6c84', '10:00', '7th City', 'Significant Numbers', '2000'),
('56000f18-f614-4add-ae43-22162353945d', '23:40', 'Immigrant', 'Focus & Temper EP', '2000'),
('a48c2a3c-ab79-464d-853e-9a4134380f24', '05:00', 'Siesta Music', '6400 Project', '2000'),
('7955efcb-a353-4932-a080-e987d7357f5b', '12:21', 'Svek', 'Morgon Sol', '1998'),
('a6397c75-00be-4557-b904-2d4908bcc73b', '10:00', 'Ritual Recordings', 'Why U Wanna?', '1999'),
('2c3149a5-b1b6-4979-ab4e-fc13458d78fd', '10:00', 'Nordic Trax', 'The Necessary EP', '1999'),
('550ed636-c372-4a6b-b6e0-fcfeac53378e', '07:30', 'Yoshitoshi Recordings', 'Thats Why Im Here', '1999'),
('8080e391-9a3f-49ce-9774-a185d663f43a', '05:00', 'Eukahouse', 'Tech House Phenomena 2', '1999'),
('a94acb77-a750-4af9-a872-8d0a73f4cce6', '29:14', 'Rising High Records', 'Parasight', '1993'),
('47857900-ab76-4ee7-a725-d8275ce542bc', '05:00', 'Ritual Recordings', 'Lovelife EP', '2000'),
('6d6252dc-37a4-43c6-8ac4-bc776a407db8', '07:30', 'Ritual Recordings', 'Lingo EP', '2000'),
('d21c93f1-d135-41df-8dc9-03f1f4575542', '32:51', 'Ovum Recordings', 'Where The Wild Things Are', '2000'),
('796adaf5-b58e-4822-9610-15fc7244ccef', '16:27', 'Axis', 'Very EP', '1996'),
('c1e4e188-6c2c-4c07-8b02-ccf2856b6bb3', '19:09', 'Axis', 'More Drama', '1997'),
('761e3a9c-8bfc-4b0a-b51f-5c2e58d53fc6', '10:00', 'Ferox Records', 'Too Funk To Funk', '1998'),
('e37c0e6a-c09e-4d67-9d2b-265ca53a7789', '10:00', 'Transport Recordings', 'Summer Spectrum EP', '1999'),
('41560e07-24d6-450d-af4f-694cd0359f7c', '05:00', 'Dufflebag Recordings', 'Fall', '1999'),
('d7b04103-2831-4cdb-8ce9-2ed099ec5322', '26:38', 'Kool Groove Records', 'Love & Happiness', '1999'),
('ce8ea2a5-286c-4a3f-995e-be50f929b068', '20:59', 'Soma Quality Recordings', 'Tall Stories (Ian Pooley Remixes)', '1999'),
('f7ef38e2-3198-414b-9dff-1f6437fef3e6', '07:30', 'Siesta Music', 'The Fourth Dimension Of Existence', '1999'),
('68712fec-7685-41e6-bd0c-b1f0b58dba5e', '05:00', 'Electrik Soul', 'Touch Me', '2000'),
('e19bbcd3-13f2-4d4c-a13c-8361e31ff30c', '05:00', 'Svek', 'The Big Bang Theory', '1997'),
('b424a2c5-69ec-4610-9513-3ada39b99d71', '05:00', 'Tweekin Records', 'Stereo (Remixes)', '2000'),
('3bffba86-1aac-48bd-a8d9-d59e696e2e18', '28:26', 'F-111 Records', 'Blue Monday / Stitches', '1998'),
('ac177aaa-a0b9-4226-8c68-ab90f292ccb1', '10:00', 'Kaos Records', 'Highly Superstitious (Dino & Terry Remixes)', '1999'),
('3db628c3-feca-4dc7-b56d-553f8f080cf8', '71:35', 'Elypsia', 'The Collected Works Of Kosmic Messenger', '1997'),
('5cf9899c-02ea-4123-a770-24ffba56e632', '18:54', 'Obsession Music', 'Just A Little Bit', '1997'),
('6bfe61ba-cf2a-416e-99b1-a896dc1aac48', '30:14', 'Seasons Recordings', 'Somethin Else', '2000'),
('ae08d21e-81e6-4f4e-b301-8768495e8da8', '26:13', 'V2 Records', 'Whats Your Number', '1998'),
('a59178ab-44e5-43e3-8371-ade6d2742cdd', '10:00', 'Fair Park', 'Decked Out EP', '1998'),
('89cc5c61-4d80-4070-92c0-2729c60e6c32', '10:00', 'Seasons Recordings', 'The Jive EP Remixes', '2000'),
('780cabf0-5d2f-4117-967c-fe087357be15', '07:30', 'Large Records', 'The Roots', '2000'),
('70b6590e-cd2a-4c90-b787-9ad8ace6d8ec', '05:00', 'i! Records', 'Party Stomp / Feels So Good', '1999'),
('7a7d10ff-758b-4d5c-a6b4-263236c1b925', '19:53', 'Lumi Records', 'Go Home', '1999'),
('55bb580b-3464-4e4e-b764-e9ee555b9e64', '05:00', 'Siesta Music', 'My Sound', '2000'),
('3c541548-0e80-4edf-973f-19b0faf19e0a', '12:30', '83 West Records', 'Jazzmorphosis', '2000'),
('3376a403-d02e-4d25-97c3-8a42966c813f', '05:00', 'Svek', 'Pulse Fiction', '1999'),
('1421d2c9-0512-4a13-b005-f388536b038a', '10:00', 'Earthtones Recordings', 'The Infrared EP', '1999'),
('25c9a2b9-e5fc-4809-8076-ed0578e62b3c', '25:02', 'Warp Records', 'Hangable Auto Bulb EP', '1995'),
('c948fc36-e1ff-4902-8c35-777ca66e64e2', '09:07', 'Warp Records', 'Hangable Auto Bulb EP.2', '1995'),
('d554e5ca-335a-4752-ae78-edc3d17961d5', '19:30', 'Warp Records', 'Souff Souff', '1996'),
('cf5450ea-5929-4d5c-a7f3-ff05821417fa', '10:00', 'Purpose Maker', 'Skin Deep EP', '1999'),
('7d9f1b45-5465-4978-b0eb-023cb7e1b169', '18:33', 'Purpose Maker', 'Force Universelle EP', '1997'),
('9fe5dec1-5d3e-48ae-bbdb-1db362f3058c', '14:30', 'Axis', 'Tomorr w', '1997'),
('84d27ba7-b5c3-4d24-b2e7-50101c90597e', '07:30', 'Earth Recordings (3)', 'Time Is Up', '1999'),
('183c27a6-71cf-429c-89f5-b33ef3560c34', '05:00', 'Under The Counter', 'Something Big', '1999'),
('5eecab9e-9048-41ee-9ae2-0489fee67b0a', '07:30', 'Panhandle Records', 'A Lil Sumthin Sumthin - EP', '1999'),
('f68b7a82-4ea4-4757-9597-483b9cae8a08', '05:00', 'Transport Recordings', 'The Night Affair EP', '1999'),
('25c3a62b-9788-45a7-b97a-e7327e7aff44', '05:00', 'Swayzak Recordings', 'Doobie / Floyd', '1999'),
('9d8e1d86-ccd6-4b70-b593-77f2bd0070f0', '10:00', 'Earthtones Recordings', 'Crowd Control EP', '1999'),
('0f64da01-4847-4c9f-a7f2-522e11fff7fd', '18:31', 'Svek', 'Midsummer', '1999'),
('86b060d2-937a-4467-9dd2-eb47846238a1', '10:00', 'Svek', 'Things You Said', '2000'),
('d857a082-c013-4b07-b314-88e7aec2782f', '10:00', 'Fiji Recordings', 'Starlight City EP', '2000'),
('dc847ff0-1bf4-4da0-8782-d105d94b1e9b', '20:28', 'Compost Records', 'The Season', '2000'),
('5ffe7947-fdf9-4a8e-811e-4a437268c939', '07:30', 'Freerange Records', 'Barracuda EP', '2000'),
('a96be9be-1938-4419-a94c-81556c76ff9d', '07:30', 'Fiji Recordings', 'Departure EP', '2000'),
('1eade9c5-bfc3-45b0-b464-eb9af067a58b', '07:30', 'Alola', 'The Late .EP', '1999'),
('b4c9ffdc-0eb3-4cb3-bf3f-bc298895132d', '10:00', '20:20 Vision', 'Firewire EP', '1999'),
('319426c4-415c-474d-8a95-7f39aa1320ca', '23:59', 'Svek', 'Sand & Vatten', '2000'),
('08135561-ef9a-4c95-9c2f-41492c1ce027', '07:30', 'Warp Records', 'Anti EP', '1994'),
('d6e70d05-f47b-4e8f-911c-913f753d7d43', '24:40', 'Warp Records', 'Anti EP', '1994'),
('7601b396-36a3-4b55-b145-6f0aa2d5ccb7', '16:07', 'Warp Records', 'Ilanga', '1996'),
('57bb0052-8971-4816-b61c-79e97c4df963', '10:00', 'Stickman Records', 'Is Best', '1999'),
('40eb6e58-5ae3-4702-9638-4e3157d963fd', '38:42', 'Skam', 'Key Nell', '1996'),
('26fcff3e-0fda-4bed-95ea-2ff15c98ecda', '19:38', 'Warp Records', 'Keynell / Keynell', '1996'),
('cad63646-5130-4c75-9170-74bcc9388a1c', '07:30', 'Svek', 'Smokin Love', '1999'),
('e8443a0a-3428-4872-bc60-784b5191fb5b', '21:18', 'Purpose Maker', 'Vanishing Act EP', '1998'),
('17db518d-c66b-44ca-90ad-6a23d50287c6', '19:28', 'Purpose Maker', 'Kat Moda EP', '1997'),
('02589e09-f003-4a89-b47b-00641410c6ea', '07:30', 'Suburban Nightz', 'The Crypt', '1999'),
('4a65a7fc-34eb-4b1a-86a5-b38c4c5be8ea', '07:30', 'Suburban Nightz', 'Moonshine E.P.', '1999'),
('65a04b45-8ef7-4c29-b56a-c909966a7c85', '07:30', 'Siesta Music', '420 Sessions E.P.', '1999'),
('68250b84-f132-4760-bedf-83f532acad41', '20:41', 'Soma Quality Recordings', 'Beautiful World', '1999'),
('1baf6218-44c8-4ec0-bbc9-94866e4dcfca', '07:30', 'Mother Tongue', 'Carismo EP', '2000'),
('91cfbeb6-9e2d-47b5-a054-3a83ca6b0a38', '07:30', 'Earth Recordings (3)', 'Deep Down', '1999'),
('1f70baec-a380-43ea-8474-4f19e80c90e8', '20:00', 'Glasgow Underground', 'A View From The Heights', '2000'),
('3fd16dae-512c-4671-b00c-9e432aef8198', '30:28', 'Panhandle Records', 'SF DJs Come Home', '1999'),
('9fe2f72d-d0a5-402b-b1ee-abe84379a923', '20:39', 'Mo Wax', 'A Polished Solid', '1996'),
('432a77e8-f2b1-4b1b-bcd9-76e3bfd0a0ba', '10:00', 'Earthtones Recordings', 'Quarter Of A Century (Part 3 Of 3)', '1999'),
('e97ddffb-92bd-445a-b518-9a063b255bb0', '12:30', 'Earthtones Recordings', 'Quarter Of A Century - Part 1 Of 3', '2000'),
('4a04e1e8-3108-4047-a740-c8106ccc7421', '24:54', 'Earthtones Recordings', 'Quarter Of A Century - Part 2 Of 3', '2000'),
('27e22d34-b8bf-4ca5-8cad-9ca84ef5f36e', '10:00', 'Distant Music', 'The E.Z. Traks E.P. Vol #2', '1998'),
('3f497402-27d2-4e8f-87d7-547af66c04d8', '10:00', 'Moods & Grooves', 'Its A Detroit Thing...', '1999'),
('563e6a98-ce21-49bd-a241-c95e01cb34c8', '10:00', 'Nordic Trax', 'The Quiet Life EP', '2000'),
('15050eea-b4e8-4986-a688-e3beae3ff594', '05:00', 'Dufflebag Recordings', 'Dejavu', '1999'),
('fe0c4b19-5ee3-46ac-9242-67c97449dacf', '07:30', 'Low Pressings', 'Bless The Funk', '1999'),
('29310c5b-63c6-46fa-97b1-2d959b14450e', '27:37', 'Track Mode', 'House Phreaks EP', '1999'),
('189f40c3-3bee-419e-8ccc-2896dab2f450', '39:10', 'Barclay', 'No Communication, No Love (Devastating)', '1999'),
('95f90589-8e7d-42ef-b64f-0cdfcbc7bb76', '15:00', 'Nite Grooves', 'Groove Asylum EP', '2000'),
('d5bed51f-4119-4986-ade3-77c4fc71edca', '23:06', 'Evolution (17)', 'New York, New York', '1996'),
('faf6eb0b-3465-4a29-9204-610887a0f58a', '37:08', 'Skam', 'Card Hore', '1997'),
('4b7e60e3-7792-44f1-aa0e-69c70d72b473', '13:42', 'Worm Interface', 'Bubble And Squeak E.P.', '1996'),
('a74f706c-c179-432c-82a7-30ff43123ad6', '15:49', 'Warp Records', 'Port Rhombus EP', '1996'),
('096804d7-b6c2-4417-a209-a4acf104fb0e', '31:52', 'Spymania', 'Conumber E:P', '1995'),
('ec57270a-9c5a-4099-99ce-9a8a45440c44', '24:32', 'Spymania', 'College Street Zoo', '1996'),
('311bfbfd-5320-41fd-9f35-a56c91ddfbc7', '15:00', 'Spymania', 'The Pause That Refreshes', '1997'),
('0f4bb857-cf2a-49f2-8247-4d7e6cc48d5d', '66:00', 'Rephlex', 'Feed Me Weird Things', '1996'),
('aa680b51-a534-4d24-bbe3-d5131b18f34f', '36:06', 'Skam', 'Gescom E.P.', '1994'),
('b95d11e2-dada-43b4-b851-44a68a541afa', '10:00', 'Siesta Music', 'Cookin Up The Funk E.P.', '2000'),
('67a984d8-eac9-44ac-b0fc-e7c7c1b965e2', '07:30', 'SuperBra', 'Collective Behaviour', '1999'),
('7053fd46-d942-4c35-b177-ab5c1daa1d2c', '05:00', 'Strive', 'Falling / Afloat', '1999'),
('45357b4c-08a5-4d5a-a17d-551fd0ff9e5e', '26:25', 'Worm Interface', 'Dragon Disc 2', '1996'),
('3a4b8dbf-a094-4e45-bdc6-fc0d209fb0df', '54:47', 'Nothings Clear', 'Stereotype E.P.', '1994');

insert into product_genre (product_productid, genre) values
('7ea75acf-1a9f-4a26-be34-b707ee7b1829', 'Electronic'),
('0a45ce1e-6d11-45f9-9972-b688b93b8d2e', 'Electronic'),
('6a0b0952-59de-49e8-bef8-b02a99cc1092', 'Electronic'),
('f8519fdf-d419-4e9a-a9e8-fbfa918b4e0c', 'Electronic'),
('bb955c17-dc57-417c-9068-a31495a6b863', 'Electronic'),
('f7f4a445-52e8-48ee-8a33-46aca2ee7123', 'Electronic'),
('3a8297bf-208d-4a81-be7a-13d7d624dc36', 'Electronic'),
('e514001b-d08a-4ddc-b132-fd90213e8f98', 'Electronic'),
('d692c33a-b393-428c-afae-e4cf2ed67fcc', 'Electronic'),
('3d4aeafb-fe5f-44e6-b22a-5eb8204a6153', 'Electronic'),
('bea12c2a-abc6-4988-a736-5a481e2ff45d', 'Electronic'),
('75acc550-f134-48df-8f65-da1ebd2a2951', 'Electronic'),
('4a41df20-17cc-490f-ab2c-30770e0b4b18', 'Electronic'),
('0cd52f85-aa97-4dd7-bf56-15c16db85f29', 'Electronic'),
('dc9aeca7-886b-4e55-8d12-4e7692bd358e', 'Electronic'),
('bbc657da-41e9-4c1c-ad50-0cb974786dd6', 'Electronic'),
('243de61e-d8da-4be2-b142-d6fdb2f86eb4', 'Electronic'),
('66bc00d9-5670-4ecb-ad0e-64dbf1c86eae', 'Electronic'),
('d998c38e-8056-4000-9730-c076e8df2ac2', 'Electronic'),
('925956f4-0218-4170-be7f-32825627f677', 'Electronic'),
('9ffc8571-8f8a-4a09-a320-4e032cbbdee7', 'Electronic'),
('dc766c6b-7f26-4776-a996-c1c97ce64edb', 'Electronic'),
('a1e234bc-134a-42a7-b6b8-b8a43028c993', 'Electronic'),
('540114d3-2191-4493-9a09-2b90a7d3e1be', 'Electronic'),
('5cdc3808-5b2d-483b-b0d3-16bb632a55d9', 'Electronic'),
('5c874b6d-aa05-463d-9acf-8c4172c3484a', 'Electronic'),
('a80277ac-8e74-49d2-8c37-8648a51d1171', 'Electronic'),
('df812040-2310-4982-bf5c-84bbd72ce591', 'Electronic'),
('bec44178-c3bd-43f0-b8f9-03fc85adcaef', 'Electronic'),
('6aaba3cd-e2b1-436d-9d25-419a77f4a974', 'Electronic'),
('9aa41e5c-4888-402b-8fb6-4482c1439270', 'Electronic'),
('0fee0a8a-4ec7-4ac3-b25a-f9268cfbc312', 'Electronic'),
('27d8e5a6-70bd-4f5a-948b-d889464a51ee', 'Electronic'),
('1b5abf73-886e-4e9c-ae13-23cf66df9845', 'Electronic'),
('3f58819b-a20a-4b97-8569-16db6b1212b0', 'Electronic'),
('3caf0687-3a50-4f7c-833c-8e0078f0d8d2', 'Electronic'),
('caae7ebf-ad2a-4070-a408-46eaf69a077a', 'Electronic'),
('b106bb48-38d4-4aec-80d5-d926a89fd580', 'Electronic'),
('3ad6d1e1-c1e8-464f-be0e-fc9b560ea239', 'Electronic'),
('2d4c2e41-f588-4838-9804-ec383056f558', 'Electronic'),
('a63f6a0c-7321-4cb3-8af1-39504bb7b669', 'Electronic'),
('3e13e48c-5b9d-4a6a-8412-53b3b8692cbf', 'Electronic'),
('a0ab376c-3b50-485a-bb15-6c6f2090fbe4', 'Electronic'),
('eb902f79-9ddd-4ffd-971a-5f54bf51f7ec', 'Electronic'),
('02ad40d6-b08d-41f6-af38-ed00699ea2fd', 'Electronic'),
('6f3aba42-a5a4-4259-9d1a-0ac5a4269f64', 'Electronic'),
('9b1d8b29-ff5c-4c5b-aef3-ca4058da97d6', 'Electronic'),
('10ae7a11-e64e-4b6e-8989-bfcf0a74ee01', 'Electronic'),
('fec59b53-f66d-42b6-89dd-f1fdd9686515', 'Electronic'),
('c5cefff3-4eaf-4162-8f8b-95ea38cd5258', 'Electronic'),
('f155e5da-8314-473d-9c3f-1dd690345136', 'Electronic'),
('b27c4371-6978-4473-8e60-cd6af549b49b', 'Electronic'),
('7d556dbc-95a6-4889-958a-7a8029bfdb7b', 'Electronic'),
('73c6de20-c46b-4b1f-8abd-fa05cb2c72cc', 'Electronic'),
('34360d04-5276-4fa4-ba51-5512d85720bb', 'Electronic'),
('d5fa5d83-c621-4ddd-ac1d-f20c6d5ff160', 'Electronic'),
('f41de723-5c51-4569-bfeb-ca6dad67e5b9', 'Electronic'),
('fb5b498e-c149-406a-93a7-0dd7c7247713', 'Electronic'),
('89b19153-5ef3-422b-88e6-d87d98c93aeb', 'Electronic'),
('4629ca82-6f31-4518-9549-3d3aae472375', 'Electronic'),
('c807084e-e43d-4b50-a965-8da20b93394b', 'Electronic'),
('7201a047-ac92-4b3b-9f6b-24465240bbac', 'Electronic'),
('c0015380-9169-4b6c-a5a5-f332dec634ad', 'Electronic'),
('a0ab3b69-6a75-4a08-8aca-51c77ef14a2d', 'Electronic'),
('0db7c6da-3a85-482c-8400-84b938c00123', 'Electronic'),
('6c028a45-fe67-44cd-bbc9-ca364e66ca09', 'Electronic'),
('3b98c354-8225-4428-b971-0a1197ce293b', 'Electronic'),
('048c93a0-e0ed-4fbb-a52d-015b4ced2b57', 'Electronic'),
('78e91879-0301-4a04-a900-234b17b9df1f', 'Electronic'),
('f436bf78-6695-4760-928a-a3a92b2883b4', 'Electronic'),
('3b72c80c-c9aa-43b0-b3c9-c4c7b78036a5', 'Electronic'),
('336212a1-3a2b-4ab8-8681-de989402f331', 'Electronic'),
('9f0577b1-5b4a-4749-a585-2fe8af2d2a89', 'Electronic'),
('71acd9f0-6c92-4091-9334-621a6eee8c28', 'Electronic'),
('8f9079ac-ed65-43df-8092-33c72ce11b0b', 'Electronic'),
('c8992493-3402-48f2-b9aa-1adbf4db9fef', 'Electronic'),
('3394608b-ecbc-4fbf-81cd-6b95124c1093', 'Electronic'),
('874cf191-da8a-4e0a-be21-17f38c6d8b98', 'Electronic'),
('8d09912b-d4ab-447e-9d79-ad2cb2e20fb0', 'Electronic'),
('597bda01-5193-484e-8919-8817b79ed5d7', 'Electronic'),
('a73dff7f-538c-4ae5-aadc-c5f88c23bb7f', 'Electronic'),
('cc8eefec-3861-4f4a-95d5-7fc33471deaf', 'Electronic'),
('0a07a3e3-09ec-4748-a64a-51cf5447221c', 'Electronic'),
('c9715c7e-e9df-428c-a7e7-48c91168e4a5', 'Electronic'),
('5dc0e926-fd8d-4181-bd0d-06a8e57e5ca9', 'Electronic'),
('589a5170-c946-42cb-8b49-64c78d870b41', 'Electronic'),
('f2d862af-8ad2-4608-aec1-9551be85c649', 'Electronic'),
('6212e49a-a23e-4641-86eb-8a6b6668b433', 'Electronic'),
('704213d4-da2e-4297-bce1-b7f783d88fbc', 'Electronic'),
('eb582976-fd1d-4ad6-ba9c-dfdc859d7335', 'Electronic'),
('bed114e4-2cf2-4b9f-8fd6-14870de8b000', 'Electronic'),
('13b17b26-c1a8-4977-9d4a-f23a91164266', 'Electronic'),
('3a2ca33a-4c74-47c7-b157-8a82f6bea97e', 'Electronic'),
('77ee7e9b-baf2-46ae-9d8e-97858a2a6c84', 'Electronic'),
('56000f18-f614-4add-ae43-22162353945d', 'Electronic'),
('a48c2a3c-ab79-464d-853e-9a4134380f24', 'Electronic'),
('7955efcb-a353-4932-a080-e987d7357f5b', 'Electronic'),
('a6397c75-00be-4557-b904-2d4908bcc73b', 'Electronic'),
('2c3149a5-b1b6-4979-ab4e-fc13458d78fd', 'Electronic'),
('550ed636-c372-4a6b-b6e0-fcfeac53378e', 'Electronic'),
('8080e391-9a3f-49ce-9774-a185d663f43a', 'Electronic'),
('a94acb77-a750-4af9-a872-8d0a73f4cce6', 'Electronic'),
('47857900-ab76-4ee7-a725-d8275ce542bc', 'Electronic'),
('6d6252dc-37a4-43c6-8ac4-bc776a407db8', 'Electronic'),
('d21c93f1-d135-41df-8dc9-03f1f4575542', 'Electronic'),
('796adaf5-b58e-4822-9610-15fc7244ccef', 'Electronic'),
('c1e4e188-6c2c-4c07-8b02-ccf2856b6bb3', 'Electronic'),
('761e3a9c-8bfc-4b0a-b51f-5c2e58d53fc6', 'Electronic'),
('e37c0e6a-c09e-4d67-9d2b-265ca53a7789', 'Electronic'),
('41560e07-24d6-450d-af4f-694cd0359f7c', 'Electronic'),
('d7b04103-2831-4cdb-8ce9-2ed099ec5322', 'Electronic'),
('ce8ea2a5-286c-4a3f-995e-be50f929b068', 'Electronic'),
('f7ef38e2-3198-414b-9dff-1f6437fef3e6', 'Electronic'),
('68712fec-7685-41e6-bd0c-b1f0b58dba5e', 'Electronic'),
('e19bbcd3-13f2-4d4c-a13c-8361e31ff30c', 'Electronic'),
('b424a2c5-69ec-4610-9513-3ada39b99d71', 'Electronic'),
('3bffba86-1aac-48bd-a8d9-d59e696e2e18', 'Electronic'),
('ac177aaa-a0b9-4226-8c68-ab90f292ccb1', 'Electronic'),
('3db628c3-feca-4dc7-b56d-553f8f080cf8', 'Electronic'),
('5cf9899c-02ea-4123-a770-24ffba56e632', 'Electronic'),
('6bfe61ba-cf2a-416e-99b1-a896dc1aac48', 'Electronic'),
('ae08d21e-81e6-4f4e-b301-8768495e8da8', 'Electronic'),
('a59178ab-44e5-43e3-8371-ade6d2742cdd', 'Electronic'),
('89cc5c61-4d80-4070-92c0-2729c60e6c32', 'Electronic'),
('780cabf0-5d2f-4117-967c-fe087357be15', 'Electronic'),
('70b6590e-cd2a-4c90-b787-9ad8ace6d8ec', 'Electronic'),
('7a7d10ff-758b-4d5c-a6b4-263236c1b925', 'Electronic'),
('55bb580b-3464-4e4e-b764-e9ee555b9e64', 'Electronic'),
('3c541548-0e80-4edf-973f-19b0faf19e0a', 'Electronic'),
('3376a403-d02e-4d25-97c3-8a42966c813f', 'Electronic'),
('1421d2c9-0512-4a13-b005-f388536b038a', 'Electronic'),
('25c9a2b9-e5fc-4809-8076-ed0578e62b3c', 'Electronic'),
('c948fc36-e1ff-4902-8c35-777ca66e64e2', 'Electronic'),
('d554e5ca-335a-4752-ae78-edc3d17961d5', 'Electronic'),
('cf5450ea-5929-4d5c-a7f3-ff05821417fa', 'Electronic'),
('7d9f1b45-5465-4978-b0eb-023cb7e1b169', 'Electronic'),
('9fe5dec1-5d3e-48ae-bbdb-1db362f3058c', 'Electronic'),
('84d27ba7-b5c3-4d24-b2e7-50101c90597e', 'Electronic'),
('183c27a6-71cf-429c-89f5-b33ef3560c34', 'Electronic'),
('5eecab9e-9048-41ee-9ae2-0489fee67b0a', 'Electronic'),
('f68b7a82-4ea4-4757-9597-483b9cae8a08', 'Electronic'),
('25c3a62b-9788-45a7-b97a-e7327e7aff44', 'Electronic'),
('9d8e1d86-ccd6-4b70-b593-77f2bd0070f0', 'Electronic'),
('0f64da01-4847-4c9f-a7f2-522e11fff7fd', 'Electronic'),
('86b060d2-937a-4467-9dd2-eb47846238a1', 'Electronic'),
('d857a082-c013-4b07-b314-88e7aec2782f', 'Electronic'),
('dc847ff0-1bf4-4da0-8782-d105d94b1e9b', 'Electronic'),
('5ffe7947-fdf9-4a8e-811e-4a437268c939', 'Electronic'),
('a96be9be-1938-4419-a94c-81556c76ff9d', 'Electronic'),
('1eade9c5-bfc3-45b0-b464-eb9af067a58b', 'Electronic'),
('b4c9ffdc-0eb3-4cb3-bf3f-bc298895132d', 'Electronic'),
('319426c4-415c-474d-8a95-7f39aa1320ca', 'Electronic'),
('08135561-ef9a-4c95-9c2f-41492c1ce027', 'Electronic'),
('d6e70d05-f47b-4e8f-911c-913f753d7d43', 'Electronic'),
('7601b396-36a3-4b55-b145-6f0aa2d5ccb7', 'Electronic'),
('57bb0052-8971-4816-b61c-79e97c4df963', 'Electronic'),
('40eb6e58-5ae3-4702-9638-4e3157d963fd', 'Electronic'),
('26fcff3e-0fda-4bed-95ea-2ff15c98ecda', 'Electronic'),
('cad63646-5130-4c75-9170-74bcc9388a1c', 'Electronic'),
('e8443a0a-3428-4872-bc60-784b5191fb5b', 'Electronic'),
('17db518d-c66b-44ca-90ad-6a23d50287c6', 'Electronic'),
('02589e09-f003-4a89-b47b-00641410c6ea', 'Electronic'),
('4a65a7fc-34eb-4b1a-86a5-b38c4c5be8ea', 'Electronic'),
('65a04b45-8ef7-4c29-b56a-c909966a7c85', 'Electronic'),
('68250b84-f132-4760-bedf-83f532acad41', 'Electronic'),
('1baf6218-44c8-4ec0-bbc9-94866e4dcfca', 'Electronic'),
('91cfbeb6-9e2d-47b5-a054-3a83ca6b0a38', 'Electronic'),
('1f70baec-a380-43ea-8474-4f19e80c90e8', 'Electronic'),
('3fd16dae-512c-4671-b00c-9e432aef8198', 'Electronic'),
('9fe2f72d-d0a5-402b-b1ee-abe84379a923', 'Electronic'),
('432a77e8-f2b1-4b1b-bcd9-76e3bfd0a0ba', 'Electronic'),
('e97ddffb-92bd-445a-b518-9a063b255bb0', 'Electronic'),
('4a04e1e8-3108-4047-a740-c8106ccc7421', 'Electronic'),
('27e22d34-b8bf-4ca5-8cad-9ca84ef5f36e', 'Electronic'),
('3f497402-27d2-4e8f-87d7-547af66c04d8', 'Electronic'),
('563e6a98-ce21-49bd-a241-c95e01cb34c8', 'Electronic'),
('15050eea-b4e8-4986-a688-e3beae3ff594', 'Electronic'),
('fe0c4b19-5ee3-46ac-9242-67c97449dacf', 'Electronic'),
('29310c5b-63c6-46fa-97b1-2d959b14450e', 'Electronic'),
('189f40c3-3bee-419e-8ccc-2896dab2f450', 'Electronic'),
('95f90589-8e7d-42ef-b64f-0cdfcbc7bb76', 'Electronic'),
('d5bed51f-4119-4986-ade3-77c4fc71edca', 'Electronic'),
('faf6eb0b-3465-4a29-9204-610887a0f58a', 'Electronic'),
('4b7e60e3-7792-44f1-aa0e-69c70d72b473', 'Electronic'),
('a74f706c-c179-432c-82a7-30ff43123ad6', 'Electronic'),
('096804d7-b6c2-4417-a209-a4acf104fb0e', 'Electronic'),
('ec57270a-9c5a-4099-99ce-9a8a45440c44', 'Electronic'),
('311bfbfd-5320-41fd-9f35-a56c91ddfbc7', 'Electronic'),
('0f4bb857-cf2a-49f2-8247-4d7e6cc48d5d', 'Electronic'),
('aa680b51-a534-4d24-bbe3-d5131b18f34f', 'Electronic'),
('b95d11e2-dada-43b4-b851-44a68a541afa', 'Electronic'),
('67a984d8-eac9-44ac-b0fc-e7c7c1b965e2', 'Electronic'),
('7053fd46-d942-4c35-b177-ab5c1daa1d2c', 'Electronic'),
('45357b4c-08a5-4d5a-a17d-551fd0ff9e5e', 'Electronic'),
('3a4b8dbf-a094-4e45-bdc6-fc0d209fb0df', 'Electronic');

insert into product_songs (product_productid, duration, title) values
('7ea75acf-1a9f-4a26-be34-b707ee7b1829', '4:45', 'Östermalm'),
('7ea75acf-1a9f-4a26-be34-b707ee7b1829', '6:11', 'Vasastaden'),
('7ea75acf-1a9f-4a26-be34-b707ee7b1829', '2:49', 'Kungsholmen'),
('7ea75acf-1a9f-4a26-be34-b707ee7b1829', '5:38', 'Södermalm'),
('7ea75acf-1a9f-4a26-be34-b707ee7b1829', '4:52', 'Norrmalm'),
('7ea75acf-1a9f-4a26-be34-b707ee7b1829', '5:16', 'Gamla Stan'),
('0a45ce1e-6d11-45f9-9972-b688b93b8d2e', '5:08', 'A Sea Apart'),
('0a45ce1e-6d11-45f9-9972-b688b93b8d2e', '4:21', 'Dutchmaster'),
('0a45ce1e-6d11-45f9-9972-b688b93b8d2e', '4:22', 'Inner City Lullaby'),
('0a45ce1e-6d11-45f9-9972-b688b93b8d2e', '4:46', 'Yeah Kid!'),
('6a0b0952-59de-49e8-bef8-b02a99cc1092', '7:00', 'Untitled 8'),
('6a0b0952-59de-49e8-bef8-b02a99cc1092', '5:28', 'Anjua (Sneaky 3)'),
('6a0b0952-59de-49e8-bef8-b02a99cc1092', '5:25', 'When The Funk Hits The Fan (Mood II Swing When The Dub Hits The Fan)'),
('6a0b0952-59de-49e8-bef8-b02a99cc1092', '4:27', 'Whats The Time, Mr. Templar'),
('6a0b0952-59de-49e8-bef8-b02a99cc1092', '5:36', 'Vol. 2'),
('6a0b0952-59de-49e8-bef8-b02a99cc1092', '3:37', 'Political Prisoner'),
('6a0b0952-59de-49e8-bef8-b02a99cc1092', '5:03', 'Pop Kulture'),
('6a0b0952-59de-49e8-bef8-b02a99cc1092', '5:42', 'K-Mart Shopping (Hi-Fi Mix)'),
('6a0b0952-59de-49e8-bef8-b02a99cc1092', '5:47', 'Lovelee Dae (Eight Miles High Mix)'),
('6a0b0952-59de-49e8-bef8-b02a99cc1092', '6:06', 'Sweat'),
('6a0b0952-59de-49e8-bef8-b02a99cc1092', '3:16', 'Silver'),
('6a0b0952-59de-49e8-bef8-b02a99cc1092', '2:46', 'Untitled'),
('6a0b0952-59de-49e8-bef8-b02a99cc1092', '3:41', 'Boom Box'),
('6a0b0952-59de-49e8-bef8-b02a99cc1092', '3:39', 'Track 2'),
('f8519fdf-d419-4e9a-a9e8-fbfa918b4e0c', '6:24', 'Moving Cities'),
('f8519fdf-d419-4e9a-a9e8-fbfa918b4e0c', '5:15', 'To Love Is To Grow'),
('f8519fdf-d419-4e9a-a9e8-fbfa918b4e0c', '5:39', 'Isis'),
('f8519fdf-d419-4e9a-a9e8-fbfa918b4e0c', '5:45', 'Heartbeat'),
('f8519fdf-d419-4e9a-a9e8-fbfa918b4e0c', '5:57', 'Samba'),
('f8519fdf-d419-4e9a-a9e8-fbfa918b4e0c', '5:46', 'Got To Find A Way'),
('f8519fdf-d419-4e9a-a9e8-fbfa918b4e0c', '5:13', 'Kariba'),
('f8519fdf-d419-4e9a-a9e8-fbfa918b4e0c', '6:42', 'Space Disco'),
('f8519fdf-d419-4e9a-a9e8-fbfa918b4e0c', '7:46', 'In The Trees'),
('f8519fdf-d419-4e9a-a9e8-fbfa918b4e0c', '8:08', 'Turn The Point (U.S. Version)'),
('f8519fdf-d419-4e9a-a9e8-fbfa918b4e0c', '5:56', 'Mas'),
('f8519fdf-d419-4e9a-a9e8-fbfa918b4e0c', '5:10', 'Horizons'),
('bb955c17-dc57-417c-9068-a31495a6b863', '15:54', 'Flashback Signal'),
('bb955c17-dc57-417c-9068-a31495a6b863', '9:33', 'Flowerhead'),
('bb955c17-dc57-417c-9068-a31495a6b863', '14:05', 'Deep Chair'),
('bb955c17-dc57-417c-9068-a31495a6b863', '12:02', 'So Much Light'),
('bb955c17-dc57-417c-9068-a31495a6b863', '13:05', 'Sixties Out Of Tune'),
('f7f4a445-52e8-48ee-8a33-46aca2ee7123', '5:29', 'Its All James'),
('f7f4a445-52e8-48ee-8a33-46aca2ee7123', '5:01', 'Above The Skyline'),
('f7f4a445-52e8-48ee-8a33-46aca2ee7123', '5:04', 'Suckin Neck'),
('3a8297bf-208d-4a81-be7a-13d7d624dc36', '6:45', 'Ran Away'),
('3a8297bf-208d-4a81-be7a-13d7d624dc36', '6:28', 'Silent Crying'),
('3a8297bf-208d-4a81-be7a-13d7d624dc36', '5:18', 'No Other'),
('e514001b-d08a-4ddc-b132-fd90213e8f98', '7:15', 'Diaspora'),
('e514001b-d08a-4ddc-b132-fd90213e8f98', '7:25', 'Wallflower'),
('e514001b-d08a-4ddc-b132-fd90213e8f98', '6:28', 'Days Since Past'),
('d692c33a-b393-428c-afae-e4cf2ed67fcc', '7:02', 'Pure (Migs Petalpusher Vocal)'),
('d692c33a-b393-428c-afae-e4cf2ed67fcc', '4:30', 'Pure (Jays Original Vocal)'),
('d692c33a-b393-428c-afae-e4cf2ed67fcc', '6:50', 'Pure (Aquanote Tidal Mix)'),
('d692c33a-b393-428c-afae-e4cf2ed67fcc', '6:45', 'Pure (Jays Undercover Dub)'),
('3d4aeafb-fe5f-44e6-b22a-5eb8204a6153', '7:46', 'You Are Love (Jays Afrotronic Vocal)'),
('3d4aeafb-fe5f-44e6-b22a-5eb8204a6153', '7:30', 'You Are Love (After Hours Payback Session)'),
('3d4aeafb-fe5f-44e6-b22a-5eb8204a6153', '7:46', 'You Are Love (Petalpusher Dub)'),
('3d4aeafb-fe5f-44e6-b22a-5eb8204a6153', '8:05', 'You Are Love (Original Vocal)'),
('bea12c2a-abc6-4988-a736-5a481e2ff45d', '8:20', 'Music And Wine (Migs Petalpusher Vocal)'),
('bea12c2a-abc6-4988-a736-5a481e2ff45d', '7:44', 'Music And Wine (Original Funkaphonic Vocal)'),
('bea12c2a-abc6-4988-a736-5a481e2ff45d', '8:58', 'Music And Wine (ThAttaboy Vocal)'),
('bea12c2a-abc6-4988-a736-5a481e2ff45d', '6:00', 'Music And Wine (Jays Blue Silk Dub)'),
('75acc550-f134-48df-8f65-da1ebd2a2951', '8:44', 'Everything Is Changing (Swag Dub)'),
('75acc550-f134-48df-8f65-da1ebd2a2951', '4:34', 'Everything Is Changing (Jays Naked Edit)'),
('75acc550-f134-48df-8f65-da1ebd2a2951', '7:30', 'Everything Is Changing (Baby Mammoth Mix)'),
('75acc550-f134-48df-8f65-da1ebd2a2951', '5:49', 'Everything Is Changing (Album Version)'),
('4a41df20-17cc-490f-ab2c-30770e0b4b18', '2:30', 'Beyond Love'),
('4a41df20-17cc-490f-ab2c-30770e0b4b18', '2:30', 'When Conscious Becomes Comfort'),
('4a41df20-17cc-490f-ab2c-30770e0b4b18', '2:30', 'Heaven'),
('4a41df20-17cc-490f-ab2c-30770e0b4b18', '2:30', 'Into The Storm'),
('0cd52f85-aa97-4dd7-bf56-15c16db85f29', '5:42', 'What If I Love'),
('0cd52f85-aa97-4dd7-bf56-15c16db85f29', '5:20', 'Seems Like Yesterday'),
('0cd52f85-aa97-4dd7-bf56-15c16db85f29', '5:18', 'Deeper'),
('0cd52f85-aa97-4dd7-bf56-15c16db85f29', '4:53', 'Sincere, The Sky Be'),
('0cd52f85-aa97-4dd7-bf56-15c16db85f29', '1:33', 'City Spring'),
('dc9aeca7-886b-4e55-8d12-4e7692bd358e', '2:30', 'Something Different'),
('dc9aeca7-886b-4e55-8d12-4e7692bd358e', '2:30', 'Wind Over Rio'),
('dc9aeca7-886b-4e55-8d12-4e7692bd358e', '2:30', 'Q Without The U'),
('dc9aeca7-886b-4e55-8d12-4e7692bd358e', '2:30', 'Market'),
('bbc657da-41e9-4c1c-ad50-0cb974786dd6', '2:30', 'Aridium'),
('bbc657da-41e9-4c1c-ad50-0cb974786dd6', '2:30', 'Sugar Rush'),
('bbc657da-41e9-4c1c-ad50-0cb974786dd6', '2:30', 'Hawaiian Bells'),
('bbc657da-41e9-4c1c-ad50-0cb974786dd6', '2:30', 'Mitt I Stan'),
('243de61e-d8da-4be2-b142-d6fdb2f86eb4', '2:30', 'Manual'),
('243de61e-d8da-4be2-b142-d6fdb2f86eb4', '2:30', 'Loop37 Stripped'),
('243de61e-d8da-4be2-b142-d6fdb2f86eb4', '2:30', 'Uncut'),
('243de61e-d8da-4be2-b142-d6fdb2f86eb4', '2:30', 'Uncut Beats'),
('66bc00d9-5670-4ecb-ad0e-64dbf1c86eae', '2:30', 'Borealis'),
('66bc00d9-5670-4ecb-ad0e-64dbf1c86eae', '2:30', 'Richochet'),
('66bc00d9-5670-4ecb-ad0e-64dbf1c86eae', '2:30', 'Inverted'),
('66bc00d9-5670-4ecb-ad0e-64dbf1c86eae', '2:30', 'Diskotek'),
('d998c38e-8056-4000-9730-c076e8df2ac2', '2:30', 'True Science'),
('d998c38e-8056-4000-9730-c076e8df2ac2', '2:30', 'The Almighty Dub'),
('d998c38e-8056-4000-9730-c076e8df2ac2', '2:30', 'Deep In The Bay (Nu Kiva)'),
('925956f4-0218-4170-be7f-32825627f677', '2:30', 'Priority'),
('925956f4-0218-4170-be7f-32825627f677', '2:30', 'G4'),
('925956f4-0218-4170-be7f-32825627f677', '2:30', 'Gifts'),
('925956f4-0218-4170-be7f-32825627f677', '2:30', 'Victoria'),
('9ffc8571-8f8a-4a09-a320-4e032cbbdee7', '2:30', 'Serenity'),
('9ffc8571-8f8a-4a09-a320-4e032cbbdee7', '2:30', 'Sedated'),
('9ffc8571-8f8a-4a09-a320-4e032cbbdee7', '2:30', 'Descent'),
('9ffc8571-8f8a-4a09-a320-4e032cbbdee7', '2:30', 'Hubble'),
('dc766c6b-7f26-4776-a996-c1c97ce64edb', '7:17', 'Sweetness You Bring'),
('dc766c6b-7f26-4776-a996-c1c97ce64edb', '6:08', 'Ran Away (Classic Mix)'),
('dc766c6b-7f26-4776-a996-c1c97ce64edb', '6:14', 'Brink Of Insanity'),
('a1e234bc-134a-42a7-b6b8-b8a43028c993', '5:00', 'Blessings'),
('a1e234bc-134a-42a7-b6b8-b8a43028c993', '5:42', 'Sonic Vision'),
('540114d3-2191-4493-9a09-2b90a7d3e1be', '2:30', 'Andromeda'),
('540114d3-2191-4493-9a09-2b90a7d3e1be', '2:30', 'My Love, My Life'),
('540114d3-2191-4493-9a09-2b90a7d3e1be', '2:30', 'I Know'),
('540114d3-2191-4493-9a09-2b90a7d3e1be', '2:30', 'Digital Love Affair'),
('5cdc3808-5b2d-483b-b0d3-16bb632a55d9', '2:30', 'This Side'),
('5cdc3808-5b2d-483b-b0d3-16bb632a55d9', '7:30', 'Summer Love'),
('5cdc3808-5b2d-483b-b0d3-16bb632a55d9', '7:32', 'I Found You (Flashback)'),
('5cdc3808-5b2d-483b-b0d3-16bb632a55d9', '2:30', 'That Side'),
('5cdc3808-5b2d-483b-b0d3-16bb632a55d9', '7:54', 'Isis'),
('5cdc3808-5b2d-483b-b0d3-16bb632a55d9', '8:06', 'What Is Digitalsoul?'),
('5c874b6d-aa05-463d-9acf-8c4172c3484a', '2:30', 'This Side'),
('5c874b6d-aa05-463d-9acf-8c4172c3484a', '2:30', 'Let The Music'),
('5c874b6d-aa05-463d-9acf-8c4172c3484a', '2:30', 'That Side'),
('5c874b6d-aa05-463d-9acf-8c4172c3484a', '2:30', 'Slingshot'),
('5c874b6d-aa05-463d-9acf-8c4172c3484a', '2:30', 'San Francisco Nights'),
('a80277ac-8e74-49d2-8c37-8648a51d1171', '2:30', 'You Feel That?'),
('a80277ac-8e74-49d2-8c37-8648a51d1171', '2:30', 'You Feel Those Beats?'),
('a80277ac-8e74-49d2-8c37-8648a51d1171', '2:30', 'Pepper'),
('a80277ac-8e74-49d2-8c37-8648a51d1171', '2:30', 'Untitled Deepness'),
('df812040-2310-4982-bf5c-84bbd72ce591', '2:30', 'Take No Mess'),
('df812040-2310-4982-bf5c-84bbd72ce591', '2:30', 'Take No Mess (Edit)'),
('df812040-2310-4982-bf5c-84bbd72ce591', '2:30', 'Untitled'),
('bec44178-c3bd-43f0-b8f9-03fc85adcaef', '2:30', 'Top Side'),
('bec44178-c3bd-43f0-b8f9-03fc85adcaef', '2:30', '6 Hits Of Sunshine'),
('bec44178-c3bd-43f0-b8f9-03fc85adcaef', '2:30', 'A Present Of Presence'),
('bec44178-c3bd-43f0-b8f9-03fc85adcaef', '2:30', 'Bottom Side'),
('bec44178-c3bd-43f0-b8f9-03fc85adcaef', '2:30', 'Pattern Translator'),
('bec44178-c3bd-43f0-b8f9-03fc85adcaef', '2:30', 'Blue Is Bashful'),
('6aaba3cd-e2b1-436d-9d25-419a77f4a974', '5:03', 'Song Forms & Freedom'),
('6aaba3cd-e2b1-436d-9d25-419a77f4a974', '5:04', 'Dressed In Dreams'),
('6aaba3cd-e2b1-436d-9d25-419a77f4a974', '5:05', 'As Far As Fun'),
('6aaba3cd-e2b1-436d-9d25-419a77f4a974', '4:50', 'Tangled'),
('9aa41e5c-4888-402b-8fb6-4482c1439270', '2:30', 'Dance 4 Life'),
('9aa41e5c-4888-402b-8fb6-4482c1439270', '2:30', 'Tropical Moods'),
('9aa41e5c-4888-402b-8fb6-4482c1439270', '2:30', 'Requiem'),
('9aa41e5c-4888-402b-8fb6-4482c1439270', '2:30', 'Soul Searching'),
('9aa41e5c-4888-402b-8fb6-4482c1439270', '2:30', 'Da Phunk Wont Let U Down'),
('9aa41e5c-4888-402b-8fb6-4482c1439270', '2:30', 'Wishing'),
('0fee0a8a-4ec7-4ac3-b25a-f9268cfbc312', '2:30', 'Night Life (Original Mix)'),
('0fee0a8a-4ec7-4ac3-b25a-f9268cfbc312', '2:30', 'Night Life (A.M. Dub)'),
('0fee0a8a-4ec7-4ac3-b25a-f9268cfbc312', '2:30', 'Night Life (Smoked Up By Pete Moss Mix)'),
('27d8e5a6-70bd-4f5a-948b-d889464a51ee', '2:30', 'Persuasion (Animated Mix)'),
('27d8e5a6-70bd-4f5a-948b-d889464a51ee', '2:30', 'Eterna (Club Dub)'),
('27d8e5a6-70bd-4f5a-948b-d889464a51ee', '2:30', 'Implode'),
('27d8e5a6-70bd-4f5a-948b-d889464a51ee', '2:30', 'Slowburn'),
('27d8e5a6-70bd-4f5a-948b-d889464a51ee', '2:30', 'Colossus'),
('27d8e5a6-70bd-4f5a-948b-d889464a51ee', '2:30', 'Rhythm Of Life (Trance Mix)'),
('27d8e5a6-70bd-4f5a-948b-d889464a51ee', '2:30', 'Hard Work'),
('27d8e5a6-70bd-4f5a-948b-d889464a51ee', '2:30', 'Renegade'),
('27d8e5a6-70bd-4f5a-948b-d889464a51ee', '2:30', 'Twin Town'),
('27d8e5a6-70bd-4f5a-948b-d889464a51ee', '2:30', 'Bubble & Squeak'),
('27d8e5a6-70bd-4f5a-948b-d889464a51ee', '2:30', 'Rush Hour'),
('1b5abf73-886e-4e9c-ae13-23cf66df9845', '3:51', 'Deep In It'),
('1b5abf73-886e-4e9c-ae13-23cf66df9845', '6:01', 'I Feel Good Things For You (Kevin Yost Mix)'),
('1b5abf73-886e-4e9c-ae13-23cf66df9845', '4:37', 'Love Style'),
('1b5abf73-886e-4e9c-ae13-23cf66df9845', '7:34', 'Space Jazz Carnival (Global Communications Space Jazz Mix)'),
('1b5abf73-886e-4e9c-ae13-23cf66df9845', '6:43', '165 Drop (Love From San Francisco Mix)'),
('1b5abf73-886e-4e9c-ae13-23cf66df9845', '1:37', 'Dé Mare Le Chauve'),
('1b5abf73-886e-4e9c-ae13-23cf66df9845', '7:20', 'Get It On'),
('1b5abf73-886e-4e9c-ae13-23cf66df9845', '8:34', 'The Way The Deep (Secret Ingredients Mix)'),
('1b5abf73-886e-4e9c-ae13-23cf66df9845', '5:19', 'Fifth Quarter (Charles Websters Presence Mix)'),
('1b5abf73-886e-4e9c-ae13-23cf66df9845', '6:53', '2 Low Key'),
('1b5abf73-886e-4e9c-ae13-23cf66df9845', '5:50', 'Right On'),
('1b5abf73-886e-4e9c-ae13-23cf66df9845', '6:26', 'Last Stop'),
('3f58819b-a20a-4b97-8569-16db6b1212b0', '2:30', 'Late Night Up North (Original Mix)'),
('3f58819b-a20a-4b97-8569-16db6b1212b0', '2:30', 'Late Night Up North (Feel Free Dub)'),
('3f58819b-a20a-4b97-8569-16db6b1212b0', '2:30', 'Late Night Up North (Wink Interpretation)'),
('3caf0687-3a50-4f7c-833c-8e0078f0d8d2', '2:30', 'Sky'),
('3caf0687-3a50-4f7c-833c-8e0078f0d8d2', '2:30', 'For The Lords: Mr.C Remix'),
('3caf0687-3a50-4f7c-833c-8e0078f0d8d2', '2:30', 'Kipping'),
('3caf0687-3a50-4f7c-833c-8e0078f0d8d2', '2:30', '35 Minutes From A'),
('caae7ebf-ad2a-4070-a408-46eaf69a077a', '2:30', 'Sunny Cove (Migs Deluxe Main Mix)'),
('caae7ebf-ad2a-4070-a408-46eaf69a077a', '2:30', 'Sunny Cove (Poolside Mix)'),
('caae7ebf-ad2a-4070-a408-46eaf69a077a', '2:30', 'Foggy Cove (Tribute To Headlights Mix)'),
('caae7ebf-ad2a-4070-a408-46eaf69a077a', '2:30', 'Up In Smoke (Migs & Jellys Smokey Groove)'),
('b106bb48-38d4-4aec-80d5-d926a89fd580', '2:30', 'Loungin'),
('b106bb48-38d4-4aec-80d5-d926a89fd580', '2:30', 'Hasstle'),
('b106bb48-38d4-4aec-80d5-d926a89fd580', '2:30', 'Funk Pass'),
('b106bb48-38d4-4aec-80d5-d926a89fd580', '2:30', 'Tea Time'),
('3ad6d1e1-c1e8-464f-be0e-fc9b560ea239', '2:30', 'Retrospect'),
('3ad6d1e1-c1e8-464f-be0e-fc9b560ea239', '2:30', 'My Thing'),
('3ad6d1e1-c1e8-464f-be0e-fc9b560ea239', '2:30', 'Stockhom Deep'),
('3ad6d1e1-c1e8-464f-be0e-fc9b560ea239', '2:30', 'Beats'),
('2d4c2e41-f588-4838-9804-ec383056f558', '2:30', 'Phillys Groove'),
('2d4c2e41-f588-4838-9804-ec383056f558', '2:30', 'Ride'),
('a63f6a0c-7321-4cb3-8af1-39504bb7b669', '5:07', 'Pattern 1'),
('a63f6a0c-7321-4cb3-8af1-39504bb7b669', '3:59', 'Pattern 2'),
('a63f6a0c-7321-4cb3-8af1-39504bb7b669', '3:54', 'Pattern 3'),
('a63f6a0c-7321-4cb3-8af1-39504bb7b669', '5:29', 'Pattern 4'),
('3e13e48c-5b9d-4a6a-8412-53b3b8692cbf', '2:30', 'Play The Drums'),
('3e13e48c-5b9d-4a6a-8412-53b3b8692cbf', '2:30', 'Sweet Thing'),
('3e13e48c-5b9d-4a6a-8412-53b3b8692cbf', '2:30', 'Coffee Table'),
('3e13e48c-5b9d-4a6a-8412-53b3b8692cbf', '2:30', 'Venus'),
('a0ab376c-3b50-485a-bb15-6c6f2090fbe4', '2:30', 'Bug'),
('a0ab376c-3b50-485a-bb15-6c6f2090fbe4', '2:30', 'Keep On Dancing'),
('a0ab376c-3b50-485a-bb15-6c6f2090fbe4', '2:30', 'Smooth Intruder'),
('a0ab376c-3b50-485a-bb15-6c6f2090fbe4', '2:30', 'Relax...'),
('eb902f79-9ddd-4ffd-971a-5f54bf51f7ec', '2:30', 'You Loosen Me Human'),
('eb902f79-9ddd-4ffd-971a-5f54bf51f7ec', '2:30', 'Close To A Change'),
('eb902f79-9ddd-4ffd-971a-5f54bf51f7ec', '2:30', 'Close To A Change'),
('02ad40d6-b08d-41f6-af38-ed00699ea2fd', '6:06', 'Elemental Trigger'),
('02ad40d6-b08d-41f6-af38-ed00699ea2fd', '10:59', 'Synergistic Perceptions'),
('02ad40d6-b08d-41f6-af38-ed00699ea2fd', '9:36', 'Hidden Refuge'),
('02ad40d6-b08d-41f6-af38-ed00699ea2fd', '9:33', 'Delusion Fields'),
('02ad40d6-b08d-41f6-af38-ed00699ea2fd', '15:00', 'Omnipresent Boundary'),
('02ad40d6-b08d-41f6-af38-ed00699ea2fd', '5:36', 'Undulating Terrain'),
('02ad40d6-b08d-41f6-af38-ed00699ea2fd', '11:35', 'A Point Of No Return'),
('6f3aba42-a5a4-4259-9d1a-0ac5a4269f64', '2:30', 'Doidy Dawg'),
('6f3aba42-a5a4-4259-9d1a-0ac5a4269f64', '2:30', 'Offering A Peach To Celebrate Longevity'),
('6f3aba42-a5a4-4259-9d1a-0ac5a4269f64', '2:30', 'Niomis Dream'),
('6f3aba42-a5a4-4259-9d1a-0ac5a4269f64', '2:30', 'Honey'),
('6f3aba42-a5a4-4259-9d1a-0ac5a4269f64', '2:30', 'New Jersey Deep'),
('6f3aba42-a5a4-4259-9d1a-0ac5a4269f64', '2:30', 'The Way (Secret Ingredients Mix)'),
('6f3aba42-a5a4-4259-9d1a-0ac5a4269f64', '2:30', 'All This Music'),
('6f3aba42-a5a4-4259-9d1a-0ac5a4269f64', '2:30', 'Echoes & Instruments'),
('6f3aba42-a5a4-4259-9d1a-0ac5a4269f64', '2:30', 'Whats Your Number (Jazzanova Renumber)'),
('6f3aba42-a5a4-4259-9d1a-0ac5a4269f64', '2:30', 'Beautiful Day (A Song For V)'),
('6f3aba42-a5a4-4259-9d1a-0ac5a4269f64', '2:30', 'Man Dont Cry (Modwheel Mix)'),
('6f3aba42-a5a4-4259-9d1a-0ac5a4269f64', '2:30', 'The Garden Of Earthly Delights (Ballistic Bario Boom)'),
('6f3aba42-a5a4-4259-9d1a-0ac5a4269f64', '2:30', 'All My Favourite People (Stay With Me) (Original Album Mix)'),
('6f3aba42-a5a4-4259-9d1a-0ac5a4269f64', '2:30', 'Aural Sedative'),
('9b1d8b29-ff5c-4c5b-aef3-ca4058da97d6', '2:30', 'Take Me To Paradise (Migs Summer Lovers Dub)'),
('9b1d8b29-ff5c-4c5b-aef3-ca4058da97d6', '2:30', 'Take Me To Paradise (Atjazz Vocal)'),
('9b1d8b29-ff5c-4c5b-aef3-ca4058da97d6', '2:30', 'Take Me To Paradise (Trouble Men Vocal)'),
('9b1d8b29-ff5c-4c5b-aef3-ca4058da97d6', '2:30', 'Take Me To Paradise (Migs Deluxe Pusher Vocal)'),
('10ae7a11-e64e-4b6e-8989-bfcf0a74ee01', '2:30', 'Walk Away (2020 Vision Vocal Mix)'),
('10ae7a11-e64e-4b6e-8989-bfcf0a74ee01', '2:30', 'Walk Away (2020 Vision Dub 1)'),
('10ae7a11-e64e-4b6e-8989-bfcf0a74ee01', '2:30', 'Walk Away (2020 Vision Dub 2)'),
('fec59b53-f66d-42b6-89dd-f1fdd9686515', '2:30', 'This Side'),
('fec59b53-f66d-42b6-89dd-f1fdd9686515', '2:30', 'Its Alright'),
('fec59b53-f66d-42b6-89dd-f1fdd9686515', '2:30', 'In My Soul'),
('fec59b53-f66d-42b6-89dd-f1fdd9686515', '2:30', 'That Side'),
('fec59b53-f66d-42b6-89dd-f1fdd9686515', '2:30', 'Groove 4 U'),
('fec59b53-f66d-42b6-89dd-f1fdd9686515', '2:30', 'Dark Side'),
('c5cefff3-4eaf-4162-8f8b-95ea38cd5258', '2:30', 'The Path'),
('c5cefff3-4eaf-4162-8f8b-95ea38cd5258', '2:30', 'Feel The House Music'),
('c5cefff3-4eaf-4162-8f8b-95ea38cd5258', '2:30', 'Abstract Collage'),
('c5cefff3-4eaf-4162-8f8b-95ea38cd5258', '2:30', 'Flutes'),
('c5cefff3-4eaf-4162-8f8b-95ea38cd5258', '2:30', 'Zestland - Space'),
('c5cefff3-4eaf-4162-8f8b-95ea38cd5258', '2:30', 'You Got To (Dub)'),
('c5cefff3-4eaf-4162-8f8b-95ea38cd5258', '2:30', 'KOT Anthem (Acappella)'),
('f155e5da-8314-473d-9c3f-1dd690345136', '2:30', 'Venus'),
('f155e5da-8314-473d-9c3f-1dd690345136', '2:30', 'Gonna Roc U All Nite'),
('f155e5da-8314-473d-9c3f-1dd690345136', '2:30', 'Mind Games'),
('f155e5da-8314-473d-9c3f-1dd690345136', '2:30', 'Blue'),
('f155e5da-8314-473d-9c3f-1dd690345136', '2:30', 'Loves Got Me High'),
('f155e5da-8314-473d-9c3f-1dd690345136', '2:30', 'Instant Replay'),
('f155e5da-8314-473d-9c3f-1dd690345136', '2:30', 'Emotional Content'),
('f155e5da-8314-473d-9c3f-1dd690345136', '2:30', 'Higher'),
('f155e5da-8314-473d-9c3f-1dd690345136', '2:30', 'Beat Box'),
('f155e5da-8314-473d-9c3f-1dd690345136', '2:30', 'Theme'),
('f155e5da-8314-473d-9c3f-1dd690345136', '2:30', 'Flesh'),
('f155e5da-8314-473d-9c3f-1dd690345136', '2:30', 'Stay With Me Forever'),
('f155e5da-8314-473d-9c3f-1dd690345136', '2:30', 'Out On The Dancefloor'),
('f155e5da-8314-473d-9c3f-1dd690345136', '2:30', 'Enough 4'),
('f155e5da-8314-473d-9c3f-1dd690345136', '2:30', 'Never'),
('f155e5da-8314-473d-9c3f-1dd690345136', '2:30', 'Do Right'),
('f155e5da-8314-473d-9c3f-1dd690345136', '2:30', 'Work It'),
('f155e5da-8314-473d-9c3f-1dd690345136', '2:30', 'Look, Listen, Love'),
('f155e5da-8314-473d-9c3f-1dd690345136', '2:30', 'Tonights The Nite'),
('f155e5da-8314-473d-9c3f-1dd690345136', '2:30', 'Whispers'),
('b27c4371-6978-4473-8e60-cd6af549b49b', '0:17', 'Untitled'),
('b27c4371-6978-4473-8e60-cd6af549b49b', '4:39', 'Celebrate (Part 1)'),
('b27c4371-6978-4473-8e60-cd6af549b49b', '3:25', 'Celebrate (Part 2)'),
('b27c4371-6978-4473-8e60-cd6af549b49b', '4:34', 'The Communicator'),
('b27c4371-6978-4473-8e60-cd6af549b49b', '6:42', 'Soul Eclipse'),
('b27c4371-6978-4473-8e60-cd6af549b49b', '7:09', 'Goodtime (Masters At Work Mix)'),
('b27c4371-6978-4473-8e60-cd6af549b49b', '4:09', 'The Panhandler'),
('b27c4371-6978-4473-8e60-cd6af549b49b', '6:32', 'Paradise De Luxe'),
('b27c4371-6978-4473-8e60-cd6af549b49b', '7:20', 'Fan Club'),
('b27c4371-6978-4473-8e60-cd6af549b49b', '5:50', 'Kola'),
('b27c4371-6978-4473-8e60-cd6af549b49b', '4:52', 'Sweet Sweet Garage Music'),
('b27c4371-6978-4473-8e60-cd6af549b49b', '3:34', 'Rendez Vous At Larows'),
('b27c4371-6978-4473-8e60-cd6af549b49b', '1:51', 'Eros'),
('b27c4371-6978-4473-8e60-cd6af549b49b', '4:18', 'Forever (In My Mind)'),
('b27c4371-6978-4473-8e60-cd6af549b49b', '2:37', 'Medley Of House Deluxe Vol 01'),
('b27c4371-6978-4473-8e60-cd6af549b49b', '2:30', 'Bonus Track'),
('b27c4371-6978-4473-8e60-cd6af549b49b', '2:44', 'Rubb N Da Funk'),
('7d556dbc-95a6-4889-958a-7a8029bfdb7b', '2:30', 'Arrivals'),
('7d556dbc-95a6-4889-958a-7a8029bfdb7b', '2:30', 'Assimilated'),
('7d556dbc-95a6-4889-958a-7a8029bfdb7b', '2:30', 'Homesick'),
('7d556dbc-95a6-4889-958a-7a8029bfdb7b', '2:30', 'Departures'),
('7d556dbc-95a6-4889-958a-7a8029bfdb7b', '2:30', 'Departed'),
('7d556dbc-95a6-4889-958a-7a8029bfdb7b', '2:30', 'Arrived'),
('73c6de20-c46b-4b1f-8abd-fa05cb2c72cc', '6:36', 'Missing You (Original Version)'),
('73c6de20-c46b-4b1f-8abd-fa05cb2c72cc', '6:05', 'Missing You (After Dark Mix)'),
('73c6de20-c46b-4b1f-8abd-fa05cb2c72cc', '8:26', 'Missing You (Theos Missing Dub)'),
('73c6de20-c46b-4b1f-8abd-fa05cb2c72cc', '7:30', 'Missing You (Son Dexters Django Version)'),
('73c6de20-c46b-4b1f-8abd-fa05cb2c72cc', '7:11', 'Missing You (Bernards Dubbed Mix)'),
('34360d04-5276-4fa4-ba51-5512d85720bb', '15:58', 'In/Out'),
('34360d04-5276-4fa4-ba51-5512d85720bb', '7:22', 'Mad Mood'),
('34360d04-5276-4fa4-ba51-5512d85720bb', '9:03', 'Damaskus - Dakar'),
('34360d04-5276-4fa4-ba51-5512d85720bb', '4:57', 'Indian Mantra'),
('34360d04-5276-4fa4-ba51-5512d85720bb', '15:33', 'P.M.'),
('34360d04-5276-4fa4-ba51-5512d85720bb', '9:46', 'Sergio Leones Wet Dream'),
('d5fa5d83-c621-4ddd-ac1d-f20c6d5ff160', '10:31', 'Inter Link'),
('d5fa5d83-c621-4ddd-ac1d-f20c6d5ff160', '8:15', 'Health Loop'),
('d5fa5d83-c621-4ddd-ac1d-f20c6d5ff160', '9:31', 'Elevator Drops'),
('d5fa5d83-c621-4ddd-ac1d-f20c6d5ff160', '8:12', 'Background Story'),
('d5fa5d83-c621-4ddd-ac1d-f20c6d5ff160', '8:09', 'Invitable Colour'),
('d5fa5d83-c621-4ddd-ac1d-f20c6d5ff160', '8:46', 'Mood Swing'),
('d5fa5d83-c621-4ddd-ac1d-f20c6d5ff160', '10:04', 'Smile'),
('f41de723-5c51-4569-bfeb-ca6dad67e5b9', '17:04', 'Karmic Light'),
('f41de723-5c51-4569-bfeb-ca6dad67e5b9', '11:11', 'Low Of Vibration'),
('f41de723-5c51-4569-bfeb-ca6dad67e5b9', '10:49', 'Ambiant Otaku'),
('f41de723-5c51-4569-bfeb-ca6dad67e5b9', '15:36', 'Holy Dance'),
('f41de723-5c51-4569-bfeb-ca6dad67e5b9', '17:47', 'Magnetic Field'),
('fb5b498e-c149-406a-93a7-0dd7c7247713', '2:30', 'Right There'),
('fb5b498e-c149-406a-93a7-0dd7c7247713', '2:30', 'Right There (Funkd On Acid Mix)'),
('89b19153-5ef3-422b-88e6-d87d98c93aeb', '6:51', 'Mango Drum'),
('89b19153-5ef3-422b-88e6-d87d98c93aeb', '6:25', 'A Dark Day In NY (Hard Scat Mix)'),
('89b19153-5ef3-422b-88e6-d87d98c93aeb', '9:32', 'Life'),
('4629ca82-6f31-4518-9549-3d3aae472375', '2:30', 'Dont Cry'),
('4629ca82-6f31-4518-9549-3d3aae472375', '2:30', 'So-Fa So Good'),
('4629ca82-6f31-4518-9549-3d3aae472375', '2:30', 'Me Up (Dont Get)'),
('4629ca82-6f31-4518-9549-3d3aae472375', '2:30', 'Absence'),
('c807084e-e43d-4b50-a965-8da20b93394b', '9:12', 'Highrise'),
('c807084e-e43d-4b50-a965-8da20b93394b', '8:14', 'Club Soda'),
('c807084e-e43d-4b50-a965-8da20b93394b', '7:32', 'Super Snooper'),
('c807084e-e43d-4b50-a965-8da20b93394b', '9:30', 'Alright'),
('c807084e-e43d-4b50-a965-8da20b93394b', '6:15', 'Bubblin'),
('c807084e-e43d-4b50-a965-8da20b93394b', '9:34', 'Easy Street'),
('c807084e-e43d-4b50-a965-8da20b93394b', '5:24', 'King Size'),
('7201a047-ac92-4b3b-9f6b-24465240bbac', '5:40', 'L.E.D.'),
('7201a047-ac92-4b3b-9f6b-24465240bbac', '5:39', 'In Control'),
('7201a047-ac92-4b3b-9f6b-24465240bbac', '5:54', 'Pasadena Shuffle'),
('7201a047-ac92-4b3b-9f6b-24465240bbac', '5:22', 'Caspa'),
('7201a047-ac92-4b3b-9f6b-24465240bbac', '6:06', 'Prism War'),
('7201a047-ac92-4b3b-9f6b-24465240bbac', '5:15', 'Streamer'),
('7201a047-ac92-4b3b-9f6b-24465240bbac', '4:43', 'Disruption'),
('7201a047-ac92-4b3b-9f6b-24465240bbac', '6:05', 'Torque'),
('7201a047-ac92-4b3b-9f6b-24465240bbac', '5:06', 'Green Fingers'),
('7201a047-ac92-4b3b-9f6b-24465240bbac', '6:01', 'Solar Eyes'),
('7201a047-ac92-4b3b-9f6b-24465240bbac', '5:28', 'Umbilical'),
('7201a047-ac92-4b3b-9f6b-24465240bbac', '5:08', 'Journey Home'),
('c0015380-9169-4b6c-a5a5-f332dec634ad', '7:41', 'If She Only Knew (Original Mix)'),
('c0015380-9169-4b6c-a5a5-f332dec634ad', '6:58', 'If She Only Knew (Todd Edwards She Only Knew Disco Remix)'),
('c0015380-9169-4b6c-a5a5-f332dec634ad', '8:33', 'If She Only Knew (Shazzs Revenge Of The 80s Remix)'),
('a0ab3b69-6a75-4a08-8aca-51c77ef14a2d', '2:30', '(Lapping Up) Space Milk'),
('a0ab3b69-6a75-4a08-8aca-51c77ef14a2d', '2:30', 'Chicagos Back Breaking Bat'),
('a0ab3b69-6a75-4a08-8aca-51c77ef14a2d', '2:30', 'Gone'),
('a0ab3b69-6a75-4a08-8aca-51c77ef14a2d', '2:30', 'Electran'),
('a0ab3b69-6a75-4a08-8aca-51c77ef14a2d', '2:30', 'Sleeper'),
('0db7c6da-3a85-482c-8400-84b938c00123', '2:30', 'Youre On The Way'),
('0db7c6da-3a85-482c-8400-84b938c00123', '2:30', 'Sweet Inspiration'),
('0db7c6da-3a85-482c-8400-84b938c00123', '2:30', 'Sun Damage'),
('0db7c6da-3a85-482c-8400-84b938c00123', '2:30', 'Sun Damage (3rd Degree Dub)'),
('0db7c6da-3a85-482c-8400-84b938c00123', '2:30', 'Transmission'),
('6c028a45-fe67-44cd-bbc9-ca364e66ca09', '2:30', 'Here'),
('6c028a45-fe67-44cd-bbc9-ca364e66ca09', '2:30', 'Easy Does It (Discoteque Mix)'),
('6c028a45-fe67-44cd-bbc9-ca364e66ca09', '2:30', 'Easy Does It (Deluxe Soul Vibe)'),
('6c028a45-fe67-44cd-bbc9-ca364e66ca09', '2:30', 'There'),
('6c028a45-fe67-44cd-bbc9-ca364e66ca09', '2:30', 'Mood Is Right'),
('6c028a45-fe67-44cd-bbc9-ca364e66ca09', '2:30', 'Pirate Radio (Migs & Jellys Risky Ride)'),
('3b98c354-8225-4428-b971-0a1197ce293b', '2:30', 'Darkest Hour'),
('3b98c354-8225-4428-b971-0a1197ce293b', '2:30', 'Pressure Theme'),
('3b98c354-8225-4428-b971-0a1197ce293b', '2:30', 'Raw Spirit (Remix)'),
('3b98c354-8225-4428-b971-0a1197ce293b', '2:30', 'Sound 011'),
('3b98c354-8225-4428-b971-0a1197ce293b', '2:30', 'Quick Fix'),
('3b98c354-8225-4428-b971-0a1197ce293b', '2:30', 'Ghetto Jack'),
('3b98c354-8225-4428-b971-0a1197ce293b', '2:30', 'Nemesis Cycle'),
('3b98c354-8225-4428-b971-0a1197ce293b', '2:30', 'Menace'),
('3b98c354-8225-4428-b971-0a1197ce293b', '2:30', 'Twisted Funk'),
('3b98c354-8225-4428-b971-0a1197ce293b', '2:30', 'Full Force'),
('3b98c354-8225-4428-b971-0a1197ce293b', '2:30', 'LG3'),
('3b98c354-8225-4428-b971-0a1197ce293b', '2:30', 'Night Zone'),
('3b98c354-8225-4428-b971-0a1197ce293b', '2:30', 'Interpose 1'),
('3b98c354-8225-4428-b971-0a1197ce293b', '2:30', 'Round Up'),
('3b98c354-8225-4428-b971-0a1197ce293b', '2:30', 'Outro'),
('048c93a0-e0ed-4fbb-a52d-015b4ced2b57', '2:30', 'Afro-Groove'),
('048c93a0-e0ed-4fbb-a52d-015b4ced2b57', '2:30', 'Samba 4'),
('048c93a0-e0ed-4fbb-a52d-015b4ced2b57', '2:30', 'Solid Vibes (DSP Vibe Mix)'),
('048c93a0-e0ed-4fbb-a52d-015b4ced2b57', '2:30', 'Solid Vibes (DSP Dub Mix)'),
('78e91879-0301-4a04-a900-234b17b9df1f', '2:30', 'Universal Mind (Part 1)'),
('78e91879-0301-4a04-a900-234b17b9df1f', '2:30', 'Universal Mind (Part 2)'),
('78e91879-0301-4a04-a900-234b17b9df1f', '2:30', 'Universal Mind (Atjazz Mix)'),
('78e91879-0301-4a04-a900-234b17b9df1f', '2:30', 'Universal Mind (Expander Run)'),
('f436bf78-6695-4760-928a-a3a92b2883b4', '8:32', 'Lonely Disco Dancer (Chris Simmonds Original)'),
('f436bf78-6695-4760-928a-a3a92b2883b4', '6:45', 'Lonely Disco Dancer (Shuffles Soho Mix)'),
('f436bf78-6695-4760-928a-a3a92b2883b4', '7:12', 'Lonely Disco Dancer (Dino & Terrys Crash Groove)'),
('f436bf78-6695-4760-928a-a3a92b2883b4', '7:57', 'Lonely Disco Dancer (Sneaks Boomin Mix)'),
('f436bf78-6695-4760-928a-a3a92b2883b4', '5:07', 'Lonely Disco Dancer (Tim Deluxe Edit)'),
('f436bf78-6695-4760-928a-a3a92b2883b4', '5:40', 'Lonely Disco Dancer (Nostalgia Classic Club Mix)'),
('f436bf78-6695-4760-928a-a3a92b2883b4', '6:39', 'Lonely Disco Dancer (Common Factor Dub)'),
('3b72c80c-c9aa-43b0-b3c9-c4c7b78036a5', '2:30', 'Spilt Over'),
('3b72c80c-c9aa-43b0-b3c9-c4c7b78036a5', '2:30', 'Couldve Loved Ya'),
('3b72c80c-c9aa-43b0-b3c9-c4c7b78036a5', '2:30', 'Soul Goo'),
('3b72c80c-c9aa-43b0-b3c9-c4c7b78036a5', '2:30', 'Four One 6'),
('336212a1-3a2b-4ab8-8681-de989402f331', '2:30', 'Got 2 Get (Vocal)'),
('336212a1-3a2b-4ab8-8681-de989402f331', '2:30', 'Got 2 Get (Instrumental)'),
('336212a1-3a2b-4ab8-8681-de989402f331', '2:30', 'Moving (EQ Mix)'),
('336212a1-3a2b-4ab8-8681-de989402f331', '2:30', 'Lastdazeoffilter (R.I.P. Mix)'),
('9f0577b1-5b4a-4749-a585-2fe8af2d2a89', '2:30', 'All Souled Out'),
('9f0577b1-5b4a-4749-a585-2fe8af2d2a89', '2:30', 'All Souled Out (House Proud Mix)'),
('9f0577b1-5b4a-4749-a585-2fe8af2d2a89', '2:30', 'Jazznova'),
('9f0577b1-5b4a-4749-a585-2fe8af2d2a89', '2:30', 'Rugged Times Ahead'),
('71acd9f0-6c92-4091-9334-621a6eee8c28', '2:30', 'Let Down'),
('71acd9f0-6c92-4091-9334-621a6eee8c28', '2:30', 'Boogie Down'),
('71acd9f0-6c92-4091-9334-621a6eee8c28', '2:30', 'Nu-Dub'),
('71acd9f0-6c92-4091-9334-621a6eee8c28', '2:30', 'Earth'),
('8f9079ac-ed65-43df-8092-33c72ce11b0b', '5:12', 'Djurgårdsbron'),
('8f9079ac-ed65-43df-8092-33c72ce11b0b', '4:20', 'Centralbron'),
('8f9079ac-ed65-43df-8092-33c72ce11b0b', '4:47', 'Strömsbron'),
('8f9079ac-ed65-43df-8092-33c72ce11b0b', '4:42', 'Kungsbron'),
('c8992493-3402-48f2-b9aa-1adbf4db9fef', '2:30', 'Softshoe'),
('c8992493-3402-48f2-b9aa-1adbf4db9fef', '2:30', 'Living Well'),
('c8992493-3402-48f2-b9aa-1adbf4db9fef', '2:30', 'Plenty O Time'),
('3394608b-ecbc-4fbf-81cd-6b95124c1093', '2:30', 'Feed The Habit'),
('3394608b-ecbc-4fbf-81cd-6b95124c1093', '2:30', 'Shoreline'),
('3394608b-ecbc-4fbf-81cd-6b95124c1093', '2:30', 'Look Both Ways'),
('874cf191-da8a-4e0a-be21-17f38c6d8b98', '2:30', 'Hows Your Evening So Far? (Vocal Mix)'),
('874cf191-da8a-4e0a-be21-17f38c6d8b98', '2:30', 'Hows Your Evening So Far? (Filtered Mix)'),
('8d09912b-d4ab-447e-9d79-ad2cb2e20fb0', '2:30', 'Bottom Side'),
('8d09912b-d4ab-447e-9d79-ad2cb2e20fb0', '2:30', 'If I Were To Be You'),
('8d09912b-d4ab-447e-9d79-ad2cb2e20fb0', '2:30', 'Memories In The Shadow'),
('8d09912b-d4ab-447e-9d79-ad2cb2e20fb0', '2:30', 'Top Side'),
('8d09912b-d4ab-447e-9d79-ad2cb2e20fb0', '2:30', 'Too Bad The Scene Is Dead'),
('8d09912b-d4ab-447e-9d79-ad2cb2e20fb0', '2:30', 'Flashing Lights & Lazer Beams'),
('597bda01-5193-484e-8919-8817b79ed5d7', '2:30', 'Selling Memories'),
('597bda01-5193-484e-8919-8817b79ed5d7', '2:30', 'Colors Burn Out'),
('597bda01-5193-484e-8919-8817b79ed5d7', '2:30', 'Hanging On The Line'),
('597bda01-5193-484e-8919-8817b79ed5d7', '2:30', 'Shadows Dream Of Light'),
('a73dff7f-538c-4ae5-aadc-c5f88c23bb7f', '2:30', 'Livin My Music'),
('a73dff7f-538c-4ae5-aadc-c5f88c23bb7f', '2:30', 'Gotta Have You'),
('a73dff7f-538c-4ae5-aadc-c5f88c23bb7f', '2:30', 'Freaky'),
('a73dff7f-538c-4ae5-aadc-c5f88c23bb7f', '2:30', 'Into The Music'),
('a73dff7f-538c-4ae5-aadc-c5f88c23bb7f', '2:30', 'Burnin...'),
('a73dff7f-538c-4ae5-aadc-c5f88c23bb7f', '2:30', 'Bodysonic'),
('a73dff7f-538c-4ae5-aadc-c5f88c23bb7f', '2:30', 'We Glad You Funk'),
('a73dff7f-538c-4ae5-aadc-c5f88c23bb7f', '2:30', 'Shake Your Faith'),
('cc8eefec-3861-4f4a-95d5-7fc33471deaf', '9:51', 'Expression In E-Dub'),
('cc8eefec-3861-4f4a-95d5-7fc33471deaf', '11:11', 'Expression In E-Dub (Floppy Dub)'),
('0a07a3e3-09ec-4748-a64a-51cf5447221c', '2:30', 'Skunks'),
('0a07a3e3-09ec-4748-a64a-51cf5447221c', '2:30', 'Secretaria'),
('0a07a3e3-09ec-4748-a64a-51cf5447221c', '2:30', 'Bostonian'),
('0a07a3e3-09ec-4748-a64a-51cf5447221c', '2:30', 'Deeper'),
('c9715c7e-e9df-428c-a7e7-48c91168e4a5', '2:30', 'Do Ya Like It? (Futura Vox Mix)'),
('c9715c7e-e9df-428c-a7e7-48c91168e4a5', '2:30', 'Do Ya Like It? (The Dub)'),
('c9715c7e-e9df-428c-a7e7-48c91168e4a5', '2:30', 'Do Ya Like It? (Body & Soul Dub)'),
('c9715c7e-e9df-428c-a7e7-48c91168e4a5', '2:30', 'Do Ya Like It? (Body Beats)'),
('5dc0e926-fd8d-4181-bd0d-06a8e57e5ca9', '2:30', 'This Side'),
('5dc0e926-fd8d-4181-bd0d-06a8e57e5ca9', '2:30', 'Better Day (Salt City Orchestras Better Remix)'),
('5dc0e926-fd8d-4181-bd0d-06a8e57e5ca9', '2:30', 'That Side'),
('5dc0e926-fd8d-4181-bd0d-06a8e57e5ca9', '2:30', 'Better Day (Salt City Orchestras Better Dub)'),
('589a5170-c946-42cb-8b49-64c78d870b41', '6:53', 'Messages (Main Mix)'),
('589a5170-c946-42cb-8b49-64c78d870b41', '3:02', 'Messages (Beats)'),
('589a5170-c946-42cb-8b49-64c78d870b41', '4:20', 'Messages (Instrumental)'),
('589a5170-c946-42cb-8b49-64c78d870b41', '5:10', 'Messages (Mess-Apella)'),
('f2d862af-8ad2-4608-aec1-9551be85c649', '2:30', 'Universal (Part One)'),
('f2d862af-8ad2-4608-aec1-9551be85c649', '2:30', 'Universal (Part Two)'),
('f2d862af-8ad2-4608-aec1-9551be85c649', '2:30', 'Basement Nights'),
('6212e49a-a23e-4641-86eb-8a6b6668b433', '2:30', 'Fundamental'),
('6212e49a-a23e-4641-86eb-8a6b6668b433', '2:30', 'Growth'),
('6212e49a-a23e-4641-86eb-8a6b6668b433', '2:30', 'Zen'),
('6212e49a-a23e-4641-86eb-8a6b6668b433', '2:30', 'Theory'),
('704213d4-da2e-4297-bce1-b7f783d88fbc', '2:30', 'Charge'),
('704213d4-da2e-4297-bce1-b7f783d88fbc', '2:30', 'Interval'),
('704213d4-da2e-4297-bce1-b7f783d88fbc', '2:30', 'Modul'),
('704213d4-da2e-4297-bce1-b7f783d88fbc', '2:30', '2010'),
('eb582976-fd1d-4ad6-ba9c-dfdc859d7335', '2:30', 'The Breeze'),
('eb582976-fd1d-4ad6-ba9c-dfdc859d7335', '2:30', 'Sax That Ass'),
('eb582976-fd1d-4ad6-ba9c-dfdc859d7335', '2:30', 'Mota-Vation'),
('bed114e4-2cf2-4b9f-8fd6-14870de8b000', '2:30', 'Mushrooms (Salt City Orchestra Out There Mix)'),
('bed114e4-2cf2-4b9f-8fd6-14870de8b000', '2:30', 'Mushrooms (Timewriter Mix)'),
('13b17b26-c1a8-4977-9d4a-f23a91164266', '2:30', 'Alchemy (Original Mix)'),
('13b17b26-c1a8-4977-9d4a-f23a91164266', '2:30', 'Alchemy (Remix By Seba)'),
('13b17b26-c1a8-4977-9d4a-f23a91164266', '2:30', 'Alchemy (Remix By Erot)'),
('3a2ca33a-4c74-47c7-b157-8a82f6bea97e', '9:04', 'Klugh (Main Mix)'),
('3a2ca33a-4c74-47c7-b157-8a82f6bea97e', '11:13', 'Klugh (DJ Dozias Mix)'),
('77ee7e9b-baf2-46ae-9d8e-97858a2a6c84', '2:30', 'Significant Numbers'),
('77ee7e9b-baf2-46ae-9d8e-97858a2a6c84', '2:30', 'String Theory'),
('77ee7e9b-baf2-46ae-9d8e-97858a2a6c84', '2:30', 'A World Below'),
('77ee7e9b-baf2-46ae-9d8e-97858a2a6c84', '2:30', 'Shadow Breaks The Scene'),
('56000f18-f614-4add-ae43-22162353945d', '5:35', 'Focus & Temper'),
('56000f18-f614-4add-ae43-22162353945d', '6:23', 'Stretch Forever'),
('56000f18-f614-4add-ae43-22162353945d', '5:52', 'Magic Fit & Free'),
('56000f18-f614-4add-ae43-22162353945d', '5:50', 'Channels Of Thought'),
('a48c2a3c-ab79-464d-853e-9a4134380f24', '2:30', 'Method'),
('a48c2a3c-ab79-464d-853e-9a4134380f24', '2:30', 'My Groove'),
('7955efcb-a353-4932-a080-e987d7357f5b', '6:23', 'Morgon Dagg.'),
('7955efcb-a353-4932-a080-e987d7357f5b', '5:58', 'Rosen Blad'),
('a6397c75-00be-4557-b904-2d4908bcc73b', '2:30', 'Why U Wanna?'),
('a6397c75-00be-4557-b904-2d4908bcc73b', '2:30', 'Why U Wanna? (Alexis Cornershot Remix)'),
('a6397c75-00be-4557-b904-2d4908bcc73b', '2:30', 'Inside My Soul'),
('a6397c75-00be-4557-b904-2d4908bcc73b', '2:30', 'Attack (Dont Let No One)'),
('2c3149a5-b1b6-4979-ab4e-fc13458d78fd', '2:30', 'K2morrow'),
('2c3149a5-b1b6-4979-ab4e-fc13458d78fd', '2:30', 'The Disco Man'),
('2c3149a5-b1b6-4979-ab4e-fc13458d78fd', '2:30', 'Making Changes (4am Vibez)'),
('2c3149a5-b1b6-4979-ab4e-fc13458d78fd', '2:30', 'Up Jumped The Boogie'),
('550ed636-c372-4a6b-b6e0-fcfeac53378e', '2:30', 'Thats Why Im Here (Migs Deluxe Soul Vocal)'),
('550ed636-c372-4a6b-b6e0-fcfeac53378e', '2:30', 'Thats Why Im Here (Migs Modscape Dub)'),
('550ed636-c372-4a6b-b6e0-fcfeac53378e', '2:30', 'Thats Why Im Here (Migs Transporters Vocal)'),
('8080e391-9a3f-49ce-9774-a185d663f43a', '2:30', 'Rydym'),
('8080e391-9a3f-49ce-9774-a185d663f43a', '2:30', 'Pillock'),
('a94acb77-a750-4af9-a872-8d0a73f4cce6', '7:16', 'Rosery Pilots'),
('a94acb77-a750-4af9-a872-8d0a73f4cce6', '7:05', 'Avidya'),
('a94acb77-a750-4af9-a872-8d0a73f4cce6', '7:36', 'Parasight'),
('a94acb77-a750-4af9-a872-8d0a73f4cce6', '7:17', 'Island'),
('47857900-ab76-4ee7-a725-d8275ce542bc', '2:30', 'Lovelife (Skydiver Remix)'),
('47857900-ab76-4ee7-a725-d8275ce542bc', '2:30', 'Lovelife (Full Mix)'),
('6d6252dc-37a4-43c6-8ac4-bc776a407db8', '2:30', 'Our Love Is New'),
('6d6252dc-37a4-43c6-8ac4-bc776a407db8', '2:30', 'Form Of Being'),
('6d6252dc-37a4-43c6-8ac4-bc776a407db8', '2:30', 'Let Me Go'),
('d21c93f1-d135-41df-8dc9-03f1f4575542', '9:16', 'Porno'),
('d21c93f1-d135-41df-8dc9-03f1f4575542', '6:21', 'Back-To-Basics (Original)'),
('d21c93f1-d135-41df-8dc9-03f1f4575542', '9:23', 'Heavenly (Remix)'),
('d21c93f1-d135-41df-8dc9-03f1f4575542', '2:32', 'Aquagum'),
('d21c93f1-d135-41df-8dc9-03f1f4575542', '5:19', 'Green Light'),
('796adaf5-b58e-4822-9610-15fc7244ccef', '4:13', 'Cobolt'),
('796adaf5-b58e-4822-9610-15fc7244ccef', '3:04', 'Untitled'),
('796adaf5-b58e-4822-9610-15fc7244ccef', '5:19', 'Cometh'),
('796adaf5-b58e-4822-9610-15fc7244ccef', '3:40', 'Untitled'),
('796adaf5-b58e-4822-9610-15fc7244ccef', '0:11', 'Untitled'),
('c1e4e188-6c2c-4c07-8b02-ccf2856b6bb3', '2:30', 'More'),
('c1e4e188-6c2c-4c07-8b02-ccf2856b6bb3', '3:35', 'Scenario'),
('c1e4e188-6c2c-4c07-8b02-ccf2856b6bb3', '3:34', 'Switchblade'),
('c1e4e188-6c2c-4c07-8b02-ccf2856b6bb3', '2:30', 'Drama'),
('c1e4e188-6c2c-4c07-8b02-ccf2856b6bb3', '3:40', 'The Fuzz (Loophole Mix)'),
('c1e4e188-6c2c-4c07-8b02-ccf2856b6bb3', '3:20', 'Getaway'),
('761e3a9c-8bfc-4b0a-b51f-5c2e58d53fc6', '2:30', 'Introludus'),
('761e3a9c-8bfc-4b0a-b51f-5c2e58d53fc6', '2:30', 'Play Hard'),
('761e3a9c-8bfc-4b0a-b51f-5c2e58d53fc6', '2:30', 'Sidewalk'),
('761e3a9c-8bfc-4b0a-b51f-5c2e58d53fc6', '2:30', 'Too Funk To Funk'),
('e37c0e6a-c09e-4d67-9d2b-265ca53a7789', '2:30', 'Sol Patrol (Migs Transporters Vibe)'),
('e37c0e6a-c09e-4d67-9d2b-265ca53a7789', '2:30', 'Sol Patrol (Migs Summer Deluxe Mix)'),
('e37c0e6a-c09e-4d67-9d2b-265ca53a7789', '2:30', 'When You Hold Me (Rasoul Ride)'),
('e37c0e6a-c09e-4d67-9d2b-265ca53a7789', '2:30', '89 Memory (Nocturnz)'),
('41560e07-24d6-450d-af4f-694cd0359f7c', '2:30', 'Fall'),
('41560e07-24d6-450d-af4f-694cd0359f7c', '2:30', 'Instant Salsa'),
('d7b04103-2831-4cdb-8ce9-2ed099ec5322', '2:30', 'This Side'),
('d7b04103-2831-4cdb-8ce9-2ed099ec5322', '6:05', 'Love & Happiness (Stay Alnight Mix)'),
('d7b04103-2831-4cdb-8ce9-2ed099ec5322', '6:51', 'Love & Happiness (Happiness Mix)'),
('d7b04103-2831-4cdb-8ce9-2ed099ec5322', '2:30', 'Logo Side'),
('d7b04103-2831-4cdb-8ce9-2ed099ec5322', '8:42', 'Love & Happiness (Original Mix)'),
('ce8ea2a5-286c-4a3f-995e-be50f929b068', '8:45', 'Tall Stories (Extended Mix)'),
('ce8ea2a5-286c-4a3f-995e-be50f929b068', '6:01', 'Tall Stories (Pooleys Deep Mix)'),
('ce8ea2a5-286c-4a3f-995e-be50f929b068', '6:13', 'Tall Stories (Pooleys "Lars From Mars" Mix)'),
('f7ef38e2-3198-414b-9dff-1f6437fef3e6', '2:30', 'Bring The Children'),
('f7ef38e2-3198-414b-9dff-1f6437fef3e6', '2:30', 'Latin Jam'),
('f7ef38e2-3198-414b-9dff-1f6437fef3e6', '2:30', 'Tribal Sky'),
('68712fec-7685-41e6-bd0c-b1f0b58dba5e', '2:30', 'Touch Me'),
('68712fec-7685-41e6-bd0c-b1f0b58dba5e', '2:30', 'Chicharron'),
('e19bbcd3-13f2-4d4c-a13c-8361e31ff30c', '2:30', 'The Big Bang Theory (By Jean Louis Huhta)'),
('e19bbcd3-13f2-4d4c-a13c-8361e31ff30c', '2:30', 'The Big Bang Theory (Remix By Stephan G & The Persuader)'),
('b424a2c5-69ec-4610-9513-3ada39b99d71', '2:30', 'Stereo (Global Communication Remix)'),
('b424a2c5-69ec-4610-9513-3ada39b99d71', '2:30', 'Stereo (Joshuas Duotone Mix)'),
('3bffba86-1aac-48bd-a8d9-d59e696e2e18', '8:45', 'Blue Monday (Club 69 Mix)'),
('3bffba86-1aac-48bd-a8d9-d59e696e2e18', '7:00', 'Blue Monday (DJ Dan Mix)'),
('3bffba86-1aac-48bd-a8d9-d59e696e2e18', '6:33', 'Blue Monday (Optical Mix)'),
('3bffba86-1aac-48bd-a8d9-d59e696e2e18', '6:08', 'Stitches (Green Velvet Mix)'),
('ac177aaa-a0b9-4226-8c68-ab90f292ccb1', '2:30', 'Highly Superstitious (Remix 1)'),
('ac177aaa-a0b9-4226-8c68-ab90f292ccb1', '2:30', 'Highly Superstitious (Apollo Dub)'),
('ac177aaa-a0b9-4226-8c68-ab90f292ccb1', '2:30', 'Highly Superstitious (Remix 2)'),
('ac177aaa-a0b9-4226-8c68-ab90f292ccb1', '2:30', 'Highly Superstitious (Crash Beats)'),
('3db628c3-feca-4dc7-b56d-553f8f080cf8', '8:34', 'Get Down'),
('3db628c3-feca-4dc7-b56d-553f8f080cf8', '8:36', 'Fullmoon'),
('3db628c3-feca-4dc7-b56d-553f8f080cf8', '6:02', 'Eye To Eye'),
('3db628c3-feca-4dc7-b56d-553f8f080cf8', '5:51', 'Freeky Deeky'),
('3db628c3-feca-4dc7-b56d-553f8f080cf8', '6:08', 'Flash'),
('3db628c3-feca-4dc7-b56d-553f8f080cf8', '8:10', 'Memories Of You'),
('3db628c3-feca-4dc7-b56d-553f8f080cf8', '5:48', 'I Find Myself'),
('3db628c3-feca-4dc7-b56d-553f8f080cf8', '8:23', 'Kosmic Funk'),
('3db628c3-feca-4dc7-b56d-553f8f080cf8', '5:20', 'The Deathmarch'),
('3db628c3-feca-4dc7-b56d-553f8f080cf8', '8:43', 'Alley Cat'),
('5cf9899c-02ea-4123-a770-24ffba56e632', '6:32', 'Just In'),
('5cf9899c-02ea-4123-a770-24ffba56e632', '6:07', 'Fouestre & Rhythm'),
('5cf9899c-02ea-4123-a770-24ffba56e632', '6:15', 'Sweet Night'),
('6bfe61ba-cf2a-416e-99b1-a896dc1aac48', '8:29', 'Somethin Else'),
('6bfe61ba-cf2a-416e-99b1-a896dc1aac48', '6:44', 'Welcome'),
('6bfe61ba-cf2a-416e-99b1-a896dc1aac48', '8:41', 'What Gets You By'),
('6bfe61ba-cf2a-416e-99b1-a896dc1aac48', '5:21', 'Lets Cha-Cha'),
('6bfe61ba-cf2a-416e-99b1-a896dc1aac48', '0:59', 'Wind & Water'),
('ae08d21e-81e6-4f4e-b301-8768495e8da8', '5:17', 'Whats Your Number (Paradise Mixx)'),
('ae08d21e-81e6-4f4e-b301-8768495e8da8', '7:28', 'Whats Your Number (Original Mix)'),
('ae08d21e-81e6-4f4e-b301-8768495e8da8', '6:59', 'Whats Your Number (Jazzanova Renumber)'),
('ae08d21e-81e6-4f4e-b301-8768495e8da8', '6:29', 'Whats Your Number (SWAG FM Mix)'),
('a59178ab-44e5-43e3-8371-ade6d2742cdd', '2:30', 'Shifting Gears'),
('a59178ab-44e5-43e3-8371-ade6d2742cdd', '2:30', 'Nothing To See, Hear'),
('a59178ab-44e5-43e3-8371-ade6d2742cdd', '2:30', 'More Than A Little Bit'),
('a59178ab-44e5-43e3-8371-ade6d2742cdd', '2:30', 'The Dub (A Little Less)'),
('89cc5c61-4d80-4070-92c0-2729c60e6c32', '2:30', 'Jive (Attaboy Remix)'),
('89cc5c61-4d80-4070-92c0-2729c60e6c32', '2:30', 'Jive (Natural Rhythm Remix)'),
('89cc5c61-4d80-4070-92c0-2729c60e6c32', '2:30', 'Jive (Swag Remix)'),
('89cc5c61-4d80-4070-92c0-2729c60e6c32', '2:30', 'Back To The Bird'),
('780cabf0-5d2f-4117-967c-fe087357be15', '2:30', 'Got 2 B U'),
('780cabf0-5d2f-4117-967c-fe087357be15', '2:30', 'The Roots'),
('780cabf0-5d2f-4117-967c-fe087357be15', '2:30', 'Peace Of Mind'),
('70b6590e-cd2a-4c90-b787-9ad8ace6d8ec', '2:30', 'Party Stomp'),
('70b6590e-cd2a-4c90-b787-9ad8ace6d8ec', '2:30', 'Feels So Good'),
('7a7d10ff-758b-4d5c-a6b4-263236c1b925', '6:21', 'Go Home (Original Mix)'),
('7a7d10ff-758b-4d5c-a6b4-263236c1b925', '3:04', 'Go Home (Go Street Beats)'),
('7a7d10ff-758b-4d5c-a6b4-263236c1b925', '10:28', 'Go Home (Street Mix)'),
('55bb580b-3464-4e4e-b764-e9ee555b9e64', '2:30', 'Future! (Original Mix)'),
('55bb580b-3464-4e4e-b764-e9ee555b9e64', '2:30', 'Disko Tone'),
('3c541548-0e80-4edf-973f-19b0faf19e0a', '2:30', 'Info Side'),
('3c541548-0e80-4edf-973f-19b0faf19e0a', '2:30', 'Jazzmorphosis (Groovy Sax Mix)'),
('3c541548-0e80-4edf-973f-19b0faf19e0a', '2:30', 'Jazzmorphosis (Jazzy Piano Mix)'),
('3c541548-0e80-4edf-973f-19b0faf19e0a', '2:30', '83 West Side'),
('3c541548-0e80-4edf-973f-19b0faf19e0a', '2:30', 'Jazzmorphosis (Bumpin Sax Mix)'),
('3376a403-d02e-4d25-97c3-8a42966c813f', '2:30', 'Pulse'),
('3376a403-d02e-4d25-97c3-8a42966c813f', '2:30', 'Morfe'),
('1421d2c9-0512-4a13-b005-f388536b038a', '2:30', 'Infrared'),
('1421d2c9-0512-4a13-b005-f388536b038a', '2:30', 'Infra-Dub'),
('1421d2c9-0512-4a13-b005-f388536b038a', '2:30', 'Changing Wave'),
('1421d2c9-0512-4a13-b005-f388536b038a', '2:30', 'Earthtones 002'),
('25c9a2b9-e5fc-4809-8076-ed0578e62b3c', '5:15', 'Children Talking'),
('25c9a2b9-e5fc-4809-8076-ed0578e62b3c', '6:48', 'Hangable Auto Bulb'),
('25c9a2b9-e5fc-4809-8076-ed0578e62b3c', '2:58', 'Laughable Butane Bob'),
('25c9a2b9-e5fc-4809-8076-ed0578e62b3c', '0:06', 'Bit'),
('25c9a2b9-e5fc-4809-8076-ed0578e62b3c', '4:25', 'Custodian Discount'),
('25c9a2b9-e5fc-4809-8076-ed0578e62b3c', '5:30', 'Wabby Legs'),
('c948fc36-e1ff-4902-8c35-777ca66e64e2', '3:44', 'Every Day'),
('c948fc36-e1ff-4902-8c35-777ca66e64e2', '5:23', 'Arched Maid Via RDJ'),
('d554e5ca-335a-4752-ae78-edc3d17961d5', '6:57', 'Souff Souff'),
('d554e5ca-335a-4752-ae78-edc3d17961d5', '2:51', 'Friendly Aside'),
('d554e5ca-335a-4752-ae78-edc3d17961d5', '4:52', 'Dig Deep Bin'),
('d554e5ca-335a-4752-ae78-edc3d17961d5', '4:50', 'Jujasm'),
('cf5450ea-5929-4d5c-a7f3-ff05821417fa', '2:30', 'Call Of The Wild'),
('cf5450ea-5929-4d5c-a7f3-ff05821417fa', '2:30', 'Skin Deep'),
('cf5450ea-5929-4d5c-a7f3-ff05821417fa', '2:30', 'L8'),
('cf5450ea-5929-4d5c-a7f3-ff05821417fa', '2:30', 'Scout'),
('7d9f1b45-5465-4978-b0eb-023cb7e1b169', '4:12', 'La Force'),
('7d9f1b45-5465-4978-b0eb-023cb7e1b169', '4:36', 'Division De Lignes'),
('7d9f1b45-5465-4978-b0eb-023cb7e1b169', '4:50', 'Captivater'),
('7d9f1b45-5465-4978-b0eb-023cb7e1b169', '4:55', 'Leader Rouge'),
('9fe5dec1-5d3e-48ae-bbdb-1db362f3058c', '4:52', 'What If'),
('9fe5dec1-5d3e-48ae-bbdb-1db362f3058c', '4:43', 'Eclipse'),
('9fe5dec1-5d3e-48ae-bbdb-1db362f3058c', '4:55', 'The Fear As We Know It'),
('84d27ba7-b5c3-4d24-b2e7-50101c90597e', '2:30', 'U Can Get It'),
('84d27ba7-b5c3-4d24-b2e7-50101c90597e', '2:30', 'Time Is Up'),
('84d27ba7-b5c3-4d24-b2e7-50101c90597e', '2:30', 'Time Is Up (JT Donaldson Time Consumption Mix)'),
('183c27a6-71cf-429c-89f5-b33ef3560c34', '2:30', 'Something Big'),
('183c27a6-71cf-429c-89f5-b33ef3560c34', '2:30', 'Trials Of Life'),
('5eecab9e-9048-41ee-9ae2-0489fee67b0a', '2:30', 'Visions In Motion'),
('5eecab9e-9048-41ee-9ae2-0489fee67b0a', '2:30', 'Nasty Rhythm'),
('5eecab9e-9048-41ee-9ae2-0489fee67b0a', '2:30', 'Get Down Wid Yo Bad Self'),
('f68b7a82-4ea4-4757-9597-483b9cae8a08', '2:30', 'Luv Soundz (Transport Theme)'),
('f68b7a82-4ea4-4757-9597-483b9cae8a08', '2:30', 'Those Nights'),
('25c3a62b-9788-45a7-b97a-e7327e7aff44', '2:30', 'Doobie'),
('25c3a62b-9788-45a7-b97a-e7327e7aff44', '2:30', 'Floyd'),
('9d8e1d86-ccd6-4b70-b593-77f2bd0070f0', '2:30', 'Fly Ball'),
('9d8e1d86-ccd6-4b70-b593-77f2bd0070f0', '2:30', 'Fly Beats'),
('9d8e1d86-ccd6-4b70-b593-77f2bd0070f0', '2:30', 'Everybody'),
('9d8e1d86-ccd6-4b70-b593-77f2bd0070f0', '2:30', 'Crowd Control'),
('0f64da01-4847-4c9f-a7f2-522e11fff7fd', '7:19', 'Midsummer Day'),
('0f64da01-4847-4c9f-a7f2-522e11fff7fd', '5:57', 'Midsummer Night (Original Mix)'),
('0f64da01-4847-4c9f-a7f2-522e11fff7fd', '5:15', 'Honung'),
('86b060d2-937a-4467-9dd2-eb47846238a1', '2:30', 'Things You Said'),
('86b060d2-937a-4467-9dd2-eb47846238a1', '2:30', 'After The Rain'),
('86b060d2-937a-4467-9dd2-eb47846238a1', '2:30', 'Things You Said...Version 2'),
('86b060d2-937a-4467-9dd2-eb47846238a1', '2:30', 'Festen'),
('d857a082-c013-4b07-b314-88e7aec2782f', '2:30', 'Starlight City'),
('d857a082-c013-4b07-b314-88e7aec2782f', '2:30', 'Natural Juices'),
('d857a082-c013-4b07-b314-88e7aec2782f', '2:30', 'Night Shift'),
('d857a082-c013-4b07-b314-88e7aec2782f', '2:30', 'Soul Kisses'),
('dc847ff0-1bf4-4da0-8782-d105d94b1e9b', '7:18', 'The Season (Swags Vocal Mix)'),
('dc847ff0-1bf4-4da0-8782-d105d94b1e9b', '6:17', 'The Season (Swags Alternative Dub)'),
('dc847ff0-1bf4-4da0-8782-d105d94b1e9b', '6:53', 'The Season (Original Mix)'),
('5ffe7947-fdf9-4a8e-811e-4a437268c939', '2:30', 'Barracuda'),
('5ffe7947-fdf9-4a8e-811e-4a437268c939', '2:30', 'Sound Of Speed'),
('5ffe7947-fdf9-4a8e-811e-4a437268c939', '2:30', 'Hyperspace Is The Place'),
('a96be9be-1938-4419-a94c-81556c76ff9d', '2:30', 'Departure'),
('a96be9be-1938-4419-a94c-81556c76ff9d', '2:30', 'Lonely Man'),
('a96be9be-1938-4419-a94c-81556c76ff9d', '2:30', 'Windows'),
('1eade9c5-bfc3-45b0-b464-eb9af067a58b', '2:30', 'Late'),
('1eade9c5-bfc3-45b0-b464-eb9af067a58b', '2:30', 'The Dragon Lady'),
('1eade9c5-bfc3-45b0-b464-eb9af067a58b', '2:30', 'The Quest'),
('b4c9ffdc-0eb3-4cb3-bf3f-bc298895132d', '2:30', 'T.I.O'),
('b4c9ffdc-0eb3-4cb3-bf3f-bc298895132d', '2:30', 'Lazy Reflex'),
('b4c9ffdc-0eb3-4cb3-bf3f-bc298895132d', '2:30', 'Sunny Side Up'),
('b4c9ffdc-0eb3-4cb3-bf3f-bc298895132d', '2:30', 'Cyclic Unity'),
('319426c4-415c-474d-8a95-7f39aa1320ca', '5:41', 'Sand'),
('319426c4-415c-474d-8a95-7f39aa1320ca', '6:30', 'Vatten (Dub)'),
('319426c4-415c-474d-8a95-7f39aa1320ca', '8:02', 'Vatten'),
('319426c4-415c-474d-8a95-7f39aa1320ca', '3:46', 'Sand (Dub)'),
('08135561-ef9a-4c95-9c2f-41492c1ce027', '2:30', 'Lost'),
('08135561-ef9a-4c95-9c2f-41492c1ce027', '2:30', 'Djarum'),
('08135561-ef9a-4c95-9c2f-41492c1ce027', '2:30', 'Flutter'),
('d6e70d05-f47b-4e8f-911c-913f753d7d43', '7:24', 'Lost'),
('d6e70d05-f47b-4e8f-911c-913f753d7d43', '7:19', 'Djarum'),
('d6e70d05-f47b-4e8f-911c-913f753d7d43', '9:57', 'Flutter'),
('7601b396-36a3-4b55-b145-6f0aa2d5ccb7', '5:53', 'Humba'),
('7601b396-36a3-4b55-b145-6f0aa2d5ccb7', '10:14', 'Khala'),
('57bb0052-8971-4816-b61c-79e97c4df963', '2:30', 'Kalinka'),
('57bb0052-8971-4816-b61c-79e97c4df963', '2:30', 'Harmony Bylsisters'),
('57bb0052-8971-4816-b61c-79e97c4df963', '2:30', 'Jallu Cola'),
('57bb0052-8971-4816-b61c-79e97c4df963', '2:30', 'Restless Cinderella'),
('40eb6e58-5ae3-4702-9638-4e3157d963fd', '7:59', 'Key Nell 1'),
('40eb6e58-5ae3-4702-9638-4e3157d963fd', '11:11', 'Key Nell 2'),
('40eb6e58-5ae3-4702-9638-4e3157d963fd', '8:09', 'Key Nell 3'),
('40eb6e58-5ae3-4702-9638-4e3157d963fd', '11:23', 'Key Nell 4'),
('26fcff3e-0fda-4bed-95ea-2ff15c98ecda', '9:24', 'Keynell'),
('26fcff3e-0fda-4bed-95ea-2ff15c98ecda', '10:14', 'Keynell'),
('cad63646-5130-4c75-9170-74bcc9388a1c', '2:30', 'Smokin Love (Late Nite Mix)'),
('cad63646-5130-4c75-9170-74bcc9388a1c', '2:30', 'Smokin Love (Sefton Groove)'),
('cad63646-5130-4c75-9170-74bcc9388a1c', '2:30', 'Smokin Love (Northern Light Mix)'),
('e8443a0a-3428-4872-bc60-784b5191fb5b', '5:04', 'Hocus Pocus'),
('e8443a0a-3428-4872-bc60-784b5191fb5b', '5:21', 'The Lovely Assistant'),
('e8443a0a-3428-4872-bc60-784b5191fb5b', '5:26', 'Wheres My Rabbit?'),
('e8443a0a-3428-4872-bc60-784b5191fb5b', '5:27', 'Encore'),
('17db518d-c66b-44ca-90ad-6a23d50287c6', '4:46', 'The Bells'),
('17db518d-c66b-44ca-90ad-6a23d50287c6', '4:22', 'Kat Race'),
('17db518d-c66b-44ca-90ad-6a23d50287c6', '5:32', 'Alarms'),
('17db518d-c66b-44ca-90ad-6a23d50287c6', '4:48', 'Cyclone'),
('02589e09-f003-4a89-b47b-00641410c6ea', '2:30', 'The Crypt'),
('02589e09-f003-4a89-b47b-00641410c6ea', '2:30', 'The Crypt (Double Mix)'),
('02589e09-f003-4a89-b47b-00641410c6ea', '2:30', 'Jazzthetic'),
('4a65a7fc-34eb-4b1a-86a5-b38c4c5be8ea', '2:30', 'Hold Me'),
('4a65a7fc-34eb-4b1a-86a5-b38c4c5be8ea', '2:30', 'Getting Hot'),
('4a65a7fc-34eb-4b1a-86a5-b38c4c5be8ea', '2:30', 'Skindeep'),
('65a04b45-8ef7-4c29-b56a-c909966a7c85', '2:30', 'Spaced Jam'),
('65a04b45-8ef7-4c29-b56a-c909966a7c85', '2:30', 'Beatin Bonus'),
('65a04b45-8ef7-4c29-b56a-c909966a7c85', '2:30', 'Hear Dis Sound'),
('68250b84-f132-4760-bedf-83f532acad41', '8:38', 'Beautiful World'),
('68250b84-f132-4760-bedf-83f532acad41', '4:53', 'Beautiful World (Nu-Era Remake)'),
('68250b84-f132-4760-bedf-83f532acad41', '7:10', 'Elektra'),
('1baf6218-44c8-4ec0-bbc9-94866e4dcfca', '2:30', 'Carismo'),
('1baf6218-44c8-4ec0-bbc9-94866e4dcfca', '2:30', 'Carismo (Remix)'),
('1baf6218-44c8-4ec0-bbc9-94866e4dcfca', '2:30', 'Drummers Dawn'),
('91cfbeb6-9e2d-47b5-a054-3a83ca6b0a38', '2:30', 'Deep Down'),
('91cfbeb6-9e2d-47b5-a054-3a83ca6b0a38', '2:30', 'Youre Still Here'),
('91cfbeb6-9e2d-47b5-a054-3a83ca6b0a38', '2:30', 'Scattered Dreams'),
('1f70baec-a380-43ea-8474-4f19e80c90e8', '2:30', '3rd Grade Education'),
('1f70baec-a380-43ea-8474-4f19e80c90e8', '2:30', 'Are We Thru'),
('1f70baec-a380-43ea-8474-4f19e80c90e8', '2:30', 'Freeman'),
('1f70baec-a380-43ea-8474-4f19e80c90e8', '2:30', 'Dont Need Nobody'),
('1f70baec-a380-43ea-8474-4f19e80c90e8', '2:30', 'Blow Me Down'),
('1f70baec-a380-43ea-8474-4f19e80c90e8', '2:30', '16 Again'),
('1f70baec-a380-43ea-8474-4f19e80c90e8', '2:30', 'Gotta Hear It Nartural'),
('1f70baec-a380-43ea-8474-4f19e80c90e8', '2:30', 'Sweet Bird'),
('3fd16dae-512c-4671-b00c-9e432aef8198', '8:08', 'FreeMan (Ians Groove)'),
('3fd16dae-512c-4671-b00c-9e432aef8198', '6:31', 'Love Searchin'),
('3fd16dae-512c-4671-b00c-9e432aef8198', '6:23', 'Space Floor'),
('3fd16dae-512c-4671-b00c-9e432aef8198', '9:26', 'Pac'),
('9fe2f72d-d0a5-402b-b1ee-abe84379a923', '8:40', 'A Polished Solid'),
('9fe2f72d-d0a5-402b-b1ee-abe84379a923', '7:11', 'Radart'),
('9fe2f72d-d0a5-402b-b1ee-abe84379a923', '4:48', 'Frogs Belly'),
('432a77e8-f2b1-4b1b-bcd9-76e3bfd0a0ba', '2:30', 'Severance'),
('432a77e8-f2b1-4b1b-bcd9-76e3bfd0a0ba', '2:30', 'Feels Funny'),
('432a77e8-f2b1-4b1b-bcd9-76e3bfd0a0ba', '2:30', 'Sun Dried (Swayzak Remix)'),
('432a77e8-f2b1-4b1b-bcd9-76e3bfd0a0ba', '2:30', 'Deep Sea'),
('e97ddffb-92bd-445a-b518-9a063b255bb0', '2:30', 'Omnipotent Tone'),
('e97ddffb-92bd-445a-b518-9a063b255bb0', '2:30', 'The Beauty Of Final Causes'),
('e97ddffb-92bd-445a-b518-9a063b255bb0', '2:30', 'Supple Her Skin'),
('e97ddffb-92bd-445a-b518-9a063b255bb0', '2:30', 'On The Veranda'),
('e97ddffb-92bd-445a-b518-9a063b255bb0', '2:30', 'Stone Meets Water'),
('4a04e1e8-3108-4047-a740-c8106ccc7421', '5:42', 'All Right'),
('4a04e1e8-3108-4047-a740-c8106ccc7421', '5:18', 'Deeper'),
('4a04e1e8-3108-4047-a740-c8106ccc7421', '5:38', 'Sun Dried'),
('4a04e1e8-3108-4047-a740-c8106ccc7421', '5:40', 'Indulgement'),
('4a04e1e8-3108-4047-a740-c8106ccc7421', '2:36', 'Roots'),
('27e22d34-b8bf-4ca5-8cad-9ca84ef5f36e', '2:30', 'Fluid'),
('27e22d34-b8bf-4ca5-8cad-9ca84ef5f36e', '2:30', 'Fluid Beats'),
('27e22d34-b8bf-4ca5-8cad-9ca84ef5f36e', '2:30', 'Circus'),
('27e22d34-b8bf-4ca5-8cad-9ca84ef5f36e', '2:30', 'Primavolta'),
('3f497402-27d2-4e8f-87d7-547af66c04d8', '2:30', 'Hypnotize'),
('3f497402-27d2-4e8f-87d7-547af66c04d8', '2:30', 'Hypnoreprise'),
('3f497402-27d2-4e8f-87d7-547af66c04d8', '2:30', 'Rest In Peace My Brother'),
('3f497402-27d2-4e8f-87d7-547af66c04d8', '2:30', 'Sunlight'),
('563e6a98-ce21-49bd-a241-c95e01cb34c8', '2:30', 'Speaking With Sounds'),
('563e6a98-ce21-49bd-a241-c95e01cb34c8', '2:30', 'Larrys Groove'),
('563e6a98-ce21-49bd-a241-c95e01cb34c8', '2:30', 'Leading The Quiet Life'),
('563e6a98-ce21-49bd-a241-c95e01cb34c8', '2:30', 'The Very Last Time'),
('15050eea-b4e8-4986-a688-e3beae3ff594', '2:30', 'Dejavu'),
('15050eea-b4e8-4986-a688-e3beae3ff594', '2:30', 'Whispers'),
('fe0c4b19-5ee3-46ac-9242-67c97449dacf', '2:30', 'Bless The Funk'),
('fe0c4b19-5ee3-46ac-9242-67c97449dacf', '2:30', 'Mama Said Bless The Funk'),
('fe0c4b19-5ee3-46ac-9242-67c97449dacf', '2:30', 'Bless The Funk (Radio Mix)'),
('29310c5b-63c6-46fa-97b1-2d959b14450e', '6:04', 'Un Momento Solo (North 5th. St. Dub)'),
('29310c5b-63c6-46fa-97b1-2d959b14450e', '6:44', 'Your Love Is Incredible'),
('29310c5b-63c6-46fa-97b1-2d959b14450e', '7:43', 'Roots'),
('29310c5b-63c6-46fa-97b1-2d959b14450e', '7:06', 'Un Momento Solo (Straight Up Mix)'),
('189f40c3-3bee-419e-8ccc-2896dab2f450', '8:41', 'No Communication, No Love (Devastating) (Original Mix)'),
('189f40c3-3bee-419e-8ccc-2896dab2f450', '7:00', 'No Communication, No Love (Devastating) (Salt City Orchestra Mix)'),
('189f40c3-3bee-419e-8ccc-2896dab2f450', '6:00', 'No Communication, No Love (Devastating) (Front Desk Mix)'),
('189f40c3-3bee-419e-8ccc-2896dab2f450', '7:53', 'No Communication, No Love (Devastating) (Street Corner Symphony Mix)'),
('189f40c3-3bee-419e-8ccc-2896dab2f450', '9:36', 'No Communication, No Love (Devastating) (Discocaine Ruff Afro Mix)'),
('95f90589-8e7d-42ef-b64f-0cdfcbc7bb76', '2:30', 'This Side'),
('95f90589-8e7d-42ef-b64f-0cdfcbc7bb76', '2:30', 'Groove Asylum'),
('95f90589-8e7d-42ef-b64f-0cdfcbc7bb76', '2:30', 'Te Quiero'),
('95f90589-8e7d-42ef-b64f-0cdfcbc7bb76', '2:30', 'Logo Side'),
('95f90589-8e7d-42ef-b64f-0cdfcbc7bb76', '2:30', 'Round In My Mind (Take 1)'),
('95f90589-8e7d-42ef-b64f-0cdfcbc7bb76', '2:30', 'Round In My Mind (Take 2)'),
('d5bed51f-4119-4986-ade3-77c4fc71edca', '11:13', 'New York, New York (Headfuq Mix)'),
('d5bed51f-4119-4986-ade3-77c4fc71edca', '9:42', 'New York, New York (Hyp Mix)'),
('d5bed51f-4119-4986-ade3-77c4fc71edca', '2:11', 'New York, New York (The Bonus)'),
('faf6eb0b-3465-4a29-9204-610887a0f58a', '5:58', 'Card Hore'),
('faf6eb0b-3465-4a29-9204-610887a0f58a', '5:56', 'Oak Hanger'),
('faf6eb0b-3465-4a29-9204-610887a0f58a', '6:02', 'Nausicaä'),
('faf6eb0b-3465-4a29-9204-610887a0f58a', '7:03', 'Stainless Steel Drum'),
('faf6eb0b-3465-4a29-9204-610887a0f58a', '5:58', 'Star'),
('faf6eb0b-3465-4a29-9204-610887a0f58a', '6:11', 'Houdini'),
('4b7e60e3-7792-44f1-aa0e-69c70d72b473', '6:15', 'Bubble'),
('4b7e60e3-7792-44f1-aa0e-69c70d72b473', '7:27', 'Squeak'),
('a74f706c-c179-432c-82a7-30ff43123ad6', '6:42', 'Port Rhombus'),
('a74f706c-c179-432c-82a7-30ff43123ad6', '5:41', 'Problem Child'),
('a74f706c-c179-432c-82a7-30ff43123ad6', '3:26', 'Significant Others'),
('096804d7-b6c2-4417-a209-a4acf104fb0e', '11:02', 'Conumber'),
('096804d7-b6c2-4417-a209-a4acf104fb0e', '4:34', 'Eviscerate'),
('096804d7-b6c2-4417-a209-a4acf104fb0e', '7:53', 'Male Pill 5'),
('096804d7-b6c2-4417-a209-a4acf104fb0e', '0:07', '213 (Maritime Epsosis)'),
('096804d7-b6c2-4417-a209-a4acf104fb0e', '8:06', 'Eviscerate (Version)'),
('096804d7-b6c2-4417-a209-a4acf104fb0e', '0:10', 'Spymania Theme'),
('ec57270a-9c5a-4099-99ce-9a8a45440c44', '4:23', 'The Sound Of Saturday (Paean)'),
('ec57270a-9c5a-4099-99ce-9a8a45440c44', '5:04', 'Morpeth Issot'),
('ec57270a-9c5a-4099-99ce-9a8a45440c44', '2:54', 'Wichita Lineman'),
('ec57270a-9c5a-4099-99ce-9a8a45440c44', '7:06', 'The Sound Of Saturday (Full Horror)'),
('ec57270a-9c5a-4099-99ce-9a8a45440c44', '5:05', '117 Sgr'),
('311bfbfd-5320-41fd-9f35-a56c91ddfbc7', '2:30', 'The Pause That Refreshes'),
('311bfbfd-5320-41fd-9f35-a56c91ddfbc7', '2:30', 'Egghead III'),
('311bfbfd-5320-41fd-9f35-a56c91ddfbc7', '2:30', 'Gratification'),
('311bfbfd-5320-41fd-9f35-a56c91ddfbc7', '2:30', 'Expo 97 In 3D'),
('311bfbfd-5320-41fd-9f35-a56c91ddfbc7', '2:30', 'The Anti-Submarine Virus Emerges'),
('311bfbfd-5320-41fd-9f35-a56c91ddfbc7', '2:30', 'Silent Waves'),
('0f4bb857-cf2a-49f2-8247-4d7e6cc48d5d', '6:18', 'Squarepusher Theme'),
('0f4bb857-cf2a-49f2-8247-4d7e6cc48d5d', '7:50', 'Tundra'),
('0f4bb857-cf2a-49f2-8247-4d7e6cc48d5d', '5:15', 'The Swifty'),
('0f4bb857-cf2a-49f2-8247-4d7e6cc48d5d', '4:53', 'Dimotane Co'),
('0f4bb857-cf2a-49f2-8247-4d7e6cc48d5d', '2:30', 'Smedleys Melody'),
('0f4bb857-cf2a-49f2-8247-4d7e6cc48d5d', '6:34', 'Windscale 2'),
('0f4bb857-cf2a-49f2-8247-4d7e6cc48d5d', '6:05', 'North Circular'),
('0f4bb857-cf2a-49f2-8247-4d7e6cc48d5d', '2:42', 'Goodnight Jade'),
('0f4bb857-cf2a-49f2-8247-4d7e6cc48d5d', '7:52', 'Theme From Ernest Borgnine'),
('0f4bb857-cf2a-49f2-8247-4d7e6cc48d5d', '6:33', 'U.F.O.s Over Leytonstone'),
('0f4bb857-cf2a-49f2-8247-4d7e6cc48d5d', '7:12', 'Kodack'),
('0f4bb857-cf2a-49f2-8247-4d7e6cc48d5d', '2:16', 'Future Gibbon'),
('aa680b51-a534-4d24-bbe3-d5131b18f34f', '7:15', 'Dan One'),
('aa680b51-a534-4d24-bbe3-d5131b18f34f', '10:06', 'Five'),
('aa680b51-a534-4d24-bbe3-d5131b18f34f', '8:20', 'Cicada'),
('aa680b51-a534-4d24-bbe3-d5131b18f34f', '10:25', 'Sciew Spoc'),
('b95d11e2-dada-43b4-b851-44a68a541afa', '2:30', 'Fully Roasted'),
('b95d11e2-dada-43b4-b851-44a68a541afa', '2:30', 'Fully Roasted Dub'),
('b95d11e2-dada-43b4-b851-44a68a541afa', '2:30', 'Deep Beats'),
('b95d11e2-dada-43b4-b851-44a68a541afa', '2:30', 'Hi Tech'),
('67a984d8-eac9-44ac-b0fc-e7c7c1b965e2', '2:30', 'The Question'),
('67a984d8-eac9-44ac-b0fc-e7c7c1b965e2', '2:30', 'Phuture Funk'),
('67a984d8-eac9-44ac-b0fc-e7c7c1b965e2', '2:30', 'What Meets The Eye'),
('7053fd46-d942-4c35-b177-ab5c1daa1d2c', '2:30', 'Falling'),
('7053fd46-d942-4c35-b177-ab5c1daa1d2c', '2:30', 'Afloat'),
('45357b4c-08a5-4d5a-a17d-551fd0ff9e5e', '3:08', 'Hello Joni'),
('45357b4c-08a5-4d5a-a17d-551fd0ff9e5e', '7:45', 'Yoshi'),
('45357b4c-08a5-4d5a-a17d-551fd0ff9e5e', '7:57', 'I Was Livid'),
('45357b4c-08a5-4d5a-a17d-551fd0ff9e5e', '7:35', 'Peace Nail'),
('3a4b8dbf-a094-4e45-bdc6-fc0d209fb0df', '16:33', 'Whooshki'),
('3a4b8dbf-a094-4e45-bdc6-fc0d209fb0df', '10:44', '1994'),
('3a4b8dbf-a094-4e45-bdc6-fc0d209fb0df', '9:26', 'O Brien'),
('3a4b8dbf-a094-4e45-bdc6-fc0d209fb0df', '7:46', 'Greenwidth'),
('3a4b8dbf-a094-4e45-bdc6-fc0d209fb0df', '5:41', 'Falling'),
('3a4b8dbf-a094-4e45-bdc6-fc0d209fb0df', '4:37', 'O Brien (Darkness)');

insert into product_artistids (product_productid, artistid) values
('7ea75acf-1a9f-4a26-be34-b707ee7b1829', '61c8a361-a506-45d9-b7b1-ef927ccbbae3'),
('0a45ce1e-6d11-45f9-9972-b688b93b8d2e', '1743e46e-2591-4c22-bfbf-ee3657fbe041'),
('6a0b0952-59de-49e8-bef8-b02a99cc1092', 'a2224fa7-98bf-4ca0-9638-7475143e1b60'),
('f8519fdf-d419-4e9a-a9e8-fbfa918b4e0c', 'acb17866-ba71-41ec-ad17-4c012bf5614d'),
('bb955c17-dc57-417c-9068-a31495a6b863', '2dd84733-0ea0-4147-874e-4ab332f5684c'),
('f7f4a445-52e8-48ee-8a33-46aca2ee7123', 'a17243c8-d5b4-4c3c-ae6f-aeb9bbd22efc'),
('3a8297bf-208d-4a81-be7a-13d7d624dc36', '08118914-3e7e-4c3f-8c84-25d291c1d6dd'),
('e514001b-d08a-4ddc-b132-fd90213e8f98', 'a6805a49-5c75-416f-8e3a-4c73af615cff'),
('d692c33a-b393-428c-afae-e4cf2ed67fcc', 'd8e5c450-6d06-4579-9383-144b53a9e2a6'),
('3d4aeafb-fe5f-44e6-b22a-5eb8204a6153', 'c6255d1b-08f6-4636-9391-be7354c792f3'),
('bea12c2a-abc6-4988-a736-5a481e2ff45d', '94a84d18-4477-44b2-94d8-4b1edeed8450'),
('75acc550-f134-48df-8f65-da1ebd2a2951', '843c0f5e-64f8-48ac-90e3-859bc32a5acf'),
('4a41df20-17cc-490f-ab2c-30770e0b4b18', '891c9f12-5481-48c9-ac49-c0012c492d9e'),
('0cd52f85-aa97-4dd7-bf56-15c16db85f29', 'df98d586-6e63-4230-822b-18b06eddc524'),
('dc9aeca7-886b-4e55-8d12-4e7692bd358e', 'c427092a-2c00-4503-97ad-0f1a643151fe'),
('bbc657da-41e9-4c1c-ad50-0cb974786dd6', '4edb4ba3-e54b-4db7-b76c-ec5be2782275'),
('243de61e-d8da-4be2-b142-d6fdb2f86eb4', 'f6963eef-5eca-4b4f-84cc-8e8582692b57'),
('66bc00d9-5670-4ecb-ad0e-64dbf1c86eae', 'b24d6232-11c5-4e07-bfcd-cdf77d995b3d'),
('d998c38e-8056-4000-9730-c076e8df2ac2', 'b23385e5-3e13-446c-9711-1a8507b19ebe'),
('925956f4-0218-4170-be7f-32825627f677', '05018a37-0155-4c77-b626-9afdd583c897'),
('9ffc8571-8f8a-4a09-a320-4e032cbbdee7', '4d562a81-dd56-421b-8a43-4549c3094351'),
('dc766c6b-7f26-4776-a996-c1c97ce64edb', 'b97b2210-c526-45b8-a4e8-469f151e8cdf'),
('a1e234bc-134a-42a7-b6b8-b8a43028c993', '92e574d7-e7fe-47e1-b86f-88fc0bc4e1be'),
('540114d3-2191-4493-9a09-2b90a7d3e1be', '6b508e5d-7f58-4d62-bd77-27361ea7a860'),
('5cdc3808-5b2d-483b-b0d3-16bb632a55d9', 'f6447c28-6971-4fb5-a514-42178c57b0c3'),
('5c874b6d-aa05-463d-9acf-8c4172c3484a', '4dcb7cb7-25d3-4d36-b568-c08137c5252f'),
('a80277ac-8e74-49d2-8c37-8648a51d1171', '0974c978-c1e4-498c-9337-3344fc4609b5'),
('df812040-2310-4982-bf5c-84bbd72ce591', 'dca0be96-5db9-4a30-a1c0-2c8e64c4e477'),
('bec44178-c3bd-43f0-b8f9-03fc85adcaef', '1497a84c-222c-46d3-ba5b-a4e78213c01e'),
('6aaba3cd-e2b1-436d-9d25-419a77f4a974', '1d48edef-556f-4fe9-97d3-8bb7048f9187'),
('9aa41e5c-4888-402b-8fb6-4482c1439270', 'bd6b2319-d75f-4c2b-a22d-3d31bb3a25fc'),
('0fee0a8a-4ec7-4ac3-b25a-f9268cfbc312', '9f237560-9814-4f53-8031-4ba3ba1d9260'),
('27d8e5a6-70bd-4f5a-948b-d889464a51ee', 'b43a9251-8639-44af-aa6a-d7abf4cbb033'),
('1b5abf73-886e-4e9c-ae13-23cf66df9845', '0c8670a7-763f-4e2c-8266-8316297abdd3'),
('3f58819b-a20a-4b97-8569-16db6b1212b0', 'e9cffcf7-4b19-4cf0-af23-c7e8d51723a1'),
('3caf0687-3a50-4f7c-833c-8e0078f0d8d2', '2897666d-33bc-4389-a7f8-5cb9847159b2'),
('caae7ebf-ad2a-4070-a408-46eaf69a077a', '842a3cf5-e6c5-45dd-b3d8-ea5e2e3f84c6'),
('b106bb48-38d4-4aec-80d5-d926a89fd580', 'e0b1671c-bcd8-409f-8c68-16cf8d532de5'),
('b106bb48-38d4-4aec-80d5-d926a89fd580', '7db9a90a-509c-487a-aec1-6ba5723acce6'),
('3ad6d1e1-c1e8-464f-be0e-fc9b560ea239', '5f36fea1-7824-4f84-a8e0-d43327b8e12f'),
('2d4c2e41-f588-4838-9804-ec383056f558', '862b540b-380b-42a5-b8c3-0d326afc5431'),
('2d4c2e41-f588-4838-9804-ec383056f558', 'a393bc0d-7fa0-4fa1-9392-80ba23ee31f4'),
('a63f6a0c-7321-4cb3-8af1-39504bb7b669', 'd62d4227-31fc-4591-8ebf-0f05000f0a49'),
('3e13e48c-5b9d-4a6a-8412-53b3b8692cbf', 'cfb7d1dd-163e-4afa-a3ba-55e71f8fd6e5'),
('a0ab376c-3b50-485a-bb15-6c6f2090fbe4', 'a6690ea6-88b9-4fc7-84bb-f2cbcafe1f50'),
('a0ab376c-3b50-485a-bb15-6c6f2090fbe4', 'ee4d11dd-5e96-4c57-bb6f-449bb22e0dd7'),
('eb902f79-9ddd-4ffd-971a-5f54bf51f7ec', '134a4859-149f-4ffc-a6e0-189d706b277c'),
('02ad40d6-b08d-41f6-af38-ed00699ea2fd', '861888c9-6b99-46cd-8650-94adf3318621'),
('02ad40d6-b08d-41f6-af38-ed00699ea2fd', '41b89219-4e8d-4326-90bd-747e7ef88c2d'),
('6f3aba42-a5a4-4259-9d1a-0ac5a4269f64', 'c6430127-7a78-4a72-9307-9a6ea27e1036'),
('9b1d8b29-ff5c-4c5b-aef3-ca4058da97d6', '114e69c2-828b-4564-9c89-e5ffad600eb4'),
('10ae7a11-e64e-4b6e-8989-bfcf0a74ee01', 'd82214ce-153b-41df-874d-9b40e1e68faf'),
('fec59b53-f66d-42b6-89dd-f1fdd9686515', '0ece4cdf-3a10-4b68-8d7d-8b8f482a6ae4'),
('c5cefff3-4eaf-4162-8f8b-95ea38cd5258', '674aeae0-e41b-4095-a540-ef2e5c8e95cd'),
('c5cefff3-4eaf-4162-8f8b-95ea38cd5258', '4e084b91-c68f-462a-9a90-72ee86ffd521'),
('f155e5da-8314-473d-9c3f-1dd690345136', 'e0535846-a1a7-4200-aa91-f60fcdc0d35b'),
('b27c4371-6978-4473-8e60-cd6af549b49b', '8f0003b2-9ca5-4eb9-bfb0-0e4f30d2d105'),
('7d556dbc-95a6-4889-958a-7a8029bfdb7b', '3400f8e7-eade-4df8-8e02-60cf94284ecc'),
('73c6de20-c46b-4b1f-8abd-fa05cb2c72cc', '5377ca6a-b54d-41cb-b9af-8bd779fdb922'),
('34360d04-5276-4fa4-ba51-5512d85720bb', '2e612cf4-2771-4afa-a264-fc1c36e6ce1f'),
('d5fa5d83-c621-4ddd-ac1d-f20c6d5ff160', '9188838f-0514-4135-83ef-9e0e1caf6572'),
('f41de723-5c51-4569-bfeb-ca6dad67e5b9', '3388b728-565e-4c70-b648-90869eda7a13'),
('fb5b498e-c149-406a-93a7-0dd7c7247713', 'bfb1c188-6424-4b5f-a6c9-8e80c39e104d'),
('89b19153-5ef3-422b-88e6-d87d98c93aeb', '1e11eb74-fa9b-430c-b19e-fad50abf9a23'),
('89b19153-5ef3-422b-88e6-d87d98c93aeb', '48ea02a9-5b72-4d9d-8569-f2e56b4958f0'),
('89b19153-5ef3-422b-88e6-d87d98c93aeb', '27c11644-41d3-40f7-b90f-1732d8bbf1ff'),
('89b19153-5ef3-422b-88e6-d87d98c93aeb', '9932ef03-3a02-4f6a-81b4-31f55f5bc1e8'),
('89b19153-5ef3-422b-88e6-d87d98c93aeb', '76365dd8-7c1f-4a17-a8fe-a0bd9fdf3e28'),
('4629ca82-6f31-4518-9549-3d3aae472375', '53b474b5-91fe-45f3-9fe7-6941b9cea2c9'),
('c807084e-e43d-4b50-a965-8da20b93394b', 'fab31625-b805-4d98-9636-55e1157af047'),
('7201a047-ac92-4b3b-9f6b-24465240bbac', '5c53694e-6e45-490e-836d-c19a6e253559'),
('c0015380-9169-4b6c-a5a5-f332dec634ad', 'ec6c02e3-7a75-4721-a5d9-4104868371cd'),
('a0ab3b69-6a75-4a08-8aca-51c77ef14a2d', '75adbe1d-ae72-461c-ad1d-e163858bb062'),
('0db7c6da-3a85-482c-8400-84b938c00123', '98b4aee8-3e9d-4a69-adcc-898717e134df'),
('6c028a45-fe67-44cd-bbc9-ca364e66ca09', '09610add-2ea2-45b9-86dc-858e5b0fb9a6'),
('3b98c354-8225-4428-b971-0a1197ce293b', '8fb5026a-7a6c-45c5-8463-27e5a8b2538a'),
('048c93a0-e0ed-4fbb-a52d-015b4ced2b57', 'f1baa144-0f26-4747-a35c-8360e9a43185'),
('78e91879-0301-4a04-a900-234b17b9df1f', '847ab687-bbf2-43b4-832b-db7c8fd15663'),
('f436bf78-6695-4760-928a-a3a92b2883b4', 'e39c8e24-fb27-4bea-9a8b-5aa72961fc81'),
('3b72c80c-c9aa-43b0-b3c9-c4c7b78036a5', '583b5801-31be-4e8d-8c44-d4a53e87226e'),
('336212a1-3a2b-4ab8-8681-de989402f331', '8bb2f7c5-064d-4c59-affd-3df6ef890361'),
('9f0577b1-5b4a-4749-a585-2fe8af2d2a89', 'ea562620-560c-4634-b906-6efd0a2bc13e'),
('71acd9f0-6c92-4091-9334-621a6eee8c28', '187d8780-ff11-4879-8ba2-ceaa921d5d3b'),
('8f9079ac-ed65-43df-8092-33c72ce11b0b', '4e3b3b3f-238c-490a-8314-75a6324c8f21'),
('c8992493-3402-48f2-b9aa-1adbf4db9fef', 'ee344bb7-90b2-4fbd-a5cb-c631e9c846bd'),
('3394608b-ecbc-4fbf-81cd-6b95124c1093', 'b0458abc-1c62-433c-a37e-38da02c17d0f'),
('874cf191-da8a-4e0a-be21-17f38c6d8b98', 'd1c50eb7-c2bc-4afb-91d6-e60f1f1d16f3'),
('874cf191-da8a-4e0a-be21-17f38c6d8b98', 'f4f0de8c-0ade-4f71-87cd-586871e160be'),
('8d09912b-d4ab-447e-9d79-ad2cb2e20fb0', '94ebc2d6-8c49-4bbb-be7d-9df11a5d0205'),
('597bda01-5193-484e-8919-8817b79ed5d7', 'a3d60128-dab7-4a9c-9d56-908002fb997b'),
('a73dff7f-538c-4ae5-aadc-c5f88c23bb7f', '61715e23-7b16-4d0a-a375-adb744989c05'),
('cc8eefec-3861-4f4a-95d5-7fc33471deaf', '3fc39404-0bd5-4c50-bd46-3f7635e955e5'),
('0a07a3e3-09ec-4748-a64a-51cf5447221c', '50ec26bf-65f9-476f-b8ea-e8f54006b22f'),
('c9715c7e-e9df-428c-a7e7-48c91168e4a5', '4687d963-7b0c-47d2-984e-88e93a2d1548'),
('5dc0e926-fd8d-4181-bd0d-06a8e57e5ca9', 'eb5925fd-a09e-43c4-90eb-76e92fb7b131'),
('589a5170-c946-42cb-8b49-64c78d870b41', '41c8b07d-b2c7-47eb-ab6e-016c5aea29d6'),
('589a5170-c946-42cb-8b49-64c78d870b41', 'd8da853a-8621-4584-92eb-af2c1b187d72'),
('f2d862af-8ad2-4608-aec1-9551be85c649', 'e3de3d9a-6daa-405e-b11f-3ccad20a4994'),
('6212e49a-a23e-4641-86eb-8a6b6668b433', '0795c647-d72e-467c-b820-f6cb85fa5c74'),
('704213d4-da2e-4297-bce1-b7f783d88fbc', 'e07dc824-e535-4602-93c9-609e0c42886c'),
('eb582976-fd1d-4ad6-ba9c-dfdc859d7335', '4d2a07a4-7ccb-4c47-b8f5-87d7245ff59e'),
('bed114e4-2cf2-4b9f-8fd6-14870de8b000', '78c26c59-a452-4bf2-a9d8-86597b3025b6'),
('bed114e4-2cf2-4b9f-8fd6-14870de8b000', 'a97566ee-57e1-417f-be64-28a74be33f10'),
('13b17b26-c1a8-4977-9d4a-f23a91164266', '1a604303-5c2b-4408-9518-430f9a853166'),
('13b17b26-c1a8-4977-9d4a-f23a91164266', 'b2829556-6a3f-4e3a-9f50-e14523e4383e'),
('3a2ca33a-4c74-47c7-b157-8a82f6bea97e', 'bb24ac6f-ceb0-40c6-9c0f-edf696895ef5'),
('77ee7e9b-baf2-46ae-9d8e-97858a2a6c84', 'cc875dcd-12a7-4fc6-b538-9a77dc7a85b0'),
('56000f18-f614-4add-ae43-22162353945d', 'afbfee27-7e9b-4aa9-840e-6829db069fa2'),
('a48c2a3c-ab79-464d-853e-9a4134380f24', '2bd1fe63-31e2-4c52-8574-f99f03ac443f'),
('7955efcb-a353-4932-a080-e987d7357f5b', 'c449fdb4-56c7-4ec4-a0dd-421212adbeb3'),
('a6397c75-00be-4557-b904-2d4908bcc73b', 'ec9f7ebf-2a38-4b0f-a8a7-126c82f07769'),
('2c3149a5-b1b6-4979-ab4e-fc13458d78fd', 'cfb05afe-0968-4a38-9960-3206c98bc06b'),
('550ed636-c372-4a6b-b6e0-fcfeac53378e', '1880ff8d-0081-4b99-88f4-0dd05a71faf9'),
('8080e391-9a3f-49ce-9774-a185d663f43a', 'f018bd80-9e67-4cca-b3d6-ebf209cf415f'),
('8080e391-9a3f-49ce-9774-a185d663f43a', '20da3953-f04f-4f9d-ae83-973c7d6585e7'),
('a94acb77-a750-4af9-a872-8d0a73f4cce6', '9c36a903-ca12-456f-ba2c-95660e1429d6'),
('47857900-ab76-4ee7-a725-d8275ce542bc', 'd56632b4-20f0-4cc5-b737-846fc29d8626'),
('6d6252dc-37a4-43c6-8ac4-bc776a407db8', '3db95ae2-6935-42bd-bdd0-610919f6c1ca'),
('d21c93f1-d135-41df-8dc9-03f1f4575542', 'db8ecd89-3a8c-415f-9aa4-ffe4ec6cfe9e'),
('796adaf5-b58e-4822-9610-15fc7244ccef', 'f2d4f6f6-77aa-4adc-8421-80781ce27058'),
('c1e4e188-6c2c-4c07-8b02-ccf2856b6bb3', '61e60353-0264-4792-9b99-cb5c4fb8eed0'),
('761e3a9c-8bfc-4b0a-b51f-5c2e58d53fc6', 'bbbf7c68-88c1-445d-bf42-32762830efdc'),
('e37c0e6a-c09e-4d67-9d2b-265ca53a7789', '0c2e2791-ee5c-4cbe-b970-5da4987af412'),
('e37c0e6a-c09e-4d67-9d2b-265ca53a7789', '6c4764a5-f769-4e1e-a364-d7e1bd0f0eb4'),
('41560e07-24d6-450d-af4f-694cd0359f7c', 'ec099cee-6a95-4f03-8fad-888f1c6d6b04'),
('d7b04103-2831-4cdb-8ce9-2ed099ec5322', 'fb130271-0a8b-4513-9a00-0b518ad34dd3'),
('ce8ea2a5-286c-4a3f-995e-be50f929b068', '5d931d47-5a06-47a0-b6f3-667076a21e68'),
('f7ef38e2-3198-414b-9dff-1f6437fef3e6', '35292b60-37c2-4957-b9fa-6d0891e4894a'),
('68712fec-7685-41e6-bd0c-b1f0b58dba5e', 'f5d73bb6-c4a6-4ed8-8678-4dfe86cb131d'),
('68712fec-7685-41e6-bd0c-b1f0b58dba5e', '6ed0411c-b92d-4c78-ae01-38bc7e2dca89'),
('68712fec-7685-41e6-bd0c-b1f0b58dba5e', '0450a98e-5b53-4b77-8714-405ce536b494'),
('e19bbcd3-13f2-4d4c-a13c-8361e31ff30c', 'b62b0d7a-ad4e-44d1-b2dc-751707932578'),
('b424a2c5-69ec-4610-9513-3ada39b99d71', '864cb910-8b1f-41fd-93b5-1c6817eaf56d'),
('3bffba86-1aac-48bd-a8d9-d59e696e2e18', 'b6aabb20-3d27-4ad8-87f7-9c48c554be00'),
('ac177aaa-a0b9-4226-8c68-ab90f292ccb1', '84837011-d3a5-4ef9-9e44-c0304c0b064d'),
('3db628c3-feca-4dc7-b56d-553f8f080cf8', 'ff7fd6a8-88a7-4488-89b1-33aa02283ed9'),
('3db628c3-feca-4dc7-b56d-553f8f080cf8', '6e3812dc-4e87-43fd-bb44-7b7e29ceba54'),
('5cf9899c-02ea-4123-a770-24ffba56e632', '6b26defe-273f-408d-b4d0-e6fae1435dcf'),
('6bfe61ba-cf2a-416e-99b1-a896dc1aac48', 'cb45b51a-891a-4bb1-9c4e-145948fced1a'),
('6bfe61ba-cf2a-416e-99b1-a896dc1aac48', '1cf618a5-a31c-44a3-a9c0-6c0f0eceff01'),
('ae08d21e-81e6-4f4e-b301-8768495e8da8', 'f4e78a87-0cff-4611-857a-b4a5f9ddd869'),
('a59178ab-44e5-43e3-8371-ade6d2742cdd', '73662435-1988-4df0-8d99-2856d3e774e9'),
('a59178ab-44e5-43e3-8371-ade6d2742cdd', 'd33160a4-3e46-4d83-ab76-d23f78d4ee2a'),
('89cc5c61-4d80-4070-92c0-2729c60e6c32', 'd363e407-a46b-4dce-b3ba-d84a050c2f92'),
('780cabf0-5d2f-4117-967c-fe087357be15', 'e222dddc-5725-4869-837b-de2b455015ed'),
('70b6590e-cd2a-4c90-b787-9ad8ace6d8ec', 'b3cfdcea-e602-42ff-a837-77cfbcafed80'),
('7a7d10ff-758b-4d5c-a6b4-263236c1b925', 'c2fa0e34-c36b-411f-b3a8-e7a12e74cafc'),
('55bb580b-3464-4e4e-b764-e9ee555b9e64', '6aa0248c-0acf-4f58-a393-e634479a9f2c'),
('3c541548-0e80-4edf-973f-19b0faf19e0a', '9bb804c2-1164-44d5-81f9-8e3e111b6e81'),
('3376a403-d02e-4d25-97c3-8a42966c813f', 'eadda49a-d65f-4e4a-a4ca-6cdef6e6c504'),
('1421d2c9-0512-4a13-b005-f388536b038a', 'd9c7d690-9ea9-4103-a5b3-a1f120c3cb26'),
('25c9a2b9-e5fc-4809-8076-ed0578e62b3c', 'b021b221-8ad6-4bd7-b0fe-0f97b495bba3'),
('c948fc36-e1ff-4902-8c35-777ca66e64e2', '81873756-96ab-44d2-8356-2624be36be42'),
('d554e5ca-335a-4752-ae78-edc3d17961d5', 'd5303cbb-028b-48d4-97b2-b34f8a1abef4'),
('cf5450ea-5929-4d5c-a7f3-ff05821417fa', '5067fc54-d656-4969-ad08-476b42e118e7'),
('7d9f1b45-5465-4978-b0eb-023cb7e1b169', '56b97b18-2dd7-4e08-bb5e-9becc9f71cbf'),
('9fe5dec1-5d3e-48ae-bbdb-1db362f3058c', 'bbb2aeb3-71c4-465e-a070-f4e0ec555d6a'),
('84d27ba7-b5c3-4d24-b2e7-50101c90597e', '86e3a4ca-3e0f-4347-a0d8-90a6ca8609f3'),
('183c27a6-71cf-429c-89f5-b33ef3560c34', 'ef9ac956-8a5d-44f0-b029-f0978d0fce5a'),
('5eecab9e-9048-41ee-9ae2-0489fee67b0a', '84d2b521-08ba-4775-a6a1-0b1a15bba909'),
('f68b7a82-4ea4-4757-9597-483b9cae8a08', 'a0196324-6884-4736-ad32-ea086378d0a0'),
('25c3a62b-9788-45a7-b97a-e7327e7aff44', 'b579b74a-4f94-4cc5-b07a-b3ea6017a9f3'),
('9d8e1d86-ccd6-4b70-b593-77f2bd0070f0', '0f804f01-759a-4b65-8e0f-96aeaf938fe6'),
('0f64da01-4847-4c9f-a7f2-522e11fff7fd', 'b6fb96f1-d3e5-4598-976c-7bf9872c03e7'),
('86b060d2-937a-4467-9dd2-eb47846238a1', '176465aa-25d7-49a5-b567-2901685e152a'),
('d857a082-c013-4b07-b314-88e7aec2782f', '4418d635-825c-49fd-aada-d4ff90c59676'),
('dc847ff0-1bf4-4da0-8782-d105d94b1e9b', '892e0dd1-5ea2-4774-a116-cfde1ce817d0'),
('5ffe7947-fdf9-4a8e-811e-4a437268c939', '56dfb4e3-45a4-454a-bb0e-2c7c5d37caad'),
('a96be9be-1938-4419-a94c-81556c76ff9d', 'de13e568-814d-422d-b643-47782a925a04'),
('1eade9c5-bfc3-45b0-b464-eb9af067a58b', '4d927723-b6e3-43eb-9f52-9380b000ceff'),
('b4c9ffdc-0eb3-4cb3-bf3f-bc298895132d', 'e582373b-2b53-48d9-9519-d1671194ed10'),
('319426c4-415c-474d-8a95-7f39aa1320ca', '7e50e458-c33a-44c4-9ef7-40271c0099b2'),
('08135561-ef9a-4c95-9c2f-41492c1ce027', '68e570a3-7048-42b7-af38-6386b11c2994'),
('d6e70d05-f47b-4e8f-911c-913f753d7d43', '046b7639-0f5c-43ed-817e-bbab181bfef7'),
('7601b396-36a3-4b55-b145-6f0aa2d5ccb7', '2fd4059f-1d61-45bf-9119-c557b88c0164'),
('57bb0052-8971-4816-b61c-79e97c4df963', 'd919a164-9ac1-439c-aed2-daebdb675bea'),
('40eb6e58-5ae3-4702-9638-4e3157d963fd', '42f49d4b-65f8-40c3-b05b-55a92655afd4'),
('26fcff3e-0fda-4bed-95ea-2ff15c98ecda', 'dfda4379-1025-4b86-8235-3c0ee76931c5'),
('26fcff3e-0fda-4bed-95ea-2ff15c98ecda', 'e2c8dd4d-efb1-41bd-b243-8cd0245fdd4f'),
('cad63646-5130-4c75-9170-74bcc9388a1c', 'bfd6212b-e5c3-4046-8846-eaa7f1af5b65'),
('e8443a0a-3428-4872-bc60-784b5191fb5b', '1b8fefff-1175-40e3-be88-bec788efd2c2'),
('17db518d-c66b-44ca-90ad-6a23d50287c6', '6413ee67-aac9-4333-ba46-86ebf37ceaa6'),
('02589e09-f003-4a89-b47b-00641410c6ea', 'b6292e52-4cfd-4c65-acb2-15aef9137175'),
('4a65a7fc-34eb-4b1a-86a5-b38c4c5be8ea', '637e5413-3091-4aa0-b65d-35ad1b911cc4'),
('65a04b45-8ef7-4c29-b56a-c909966a7c85', '85f6ec93-fe2b-4e74-a2bd-4ca468f7df4a'),
('68250b84-f132-4760-bedf-83f532acad41', 'aee908db-1176-495e-bca3-3d571482c2fd'),
('1baf6218-44c8-4ec0-bbc9-94866e4dcfca', 'b293264b-8008-4028-b7df-9b5e3d76e474'),
('1baf6218-44c8-4ec0-bbc9-94866e4dcfca', '98e8d62f-a5db-42d2-b60c-590f8ac7694d'),
('91cfbeb6-9e2d-47b5-a054-3a83ca6b0a38', '72d1ebed-0af9-4d4c-a6a0-629c96adfb88'),
('1f70baec-a380-43ea-8474-4f19e80c90e8', 'a7948d2c-e82a-4e2e-b24b-919607ee8c56'),
('1f70baec-a380-43ea-8474-4f19e80c90e8', 'dc6de4ac-45d7-4bc9-928e-46abb0980d1e'),
('3fd16dae-512c-4671-b00c-9e432aef8198', 'a45737fd-a227-4069-a244-a8d662a43477'),
('9fe2f72d-d0a5-402b-b1ee-abe84379a923', '6b83b9d0-dac9-4788-bc6f-b21f3a940279'),
('432a77e8-f2b1-4b1b-bcd9-76e3bfd0a0ba', '8cc1fd31-9396-4f1b-abe8-3dc7c5a79b05'),
('e97ddffb-92bd-445a-b518-9a063b255bb0', 'c66cd700-9008-41f4-bdf4-6086e14bfa26'),
('4a04e1e8-3108-4047-a740-c8106ccc7421', 'f259dacb-d158-4bf8-83ab-9b193f8a1517'),
('27e22d34-b8bf-4ca5-8cad-9ca84ef5f36e', '98c127cb-29ac-432a-8526-43f831c27598'),
('3f497402-27d2-4e8f-87d7-547af66c04d8', '76a65358-ac0d-4689-ad4a-db0439f34f74'),
('563e6a98-ce21-49bd-a241-c95e01cb34c8', '1cde1a73-34d5-44c9-8924-c85032fda272'),
('563e6a98-ce21-49bd-a241-c95e01cb34c8', '4dfaafb3-39fb-4c7b-a707-4460f711aec3'),
('15050eea-b4e8-4986-a688-e3beae3ff594', '78106ff8-8088-48b6-aa4b-6443977627da'),
('fe0c4b19-5ee3-46ac-9242-67c97449dacf', '402b632b-36b6-4d6c-a79c-62e549003607'),
('29310c5b-63c6-46fa-97b1-2d959b14450e', 'fc756ca4-4a77-4a43-a543-4770f307e553'),
('189f40c3-3bee-419e-8ccc-2896dab2f450', 'f85549cc-fb20-4b59-a3b3-49122ba46bb9'),
('95f90589-8e7d-42ef-b64f-0cdfcbc7bb76', '377d2bf9-9e01-45ff-adfe-e26c447d6394'),
('d5bed51f-4119-4986-ade3-77c4fc71edca', '9404885e-70c0-41de-8c28-48c433ec37ab'),
('faf6eb0b-3465-4a29-9204-610887a0f58a', '4a6af747-1fd9-49a3-ad23-b146431229a7'),
('4b7e60e3-7792-44f1-aa0e-69c70d72b473', '3794ce68-aa02-41b9-a65e-8e04d2af38f4'),
('a74f706c-c179-432c-82a7-30ff43123ad6', '3222ceb6-a5af-4900-91bb-2e241cfadf97'),
('096804d7-b6c2-4417-a209-a4acf104fb0e', 'bfc7c8d2-f1c3-4eb4-8910-4875c93ec422'),
('ec57270a-9c5a-4099-99ce-9a8a45440c44', 'd8b908e1-2288-4100-92f9-93118ed0b9ff'),
('311bfbfd-5320-41fd-9f35-a56c91ddfbc7', '97381390-85ad-47e3-ac78-96718db9ddca'),
('0f4bb857-cf2a-49f2-8247-4d7e6cc48d5d', '9207e298-b58b-418e-92ea-259faa0599d2'),
('aa680b51-a534-4d24-bbe3-d5131b18f34f', 'c5ee79c3-2830-42af-9c51-77bb390ca1c6'),
('b95d11e2-dada-43b4-b851-44a68a541afa', '0d42934f-bb35-4883-a857-79c36d196afb'),
('67a984d8-eac9-44ac-b0fc-e7c7c1b965e2', 'fcfcf363-8e78-4dc7-9b5b-e9953e1e64ee'),
('67a984d8-eac9-44ac-b0fc-e7c7c1b965e2', '1cf1178e-9ab1-475c-89b7-7a03bf5d5110'),
('7053fd46-d942-4c35-b177-ab5c1daa1d2c', '63a95019-a13f-4038-bc8f-c443d932e96d'),
('7053fd46-d942-4c35-b177-ab5c1daa1d2c', '55d26e42-f2e3-4876-a7d8-62361d79d5a0'),
('45357b4c-08a5-4d5a-a17d-551fd0ff9e5e', 'c5fc4c93-9327-4061-9447-960f8b5a5bc6'),
('45357b4c-08a5-4d5a-a17d-551fd0ff9e5e', '4559425d-a5f5-4142-b60d-b34297ea982d'),
('3a4b8dbf-a094-4e45-bdc6-fc0d209fb0df', '7db5ec47-b0a0-4945-9e8b-3b072aaa84d4');

insert into artist (artistid, artistname, countryoforigin) values
('61c8a361-a506-45d9-b7b1-ef927ccbbae3', 'The Persuader', 'Sweden'),
('1743e46e-2591-4c22-bfbf-ee3657fbe041', 'Mr. James Barth & A.D.', 'Sweden'),
('a2224fa7-98bf-4ca0-9638-7475143e1b60', 'Josh Wink', 'US'),
('acb17866-ba71-41ec-ad17-4c012bf5614d', 'Faze Action', 'US'),
('2dd84733-0ea0-4147-874e-4ab332f5684c', 'Datacide', 'Germany'),
('a17243c8-d5b4-4c3c-ae6f-aeb9bbd22efc', 'Mr. James Barth & A.D.', 'Sweden'),
('08118914-3e7e-4c3f-8c84-25d291c1d6dd', 'Moonchildren', 'US'),
('a6805a49-5c75-416f-8e3a-4c73af615cff', 'Sweet Abraham', 'US'),
('d8e5c450-6d06-4579-9383-144b53a9e2a6', 'Blue Six', 'US'),
('c6255d1b-08f6-4636-9391-be7354c792f3', 'Lovetronic', 'US'),
('94a84d18-4477-44b2-94d8-4b1edeed8450', 'Blue Six', 'US'),
('843c0f5e-64f8-48ac-90e3-859bc32a5acf', 'Groove Collective', 'US'),
('891c9f12-5481-48c9-ac49-c0012c492d9e', 'Moonchildren', 'US'),
('df98d586-6e63-4230-822b-18b06eddc524', 'ADNY', 'US'),
('c427092a-2c00-4503-97ad-0f1a643151fe', 'Lance Nuance', 'US'),
('4edb4ba3-e54b-4db7-b76c-ec5be2782275', 'Dub-Tech Soundsystem', 'US'),
('f6963eef-5eca-4b4f-84cc-8e8582692b57', 'Casey Hogan', 'US'),
('b24d6232-11c5-4e07-bfcd-cdf77d995b3d', 'Entity', 'US'),
('b23385e5-3e13-446c-9711-1a8507b19ebe', 'DJ RaSoul', 'Canada'),
('05018a37-0155-4c77-b626-9afdd583c897', 'Casey Hogan', 'US'),
('4d562a81-dd56-421b-8a43-4549c3094351', 'E.B.E. (2)', 'UK'),
('b97b2210-c526-45b8-a4e8-469f151e8cdf', 'Chris Gray', 'US'),
('92e574d7-e7fe-47e1-b86f-88fc0bc4e1be', 'DaRand Land', 'US'),
('6b508e5d-7f58-4d62-bd77-27361ea7a860', 'Kerri Chandler', 'US'),
('f6447c28-6971-4fb5-a514-42178c57b0c3', 'Kerri Chandler', 'US'),
('4dcb7cb7-25d3-4d36-b568-c08137c5252f', 'DJ Rasoul', 'US'),
('0974c978-c1e4-498c-9337-3344fc4609b5', 'DJ Rasoul', 'US'),
('dca0be96-5db9-4a30-a1c0-2c8e64c4e477', 'Pete Moss', 'US'),
('1497a84c-222c-46d3-ba5b-a4e78213c01e', 'John Tejada & Arian Leviste', 'US'),
('1d48edef-556f-4fe9-97d3-8bb7048f9187', 'John Tejada', 'UK'),
('bd6b2319-d75f-4c2b-a22d-3d31bb3a25fc', 'DJ Rasoul', 'US'),
('9f237560-9814-4f53-8031-4ba3ba1d9260', 'Solomonic Sound', 'US'),
('b43a9251-8639-44af-aa6a-d7abf4cbb033', 'Christopher Lawrence', 'US'),
('0c8670a7-763f-4e2c-8266-8316297abdd3', 'Harry The Bastard', 'US'),
('e9cffcf7-4b19-4cf0-af23-c7e8d51723a1', 'Pete Moss', 'US'),
('2897666d-33bc-4389-a7f8-5cb9847159b2', 'Mr. C', 'UK'),
('842a3cf5-e6c5-45dd-b3d8-ea5e2e3f84c6', 'Miguel Migs', 'US'),
('e0b1671c-bcd8-409f-8c68-16cf8d532de5', 'Fredrik Stark', 'US'),
('7db9a90a-509c-487a-aec1-6ba5723acce6', 'City Dreams', 'US'),
('5f36fea1-7824-4f84-a8e0-d43327b8e12f', 'Fredrik Stark', 'US'),
('862b540b-380b-42a5-b8c3-0d326afc5431', 'DJ Romain', 'US'),
('a393bc0d-7fa0-4fa1-9392-80ba23ee31f4', 'Danny Krivit', 'US'),
('d62d4227-31fc-4591-8ebf-0f05000f0a49', 'Conceiled Project', 'Sweden'),
('cfb7d1dd-163e-4afa-a3ba-55e71f8fd6e5', 'Laid', 'UK'),
('a6690ea6-88b9-4fc7-84bb-f2cbcafe1f50', 'Håkan Lidbo', 'UK'),
('ee4d11dd-5e96-4c57-bb6f-449bb22e0dd7', 'Laid', 'UK'),
('134a4859-149f-4ffc-a6e0-189d706b277c', 'Super_Collider', 'UK'),
('861888c9-6b99-46cd-8650-94adf3318621', 'Robert Rich', 'US'),
('41b89219-4e8d-4326-90bd-747e7ef88c2d', 'Brian Lustmord', 'US'),
('c6430127-7a78-4a72-9307-9a6ea27e1036', 'Tom Middleton', 'US'),
('114e69c2-828b-4564-9c89-e5ffad600eb4', 'Miguel Migs', 'US'),
('d82214ce-153b-41df-874d-9b40e1e68faf', 'Håkan Lidbo', 'UK'),
('0ece4cdf-3a10-4b68-8d7d-8b8f482a6ae4', 'Mateo & Matos', 'US'),
('674aeae0-e41b-4095-a540-ef2e5c8e95cd', 'Kings Of Tomorrow', 'US'),
('4e084b91-c68f-462a-9a90-72ee86ffd521', 'Soul Vision', 'US'),
('e0535846-a1a7-4200-aa91-f60fcdc0d35b', 'Terrence Parker', 'Canada'),
('8f0003b2-9ca5-4eb9-bfb0-0e4f30d2d105', 'Dino & Terry', 'US'),
('3400f8e7-eade-4df8-8e02-60cf94284ecc', 'Entity', 'US'),
('5377ca6a-b54d-41cb-b9af-8bd779fdb922', 'Larry Heard', 'US'),
('2e612cf4-2771-4afa-a264-fc1c36e6ce1f', 'Solitaire (12)', 'Germany'),
('9188838f-0514-4135-83ef-9e0e1caf6572', 'Tetsu Inoue', 'US'),
('3388b728-565e-4c70-b648-90869eda7a13', 'Ambiant Otaku', 'Germany'),
('bfb1c188-6424-4b5f-a6c9-8e80c39e104d', '6400 Crew', 'US'),
('1e11eb74-fa9b-430c-b19e-fad50abf9a23', 'Onionz', 'US'),
('48ea02a9-5b72-4d9d-8569-f2e56b4958f0', 'Master D', 'US'),
('27c11644-41d3-40f7-b90f-1732d8bbf1ff', 'Halo', 'US'),
('9932ef03-3a02-4f6a-81b4-31f55f5bc1e8', 'Tony Hewitt', 'US'),
('76365dd8-7c1f-4a17-a8fe-a0bd9fdf3e28', '6400 Crew', 'US'),
('53b474b5-91fe-45f3-9fe7-6941b9cea2c9', 'Toka Project', 'US'),
('fab31625-b805-4d98-9636-55e1157af047', 'Savvas Ysatis', 'Germany'),
('5c53694e-6e45-490e-836d-c19a6e253559', 'John Tejada', 'UK'),
('ec6c02e3-7a75-4721-a5d9-4104868371cd', 'Kevin Yost', 'France'),
('75adbe1d-ae72-461c-ad1d-e163858bb062', 'Wagon Christ', 'UK'),
('98b4aee8-3e9d-4a69-adcc-898717e134df', 'Pete Moss', 'US'),
('09610add-2ea2-45b9-86dc-858e5b0fb9a6', 'Miguel Migs', 'US'),
('8fb5026a-7a6c-45c5-8463-27e5a8b2538a', 'Pressure Funk', 'UK'),
('f1baa144-0f26-4747-a35c-8360e9a43185', 'The Soul Immigrants', 'US'),
('847ab687-bbf2-43b4-832b-db7c8fd15663', 'Fred Everything', 'UK'),
('e39c8e24-fb27-4bea-9a8b-5aa72961fc81', 'House Proud People', 'UK'),
('583b5801-31be-4e8d-8c44-d4a53e87226e', 'Toka Project', 'UK'),
('8bb2f7c5-064d-4c59-affd-3df6ef890361', 'Peace Division', 'Canada'),
('ea562620-560c-4634-b906-6efd0a2bc13e', 'Chris Simmonds', 'US'),
('187d8780-ff11-4879-8ba2-ceaa921d5d3b', 'Fredrik Stark', 'US'),
('4e3b3b3f-238c-490a-8314-75a6324c8f21', 'The Persuader', 'Sweden'),
('ee344bb7-90b2-4fbd-a5cb-c631e9c846bd', 'Pete Moss', 'US'),
('b0458abc-1c62-433c-a37e-38da02c17d0f', 'Pete Moss', 'US'),
('d1c50eb7-c2bc-4afb-91d6-e60f1f1d16f3', 'Josh Wink', 'US'),
('f4f0de8c-0ade-4f71-87cd-586871e160be', 'Lil Louis', 'US'),
('94ebc2d6-8c49-4bbb-be7d-9df11a5d0205', 'John Tejada', 'US'),
('a3d60128-dab7-4a9c-9d56-908002fb997b', 'John Tejada', 'US'),
('61715e23-7b16-4d0a-a375-adb744989c05', 'Peace Division', 'UK'),
('3fc39404-0bd5-4c50-bd46-3f7635e955e5', 'Marino Berardi', 'US'),
('50ec26bf-65f9-476f-b8ea-e8f54006b22f', 'Gavin Froome', 'Canada'),
('4687d963-7b0c-47d2-984e-88e93a2d1548', 'Blue Six', 'US'),
('eb5925fd-a09e-43c4-90eb-76e92fb7b131', 'Presence', 'UK'),
('41c8b07d-b2c7-47eb-ab6e-016c5aea29d6', 'Critical Point', 'US'),
('d8da853a-8621-4584-92eb-af2c1b187d72', 'Vikter Duplaix', 'US'),
('e3de3d9a-6daa-405e-b11f-3ccad20a4994', 'Solar House', 'US'),
('0795c647-d72e-467c-b820-f6cb85fa5c74', 'Natural Rhythm', 'US'),
('e07dc824-e535-4602-93c9-609e0c42886c', 'Phon.o', 'US'),
('4d2a07a4-7ccb-4c47-b8f5-87d7245ff59e', 'J.T. Donaldson', 'US'),
('78c26c59-a452-4bf2-a9d8-86597b3025b6', 'Marshall Jefferson', 'UK'),
('a97566ee-57e1-417f-be64-28a74be33f10', 'Noosa Heads', 'UK'),
('1a604303-5c2b-4408-9518-430f9a853166', 'Max Reich', 'Sweden'),
('b2829556-6a3f-4e3a-9f50-e14523e4383e', 'Johannes Foufas', 'Sweden'),
('bb24ac6f-ceb0-40c6-9c0f-edf696895ef5', 'David Alvarado', 'US'),
('cc875dcd-12a7-4fc6-b538-9a77dc7a85b0', 'John Tejada', 'US'),
('afbfee27-7e9b-4aa9-840e-6829db069fa2', 'John Tejada & Arian Leviste', 'US'),
('2bd1fe63-31e2-4c52-8574-f99f03ac443f', 'Joeski', 'US'),
('c449fdb4-56c7-4ec4-a0dd-421212adbeb3', 'The Persuader', 'Sweden'),
('ec9f7ebf-2a38-4b0f-a8a7-126c82f07769', 'DKMA', 'US'),
('cfb05afe-0968-4a38-9960-3206c98bc06b', 'Various', 'Canada'),
('1880ff8d-0081-4b99-88f4-0dd05a71faf9', 'Lisa Shaw', 'US'),
('f018bd80-9e67-4cca-b3d6-ebf209cf415f', 'Pure Science', 'UK'),
('20da3953-f04f-4f9d-ae83-973c7d6585e7', 'Mashupheadz', 'UK'),
('9c36a903-ca12-456f-ba2c-95660e1429d6', 'Balil', 'UK'),
('d56632b4-20f0-4cc5-b737-846fc29d8626', 'Kid Scientific', 'US'),
('3db95ae2-6935-42bd-bdd0-610919f6c1ca', 'Universal Tongues', 'US'),
('db8ecd89-3a8c-415f-9aa4-ffe4ec6cfe9e', 'Scuba', 'US'),
('f2d4f6f6-77aa-4adc-8421-80781ce27058', 'Jeff Mills', 'US'),
('61e60353-0264-4792-9b99-cb5c4fb8eed0', 'Jeff Mills', 'US'),
('bbbf7c68-88c1-445d-bf42-32762830efdc', 'Too Funk', 'UK'),
('0c2e2791-ee5c-4cbe-b970-5da4987af412', 'Miguel Migs', 'US'),
('6c4764a5-f769-4e1e-a364-d7e1bd0f0eb4', 'DJ Rasoul', 'US'),
('ec099cee-6a95-4f03-8fad-888f1c6d6b04', 'Natural Rhythm', 'US'),
('fb130271-0a8b-4513-9a00-0b518ad34dd3', 'The Players (12)', 'US'),
('5d931d47-5a06-47a0-b6f3-667076a21e68', 'Chaser', 'UK'),
('35292b60-37c2-4957-b9fa-6d0891e4894a', 'Onionz & Master D', 'US'),
('f5d73bb6-c4a6-4ed8-8678-4dfe86cb131d', 'Onionz', 'US'),
('6ed0411c-b92d-4c78-ae01-38bc7e2dca89', 'Joeski', 'US'),
('0450a98e-5b53-4b77-8714-405ce536b494', 'Master D', 'US'),
('b62b0d7a-ad4e-44d1-b2dc-751707932578', 'Dr. Nobody', 'Sweden'),
('864cb910-8b1f-41fd-93b5-1c6817eaf56d', 'Stereo People', 'US'),
('b6aabb20-3d27-4ad8-87f7-9c48c554be00', 'Orgy', 'US'),
('84837011-d3a5-4ef9-9e44-c0304c0b064d', 'Paul Jays', 'Portugal'),
('ff7fd6a8-88a7-4488-89b1-33aa02283ed9', 'Stacey Pullen', 'Belgium'),
('6e3812dc-4e87-43fd-bb44-7b7e29ceba54', 'Kosmic Messenger', 'Belgium'),
('6b26defe-273f-408d-b4d0-e6fae1435dcf', 'Vincent Nello', 'France'),
('cb45b51a-891a-4bb1-9c4e-145948fced1a', '2nd Shift', 'US'),
('1cf618a5-a31c-44a3-a9c0-6c0f0eceff01', 'DJ Heather', 'US'),
('f4e78a87-0cff-4611-857a-b4a5f9ddd869', 'Ian Pooley', 'UK & Europe'),
('73662435-1988-4df0-8d99-2856d3e774e9', 'J.T. Donaldson', 'US'),
('d33160a4-3e46-4d83-ab76-d23f78d4ee2a', 'Lance DeSardi', 'US'),
('d363e407-a46b-4dce-b3ba-d84a050c2f92', 'Natural Rhythm', 'US'),
('e222dddc-5725-4869-837b-de2b455015ed', 'Solar House', 'US'),
('b3cfdcea-e602-42ff-a837-77cfbcafed80', 'Fresh Cool Juice', 'US'),
('c2fa0e34-c36b-411f-b3a8-e7a12e74cafc', 'Step Time Orchestra', 'Finland'),
('6aa0248c-0acf-4f58-a393-e634479a9f2c', 'Halo', 'US'),
('9bb804c2-1164-44d5-81f9-8e3e111b6e81', 'Lego', 'Canada'),
('eadda49a-d65f-4e4a-a4ca-6cdef6e6c504', 'Forme', 'Sweden'),
('d9c7d690-9ea9-4103-a5b3-a1f120c3cb26', 'Pete Moss', 'US'),
('b021b221-8ad6-4bd7-b0fe-0f97b495bba3', 'Aphex Twin', 'UK'),
('81873756-96ab-44d2-8356-2624be36be42', 'Aphex Twin', 'UK'),
('d5303cbb-028b-48d4-97b2-b34f8a1abef4', 'Woodenspoon', 'UK'),
('5067fc54-d656-4969-ad08-476b42e118e7', 'Jeff Mills', 'US'),
('56b97b18-2dd7-4e08-bb5e-9becc9f71cbf', 'Jeff Mills', 'US'),
('bbb2aeb3-71c4-465e-a070-f4e0ec555d6a', 'Jeff Mills', 'US'),
('86e3a4ca-3e0f-4347-a0d8-90a6ca8609f3', 'Toka Project', 'US'),
('ef9ac956-8a5d-44f0-b029-f0978d0fce5a', 'Natural Rhythm', 'UK'),
('84d2b521-08ba-4775-a6a1-0b1a15bba909', 'DJ Rasoul', 'US'),
('a0196324-6884-4736-ad32-ea086378d0a0', 'Miguel Migs', 'US'),
('b579b74a-4f94-4cc5-b07a-b3ea6017a9f3', 'Swayzak', 'UK'),
('0f804f01-759a-4b65-8e0f-96aeaf938fe6', 'Dino & Terry', 'US'),
('b6fb96f1-d3e5-4598-976c-7bf9872c03e7', 'Sunday Brunch', 'Sweden'),
('176465aa-25d7-49a5-b567-2901685e152a', 'Sunday Brunch', 'Sweden'),
('4418d635-825c-49fd-aada-d4ff90c59676', 'Laid', 'US'),
('892e0dd1-5ea2-4774-a116-cfde1ce817d0', 'Beanfield', 'Germany'),
('56dfb4e3-45a4-454a-bb0e-2c7c5d37caad', 'Audiomontage', 'UK'),
('de13e568-814d-422d-b643-47782a925a04', 'Journeyman (3)', 'US'),
('4d927723-b6e3-43eb-9f52-9380b000ceff', 'O.T.C', 'UK'),
('e582373b-2b53-48d9-9519-d1671194ed10', 'Slick N Flash', 'UK'),
('7e50e458-c33a-44c4-9ef7-40271c0099b2', 'Jesper Dahlbäck', 'Sweden'),
('68e570a3-7048-42b7-af38-6386b11c2994', 'Autechre', 'UK'),
('046b7639-0f5c-43ed-817e-bbab181bfef7', 'Autechre', 'UK'),
('2fd4059f-1d61-45bf-9119-c557b88c0164', 'Mira Calix', 'UK'),
('d919a164-9ac1-439c-aed2-daebdb675bea', 'Step Time Orchestra', 'Canada'),
('42f49d4b-65f8-40c3-b05b-55a92655afd4', 'Gescom', 'UK'),
('dfda4379-1025-4b86-8235-3c0ee76931c5', 'Autechre', 'UK'),
('e2c8dd4d-efb1-41bd-b243-8cd0245fdd4f', 'Gescom', 'UK'),
('bfd6212b-e5c3-4046-8846-eaa7f1af5b65', 'Universal Funk', 'Sweden'),
('1b8fefff-1175-40e3-be88-bec788efd2c2', 'Jeff Mills', 'US'),
('6413ee67-aac9-4333-ba46-86ebf37ceaa6', 'Jeff Mills', 'US'),
('b6292e52-4cfd-4c65-acb2-15aef9137175', 'Mazarine', 'Germany'),
('637e5413-3091-4aa0-b65d-35ad1b911cc4', 'Kaos Moon', 'Germany'),
('85f6ec93-fe2b-4e74-a2bd-4ca468f7df4a', 'H-Foundation', 'US'),
('aee908db-1176-495e-bca3-3d571482c2fd', 'Envoy', 'UK'),
('b293264b-8008-4028-b7df-9b5e3d76e474', 'DJ Hush', 'US'),
('98e8d62f-a5db-42d2-b60c-590f8ac7694d', 'Chop Shop', 'US'),
('72d1ebed-0af9-4d4c-a6a0-629c96adfb88', 'Wambonix', 'US'),
('a7948d2c-e82a-4e2e-b24b-919607ee8c56', 'Neon Heights', 'UK'),
('dc6de4ac-45d7-4bc9-928e-46abb0980d1e', 'Zed J', 'UK'),
('a45737fd-a227-4069-a244-a8d662a43477', 'Various', 'US'),
('6b83b9d0-dac9-4788-bc6f-b21f3a940279', 'Luke Vibert', 'UK'),
('8cc1fd31-9396-4f1b-abe8-3dc7c5a79b05', 'ADNY & The Persuader', 'US'),
('c66cd700-9008-41f4-bdf4-6086e14bfa26', 'ADNY & The Persuader', 'US'),
('f259dacb-d158-4bf8-83ab-9b193f8a1517', 'ADNY & The Persuader', 'US'),
('98c127cb-29ac-432a-8526-43f831c27598', 'Johnny Fiasco', 'US'),
('76a65358-ac0d-4689-ad4a-db0439f34f74', 'Mike Grant', 'US'),
('1cde1a73-34d5-44c9-8924-c85032fda272', 'J.T. Donaldson', 'Canada'),
('4dfaafb3-39fb-4c7b-a707-4460f711aec3', 'Chris Nazuka', 'Canada'),
('78106ff8-8088-48b6-aa4b-6443977627da', 'Wally Callerio', 'US'),
('402b632b-36b6-4d6c-a79c-62e549003607', 'D-Ren 1', 'UK'),
('fc756ca4-4a77-4a43-a543-4770f307e553', 'Brothers Vibe', 'US'),
('f85549cc-fb20-4b59-a3b3-49122ba46bb9', 'Charles Schillings', 'France'),
('377d2bf9-9e01-45ff-adfe-e26c447d6394', 'Julius Papp & Dave Warrin', 'US'),
('9404885e-70c0-41de-8c28-48c433ec37ab', 'Secret Ingredients', 'UK'),
('4a6af747-1fd9-49a3-ad23-b146431229a7', 'Jega', 'UK'),
('3794ce68-aa02-41b9-a65e-8e04d2af38f4', 'Tom Jenkinson', 'UK'),
('3222ceb6-a5af-4900-91bb-2e241cfadf97', 'Squarepusher', 'UK'),
('bfc7c8d2-f1c3-4eb4-8910-4875c93ec422', 'Squarepusher', 'UK'),
('d8b908e1-2288-4100-92f9-93118ed0b9ff', 'Wafta', 'UK'),
('97381390-85ad-47e3-ac78-96718db9ddca', 'D.I.A.L.', 'UK'),
('9207e298-b58b-418e-92ea-259faa0599d2', 'Squarepusher', 'UK'),
('c5ee79c3-2830-42af-9c51-77bb390ca1c6', 'Gescom', 'UK'),
('0d42934f-bb35-4883-a857-79c36d196afb', 'Onionz & Tony', 'US'),
('fcfcf363-8e78-4dc7-9b5b-e9953e1e64ee', 'ADNY', 'Switzerland'),
('1cf1178e-9ab1-475c-89b7-7a03bf5d5110', 'Denard Henry', 'Switzerland'),
('63a95019-a13f-4038-bc8f-c443d932e96d', 'ADNY', 'UK'),
('55d26e42-f2e3-4876-a7d8-62361d79d5a0', 'Moonchild', 'UK'),
('c5fc4c93-9327-4061-9447-960f8b5a5bc6', 'Dunderhead (2)', 'UK'),
('4559425d-a5f5-4142-b60d-b34297ea982d', 'Tom Jenkinson', 'UK'),
('7db5ec47-b0a0-4945-9e8b-3b072aaa84d4', 'Tom Jenkinson', 'UK');

insert into artist_productids (artist_artistid, productid) values
('61c8a361-a506-45d9-b7b1-ef927ccbbae3', '7ea75acf-1a9f-4a26-be34-b707ee7b1829'),
('1743e46e-2591-4c22-bfbf-ee3657fbe041', '0a45ce1e-6d11-45f9-9972-b688b93b8d2e'),
('a2224fa7-98bf-4ca0-9638-7475143e1b60', '6a0b0952-59de-49e8-bef8-b02a99cc1092'),
('acb17866-ba71-41ec-ad17-4c012bf5614d', 'f8519fdf-d419-4e9a-a9e8-fbfa918b4e0c'),
('2dd84733-0ea0-4147-874e-4ab332f5684c', 'bb955c17-dc57-417c-9068-a31495a6b863'),
('a17243c8-d5b4-4c3c-ae6f-aeb9bbd22efc', 'f7f4a445-52e8-48ee-8a33-46aca2ee7123'),
('08118914-3e7e-4c3f-8c84-25d291c1d6dd', '3a8297bf-208d-4a81-be7a-13d7d624dc36'),
('a6805a49-5c75-416f-8e3a-4c73af615cff', 'e514001b-d08a-4ddc-b132-fd90213e8f98'),
('d8e5c450-6d06-4579-9383-144b53a9e2a6', 'd692c33a-b393-428c-afae-e4cf2ed67fcc'),
('c6255d1b-08f6-4636-9391-be7354c792f3', '3d4aeafb-fe5f-44e6-b22a-5eb8204a6153'),
('94a84d18-4477-44b2-94d8-4b1edeed8450', 'bea12c2a-abc6-4988-a736-5a481e2ff45d'),
('843c0f5e-64f8-48ac-90e3-859bc32a5acf', '75acc550-f134-48df-8f65-da1ebd2a2951'),
('891c9f12-5481-48c9-ac49-c0012c492d9e', '4a41df20-17cc-490f-ab2c-30770e0b4b18'),
('df98d586-6e63-4230-822b-18b06eddc524', '0cd52f85-aa97-4dd7-bf56-15c16db85f29'),
('c427092a-2c00-4503-97ad-0f1a643151fe', 'dc9aeca7-886b-4e55-8d12-4e7692bd358e'),
('4edb4ba3-e54b-4db7-b76c-ec5be2782275', 'bbc657da-41e9-4c1c-ad50-0cb974786dd6'),
('f6963eef-5eca-4b4f-84cc-8e8582692b57', '243de61e-d8da-4be2-b142-d6fdb2f86eb4'),
('b24d6232-11c5-4e07-bfcd-cdf77d995b3d', '66bc00d9-5670-4ecb-ad0e-64dbf1c86eae'),
('b23385e5-3e13-446c-9711-1a8507b19ebe', 'd998c38e-8056-4000-9730-c076e8df2ac2'),
('05018a37-0155-4c77-b626-9afdd583c897', '925956f4-0218-4170-be7f-32825627f677'),
('4d562a81-dd56-421b-8a43-4549c3094351', '9ffc8571-8f8a-4a09-a320-4e032cbbdee7'),
('b97b2210-c526-45b8-a4e8-469f151e8cdf', 'dc766c6b-7f26-4776-a996-c1c97ce64edb'),
('92e574d7-e7fe-47e1-b86f-88fc0bc4e1be', 'a1e234bc-134a-42a7-b6b8-b8a43028c993'),
('6b508e5d-7f58-4d62-bd77-27361ea7a860', '540114d3-2191-4493-9a09-2b90a7d3e1be'),
('f6447c28-6971-4fb5-a514-42178c57b0c3', '5cdc3808-5b2d-483b-b0d3-16bb632a55d9'),
('4dcb7cb7-25d3-4d36-b568-c08137c5252f', '5c874b6d-aa05-463d-9acf-8c4172c3484a'),
('0974c978-c1e4-498c-9337-3344fc4609b5', 'a80277ac-8e74-49d2-8c37-8648a51d1171'),
('dca0be96-5db9-4a30-a1c0-2c8e64c4e477', 'df812040-2310-4982-bf5c-84bbd72ce591'),
('1497a84c-222c-46d3-ba5b-a4e78213c01e', 'bec44178-c3bd-43f0-b8f9-03fc85adcaef'),
('1d48edef-556f-4fe9-97d3-8bb7048f9187', '6aaba3cd-e2b1-436d-9d25-419a77f4a974'),
('bd6b2319-d75f-4c2b-a22d-3d31bb3a25fc', '9aa41e5c-4888-402b-8fb6-4482c1439270'),
('9f237560-9814-4f53-8031-4ba3ba1d9260', '0fee0a8a-4ec7-4ac3-b25a-f9268cfbc312'),
('b43a9251-8639-44af-aa6a-d7abf4cbb033', '27d8e5a6-70bd-4f5a-948b-d889464a51ee'),
('0c8670a7-763f-4e2c-8266-8316297abdd3', '1b5abf73-886e-4e9c-ae13-23cf66df9845'),
('e9cffcf7-4b19-4cf0-af23-c7e8d51723a1', '3f58819b-a20a-4b97-8569-16db6b1212b0'),
('2897666d-33bc-4389-a7f8-5cb9847159b2', '3caf0687-3a50-4f7c-833c-8e0078f0d8d2'),
('842a3cf5-e6c5-45dd-b3d8-ea5e2e3f84c6', 'caae7ebf-ad2a-4070-a408-46eaf69a077a'),
('e0b1671c-bcd8-409f-8c68-16cf8d532de5', 'b106bb48-38d4-4aec-80d5-d926a89fd580'),
('7db9a90a-509c-487a-aec1-6ba5723acce6', 'b106bb48-38d4-4aec-80d5-d926a89fd580'),
('5f36fea1-7824-4f84-a8e0-d43327b8e12f', '3ad6d1e1-c1e8-464f-be0e-fc9b560ea239'),
('862b540b-380b-42a5-b8c3-0d326afc5431', '2d4c2e41-f588-4838-9804-ec383056f558'),
('a393bc0d-7fa0-4fa1-9392-80ba23ee31f4', '2d4c2e41-f588-4838-9804-ec383056f558'),
('d62d4227-31fc-4591-8ebf-0f05000f0a49', 'a63f6a0c-7321-4cb3-8af1-39504bb7b669'),
('cfb7d1dd-163e-4afa-a3ba-55e71f8fd6e5', '3e13e48c-5b9d-4a6a-8412-53b3b8692cbf'),
('a6690ea6-88b9-4fc7-84bb-f2cbcafe1f50', 'a0ab376c-3b50-485a-bb15-6c6f2090fbe4'),
('ee4d11dd-5e96-4c57-bb6f-449bb22e0dd7', 'a0ab376c-3b50-485a-bb15-6c6f2090fbe4'),
('134a4859-149f-4ffc-a6e0-189d706b277c', 'eb902f79-9ddd-4ffd-971a-5f54bf51f7ec'),
('861888c9-6b99-46cd-8650-94adf3318621', '02ad40d6-b08d-41f6-af38-ed00699ea2fd'),
('41b89219-4e8d-4326-90bd-747e7ef88c2d', '02ad40d6-b08d-41f6-af38-ed00699ea2fd'),
('c6430127-7a78-4a72-9307-9a6ea27e1036', '6f3aba42-a5a4-4259-9d1a-0ac5a4269f64'),
('114e69c2-828b-4564-9c89-e5ffad600eb4', '9b1d8b29-ff5c-4c5b-aef3-ca4058da97d6'),
('d82214ce-153b-41df-874d-9b40e1e68faf', '10ae7a11-e64e-4b6e-8989-bfcf0a74ee01'),
('0ece4cdf-3a10-4b68-8d7d-8b8f482a6ae4', 'fec59b53-f66d-42b6-89dd-f1fdd9686515'),
('674aeae0-e41b-4095-a540-ef2e5c8e95cd', 'c5cefff3-4eaf-4162-8f8b-95ea38cd5258'),
('4e084b91-c68f-462a-9a90-72ee86ffd521', 'c5cefff3-4eaf-4162-8f8b-95ea38cd5258'),
('e0535846-a1a7-4200-aa91-f60fcdc0d35b', 'f155e5da-8314-473d-9c3f-1dd690345136'),
('8f0003b2-9ca5-4eb9-bfb0-0e4f30d2d105', 'b27c4371-6978-4473-8e60-cd6af549b49b'),
('3400f8e7-eade-4df8-8e02-60cf94284ecc', '7d556dbc-95a6-4889-958a-7a8029bfdb7b'),
('5377ca6a-b54d-41cb-b9af-8bd779fdb922', '73c6de20-c46b-4b1f-8abd-fa05cb2c72cc'),
('2e612cf4-2771-4afa-a264-fc1c36e6ce1f', '34360d04-5276-4fa4-ba51-5512d85720bb'),
('9188838f-0514-4135-83ef-9e0e1caf6572', 'd5fa5d83-c621-4ddd-ac1d-f20c6d5ff160'),
('3388b728-565e-4c70-b648-90869eda7a13', 'f41de723-5c51-4569-bfeb-ca6dad67e5b9'),
('bfb1c188-6424-4b5f-a6c9-8e80c39e104d', 'fb5b498e-c149-406a-93a7-0dd7c7247713'),
('1e11eb74-fa9b-430c-b19e-fad50abf9a23', '89b19153-5ef3-422b-88e6-d87d98c93aeb'),
('48ea02a9-5b72-4d9d-8569-f2e56b4958f0', '89b19153-5ef3-422b-88e6-d87d98c93aeb'),
('27c11644-41d3-40f7-b90f-1732d8bbf1ff', '89b19153-5ef3-422b-88e6-d87d98c93aeb'),
('9932ef03-3a02-4f6a-81b4-31f55f5bc1e8', '89b19153-5ef3-422b-88e6-d87d98c93aeb'),
('76365dd8-7c1f-4a17-a8fe-a0bd9fdf3e28', '89b19153-5ef3-422b-88e6-d87d98c93aeb'),
('53b474b5-91fe-45f3-9fe7-6941b9cea2c9', '4629ca82-6f31-4518-9549-3d3aae472375'),
('fab31625-b805-4d98-9636-55e1157af047', 'c807084e-e43d-4b50-a965-8da20b93394b'),
('5c53694e-6e45-490e-836d-c19a6e253559', '7201a047-ac92-4b3b-9f6b-24465240bbac'),
('ec6c02e3-7a75-4721-a5d9-4104868371cd', 'c0015380-9169-4b6c-a5a5-f332dec634ad'),
('75adbe1d-ae72-461c-ad1d-e163858bb062', 'a0ab3b69-6a75-4a08-8aca-51c77ef14a2d'),
('98b4aee8-3e9d-4a69-adcc-898717e134df', '0db7c6da-3a85-482c-8400-84b938c00123'),
('09610add-2ea2-45b9-86dc-858e5b0fb9a6', '6c028a45-fe67-44cd-bbc9-ca364e66ca09'),
('8fb5026a-7a6c-45c5-8463-27e5a8b2538a', '3b98c354-8225-4428-b971-0a1197ce293b'),
('f1baa144-0f26-4747-a35c-8360e9a43185', '048c93a0-e0ed-4fbb-a52d-015b4ced2b57'),
('847ab687-bbf2-43b4-832b-db7c8fd15663', '78e91879-0301-4a04-a900-234b17b9df1f'),
('e39c8e24-fb27-4bea-9a8b-5aa72961fc81', 'f436bf78-6695-4760-928a-a3a92b2883b4'),
('583b5801-31be-4e8d-8c44-d4a53e87226e', '3b72c80c-c9aa-43b0-b3c9-c4c7b78036a5'),
('8bb2f7c5-064d-4c59-affd-3df6ef890361', '336212a1-3a2b-4ab8-8681-de989402f331'),
('ea562620-560c-4634-b906-6efd0a2bc13e', '9f0577b1-5b4a-4749-a585-2fe8af2d2a89'),
('187d8780-ff11-4879-8ba2-ceaa921d5d3b', '71acd9f0-6c92-4091-9334-621a6eee8c28'),
('4e3b3b3f-238c-490a-8314-75a6324c8f21', '8f9079ac-ed65-43df-8092-33c72ce11b0b'),
('ee344bb7-90b2-4fbd-a5cb-c631e9c846bd', 'c8992493-3402-48f2-b9aa-1adbf4db9fef'),
('b0458abc-1c62-433c-a37e-38da02c17d0f', '3394608b-ecbc-4fbf-81cd-6b95124c1093'),
('d1c50eb7-c2bc-4afb-91d6-e60f1f1d16f3', '874cf191-da8a-4e0a-be21-17f38c6d8b98'),
('f4f0de8c-0ade-4f71-87cd-586871e160be', '874cf191-da8a-4e0a-be21-17f38c6d8b98'),
('94ebc2d6-8c49-4bbb-be7d-9df11a5d0205', '8d09912b-d4ab-447e-9d79-ad2cb2e20fb0'),
('a3d60128-dab7-4a9c-9d56-908002fb997b', '597bda01-5193-484e-8919-8817b79ed5d7'),
('61715e23-7b16-4d0a-a375-adb744989c05', 'a73dff7f-538c-4ae5-aadc-c5f88c23bb7f'),
('3fc39404-0bd5-4c50-bd46-3f7635e955e5', 'cc8eefec-3861-4f4a-95d5-7fc33471deaf'),
('50ec26bf-65f9-476f-b8ea-e8f54006b22f', '0a07a3e3-09ec-4748-a64a-51cf5447221c'),
('4687d963-7b0c-47d2-984e-88e93a2d1548', 'c9715c7e-e9df-428c-a7e7-48c91168e4a5'),
('eb5925fd-a09e-43c4-90eb-76e92fb7b131', '5dc0e926-fd8d-4181-bd0d-06a8e57e5ca9'),
('41c8b07d-b2c7-47eb-ab6e-016c5aea29d6', '589a5170-c946-42cb-8b49-64c78d870b41'),
('d8da853a-8621-4584-92eb-af2c1b187d72', '589a5170-c946-42cb-8b49-64c78d870b41'),
('e3de3d9a-6daa-405e-b11f-3ccad20a4994', 'f2d862af-8ad2-4608-aec1-9551be85c649'),
('0795c647-d72e-467c-b820-f6cb85fa5c74', '6212e49a-a23e-4641-86eb-8a6b6668b433'),
('e07dc824-e535-4602-93c9-609e0c42886c', '704213d4-da2e-4297-bce1-b7f783d88fbc'),
('4d2a07a4-7ccb-4c47-b8f5-87d7245ff59e', 'eb582976-fd1d-4ad6-ba9c-dfdc859d7335'),
('78c26c59-a452-4bf2-a9d8-86597b3025b6', 'bed114e4-2cf2-4b9f-8fd6-14870de8b000'),
('a97566ee-57e1-417f-be64-28a74be33f10', 'bed114e4-2cf2-4b9f-8fd6-14870de8b000'),
('1a604303-5c2b-4408-9518-430f9a853166', '13b17b26-c1a8-4977-9d4a-f23a91164266'),
('b2829556-6a3f-4e3a-9f50-e14523e4383e', '13b17b26-c1a8-4977-9d4a-f23a91164266'),
('bb24ac6f-ceb0-40c6-9c0f-edf696895ef5', '3a2ca33a-4c74-47c7-b157-8a82f6bea97e'),
('cc875dcd-12a7-4fc6-b538-9a77dc7a85b0', '77ee7e9b-baf2-46ae-9d8e-97858a2a6c84'),
('afbfee27-7e9b-4aa9-840e-6829db069fa2', '56000f18-f614-4add-ae43-22162353945d'),
('2bd1fe63-31e2-4c52-8574-f99f03ac443f', 'a48c2a3c-ab79-464d-853e-9a4134380f24'),
('c449fdb4-56c7-4ec4-a0dd-421212adbeb3', '7955efcb-a353-4932-a080-e987d7357f5b'),
('ec9f7ebf-2a38-4b0f-a8a7-126c82f07769', 'a6397c75-00be-4557-b904-2d4908bcc73b'),
('cfb05afe-0968-4a38-9960-3206c98bc06b', '2c3149a5-b1b6-4979-ab4e-fc13458d78fd'),
('1880ff8d-0081-4b99-88f4-0dd05a71faf9', '550ed636-c372-4a6b-b6e0-fcfeac53378e'),
('f018bd80-9e67-4cca-b3d6-ebf209cf415f', '8080e391-9a3f-49ce-9774-a185d663f43a'),
('20da3953-f04f-4f9d-ae83-973c7d6585e7', '8080e391-9a3f-49ce-9774-a185d663f43a'),
('9c36a903-ca12-456f-ba2c-95660e1429d6', 'a94acb77-a750-4af9-a872-8d0a73f4cce6'),
('d56632b4-20f0-4cc5-b737-846fc29d8626', '47857900-ab76-4ee7-a725-d8275ce542bc'),
('3db95ae2-6935-42bd-bdd0-610919f6c1ca', '6d6252dc-37a4-43c6-8ac4-bc776a407db8'),
('db8ecd89-3a8c-415f-9aa4-ffe4ec6cfe9e', 'd21c93f1-d135-41df-8dc9-03f1f4575542'),
('f2d4f6f6-77aa-4adc-8421-80781ce27058', '796adaf5-b58e-4822-9610-15fc7244ccef'),
('61e60353-0264-4792-9b99-cb5c4fb8eed0', 'c1e4e188-6c2c-4c07-8b02-ccf2856b6bb3'),
('bbbf7c68-88c1-445d-bf42-32762830efdc', '761e3a9c-8bfc-4b0a-b51f-5c2e58d53fc6'),
('0c2e2791-ee5c-4cbe-b970-5da4987af412', 'e37c0e6a-c09e-4d67-9d2b-265ca53a7789'),
('6c4764a5-f769-4e1e-a364-d7e1bd0f0eb4', 'e37c0e6a-c09e-4d67-9d2b-265ca53a7789'),
('ec099cee-6a95-4f03-8fad-888f1c6d6b04', '41560e07-24d6-450d-af4f-694cd0359f7c'),
('fb130271-0a8b-4513-9a00-0b518ad34dd3', 'd7b04103-2831-4cdb-8ce9-2ed099ec5322'),
('5d931d47-5a06-47a0-b6f3-667076a21e68', 'ce8ea2a5-286c-4a3f-995e-be50f929b068'),
('35292b60-37c2-4957-b9fa-6d0891e4894a', 'f7ef38e2-3198-414b-9dff-1f6437fef3e6'),
('f5d73bb6-c4a6-4ed8-8678-4dfe86cb131d', '68712fec-7685-41e6-bd0c-b1f0b58dba5e'),
('6ed0411c-b92d-4c78-ae01-38bc7e2dca89', '68712fec-7685-41e6-bd0c-b1f0b58dba5e'),
('0450a98e-5b53-4b77-8714-405ce536b494', '68712fec-7685-41e6-bd0c-b1f0b58dba5e'),
('b62b0d7a-ad4e-44d1-b2dc-751707932578', 'e19bbcd3-13f2-4d4c-a13c-8361e31ff30c'),
('864cb910-8b1f-41fd-93b5-1c6817eaf56d', 'b424a2c5-69ec-4610-9513-3ada39b99d71'),
('b6aabb20-3d27-4ad8-87f7-9c48c554be00', '3bffba86-1aac-48bd-a8d9-d59e696e2e18'),
('84837011-d3a5-4ef9-9e44-c0304c0b064d', 'ac177aaa-a0b9-4226-8c68-ab90f292ccb1'),
('ff7fd6a8-88a7-4488-89b1-33aa02283ed9', '3db628c3-feca-4dc7-b56d-553f8f080cf8'),
('6e3812dc-4e87-43fd-bb44-7b7e29ceba54', '3db628c3-feca-4dc7-b56d-553f8f080cf8'),
('6b26defe-273f-408d-b4d0-e6fae1435dcf', '5cf9899c-02ea-4123-a770-24ffba56e632'),
('cb45b51a-891a-4bb1-9c4e-145948fced1a', '6bfe61ba-cf2a-416e-99b1-a896dc1aac48'),
('1cf618a5-a31c-44a3-a9c0-6c0f0eceff01', '6bfe61ba-cf2a-416e-99b1-a896dc1aac48'),
('f4e78a87-0cff-4611-857a-b4a5f9ddd869', 'ae08d21e-81e6-4f4e-b301-8768495e8da8'),
('73662435-1988-4df0-8d99-2856d3e774e9', 'a59178ab-44e5-43e3-8371-ade6d2742cdd'),
('d33160a4-3e46-4d83-ab76-d23f78d4ee2a', 'a59178ab-44e5-43e3-8371-ade6d2742cdd'),
('d363e407-a46b-4dce-b3ba-d84a050c2f92', '89cc5c61-4d80-4070-92c0-2729c60e6c32'),
('e222dddc-5725-4869-837b-de2b455015ed', '780cabf0-5d2f-4117-967c-fe087357be15'),
('b3cfdcea-e602-42ff-a837-77cfbcafed80', '70b6590e-cd2a-4c90-b787-9ad8ace6d8ec'),
('c2fa0e34-c36b-411f-b3a8-e7a12e74cafc', '7a7d10ff-758b-4d5c-a6b4-263236c1b925'),
('6aa0248c-0acf-4f58-a393-e634479a9f2c', '55bb580b-3464-4e4e-b764-e9ee555b9e64'),
('9bb804c2-1164-44d5-81f9-8e3e111b6e81', '3c541548-0e80-4edf-973f-19b0faf19e0a'),
('eadda49a-d65f-4e4a-a4ca-6cdef6e6c504', '3376a403-d02e-4d25-97c3-8a42966c813f'),
('d9c7d690-9ea9-4103-a5b3-a1f120c3cb26', '1421d2c9-0512-4a13-b005-f388536b038a'),
('b021b221-8ad6-4bd7-b0fe-0f97b495bba3', '25c9a2b9-e5fc-4809-8076-ed0578e62b3c'),
('81873756-96ab-44d2-8356-2624be36be42', 'c948fc36-e1ff-4902-8c35-777ca66e64e2'),
('d5303cbb-028b-48d4-97b2-b34f8a1abef4', 'd554e5ca-335a-4752-ae78-edc3d17961d5'),
('5067fc54-d656-4969-ad08-476b42e118e7', 'cf5450ea-5929-4d5c-a7f3-ff05821417fa'),
('56b97b18-2dd7-4e08-bb5e-9becc9f71cbf', '7d9f1b45-5465-4978-b0eb-023cb7e1b169'),
('bbb2aeb3-71c4-465e-a070-f4e0ec555d6a', '9fe5dec1-5d3e-48ae-bbdb-1db362f3058c'),
('86e3a4ca-3e0f-4347-a0d8-90a6ca8609f3', '84d27ba7-b5c3-4d24-b2e7-50101c90597e'),
('ef9ac956-8a5d-44f0-b029-f0978d0fce5a', '183c27a6-71cf-429c-89f5-b33ef3560c34'),
('84d2b521-08ba-4775-a6a1-0b1a15bba909', '5eecab9e-9048-41ee-9ae2-0489fee67b0a'),
('a0196324-6884-4736-ad32-ea086378d0a0', 'f68b7a82-4ea4-4757-9597-483b9cae8a08'),
('b579b74a-4f94-4cc5-b07a-b3ea6017a9f3', '25c3a62b-9788-45a7-b97a-e7327e7aff44'),
('0f804f01-759a-4b65-8e0f-96aeaf938fe6', '9d8e1d86-ccd6-4b70-b593-77f2bd0070f0'),
('b6fb96f1-d3e5-4598-976c-7bf9872c03e7', '0f64da01-4847-4c9f-a7f2-522e11fff7fd'),
('176465aa-25d7-49a5-b567-2901685e152a', '86b060d2-937a-4467-9dd2-eb47846238a1'),
('4418d635-825c-49fd-aada-d4ff90c59676', 'd857a082-c013-4b07-b314-88e7aec2782f'),
('892e0dd1-5ea2-4774-a116-cfde1ce817d0', 'dc847ff0-1bf4-4da0-8782-d105d94b1e9b'),
('56dfb4e3-45a4-454a-bb0e-2c7c5d37caad', '5ffe7947-fdf9-4a8e-811e-4a437268c939'),
('de13e568-814d-422d-b643-47782a925a04', 'a96be9be-1938-4419-a94c-81556c76ff9d'),
('4d927723-b6e3-43eb-9f52-9380b000ceff', '1eade9c5-bfc3-45b0-b464-eb9af067a58b'),
('e582373b-2b53-48d9-9519-d1671194ed10', 'b4c9ffdc-0eb3-4cb3-bf3f-bc298895132d'),
('7e50e458-c33a-44c4-9ef7-40271c0099b2', '319426c4-415c-474d-8a95-7f39aa1320ca'),
('68e570a3-7048-42b7-af38-6386b11c2994', '08135561-ef9a-4c95-9c2f-41492c1ce027'),
('046b7639-0f5c-43ed-817e-bbab181bfef7', 'd6e70d05-f47b-4e8f-911c-913f753d7d43'),
('2fd4059f-1d61-45bf-9119-c557b88c0164', '7601b396-36a3-4b55-b145-6f0aa2d5ccb7'),
('d919a164-9ac1-439c-aed2-daebdb675bea', '57bb0052-8971-4816-b61c-79e97c4df963'),
('42f49d4b-65f8-40c3-b05b-55a92655afd4', '40eb6e58-5ae3-4702-9638-4e3157d963fd'),
('dfda4379-1025-4b86-8235-3c0ee76931c5', '26fcff3e-0fda-4bed-95ea-2ff15c98ecda'),
('e2c8dd4d-efb1-41bd-b243-8cd0245fdd4f', '26fcff3e-0fda-4bed-95ea-2ff15c98ecda'),
('bfd6212b-e5c3-4046-8846-eaa7f1af5b65', 'cad63646-5130-4c75-9170-74bcc9388a1c'),
('1b8fefff-1175-40e3-be88-bec788efd2c2', 'e8443a0a-3428-4872-bc60-784b5191fb5b'),
('6413ee67-aac9-4333-ba46-86ebf37ceaa6', '17db518d-c66b-44ca-90ad-6a23d50287c6'),
('b6292e52-4cfd-4c65-acb2-15aef9137175', '02589e09-f003-4a89-b47b-00641410c6ea'),
('637e5413-3091-4aa0-b65d-35ad1b911cc4', '4a65a7fc-34eb-4b1a-86a5-b38c4c5be8ea'),
('85f6ec93-fe2b-4e74-a2bd-4ca468f7df4a', '65a04b45-8ef7-4c29-b56a-c909966a7c85'),
('aee908db-1176-495e-bca3-3d571482c2fd', '68250b84-f132-4760-bedf-83f532acad41'),
('b293264b-8008-4028-b7df-9b5e3d76e474', '1baf6218-44c8-4ec0-bbc9-94866e4dcfca'),
('98e8d62f-a5db-42d2-b60c-590f8ac7694d', '1baf6218-44c8-4ec0-bbc9-94866e4dcfca'),
('72d1ebed-0af9-4d4c-a6a0-629c96adfb88', '91cfbeb6-9e2d-47b5-a054-3a83ca6b0a38'),
('a7948d2c-e82a-4e2e-b24b-919607ee8c56', '1f70baec-a380-43ea-8474-4f19e80c90e8'),
('dc6de4ac-45d7-4bc9-928e-46abb0980d1e', '1f70baec-a380-43ea-8474-4f19e80c90e8'),
('a45737fd-a227-4069-a244-a8d662a43477', '3fd16dae-512c-4671-b00c-9e432aef8198'),
('6b83b9d0-dac9-4788-bc6f-b21f3a940279', '9fe2f72d-d0a5-402b-b1ee-abe84379a923'),
('8cc1fd31-9396-4f1b-abe8-3dc7c5a79b05', '432a77e8-f2b1-4b1b-bcd9-76e3bfd0a0ba'),
('c66cd700-9008-41f4-bdf4-6086e14bfa26', 'e97ddffb-92bd-445a-b518-9a063b255bb0'),
('f259dacb-d158-4bf8-83ab-9b193f8a1517', '4a04e1e8-3108-4047-a740-c8106ccc7421'),
('98c127cb-29ac-432a-8526-43f831c27598', '27e22d34-b8bf-4ca5-8cad-9ca84ef5f36e'),
('76a65358-ac0d-4689-ad4a-db0439f34f74', '3f497402-27d2-4e8f-87d7-547af66c04d8'),
('1cde1a73-34d5-44c9-8924-c85032fda272', '563e6a98-ce21-49bd-a241-c95e01cb34c8'),
('4dfaafb3-39fb-4c7b-a707-4460f711aec3', '563e6a98-ce21-49bd-a241-c95e01cb34c8'),
('78106ff8-8088-48b6-aa4b-6443977627da', '15050eea-b4e8-4986-a688-e3beae3ff594'),
('402b632b-36b6-4d6c-a79c-62e549003607', 'fe0c4b19-5ee3-46ac-9242-67c97449dacf'),
('fc756ca4-4a77-4a43-a543-4770f307e553', '29310c5b-63c6-46fa-97b1-2d959b14450e'),
('f85549cc-fb20-4b59-a3b3-49122ba46bb9', '189f40c3-3bee-419e-8ccc-2896dab2f450'),
('377d2bf9-9e01-45ff-adfe-e26c447d6394', '95f90589-8e7d-42ef-b64f-0cdfcbc7bb76'),
('9404885e-70c0-41de-8c28-48c433ec37ab', 'd5bed51f-4119-4986-ade3-77c4fc71edca'),
('4a6af747-1fd9-49a3-ad23-b146431229a7', 'faf6eb0b-3465-4a29-9204-610887a0f58a'),
('3794ce68-aa02-41b9-a65e-8e04d2af38f4', '4b7e60e3-7792-44f1-aa0e-69c70d72b473'),
('3222ceb6-a5af-4900-91bb-2e241cfadf97', 'a74f706c-c179-432c-82a7-30ff43123ad6'),
('bfc7c8d2-f1c3-4eb4-8910-4875c93ec422', '096804d7-b6c2-4417-a209-a4acf104fb0e'),
('d8b908e1-2288-4100-92f9-93118ed0b9ff', 'ec57270a-9c5a-4099-99ce-9a8a45440c44'),
('97381390-85ad-47e3-ac78-96718db9ddca', '311bfbfd-5320-41fd-9f35-a56c91ddfbc7'),
('9207e298-b58b-418e-92ea-259faa0599d2', '0f4bb857-cf2a-49f2-8247-4d7e6cc48d5d'),
('c5ee79c3-2830-42af-9c51-77bb390ca1c6', 'aa680b51-a534-4d24-bbe3-d5131b18f34f'),
('0d42934f-bb35-4883-a857-79c36d196afb', 'b95d11e2-dada-43b4-b851-44a68a541afa'),
('fcfcf363-8e78-4dc7-9b5b-e9953e1e64ee', '67a984d8-eac9-44ac-b0fc-e7c7c1b965e2'),
('1cf1178e-9ab1-475c-89b7-7a03bf5d5110', '67a984d8-eac9-44ac-b0fc-e7c7c1b965e2'),
('63a95019-a13f-4038-bc8f-c443d932e96d', '7053fd46-d942-4c35-b177-ab5c1daa1d2c'),
('55d26e42-f2e3-4876-a7d8-62361d79d5a0', '7053fd46-d942-4c35-b177-ab5c1daa1d2c'),
('c5fc4c93-9327-4061-9447-960f8b5a5bc6', '45357b4c-08a5-4d5a-a17d-551fd0ff9e5e'),
('4559425d-a5f5-4142-b60d-b34297ea982d', '45357b4c-08a5-4d5a-a17d-551fd0ff9e5e'),
('7db5ec47-b0a0-4945-9e8b-3b072aaa84d4', '3a4b8dbf-a094-4e45-bdc6-fc0d209fb0df');

insert into soundcarrier (carrierid, amountinstore, location, price, productid, type) values
('720ee8b3-6ff5-4352-b76a-684ab533b70a', 23, 'A33', 19, '7ea75acf-1a9f-4a26-be34-b707ee7b1829', 0),
('33e2f945-4b2d-4704-8342-fdc84a83317d', 67, 'A43', 10, '7ea75acf-1a9f-4a26-be34-b707ee7b1829', 1),
('d35052b6-333d-49ed-808f-4f62e88fc5a2', 31, 'A46', 35, '7ea75acf-1a9f-4a26-be34-b707ee7b1829', 2),
('0ea45086-035b-4d4c-adc5-64b2f90db63f', 95, 'A30', 12, '0a45ce1e-6d11-45f9-9972-b688b93b8d2e', 0),
('ee2042cb-dde4-4dc1-9b1f-04180845ad99', 90, 'A46', 46, '0a45ce1e-6d11-45f9-9972-b688b93b8d2e', 1),
('395a394d-4c1c-4acb-9e74-d2214824a59b', 100, 'A26', 38, '0a45ce1e-6d11-45f9-9972-b688b93b8d2e', 2),
('f5973a0e-17bb-4837-a55e-0b6a17b53b7d', 84, 'A35', 30, '6a0b0952-59de-49e8-bef8-b02a99cc1092', 0),
('a11a2c25-206a-47b7-97d9-a38d6605bc7f', 51, 'A16', 29, '6a0b0952-59de-49e8-bef8-b02a99cc1092', 1),
('99254721-a46f-4bdd-b06d-9855bdc12f77', 72, 'A12', 19, '6a0b0952-59de-49e8-bef8-b02a99cc1092', 2),
('1ce9f7ad-a14f-4605-94d4-ec046f46bb94', 79, 'A36', 44, 'f8519fdf-d419-4e9a-a9e8-fbfa918b4e0c', 0),
('c392cb56-89fc-4585-936b-d587763f7b83', 42, 'A31', 48, 'f8519fdf-d419-4e9a-a9e8-fbfa918b4e0c', 1),
('5025901a-b531-4b73-bec2-e0ef8a526285', 32, 'A38', 23, 'f8519fdf-d419-4e9a-a9e8-fbfa918b4e0c', 2),
('3bea2a79-28c4-458b-aeac-a22e8c179be8', 21, 'A22', 15, 'bb955c17-dc57-417c-9068-a31495a6b863', 0),
('aa7cf49c-bf74-4271-98f2-ad8db36f31c7', 90, 'A47', 12, 'bb955c17-dc57-417c-9068-a31495a6b863', 1),
('66a4882d-27d7-412b-bb44-9f93e8452181', 89, 'A7', 12, 'bb955c17-dc57-417c-9068-a31495a6b863', 2),
('6e12fa15-0b03-440a-83b7-1e00cd363e04', 34, 'A24', 42, 'f7f4a445-52e8-48ee-8a33-46aca2ee7123', 0),
('87bdd1ba-8fbe-401c-bf8e-172fff2e5fb6', 23, 'A7', 35, 'f7f4a445-52e8-48ee-8a33-46aca2ee7123', 1),
('a9640463-a1aa-43fb-a776-2f7fc8356de3', 0, 'A47', 25, 'f7f4a445-52e8-48ee-8a33-46aca2ee7123', 2),
('0a0f370e-882a-48a3-b2ec-8c6fd891fe4b', 92, 'A44', 27, '3a8297bf-208d-4a81-be7a-13d7d624dc36', 0),
('b1f1b3a4-55c9-453d-a008-a3f5adb10c99', 31, 'A4', 29, '3a8297bf-208d-4a81-be7a-13d7d624dc36', 1),
('b48613bd-3e29-4f8f-aa0b-667fa525ab69', 88, 'A28', 14, '3a8297bf-208d-4a81-be7a-13d7d624dc36', 2),
('0cd6d4a7-9b2e-4862-a621-19e549df0628', 38, 'A24', 43, 'e514001b-d08a-4ddc-b132-fd90213e8f98', 0),
('25ba70f4-387b-4a4f-8829-1413f3c2ede4', 74, 'A40', 16, 'e514001b-d08a-4ddc-b132-fd90213e8f98', 1),
('64649d1d-b2f7-456d-8d90-3085f66ded20', 32, 'A45', 23, 'e514001b-d08a-4ddc-b132-fd90213e8f98', 2),
('10b8aae2-6a56-40f7-a3e5-86eb0b3a7ff2', 19, 'A6', 33, 'd692c33a-b393-428c-afae-e4cf2ed67fcc', 0),
('3fc0f622-05a9-4d79-bcda-d699027e3ff1', 57, 'A8', 39, 'd692c33a-b393-428c-afae-e4cf2ed67fcc', 1),
('2fce0102-1261-4a42-bc10-d551b7952f62', 19, 'A10', 24, 'd692c33a-b393-428c-afae-e4cf2ed67fcc', 2),
('3f832f5c-a5f0-4078-a344-00414e3da6ad', 89, 'A8', 27, '3d4aeafb-fe5f-44e6-b22a-5eb8204a6153', 0),
('df1898b4-78cd-44b4-aedd-39a0b98025e3', 31, 'A9', 37, '3d4aeafb-fe5f-44e6-b22a-5eb8204a6153', 1),
('02777017-adcc-45a0-ab48-2f4a79860f07', 66, 'A40', 43, '3d4aeafb-fe5f-44e6-b22a-5eb8204a6153', 2),
('418e1870-b614-41c6-98fe-938fd5bc3440', 23, 'A50', 21, 'bea12c2a-abc6-4988-a736-5a481e2ff45d', 0),
('18835cce-6de1-4589-98a1-351680e96c95', 78, 'A50', 50, 'bea12c2a-abc6-4988-a736-5a481e2ff45d', 1),
('7b848f97-2b68-44bc-9534-a763692bd3b2', 83, 'A8', 10, 'bea12c2a-abc6-4988-a736-5a481e2ff45d', 2),
('d72bbcb5-ec73-4d67-82b3-2588ff6d7908', 32, 'A13', 21, '75acc550-f134-48df-8f65-da1ebd2a2951', 0),
('26b06361-c32a-460a-8a18-b90e5c581bfd', 67, 'A6', 11, '75acc550-f134-48df-8f65-da1ebd2a2951', 1),
('63026390-31fc-4d22-966b-fa13b3af82d4', 51, 'A39', 43, '75acc550-f134-48df-8f65-da1ebd2a2951', 2),
('be5a356a-13d9-478d-931e-5917ffe425b8', 92, 'A11', 45, '4a41df20-17cc-490f-ab2c-30770e0b4b18', 0),
('b028021e-58b5-406d-a6d7-9ac74e41829c', 29, 'A3', 22, '4a41df20-17cc-490f-ab2c-30770e0b4b18', 1),
('910f6fde-9488-44a9-97b0-94c7187a5056', 6, 'A40', 29, '4a41df20-17cc-490f-ab2c-30770e0b4b18', 2),
('e6f0a73f-26d4-4649-acda-579f73667fb8', 66, 'A41', 31, '0cd52f85-aa97-4dd7-bf56-15c16db85f29', 0),
('cd046309-46a5-47ab-922b-6a0343188236', 13, 'A46', 22, '0cd52f85-aa97-4dd7-bf56-15c16db85f29', 1),
('4d37e9c5-9f4c-40cc-a109-9f6995736369', 38, 'A31', 20, '0cd52f85-aa97-4dd7-bf56-15c16db85f29', 2),
('abc55624-70e6-496f-a300-7bd03a1141a7', 23, 'A41', 28, 'dc9aeca7-886b-4e55-8d12-4e7692bd358e', 0),
('eeec449e-12b0-415b-a9a3-3507505d398f', 86, 'A15', 17, 'dc9aeca7-886b-4e55-8d12-4e7692bd358e', 1),
('143ea7ca-ddea-4f1f-815b-64b19273adb3', 97, 'A34', 50, 'dc9aeca7-886b-4e55-8d12-4e7692bd358e', 2),
('e321d15c-5a36-40d2-b1db-9670a79eebfc', 65, 'A48', 31, 'bbc657da-41e9-4c1c-ad50-0cb974786dd6', 0),
('f1090366-de6b-4750-9c96-62b94f4b3395', 67, 'A10', 50, 'bbc657da-41e9-4c1c-ad50-0cb974786dd6', 1),
('aa1c5842-fa68-4575-99ef-bcfe46df02aa', 31, 'A37', 29, 'bbc657da-41e9-4c1c-ad50-0cb974786dd6', 2),
('329ef44f-637e-451a-8d3d-72d4ade578e7', 75, 'A6', 20, '243de61e-d8da-4be2-b142-d6fdb2f86eb4', 0),
('a982935d-8a37-4868-8af5-e6ccec0def0f', 22, 'A3', 29, '243de61e-d8da-4be2-b142-d6fdb2f86eb4', 1),
('38cdd2b8-bbc6-477d-9206-97279f7dd154', 22, 'A28', 10, '243de61e-d8da-4be2-b142-d6fdb2f86eb4', 2),
('e35ad4d8-042e-4565-9540-d0750f2fd199', 18, 'A32', 18, '66bc00d9-5670-4ecb-ad0e-64dbf1c86eae', 0),
('21c18a68-e037-44d9-824b-04c06e85b8b5', 92, 'A38', 44, '66bc00d9-5670-4ecb-ad0e-64dbf1c86eae', 1),
('df51f4c0-d91b-4060-962f-8da129cf5838', 75, 'A37', 49, '66bc00d9-5670-4ecb-ad0e-64dbf1c86eae', 2),
('f99720ec-7f47-4c2b-81cc-3cf5f8c29c25', 58, 'A28', 20, 'd998c38e-8056-4000-9730-c076e8df2ac2', 0),
('b203977d-df26-4d09-ac27-f76a39aaf43b', 78, 'A12', 15, 'd998c38e-8056-4000-9730-c076e8df2ac2', 1),
('ab9e787c-5576-4db9-9e7c-8206355004fc', 69, 'A18', 10, 'd998c38e-8056-4000-9730-c076e8df2ac2', 2),
('132ee98f-8bce-438d-abaa-24976955741c', 83, 'A16', 14, '925956f4-0218-4170-be7f-32825627f677', 0),
('d3c29b9e-4841-4db9-94d0-b5a72e70db75', 88, 'A33', 21, '925956f4-0218-4170-be7f-32825627f677', 1),
('a196fa82-e2b9-496b-9598-774171d7fd79', 98, 'A35', 15, '925956f4-0218-4170-be7f-32825627f677', 2),
('bd4496c4-2bf7-4d0e-910b-c8c2ecf50365', 89, 'A35', 27, '9ffc8571-8f8a-4a09-a320-4e032cbbdee7', 0),
('0c1b25ee-c8f6-4b2c-9b47-28dda818cfa1', 53, 'A12', 36, '9ffc8571-8f8a-4a09-a320-4e032cbbdee7', 1),
('5f772a95-9f3a-494b-802e-7b92cd65f858', 20, 'A33', 21, '9ffc8571-8f8a-4a09-a320-4e032cbbdee7', 2),
('c489d524-0337-40de-9489-d74b3eb7a296', 10, 'A4', 14, 'dc766c6b-7f26-4776-a996-c1c97ce64edb', 0),
('e8ec0a21-f92b-4745-9888-3cf5e3eb8158', 74, 'A49', 50, 'dc766c6b-7f26-4776-a996-c1c97ce64edb', 1),
('ef94beb0-e8cd-46e0-af24-d5ee25a66e52', 40, 'A5', 42, 'dc766c6b-7f26-4776-a996-c1c97ce64edb', 2),
('749f97d7-94c5-4b90-9a5d-cc3ce649b7e1', 83, 'A30', 43, 'a1e234bc-134a-42a7-b6b8-b8a43028c993', 0),
('550ac5e6-2936-4794-ad47-c8f1f84571ef', 73, 'A6', 37, 'a1e234bc-134a-42a7-b6b8-b8a43028c993', 1),
('ce45c4f9-5dab-4098-aa40-7dde314992ec', 66, 'A48', 48, 'a1e234bc-134a-42a7-b6b8-b8a43028c993', 2),
('62e8e974-866c-47cf-83fc-f2c573cb2d1e', 47, 'A45', 45, '540114d3-2191-4493-9a09-2b90a7d3e1be', 0),
('7df54455-5ae5-489b-8068-af6491af7205', 28, 'A12', 33, '540114d3-2191-4493-9a09-2b90a7d3e1be', 1),
('26c9e5f0-8333-489b-b330-60a4270ef8d5', 44, 'A11', 21, '540114d3-2191-4493-9a09-2b90a7d3e1be', 2),
('412b3573-80da-46b4-979c-6f18fab4ed5e', 44, 'A0', 36, '5cdc3808-5b2d-483b-b0d3-16bb632a55d9', 0),
('bd8b8b23-72c3-4fcb-b91b-0e80bf17333a', 21, 'A11', 48, '5cdc3808-5b2d-483b-b0d3-16bb632a55d9', 1),
('ff0b2d0f-fd0f-4210-b7d3-f8802ac1f26e', 34, 'A38', 41, '5cdc3808-5b2d-483b-b0d3-16bb632a55d9', 2),
('77530782-19d5-4faf-a0da-0c9e35ce03db', 55, 'A37', 33, '5c874b6d-aa05-463d-9acf-8c4172c3484a', 0),
('805150b1-76a6-4929-b66c-c73cc81d34a0', 58, 'A8', 41, '5c874b6d-aa05-463d-9acf-8c4172c3484a', 1),
('6cb0c3a6-b3ad-4e6c-8794-0fd5225ac5a8', 9, 'A21', 28, '5c874b6d-aa05-463d-9acf-8c4172c3484a', 2),
('3f618dd9-27cc-4a59-8659-a72cef98b134', 100, 'A12', 31, 'a80277ac-8e74-49d2-8c37-8648a51d1171', 0),
('efa14f7b-8b05-4a77-9778-8cf15ed782e8', 2, 'A0', 35, 'a80277ac-8e74-49d2-8c37-8648a51d1171', 1),
('d7c25be1-5858-4fa6-9c11-fa8271f93414', 50, 'A13', 49, 'a80277ac-8e74-49d2-8c37-8648a51d1171', 2),
('06bd3bc3-a9c2-41b2-ad18-0d269e08f904', 91, 'A25', 42, 'df812040-2310-4982-bf5c-84bbd72ce591', 0),
('4c688ed7-ba76-4a6c-bf70-6022e72dd10a', 49, 'A46', 47, 'df812040-2310-4982-bf5c-84bbd72ce591', 1),
('ea280538-b275-4154-a54c-c3a296c1cf4f', 27, 'A20', 12, 'df812040-2310-4982-bf5c-84bbd72ce591', 2),
('59af8076-ca8d-43ce-9df4-ab96970ec901', 67, 'A7', 37, 'bec44178-c3bd-43f0-b8f9-03fc85adcaef', 0),
('4db565de-f3ad-455c-a226-61d786881962', 44, 'A11', 37, 'bec44178-c3bd-43f0-b8f9-03fc85adcaef', 1),
('789341ea-c545-4d97-87ed-a3ca11887c65', 57, 'A28', 39, 'bec44178-c3bd-43f0-b8f9-03fc85adcaef', 2),
('61ea5d3b-dba0-40eb-a112-e9a57c28e060', 73, 'A43', 27, '6aaba3cd-e2b1-436d-9d25-419a77f4a974', 0),
('19eee470-eada-4d68-aeed-5de950b46f41', 56, 'A8', 22, '6aaba3cd-e2b1-436d-9d25-419a77f4a974', 1),
('d265910f-f75a-4f8a-bfcb-e50465b2bd27', 35, 'A28', 20, '6aaba3cd-e2b1-436d-9d25-419a77f4a974', 2),
('5603d50f-ee92-4aa9-942a-c361c33ed7ed', 64, 'A20', 32, '9aa41e5c-4888-402b-8fb6-4482c1439270', 0),
('a8d70015-2e0b-4ae3-9381-fc928f8013c7', 48, 'A23', 21, '9aa41e5c-4888-402b-8fb6-4482c1439270', 1),
('43b5caab-f675-4ce7-b92b-7b5d64b6933e', 19, 'A8', 28, '9aa41e5c-4888-402b-8fb6-4482c1439270', 2),
('20e19455-973c-45a1-b28c-c0925fb8aed4', 33, 'A3', 42, '0fee0a8a-4ec7-4ac3-b25a-f9268cfbc312', 0),
('8c36abc3-1ede-4a72-80a3-4aa24290a05a', 45, 'A4', 32, '0fee0a8a-4ec7-4ac3-b25a-f9268cfbc312', 1),
('fad38558-d47e-4b6d-9a76-ffa1d037cacc', 71, 'A44', 42, '0fee0a8a-4ec7-4ac3-b25a-f9268cfbc312', 2),
('d83e7427-f546-48e6-9328-b18ff0f44fdd', 29, 'A31', 20, '27d8e5a6-70bd-4f5a-948b-d889464a51ee', 0),
('a4511ab8-5159-470d-9c07-ddd93b419799', 7, 'A28', 13, '27d8e5a6-70bd-4f5a-948b-d889464a51ee', 1),
('857ffe8a-3855-48dc-b76f-d24538c76727', 76, 'A33', 20, '27d8e5a6-70bd-4f5a-948b-d889464a51ee', 2),
('4ae2c375-d998-4951-b1dd-c1f25420f569', 98, 'A38', 15, '1b5abf73-886e-4e9c-ae13-23cf66df9845', 0),
('beaab751-6b43-42e1-917b-d650f7a13de3', 63, 'A7', 42, '1b5abf73-886e-4e9c-ae13-23cf66df9845', 1),
('8f23fec3-94cf-42b5-ad4e-5b13d4a00026', 81, 'A14', 26, '1b5abf73-886e-4e9c-ae13-23cf66df9845', 2),
('1197cbdd-af35-4641-be95-ab6744b20aa9', 20, 'A12', 38, '3f58819b-a20a-4b97-8569-16db6b1212b0', 0),
('4bb4d4b5-c69a-4033-b956-d60589a191c7', 77, 'A21', 24, '3f58819b-a20a-4b97-8569-16db6b1212b0', 1),
('2ccb0dde-76c8-45c8-b0fd-c5e69deb11f2', 79, 'A18', 42, '3f58819b-a20a-4b97-8569-16db6b1212b0', 2),
('f45b2276-533a-4a18-9092-84e054aaa1ea', 51, 'A11', 21, '3caf0687-3a50-4f7c-833c-8e0078f0d8d2', 0),
('7c8be106-5714-4e08-81da-dc0e503b6ffe', 46, 'A18', 43, '3caf0687-3a50-4f7c-833c-8e0078f0d8d2', 1),
('d54c31f6-3327-4e14-a72c-81d179085ad9', 25, 'A28', 23, '3caf0687-3a50-4f7c-833c-8e0078f0d8d2', 2),
('7d11b722-9723-46cc-ae8f-f9281f348eb5', 61, 'A7', 42, 'caae7ebf-ad2a-4070-a408-46eaf69a077a', 0),
('673c3200-b186-4b87-b3d6-7909f1719974', 58, 'A42', 36, 'caae7ebf-ad2a-4070-a408-46eaf69a077a', 1),
('62fd66c1-a0e0-4dc0-a74f-8bfe1f748b22', 45, 'A45', 39, 'caae7ebf-ad2a-4070-a408-46eaf69a077a', 2),
('78c3c0b9-c77c-4af0-a2de-06619231a0dc', 75, 'A32', 46, 'b106bb48-38d4-4aec-80d5-d926a89fd580', 0),
('15e6a5c0-abbc-4e76-be71-0f8c4240987f', 91, 'A19', 28, 'b106bb48-38d4-4aec-80d5-d926a89fd580', 1),
('3af247dc-1131-4d2a-ad91-24b535e5d593', 79, 'A35', 39, 'b106bb48-38d4-4aec-80d5-d926a89fd580', 2),
('adfcdf39-aff7-4fca-ac42-0e1bafd198c3', 81, 'A40', 36, '3ad6d1e1-c1e8-464f-be0e-fc9b560ea239', 0),
('dd9c5631-1a3f-4029-9630-268894289001', 71, 'A37', 35, '3ad6d1e1-c1e8-464f-be0e-fc9b560ea239', 1),
('b65c81cc-73af-4169-b394-3d3af48b759d', 58, 'A39', 10, '3ad6d1e1-c1e8-464f-be0e-fc9b560ea239', 2),
('327b927a-8a91-4961-a6e6-73d8ffc5733c', 30, 'A15', 50, '2d4c2e41-f588-4838-9804-ec383056f558', 0),
('92e88338-24ad-4ec9-a9ba-e4a8cc36afdb', 86, 'A9', 18, '2d4c2e41-f588-4838-9804-ec383056f558', 1),
('2e23c1f8-7b59-4046-8f57-f29c63b23bfa', 67, 'A0', 14, '2d4c2e41-f588-4838-9804-ec383056f558', 2),
('8dce93dc-e37b-43b2-bdbe-2f7cc2b82a49', 30, 'A8', 35, 'a63f6a0c-7321-4cb3-8af1-39504bb7b669', 0),
('e76e0934-aad1-419d-81c2-2c303fdb665b', 38, 'A26', 32, 'a63f6a0c-7321-4cb3-8af1-39504bb7b669', 1),
('1eb0d8ca-a8e8-4cc8-97af-39ebf1f28359', 73, 'A36', 20, 'a63f6a0c-7321-4cb3-8af1-39504bb7b669', 2),
('5c77f084-dcff-4e17-8133-b1df0a310319', 83, 'A5', 19, '3e13e48c-5b9d-4a6a-8412-53b3b8692cbf', 0),
('83437ae6-1e2b-454b-8d2e-2f35edc369c3', 22, 'A4', 25, '3e13e48c-5b9d-4a6a-8412-53b3b8692cbf', 1),
('1ceb69ba-5134-4aa0-94c3-f54aed0395db', 35, 'A25', 46, '3e13e48c-5b9d-4a6a-8412-53b3b8692cbf', 2),
('f1b3874f-f6af-45af-9bbf-6a4bdf5ca52b', 36, 'A20', 37, 'a0ab376c-3b50-485a-bb15-6c6f2090fbe4', 0),
('5c02ae27-6c79-4495-80fa-9682c9389c23', 25, 'A31', 32, 'a0ab376c-3b50-485a-bb15-6c6f2090fbe4', 1),
('84012d0d-7ed6-40fe-b310-437cdc2d8aa3', 98, 'A23', 41, 'a0ab376c-3b50-485a-bb15-6c6f2090fbe4', 2),
('77ee5ed2-4bcc-44d7-ad93-2d3538c99022', 88, 'A21', 22, 'eb902f79-9ddd-4ffd-971a-5f54bf51f7ec', 0),
('1adeb614-e74a-4693-a5d1-d9069006775d', 22, 'A43', 12, 'eb902f79-9ddd-4ffd-971a-5f54bf51f7ec', 1),
('e2f67527-7ca9-4170-bf0d-3ec21470e8c4', 63, 'A50', 13, 'eb902f79-9ddd-4ffd-971a-5f54bf51f7ec', 2),
('95bf933f-2531-4b72-9c97-bff496f38220', 3, 'A38', 28, '02ad40d6-b08d-41f6-af38-ed00699ea2fd', 0),
('230bac0a-1367-48be-8cc4-b98363f6a60d', 8, 'A7', 16, '02ad40d6-b08d-41f6-af38-ed00699ea2fd', 1),
('92965a0e-c1df-46c8-bdf2-321e0b0468f4', 1, 'A10', 31, '02ad40d6-b08d-41f6-af38-ed00699ea2fd', 2),
('68a5100a-f5d3-43b6-92d8-7344c2891c4d', 31, 'A23', 49, '6f3aba42-a5a4-4259-9d1a-0ac5a4269f64', 0),
('b9630e3c-1627-4075-8f62-f7e454adca16', 33, 'A40', 48, '6f3aba42-a5a4-4259-9d1a-0ac5a4269f64', 1),
('600c3d44-81c1-468c-80b1-d9deb9954416', 63, 'A31', 41, '6f3aba42-a5a4-4259-9d1a-0ac5a4269f64', 2),
('200e4352-d3c4-4978-b884-1534804aadc9', 12, 'A3', 44, '9b1d8b29-ff5c-4c5b-aef3-ca4058da97d6', 0),
('e1e531ef-53de-4e8f-861a-5c3db8da57ad', 53, 'A4', 40, '9b1d8b29-ff5c-4c5b-aef3-ca4058da97d6', 1),
('d080938c-9204-4287-a524-733030af0503', 19, 'A23', 14, '9b1d8b29-ff5c-4c5b-aef3-ca4058da97d6', 2),
('a441e0dc-1b83-4297-a990-a37fda661704', 38, 'A6', 35, '10ae7a11-e64e-4b6e-8989-bfcf0a74ee01', 0),
('fc75c537-c3c3-461e-9e12-f2d0d05686ed', 51, 'A23', 19, '10ae7a11-e64e-4b6e-8989-bfcf0a74ee01', 1),
('6dbc15cb-874f-4b53-9669-0111a1bce187', 95, 'A43', 45, '10ae7a11-e64e-4b6e-8989-bfcf0a74ee01', 2),
('6da62bea-4436-4dd0-96a4-0f0d2c1f00f5', 43, 'A27', 24, 'fec59b53-f66d-42b6-89dd-f1fdd9686515', 0),
('a3423985-12b8-4695-9a1c-69c2bcc30de5', 13, 'A47', 36, 'fec59b53-f66d-42b6-89dd-f1fdd9686515', 1),
('bfdf505c-7115-48e6-87b7-bc224f9687e6', 62, 'A42', 20, 'fec59b53-f66d-42b6-89dd-f1fdd9686515', 2),
('c026373f-f49f-4b4c-a837-c4b6591feeb5', 88, 'A2', 13, 'c5cefff3-4eaf-4162-8f8b-95ea38cd5258', 0),
('7e961b70-39d4-4566-b536-b5f1a62fd1fb', 92, 'A27', 19, 'c5cefff3-4eaf-4162-8f8b-95ea38cd5258', 1),
('021471f8-b2c7-41a9-a3ef-2577c14f2567', 24, 'A9', 32, 'c5cefff3-4eaf-4162-8f8b-95ea38cd5258', 2),
('41200670-3373-4432-872f-e464388d0dd1', 36, 'A38', 43, 'f155e5da-8314-473d-9c3f-1dd690345136', 0),
('d34313a8-f205-4fb2-b818-e1076a40b5e8', 12, 'A18', 19, 'f155e5da-8314-473d-9c3f-1dd690345136', 1),
('5e42e82b-15b2-4243-a4fc-f06a34518ece', 70, 'A49', 40, 'f155e5da-8314-473d-9c3f-1dd690345136', 2),
('857b624b-ab99-4d85-a97b-06f28feb4a9a', 39, 'A12', 22, 'b27c4371-6978-4473-8e60-cd6af549b49b', 0),
('ef3360f1-dcc1-44d5-9fd0-0b495e73f4f3', 26, 'A49', 28, 'b27c4371-6978-4473-8e60-cd6af549b49b', 1),
('0d545ff4-fbc1-4c87-a127-61f7e5ca8ff7', 42, 'A27', 38, 'b27c4371-6978-4473-8e60-cd6af549b49b', 2),
('1fc9abaa-de7b-4ef8-839d-96efc1e025b7', 66, 'A17', 11, '7d556dbc-95a6-4889-958a-7a8029bfdb7b', 0),
('e4bb241c-a4c0-490c-a2e2-3eba2142104b', 54, 'A47', 34, '7d556dbc-95a6-4889-958a-7a8029bfdb7b', 1),
('786ba06d-a760-4afa-a1ab-8b7d39f7db89', 27, 'A33', 20, '7d556dbc-95a6-4889-958a-7a8029bfdb7b', 2),
('25b82016-9663-4488-85c7-dcf8c786bf22', 19, 'A47', 26, '73c6de20-c46b-4b1f-8abd-fa05cb2c72cc', 0),
('7c8f541b-cf65-42c8-8b68-ead4b460d539', 55, 'A6', 17, '73c6de20-c46b-4b1f-8abd-fa05cb2c72cc', 1),
('205f7206-138a-44af-a74b-10cc226f0c2c', 40, 'A28', 18, '73c6de20-c46b-4b1f-8abd-fa05cb2c72cc', 2),
('d14a2639-b996-404e-ab59-fa75b889b12b', 96, 'A31', 37, '34360d04-5276-4fa4-ba51-5512d85720bb', 0),
('a39dd549-c0dd-4858-8460-34df2505716f', 82, 'A20', 33, '34360d04-5276-4fa4-ba51-5512d85720bb', 1),
('947d5499-be41-4a3b-b300-5f56dcda53d5', 2, 'A38', 23, '34360d04-5276-4fa4-ba51-5512d85720bb', 2),
('c9e499d7-6686-420e-b6e5-19e36655fe1b', 16, 'A8', 27, 'd5fa5d83-c621-4ddd-ac1d-f20c6d5ff160', 0),
('ef754e93-c0a9-4f25-9eaa-88e305934d29', 46, 'A18', 25, 'd5fa5d83-c621-4ddd-ac1d-f20c6d5ff160', 1),
('0df1a086-ec6d-4e5f-8194-d1beaa65d3c6', 88, 'A44', 50, 'd5fa5d83-c621-4ddd-ac1d-f20c6d5ff160', 2),
('b823be66-a9ec-4b9f-8b1b-c29357b5d6c8', 49, 'A45', 47, 'f41de723-5c51-4569-bfeb-ca6dad67e5b9', 0),
('d9585114-f54a-4d01-b59b-46c142706e18', 78, 'A7', 44, 'f41de723-5c51-4569-bfeb-ca6dad67e5b9', 1),
('70cc597f-9bb4-426f-b4c4-87dc0a26093e', 56, 'A38', 44, 'f41de723-5c51-4569-bfeb-ca6dad67e5b9', 2),
('9448e6fd-3b80-4b6f-9d4f-acae5ffe8a1b', 13, 'A2', 20, 'fb5b498e-c149-406a-93a7-0dd7c7247713', 0),
('ee968092-5677-4494-9c6c-339e7e911362', 52, 'A28', 45, 'fb5b498e-c149-406a-93a7-0dd7c7247713', 1),
('dc8206a0-c58c-4059-ac84-43f9c749bdbe', 9, 'A2', 42, 'fb5b498e-c149-406a-93a7-0dd7c7247713', 2),
('b634d9ec-8fd3-41ae-8090-2d48c80e5afe', 43, 'A20', 46, '89b19153-5ef3-422b-88e6-d87d98c93aeb', 0),
('7dc23351-3961-4314-987b-84a8897dd195', 1, 'A18', 22, '89b19153-5ef3-422b-88e6-d87d98c93aeb', 1),
('2fa8755c-a54b-42b3-8ad9-772900b00bb6', 17, 'A21', 35, '89b19153-5ef3-422b-88e6-d87d98c93aeb', 2),
('2584735d-846b-4067-8959-0b8016d22fa5', 24, 'A14', 28, '4629ca82-6f31-4518-9549-3d3aae472375', 0),
('e13cae8a-c7e0-44f9-85b1-36c67833b033', 90, 'A47', 16, '4629ca82-6f31-4518-9549-3d3aae472375', 1),
('6de12838-392a-4fee-bb4f-4f5936e7d033', 62, 'A5', 40, '4629ca82-6f31-4518-9549-3d3aae472375', 2),
('7f6ade72-5427-4d31-8b19-369a011d8efd', 75, 'A35', 43, 'c807084e-e43d-4b50-a965-8da20b93394b', 0),
('8f84d6df-1f14-42f0-9d27-b8448996a4c7', 63, 'A15', 12, 'c807084e-e43d-4b50-a965-8da20b93394b', 1),
('7848b611-9b86-48dc-adb3-5b918ad9f0f9', 11, 'A41', 17, 'c807084e-e43d-4b50-a965-8da20b93394b', 2),
('ae480ec2-29e3-4695-ac76-a71dec9afb99', 28, 'A2', 39, '7201a047-ac92-4b3b-9f6b-24465240bbac', 0),
('39ee7b47-8256-4acc-bf87-0ee7b1934f1d', 60, 'A32', 31, '7201a047-ac92-4b3b-9f6b-24465240bbac', 1),
('60153e6d-5159-4ced-bfa1-278983fa5f08', 57, 'A48', 23, '7201a047-ac92-4b3b-9f6b-24465240bbac', 2),
('ebd93804-0827-4003-88ac-975d6b30460d', 90, 'A31', 46, 'c0015380-9169-4b6c-a5a5-f332dec634ad', 0),
('a4684d2b-99ec-4960-93d3-57828efc3a1a', 89, 'A34', 25, 'c0015380-9169-4b6c-a5a5-f332dec634ad', 1),
('c5a9e99d-e90b-4d61-b967-f483147a22bb', 31, 'A50', 49, 'c0015380-9169-4b6c-a5a5-f332dec634ad', 2),
('6b0efc62-be1d-4b73-9021-8cdf42bb33f8', 98, 'A40', 33, 'a0ab3b69-6a75-4a08-8aca-51c77ef14a2d', 0),
('640649bb-e4be-49db-a912-782a379280bd', 75, 'A41', 20, 'a0ab3b69-6a75-4a08-8aca-51c77ef14a2d', 1),
('4f3dd80e-966d-4a1c-b223-a31f706ea575', 76, 'A17', 47, 'a0ab3b69-6a75-4a08-8aca-51c77ef14a2d', 2),
('ec25f07c-bb49-48d1-b70a-8e73c5354fb8', 57, 'A35', 16, '0db7c6da-3a85-482c-8400-84b938c00123', 0),
('7cab6835-d948-4c71-b5bf-6b4c786541f5', 36, 'A12', 37, '0db7c6da-3a85-482c-8400-84b938c00123', 1),
('281be407-2f33-4ff6-9c4c-6fd84e420ab0', 85, 'A43', 49, '0db7c6da-3a85-482c-8400-84b938c00123', 2),
('4a3a23b9-1ed6-42b0-9a15-da50129474e9', 58, 'A35', 13, '6c028a45-fe67-44cd-bbc9-ca364e66ca09', 0),
('60208ff3-df0b-4d1d-91c3-b193ddf25daa', 50, 'A38', 36, '6c028a45-fe67-44cd-bbc9-ca364e66ca09', 1),
('cb83db1b-4096-49fa-93e6-4dbb7fc16497', 24, 'A29', 47, '6c028a45-fe67-44cd-bbc9-ca364e66ca09', 2),
('9b44f5f0-3f3c-4def-ba7e-6ac12cd67489', 21, 'A14', 35, '3b98c354-8225-4428-b971-0a1197ce293b', 0),
('6af0093c-945a-4fee-9024-ab182415636d', 2, 'A1', 26, '3b98c354-8225-4428-b971-0a1197ce293b', 1),
('48a0eecc-98ee-45ad-9b9b-e75392f6901a', 87, 'A31', 24, '3b98c354-8225-4428-b971-0a1197ce293b', 2),
('270dc553-6d70-4502-a400-c3b2115a5724', 68, 'A9', 36, '048c93a0-e0ed-4fbb-a52d-015b4ced2b57', 0),
('c3e439ce-0483-4284-8c74-056dc17cb76b', 8, 'A2', 33, '048c93a0-e0ed-4fbb-a52d-015b4ced2b57', 1),
('04ab99d4-b038-44f8-b9e7-2c9135775ff1', 60, 'A22', 43, '048c93a0-e0ed-4fbb-a52d-015b4ced2b57', 2),
('a5882920-2d28-4647-b31d-c7516199075b', 17, 'A15', 40, '78e91879-0301-4a04-a900-234b17b9df1f', 0),
('143d5b6f-4ef8-46e4-bc8e-9c4824ca23da', 88, 'A1', 47, '78e91879-0301-4a04-a900-234b17b9df1f', 1),
('89f72c81-3d28-480c-9c09-f08080718bab', 51, 'A33', 18, '78e91879-0301-4a04-a900-234b17b9df1f', 2),
('b44db6a5-3372-43b3-83bf-841f8cc77db9', 16, 'A10', 13, 'f436bf78-6695-4760-928a-a3a92b2883b4', 0),
('03508d0e-3e79-4f5e-88ea-6dbda6a9a0b6', 49, 'A3', 33, 'f436bf78-6695-4760-928a-a3a92b2883b4', 1),
('e589a16b-390c-4035-8262-c4f0d42560bc', 26, 'A48', 38, 'f436bf78-6695-4760-928a-a3a92b2883b4', 2),
('e4d8f9c7-c413-4b9a-a95f-f5199f009502', 22, 'A7', 11, '3b72c80c-c9aa-43b0-b3c9-c4c7b78036a5', 0),
('45df0eab-2c95-45ae-b531-fc59d0dd9fb1', 23, 'A44', 22, '3b72c80c-c9aa-43b0-b3c9-c4c7b78036a5', 1),
('dac479db-366b-4325-9763-5ebbf1320fc5', 94, 'A50', 47, '3b72c80c-c9aa-43b0-b3c9-c4c7b78036a5', 2),
('320d84e6-c19a-401a-9b7a-9d3b86c0f0d1', 10, 'A38', 36, '336212a1-3a2b-4ab8-8681-de989402f331', 0),
('1d82967c-efe1-45ef-99c0-3d6dbb699135', 74, 'A24', 43, '336212a1-3a2b-4ab8-8681-de989402f331', 1),
('43737e68-3b3f-4abd-b91b-61f0dca29a34', 41, 'A28', 40, '336212a1-3a2b-4ab8-8681-de989402f331', 2),
('1ba091ff-d37c-4700-bed9-f1397e7ec5c3', 81, 'A38', 40, '9f0577b1-5b4a-4749-a585-2fe8af2d2a89', 0),
('15f3695d-a273-4636-b515-3c115bd1e349', 44, 'A1', 42, '9f0577b1-5b4a-4749-a585-2fe8af2d2a89', 1),
('51da2400-f88e-460f-9900-43ba34bf2680', 85, 'A39', 39, '9f0577b1-5b4a-4749-a585-2fe8af2d2a89', 2),
('04d2f9e5-fc4b-4930-a3aa-d15600ec61e7', 27, 'A0', 21, '71acd9f0-6c92-4091-9334-621a6eee8c28', 0),
('ce0a37df-be8e-489b-987f-fcdfbdca58db', 49, 'A24', 40, '71acd9f0-6c92-4091-9334-621a6eee8c28', 1),
('3243f226-e4f2-4cf8-b65e-56be2b83041c', 71, 'A49', 12, '71acd9f0-6c92-4091-9334-621a6eee8c28', 2),
('8147595d-52c8-4341-b239-503814a899b5', 91, 'A32', 25, '8f9079ac-ed65-43df-8092-33c72ce11b0b', 0),
('c0409fd2-f0b6-4fbf-a627-f2dd7017f142', 0, 'A37', 15, '8f9079ac-ed65-43df-8092-33c72ce11b0b', 1),
('6ae51128-b488-4730-9fea-4923e5526220', 44, 'A18', 36, '8f9079ac-ed65-43df-8092-33c72ce11b0b', 2),
('84719b8d-1b8a-442c-9bde-f966ef31c0aa', 1, 'A30', 40, 'c8992493-3402-48f2-b9aa-1adbf4db9fef', 0),
('2d3d4cb1-fce0-4843-8738-e8f304205265', 88, 'A29', 46, 'c8992493-3402-48f2-b9aa-1adbf4db9fef', 1),
('86d9f0f0-981a-4d55-94d5-3e6032fb205e', 100, 'A37', 27, 'c8992493-3402-48f2-b9aa-1adbf4db9fef', 2),
('bf4c304a-5400-48d5-8d76-c930245279af', 57, 'A42', 47, '3394608b-ecbc-4fbf-81cd-6b95124c1093', 0),
('f8efd9d6-6a3f-42db-b0bb-ca17cf88548f', 11, 'A24', 24, '3394608b-ecbc-4fbf-81cd-6b95124c1093', 1),
('c8de85d8-63a8-4d6a-a342-e3ed96916dc8', 38, 'A23', 18, '3394608b-ecbc-4fbf-81cd-6b95124c1093', 2),
('de7a38c1-a2b3-4e94-9847-06ca4031d351', 49, 'A6', 18, '874cf191-da8a-4e0a-be21-17f38c6d8b98', 0),
('254fda3a-79f1-4149-bd12-b9e3f06886be', 24, 'A21', 30, '874cf191-da8a-4e0a-be21-17f38c6d8b98', 1),
('b557a624-159b-4fef-9f07-1946b8d45e0c', 52, 'A13', 33, '874cf191-da8a-4e0a-be21-17f38c6d8b98', 2),
('d94177b4-c583-46c9-b510-a622577b500d', 51, 'A37', 41, '8d09912b-d4ab-447e-9d79-ad2cb2e20fb0', 0),
('b0329723-3249-4891-81e9-a4081dc31081', 2, 'A35', 50, '8d09912b-d4ab-447e-9d79-ad2cb2e20fb0', 1),
('f566bf9b-37da-48e5-b47b-5c422ed6e4b5', 96, 'A27', 12, '8d09912b-d4ab-447e-9d79-ad2cb2e20fb0', 2),
('921e2f40-d655-46b4-abf3-b57c98d92779', 70, 'A25', 37, '597bda01-5193-484e-8919-8817b79ed5d7', 0),
('9b76b0aa-f2f6-438c-bdb2-b25abbad05d3', 3, 'A36', 47, '597bda01-5193-484e-8919-8817b79ed5d7', 1),
('b80c7224-836e-4910-9868-19542cd2a07a', 100, 'A38', 33, '597bda01-5193-484e-8919-8817b79ed5d7', 2),
('6d9e62ce-7d27-4fd2-9df4-33b3da29d96f', 65, 'A3', 32, 'a73dff7f-538c-4ae5-aadc-c5f88c23bb7f', 0),
('34741003-758e-48b3-82b3-922e07c6c707', 5, 'A50', 17, 'a73dff7f-538c-4ae5-aadc-c5f88c23bb7f', 1),
('65afb758-b01d-4cf9-86d9-c6bfc743c43c', 93, 'A4', 45, 'a73dff7f-538c-4ae5-aadc-c5f88c23bb7f', 2),
('3b6a9c71-54f0-4644-ac49-c77250a15a29', 90, 'A18', 21, 'cc8eefec-3861-4f4a-95d5-7fc33471deaf', 0),
('e715efb3-912a-4ff1-9f74-71fbe4354f63', 82, 'A50', 30, 'cc8eefec-3861-4f4a-95d5-7fc33471deaf', 1),
('d7f33d50-d9b4-4d97-a4f0-da8f5d50e9bb', 33, 'A4', 12, 'cc8eefec-3861-4f4a-95d5-7fc33471deaf', 2),
('d030f274-ae1c-40e1-80ad-5fb626b61ccd', 55, 'A20', 47, '0a07a3e3-09ec-4748-a64a-51cf5447221c', 0),
('12b00adc-66d9-4ab7-b149-8ece17002fa2', 31, 'A6', 23, '0a07a3e3-09ec-4748-a64a-51cf5447221c', 1),
('a6cc725e-d927-48f9-ab31-0f44042c7ded', 38, 'A38', 33, '0a07a3e3-09ec-4748-a64a-51cf5447221c', 2),
('69e62d14-9f63-4762-89b8-3fa580f216a3', 97, 'A6', 31, 'c9715c7e-e9df-428c-a7e7-48c91168e4a5', 0),
('96f47d0b-4824-48a8-adb3-89dac18c20aa', 83, 'A9', 10, 'c9715c7e-e9df-428c-a7e7-48c91168e4a5', 1),
('ecc809fe-5efa-4047-8ea1-96e3cc42a9ed', 0, 'A25', 41, 'c9715c7e-e9df-428c-a7e7-48c91168e4a5', 2),
('58fe1d47-21d7-4700-bc03-6fb95198878a', 72, 'A37', 33, '5dc0e926-fd8d-4181-bd0d-06a8e57e5ca9', 0),
('1dd891ab-39c1-4302-9280-7b09a32ea37b', 86, 'A4', 33, '5dc0e926-fd8d-4181-bd0d-06a8e57e5ca9', 1),
('949f7f3c-30cd-4753-b086-91365844afb3', 64, 'A20', 37, '5dc0e926-fd8d-4181-bd0d-06a8e57e5ca9', 2),
('b1fad045-297e-4d62-a4da-a268741fbaf4', 22, 'A7', 36, '589a5170-c946-42cb-8b49-64c78d870b41', 0),
('dfdcaf15-e2c9-4d0f-9a2c-5913ad1ce246', 65, 'A25', 46, '589a5170-c946-42cb-8b49-64c78d870b41', 1),
('93e4c819-293e-403d-9c46-97aaafc42c22', 75, 'A13', 43, '589a5170-c946-42cb-8b49-64c78d870b41', 2),
('8931918d-db9d-4435-8579-45183156bb50', 92, 'A17', 31, 'f2d862af-8ad2-4608-aec1-9551be85c649', 0),
('b03a1265-48a4-48a0-9b5f-03cb92128fc5', 53, 'A17', 41, 'f2d862af-8ad2-4608-aec1-9551be85c649', 1),
('ebdeb895-6b1c-4772-9393-2848990fd702', 49, 'A37', 48, 'f2d862af-8ad2-4608-aec1-9551be85c649', 2),
('cfb43f92-800c-40a5-a532-8af4be7f35fc', 3, 'A0', 25, '6212e49a-a23e-4641-86eb-8a6b6668b433', 0),
('667663b3-0ff3-4d3e-b014-9ce173106545', 15, 'A33', 28, '6212e49a-a23e-4641-86eb-8a6b6668b433', 1),
('74eac44d-7a5f-437c-b31a-b1bb3e3bad41', 21, 'A11', 35, '6212e49a-a23e-4641-86eb-8a6b6668b433', 2),
('680421a1-c3a8-47b1-a3c1-b97d87c9c41f', 4, 'A3', 40, '704213d4-da2e-4297-bce1-b7f783d88fbc', 0),
('70966d9c-ad13-4411-bcc6-13497eea415b', 26, 'A22', 14, '704213d4-da2e-4297-bce1-b7f783d88fbc', 1),
('c66bc7c3-3928-4793-9dd1-45b0a33b0bd3', 69, 'A0', 36, '704213d4-da2e-4297-bce1-b7f783d88fbc', 2),
('ff0b9faf-1f21-4bb6-87bb-6f1eb1f25ae2', 69, 'A11', 45, 'eb582976-fd1d-4ad6-ba9c-dfdc859d7335', 0),
('32ac07b4-e271-4216-b2ef-8c722ab4b237', 35, 'A24', 44, 'eb582976-fd1d-4ad6-ba9c-dfdc859d7335', 1),
('bbabb675-21ef-4efd-9b6d-e133a8014f11', 58, 'A25', 29, 'eb582976-fd1d-4ad6-ba9c-dfdc859d7335', 2),
('48b3305b-100b-4af1-92a0-9f0800665152', 39, 'A45', 25, 'bed114e4-2cf2-4b9f-8fd6-14870de8b000', 0),
('1a52137b-0c46-447d-868a-bea97d18909a', 82, 'A40', 42, 'bed114e4-2cf2-4b9f-8fd6-14870de8b000', 1),
('de1ed47d-5ccf-40c2-967a-f22cc8248588', 92, 'A24', 31, 'bed114e4-2cf2-4b9f-8fd6-14870de8b000', 2),
('84972cfb-b5b2-4aab-b489-443678cf31d2', 13, 'A0', 27, '13b17b26-c1a8-4977-9d4a-f23a91164266', 0),
('8ff065e7-dbb6-4506-8726-3a4508e2fe9d', 84, 'A35', 17, '13b17b26-c1a8-4977-9d4a-f23a91164266', 1),
('c236ad5a-35fa-4cd9-a111-e570ea71c130', 33, 'A8', 14, '13b17b26-c1a8-4977-9d4a-f23a91164266', 2),
('3791ad27-1adb-4839-a3de-19c03045aecf', 39, 'A4', 10, '3a2ca33a-4c74-47c7-b157-8a82f6bea97e', 0),
('d3e1df0d-5b96-4aab-93bc-cbe99d1bb4da', 35, 'A32', 24, '3a2ca33a-4c74-47c7-b157-8a82f6bea97e', 1),
('5567cdad-0c7d-4dee-934e-bd42c73b227b', 2, 'A48', 29, '3a2ca33a-4c74-47c7-b157-8a82f6bea97e', 2),
('9113075f-5a28-438d-ba4c-18df0175021f', 85, 'A36', 32, '77ee7e9b-baf2-46ae-9d8e-97858a2a6c84', 0),
('7fd70669-c0e5-4f60-b223-80e558c2504d', 91, 'A40', 26, '77ee7e9b-baf2-46ae-9d8e-97858a2a6c84', 1),
('b7a0833a-237e-4886-8da7-5d9341ad5f44', 0, 'A38', 25, '77ee7e9b-baf2-46ae-9d8e-97858a2a6c84', 2),
('88bbff52-362b-4f0a-8969-d6cd626c1368', 96, 'A18', 20, '56000f18-f614-4add-ae43-22162353945d', 0),
('d1ec54ee-f21b-46af-b1a3-33323548f8e1', 1, 'A9', 11, '56000f18-f614-4add-ae43-22162353945d', 1),
('45f1b552-cd5d-4ca3-a453-8c4cf2706c30', 24, 'A40', 31, '56000f18-f614-4add-ae43-22162353945d', 2),
('93bfa559-63cc-4e20-b8b0-7d576bd83529', 74, 'A24', 32, 'a48c2a3c-ab79-464d-853e-9a4134380f24', 0),
('fdf210f3-a3a8-4d13-a425-06141642fa0a', 60, 'A6', 35, 'a48c2a3c-ab79-464d-853e-9a4134380f24', 1),
('5c70d403-bc24-4d4c-98bc-3cbed8b19475', 50, 'A16', 47, 'a48c2a3c-ab79-464d-853e-9a4134380f24', 2),
('0d8d963d-dccb-4a23-ac3b-e3dac39ffaa7', 77, 'A45', 15, '7955efcb-a353-4932-a080-e987d7357f5b', 0),
('798ce19f-87d3-48d5-b70b-523fa7f6044f', 41, 'A22', 26, '7955efcb-a353-4932-a080-e987d7357f5b', 1),
('2f5e996b-01f6-430b-8f0c-9961177451a8', 75, 'A45', 18, '7955efcb-a353-4932-a080-e987d7357f5b', 2),
('cbed5373-ed22-4654-b924-d314e8e29460', 33, 'A11', 36, 'a6397c75-00be-4557-b904-2d4908bcc73b', 0),
('68753bec-604f-4b32-a51e-67014ed4537e', 2, 'A11', 48, 'a6397c75-00be-4557-b904-2d4908bcc73b', 1),
('88a6989e-5065-45df-8bf6-f875a6f35723', 50, 'A14', 38, 'a6397c75-00be-4557-b904-2d4908bcc73b', 2),
('8924677b-6ef1-4afc-8244-dd0be542c801', 61, 'A49', 45, '2c3149a5-b1b6-4979-ab4e-fc13458d78fd', 0),
('1e7fa4a0-5d56-4183-a9cb-70d4616220ba', 74, 'A10', 23, '2c3149a5-b1b6-4979-ab4e-fc13458d78fd', 1),
('4744e8af-7f3c-4e48-9df7-9c0877dd9e34', 59, 'A2', 20, '2c3149a5-b1b6-4979-ab4e-fc13458d78fd', 2),
('6d19c7be-7dc5-41bb-bfa1-f2398b821b41', 67, 'A34', 42, '550ed636-c372-4a6b-b6e0-fcfeac53378e', 0),
('eea0f203-1cbe-4990-86d3-3c60449b963b', 46, 'A16', 28, '550ed636-c372-4a6b-b6e0-fcfeac53378e', 1),
('c301a9e1-96d8-4b52-a2db-ca5d8492c77e', 80, 'A11', 10, '550ed636-c372-4a6b-b6e0-fcfeac53378e', 2),
('a5190ca7-3a20-4a25-8458-a0dd9967decd', 84, 'A35', 16, '8080e391-9a3f-49ce-9774-a185d663f43a', 0),
('342c4194-e72b-400f-b4d6-5a5fe4042309', 55, 'A3', 46, '8080e391-9a3f-49ce-9774-a185d663f43a', 1),
('de092717-aa58-4129-964f-3b96e4a7a348', 37, 'A32', 15, '8080e391-9a3f-49ce-9774-a185d663f43a', 2),
('e446835d-5e3c-4639-bbb5-271f50f7e52c', 84, 'A3', 24, 'a94acb77-a750-4af9-a872-8d0a73f4cce6', 0),
('f27ee172-217e-40d7-b02d-8b95cc65a7ca', 22, 'A19', 24, 'a94acb77-a750-4af9-a872-8d0a73f4cce6', 1),
('60557c10-8ef4-48d0-bbb1-9c70b3e48088', 16, 'A36', 45, 'a94acb77-a750-4af9-a872-8d0a73f4cce6', 2),
('f991d0a8-9f0b-4a95-9327-46ce9f7acc7f', 71, 'A11', 42, '47857900-ab76-4ee7-a725-d8275ce542bc', 0),
('c181b83e-da0a-4ef7-8237-f2c89c1cfe0e', 46, 'A15', 19, '47857900-ab76-4ee7-a725-d8275ce542bc', 1),
('e0dcc424-de73-4b3b-bb15-022507f3b4ca', 47, 'A19', 19, '47857900-ab76-4ee7-a725-d8275ce542bc', 2),
('2cac6898-f49d-48ae-8ed9-3e24b6e7472e', 36, 'A27', 18, '6d6252dc-37a4-43c6-8ac4-bc776a407db8', 0),
('c210a975-fa4e-4b11-88ee-ec0594985a30', 31, 'A35', 24, '6d6252dc-37a4-43c6-8ac4-bc776a407db8', 1),
('99d5f4ed-5802-4acc-9953-bc1b519cd314', 95, 'A22', 20, '6d6252dc-37a4-43c6-8ac4-bc776a407db8', 2),
('191e6e76-62e2-4baf-b183-5d030465e779', 43, 'A33', 28, 'd21c93f1-d135-41df-8dc9-03f1f4575542', 0),
('64f11898-78d9-4429-aa06-a84a02b9dfbb', 52, 'A19', 31, 'd21c93f1-d135-41df-8dc9-03f1f4575542', 1),
('b2b5b2cc-6100-4ad5-a766-ee790ba59d2d', 11, 'A45', 34, 'd21c93f1-d135-41df-8dc9-03f1f4575542', 2),
('f8ec2282-341e-4e9a-9488-f8a131c68386', 19, 'A45', 21, '796adaf5-b58e-4822-9610-15fc7244ccef', 0),
('ad947e0f-7398-4d4e-9256-64a7f7831136', 62, 'A35', 17, '796adaf5-b58e-4822-9610-15fc7244ccef', 1),
('27b2e4ec-2ff0-4f29-b5f4-fcec4d7a2344', 4, 'A8', 11, '796adaf5-b58e-4822-9610-15fc7244ccef', 2),
('a702c703-09b7-471a-9641-10fbd70f8292', 82, 'A39', 21, 'c1e4e188-6c2c-4c07-8b02-ccf2856b6bb3', 0),
('cb279113-dd4f-49a8-9d13-b9e18f1a4ac7', 51, 'A35', 22, 'c1e4e188-6c2c-4c07-8b02-ccf2856b6bb3', 1),
('fa95a347-2b38-4bc3-a8a6-6e5ac7f2c817', 98, 'A23', 19, 'c1e4e188-6c2c-4c07-8b02-ccf2856b6bb3', 2),
('c3221432-0ac6-4567-b08c-46d11c55941b', 36, 'A6', 50, '761e3a9c-8bfc-4b0a-b51f-5c2e58d53fc6', 0),
('2f08021e-e734-441c-8eda-8fb60720e4b8', 93, 'A12', 35, '761e3a9c-8bfc-4b0a-b51f-5c2e58d53fc6', 1),
('92e9a189-b3b9-4015-9241-e2e11d0a2b89', 58, 'A47', 13, '761e3a9c-8bfc-4b0a-b51f-5c2e58d53fc6', 2),
('85e0e173-631d-42ee-8b68-581dd417984c', 33, 'A17', 30, 'e37c0e6a-c09e-4d67-9d2b-265ca53a7789', 0),
('0401c07c-50f0-41c9-9d44-f648b2f214d9', 13, 'A8', 37, 'e37c0e6a-c09e-4d67-9d2b-265ca53a7789', 1),
('3889bdac-5ad6-471f-a16f-2208c92e703b', 55, 'A24', 22, 'e37c0e6a-c09e-4d67-9d2b-265ca53a7789', 2),
('9223adec-420b-4a79-8d02-373192d4da81', 82, 'A20', 40, '41560e07-24d6-450d-af4f-694cd0359f7c', 0),
('d760bb5d-0504-4a5a-be48-5c9dfbe511cb', 95, 'A14', 46, '41560e07-24d6-450d-af4f-694cd0359f7c', 1),
('4e314ae0-3953-447d-9467-41919d6553e1', 33, 'A0', 27, '41560e07-24d6-450d-af4f-694cd0359f7c', 2),
('fa352fcc-73c4-4603-887b-dbd942463707', 90, 'A35', 46, 'd7b04103-2831-4cdb-8ce9-2ed099ec5322', 0),
('7540b8f6-ef20-4b33-80fb-41f3eb88beae', 88, 'A5', 46, 'd7b04103-2831-4cdb-8ce9-2ed099ec5322', 1),
('273fa48a-c008-47b6-b79f-c7784592d1d2', 63, 'A36', 46, 'd7b04103-2831-4cdb-8ce9-2ed099ec5322', 2),
('d3751ead-596f-49bc-a3b8-fe2cac8808a5', 78, 'A50', 20, 'ce8ea2a5-286c-4a3f-995e-be50f929b068', 0),
('e878fd7f-3c4c-4059-8397-04f5461bfbc4', 14, 'A43', 48, 'ce8ea2a5-286c-4a3f-995e-be50f929b068', 1),
('f850de82-8af9-4323-8d67-ecc1a688bc15', 57, 'A27', 11, 'ce8ea2a5-286c-4a3f-995e-be50f929b068', 2),
('b5ac66a4-a134-46a6-9153-34abbb38f7f1', 78, 'A7', 33, 'f7ef38e2-3198-414b-9dff-1f6437fef3e6', 0),
('3708877b-a65b-479f-91f9-00bbecabd896', 55, 'A33', 34, 'f7ef38e2-3198-414b-9dff-1f6437fef3e6', 1),
('bab0855b-4db5-436d-a257-3b9ef1fc1972', 45, 'A49', 29, 'f7ef38e2-3198-414b-9dff-1f6437fef3e6', 2),
('b5a8707a-8c74-4b2e-ad5f-baf670b385bf', 88, 'A13', 50, '68712fec-7685-41e6-bd0c-b1f0b58dba5e', 0),
('b04bb88b-50a4-492a-bb93-4b950cb4976e', 58, 'A39', 26, '68712fec-7685-41e6-bd0c-b1f0b58dba5e', 1),
('180b5513-6c42-4fcd-a66d-e1c6a0d1dee1', 41, 'A47', 38, '68712fec-7685-41e6-bd0c-b1f0b58dba5e', 2),
('218480b4-00f8-4f63-b46d-18ee930f11bd', 1, 'A11', 35, 'e19bbcd3-13f2-4d4c-a13c-8361e31ff30c', 0),
('6d821e15-0310-415e-a64c-ede48125e558', 74, 'A36', 10, 'e19bbcd3-13f2-4d4c-a13c-8361e31ff30c', 1),
('2cfe793a-e74a-4911-9d4d-063b430b4438', 48, 'A1', 37, 'e19bbcd3-13f2-4d4c-a13c-8361e31ff30c', 2),
('f5955149-cc4b-4f44-a415-b7184d42107e', 93, 'A18', 42, 'b424a2c5-69ec-4610-9513-3ada39b99d71', 0),
('6e961f94-cf07-4a7e-a8fe-1a6aab34a185', 24, 'A0', 32, 'b424a2c5-69ec-4610-9513-3ada39b99d71', 1),
('3ee9ba32-01f8-466d-b06b-ec32c09f17df', 84, 'A48', 36, 'b424a2c5-69ec-4610-9513-3ada39b99d71', 2),
('830abd93-05fc-4b0e-8437-cdc1455ca5bb', 100, 'A15', 31, '3bffba86-1aac-48bd-a8d9-d59e696e2e18', 0),
('17f1ec1e-379f-4eda-92e6-7df6a23c79bb', 2, 'A10', 38, '3bffba86-1aac-48bd-a8d9-d59e696e2e18', 1),
('b800b9a2-a32b-465a-b1c2-55bc56825f23', 8, 'A12', 35, '3bffba86-1aac-48bd-a8d9-d59e696e2e18', 2),
('b1e18984-d45e-4065-b9d4-8bca734a12b9', 48, 'A0', 15, 'ac177aaa-a0b9-4226-8c68-ab90f292ccb1', 0),
('6d868c58-f338-448e-8558-0f742ae865ea', 14, 'A7', 16, 'ac177aaa-a0b9-4226-8c68-ab90f292ccb1', 1),
('6522f05c-9991-47da-85fd-67186a403d23', 62, 'A30', 12, 'ac177aaa-a0b9-4226-8c68-ab90f292ccb1', 2),
('fdde446d-81e7-4713-a011-69c37fd6a102', 86, 'A27', 41, '3db628c3-feca-4dc7-b56d-553f8f080cf8', 0),
('598764e9-614d-44f8-a9e2-d006f3ecf764', 43, 'A17', 25, '3db628c3-feca-4dc7-b56d-553f8f080cf8', 1),
('dba258c1-c3b3-47ab-aeda-9e7e5235b9e0', 71, 'A32', 31, '3db628c3-feca-4dc7-b56d-553f8f080cf8', 2),
('eb1d912c-2211-4987-b53d-3345c6e8b13e', 21, 'A20', 50, '5cf9899c-02ea-4123-a770-24ffba56e632', 0),
('669af67d-0dbc-48b4-b9b6-882d20974c4a', 11, 'A18', 49, '5cf9899c-02ea-4123-a770-24ffba56e632', 1),
('fd5776e0-5105-45de-a077-2727d05852e8', 5, 'A34', 39, '5cf9899c-02ea-4123-a770-24ffba56e632', 2),
('d475c9e6-a715-4949-9e73-0af37d676b23', 37, 'A20', 44, '6bfe61ba-cf2a-416e-99b1-a896dc1aac48', 0),
('f2b6b16f-8127-42dd-9ca1-0d556add34aa', 91, 'A23', 46, '6bfe61ba-cf2a-416e-99b1-a896dc1aac48', 1),
('f70f187b-451a-468c-844d-6af98642f133', 38, 'A20', 16, '6bfe61ba-cf2a-416e-99b1-a896dc1aac48', 2),
('976ce663-97c8-445d-821c-809210c3ed21', 86, 'A19', 22, 'ae08d21e-81e6-4f4e-b301-8768495e8da8', 0),
('b58cb795-cb02-46e8-a138-44495407310a', 5, 'A13', 32, 'ae08d21e-81e6-4f4e-b301-8768495e8da8', 1),
('c7496e42-08ec-4af3-ad8e-c4ac8d35aef7', 93, 'A23', 33, 'ae08d21e-81e6-4f4e-b301-8768495e8da8', 2),
('1634609f-a34c-4bf4-a49f-28bb51d7f590', 21, 'A17', 19, 'a59178ab-44e5-43e3-8371-ade6d2742cdd', 0),
('62a21a82-3aa3-4865-a4a3-c76fb6544bd1', 18, 'A39', 44, 'a59178ab-44e5-43e3-8371-ade6d2742cdd', 1),
('fa805f43-f37e-42c8-b1d4-edf2c7ba862d', 87, 'A15', 14, 'a59178ab-44e5-43e3-8371-ade6d2742cdd', 2),
('1d9663db-6596-483a-9253-946e4de8927d', 62, 'A17', 45, '89cc5c61-4d80-4070-92c0-2729c60e6c32', 0),
('f0c93f23-b930-4a69-bf0f-544dd5b77d55', 93, 'A40', 35, '89cc5c61-4d80-4070-92c0-2729c60e6c32', 1),
('dbcc9d21-2811-421d-bff7-78dcb41aa992', 95, 'A26', 39, '89cc5c61-4d80-4070-92c0-2729c60e6c32', 2),
('41370571-6b2e-4f97-b8dd-be8955cbef36', 44, 'A8', 35, '780cabf0-5d2f-4117-967c-fe087357be15', 0),
('6e09369d-865e-4d8b-9a98-5a9aa9176cc0', 55, 'A34', 12, '780cabf0-5d2f-4117-967c-fe087357be15', 1),
('f7e390f8-bb50-40c9-8079-2ff4597a4293', 9, 'A45', 21, '780cabf0-5d2f-4117-967c-fe087357be15', 2),
('e9233d4f-9651-414d-a76b-ad16490c3ba4', 98, 'A17', 17, '70b6590e-cd2a-4c90-b787-9ad8ace6d8ec', 0),
('463c479d-6027-47f7-b9d6-c4d622393bd9', 3, 'A4', 39, '70b6590e-cd2a-4c90-b787-9ad8ace6d8ec', 1),
('89388e35-aded-4ebb-aa61-726b5e82d2c0', 77, 'A23', 37, '70b6590e-cd2a-4c90-b787-9ad8ace6d8ec', 2),
('edee2a37-a412-4c92-884f-017c2b4cff8f', 66, 'A8', 30, '7a7d10ff-758b-4d5c-a6b4-263236c1b925', 0),
('1d4b3ccf-babb-4688-bb23-558d5dc8f935', 62, 'A15', 37, '7a7d10ff-758b-4d5c-a6b4-263236c1b925', 1),
('42239078-ed85-4ff4-8ca4-7269cf950712', 29, 'A28', 31, '7a7d10ff-758b-4d5c-a6b4-263236c1b925', 2),
('401ace44-e06c-42a7-8481-959c7dceb78d', 21, 'A2', 15, '55bb580b-3464-4e4e-b764-e9ee555b9e64', 0),
('3886b8d1-8f4b-41c9-91c6-05a0c3078273', 61, 'A1', 13, '55bb580b-3464-4e4e-b764-e9ee555b9e64', 1),
('90f38a5c-f75f-432c-9077-01ebe03b17b5', 57, 'A8', 44, '55bb580b-3464-4e4e-b764-e9ee555b9e64', 2),
('bccdc6d1-d959-4ae4-b584-000f8c3790c6', 35, 'A21', 18, '3c541548-0e80-4edf-973f-19b0faf19e0a', 0),
('7978257c-ad3c-42e9-a1c8-9b17fcf2b353', 10, 'A43', 16, '3c541548-0e80-4edf-973f-19b0faf19e0a', 1),
('38b335c9-eff8-495d-a173-77bba83efbdd', 82, 'A27', 36, '3c541548-0e80-4edf-973f-19b0faf19e0a', 2),
('7a7f9332-6fb4-4dcc-ae2c-70f11d364501', 68, 'A31', 10, '3376a403-d02e-4d25-97c3-8a42966c813f', 0),
('753f9c5f-e671-4f94-8f93-51e2de6a11c4', 68, 'A22', 14, '3376a403-d02e-4d25-97c3-8a42966c813f', 1),
('201c25fb-77e0-483f-a216-4385e0802082', 18, 'A46', 45, '3376a403-d02e-4d25-97c3-8a42966c813f', 2),
('5a2eec79-ab51-4154-b8ef-7e526293e9df', 89, 'A26', 11, '1421d2c9-0512-4a13-b005-f388536b038a', 0),
('c41daed2-136c-42a5-937d-fe01cf38a516', 46, 'A10', 22, '1421d2c9-0512-4a13-b005-f388536b038a', 1),
('b194f5f2-509d-433c-b219-9715543c4136', 77, 'A23', 20, '1421d2c9-0512-4a13-b005-f388536b038a', 2),
('132fa600-d54c-48a4-8f1e-20831873e6c4', 81, 'A17', 26, '25c9a2b9-e5fc-4809-8076-ed0578e62b3c', 0),
('047e82db-8ea7-4f99-b0f8-f0e1ae8efc0c', 26, 'A22', 48, '25c9a2b9-e5fc-4809-8076-ed0578e62b3c', 1),
('cd957205-b10f-4753-a302-de9dfe3729a9', 43, 'A36', 19, '25c9a2b9-e5fc-4809-8076-ed0578e62b3c', 2),
('2c95a348-d468-43e2-9829-13c2d06a885b', 17, 'A28', 10, 'c948fc36-e1ff-4902-8c35-777ca66e64e2', 0),
('8cf22c61-f38a-42ac-99d5-92216c1c642b', 87, 'A36', 44, 'c948fc36-e1ff-4902-8c35-777ca66e64e2', 1),
('06f86a37-d845-4517-901b-16ab0f313e4a', 64, 'A28', 17, 'c948fc36-e1ff-4902-8c35-777ca66e64e2', 2),
('14eddece-7c1c-4b98-aca0-ccf71fb7b450', 13, 'A7', 31, 'd554e5ca-335a-4752-ae78-edc3d17961d5', 0),
('904a5ba8-8265-4979-aa27-fdfd448dee6d', 48, 'A13', 41, 'd554e5ca-335a-4752-ae78-edc3d17961d5', 1),
('18262129-ceec-4c6b-8e94-4f72efc84d0d', 76, 'A5', 26, 'd554e5ca-335a-4752-ae78-edc3d17961d5', 2),
('b9f95916-a8fe-4297-ae64-c8c8b170bcee', 49, 'A44', 24, 'cf5450ea-5929-4d5c-a7f3-ff05821417fa', 0),
('9a0931ff-a35d-4fab-bf2f-69fca168d94e', 85, 'A24', 42, 'cf5450ea-5929-4d5c-a7f3-ff05821417fa', 1),
('44e482b2-8657-4a59-bc08-5c541d48433c', 58, 'A6', 26, 'cf5450ea-5929-4d5c-a7f3-ff05821417fa', 2),
('7e87eb90-9cce-4136-a7c1-bebdcfd2031f', 65, 'A18', 41, '7d9f1b45-5465-4978-b0eb-023cb7e1b169', 0),
('2cd7034f-7305-4ed5-8116-d78c431c5cc4', 15, 'A38', 45, '7d9f1b45-5465-4978-b0eb-023cb7e1b169', 1),
('a064defd-4af3-4722-a959-aaf68ff80d79', 54, 'A8', 17, '7d9f1b45-5465-4978-b0eb-023cb7e1b169', 2),
('21690abd-ff78-4eea-a306-890ea7bcf174', 73, 'A4', 29, '9fe5dec1-5d3e-48ae-bbdb-1db362f3058c', 0),
('708b8049-c673-4c86-ac7c-aebaaf32c3a4', 82, 'A2', 40, '9fe5dec1-5d3e-48ae-bbdb-1db362f3058c', 1),
('736dacee-7cd0-42c9-9101-f72bff58764a', 75, 'A14', 30, '9fe5dec1-5d3e-48ae-bbdb-1db362f3058c', 2),
('b8535a52-721c-421d-9c64-ee79a6fac933', 33, 'A11', 16, '84d27ba7-b5c3-4d24-b2e7-50101c90597e', 0),
('f1ff6c74-122a-416a-ae90-ab6f261d79d4', 24, 'A10', 35, '84d27ba7-b5c3-4d24-b2e7-50101c90597e', 1),
('122805c6-ad5c-400c-b836-326e28c44848', 31, 'A12', 41, '84d27ba7-b5c3-4d24-b2e7-50101c90597e', 2),
('77d5f84c-c6dd-472f-927e-d70296643328', 4, 'A7', 29, '183c27a6-71cf-429c-89f5-b33ef3560c34', 0),
('082bf9a5-835c-4ec9-b461-072f88990285', 32, 'A47', 30, '183c27a6-71cf-429c-89f5-b33ef3560c34', 1),
('5f8e1f57-1a5b-4261-aa17-b205b0c7a531', 37, 'A25', 25, '183c27a6-71cf-429c-89f5-b33ef3560c34', 2),
('680313ca-e73e-42d5-b4f9-7a86157c25bd', 95, 'A25', 31, '5eecab9e-9048-41ee-9ae2-0489fee67b0a', 0),
('2fddca88-9bfe-443c-a9bb-84507245a23c', 18, 'A11', 44, '5eecab9e-9048-41ee-9ae2-0489fee67b0a', 1),
('116bf121-f8c9-4ed9-84f1-d9cd9e338d4d', 14, 'A46', 26, '5eecab9e-9048-41ee-9ae2-0489fee67b0a', 2),
('f0178bee-cb21-4269-9c81-48eadb1a8487', 73, 'A20', 11, 'f68b7a82-4ea4-4757-9597-483b9cae8a08', 0),
('e422e903-0c72-4988-9832-c465ea7558e6', 27, 'A25', 12, 'f68b7a82-4ea4-4757-9597-483b9cae8a08', 1),
('a80100a0-3027-4b95-ad86-4737bb55ade6', 52, 'A50', 47, 'f68b7a82-4ea4-4757-9597-483b9cae8a08', 2),
('a19ae6b7-9dd7-4cb6-b9ae-98dd4ab25b4c', 41, 'A37', 34, '25c3a62b-9788-45a7-b97a-e7327e7aff44', 0),
('9ea216c0-96bb-4c26-bf82-6cd3bc341506', 11, 'A44', 33, '25c3a62b-9788-45a7-b97a-e7327e7aff44', 1),
('326e0d72-37e3-4ecc-9979-cf41db17f92f', 16, 'A49', 30, '25c3a62b-9788-45a7-b97a-e7327e7aff44', 2),
('3ac19b57-e06e-409a-8789-1dae56975f8f', 11, 'A21', 30, '9d8e1d86-ccd6-4b70-b593-77f2bd0070f0', 0),
('10918f26-8d79-4f04-8852-1d714393f691', 47, 'A6', 46, '9d8e1d86-ccd6-4b70-b593-77f2bd0070f0', 1),
('9bfde14f-e55e-4203-8646-fca80b7fe8dc', 52, 'A43', 13, '9d8e1d86-ccd6-4b70-b593-77f2bd0070f0', 2),
('49e7e1b0-c9c1-4026-855f-733b084e3e23', 52, 'A16', 10, '0f64da01-4847-4c9f-a7f2-522e11fff7fd', 0),
('d55defc3-e3be-4aed-9bae-f728afe680dd', 95, 'A49', 34, '0f64da01-4847-4c9f-a7f2-522e11fff7fd', 1),
('d4eaca97-5ecf-4f09-951e-3a9ec104fb09', 6, 'A43', 47, '0f64da01-4847-4c9f-a7f2-522e11fff7fd', 2),
('be350e75-02dc-498b-a113-b14983780d07', 25, 'A17', 17, '86b060d2-937a-4467-9dd2-eb47846238a1', 0),
('2104df00-1008-4bb6-8525-1d113bf90bec', 29, 'A29', 21, '86b060d2-937a-4467-9dd2-eb47846238a1', 1),
('d4532bbb-7989-49ae-b0aa-995dbd399f8a', 2, 'A47', 40, '86b060d2-937a-4467-9dd2-eb47846238a1', 2),
('40c8055b-5e2c-4778-bf78-340b00dea975', 8, 'A28', 10, 'd857a082-c013-4b07-b314-88e7aec2782f', 0),
('75ca11e5-deec-423d-a0df-c6ac37b6105a', 84, 'A20', 17, 'd857a082-c013-4b07-b314-88e7aec2782f', 1),
('229f5fd4-0581-4ab6-bbd1-ac2257f08f7b', 51, 'A5', 50, 'd857a082-c013-4b07-b314-88e7aec2782f', 2),
('c4bf25b8-602b-44b7-a741-b4b14a539c77', 34, 'A11', 44, 'dc847ff0-1bf4-4da0-8782-d105d94b1e9b', 0),
('478a6bc1-3afb-4490-b2c3-afba99720d2e', 92, 'A46', 17, 'dc847ff0-1bf4-4da0-8782-d105d94b1e9b', 1),
('bb554be6-bf93-42b5-b00a-64feb58fb822', 14, 'A27', 46, 'dc847ff0-1bf4-4da0-8782-d105d94b1e9b', 2),
('4f9e89e8-7caa-41d4-bfa1-3b8731a21c22', 70, 'A6', 47, '5ffe7947-fdf9-4a8e-811e-4a437268c939', 0),
('1121101e-982e-4100-a166-825ec586d01e', 44, 'A23', 46, '5ffe7947-fdf9-4a8e-811e-4a437268c939', 1),
('4a60bb79-8886-49c3-8dd8-b5077e127ad2', 97, 'A18', 19, '5ffe7947-fdf9-4a8e-811e-4a437268c939', 2),
('8f0c36db-68e6-48d7-9d6e-49e0828844cf', 26, 'A18', 35, 'a96be9be-1938-4419-a94c-81556c76ff9d', 0),
('85ee8e98-88a2-4bfa-b422-003d9d5551ba', 5, 'A48', 19, 'a96be9be-1938-4419-a94c-81556c76ff9d', 1),
('28458e1d-25fc-46cc-bc4c-56cc82902dbb', 51, 'A40', 15, 'a96be9be-1938-4419-a94c-81556c76ff9d', 2),
('5851445c-ea4b-4c43-a22b-2fb08ade522c', 68, 'A20', 40, '1eade9c5-bfc3-45b0-b464-eb9af067a58b', 0),
('9c63ac21-2c20-4936-b304-39eea98439f8', 62, 'A43', 50, '1eade9c5-bfc3-45b0-b464-eb9af067a58b', 1),
('b7678cae-5757-491f-9a08-48283f440ca9', 49, 'A29', 10, '1eade9c5-bfc3-45b0-b464-eb9af067a58b', 2),
('991b2260-5d26-46a9-bfe2-8afa56ed3c4b', 26, 'A25', 32, 'b4c9ffdc-0eb3-4cb3-bf3f-bc298895132d', 0),
('fd4b6ee2-ab8e-47a3-924a-30e4d3259113', 3, 'A43', 45, 'b4c9ffdc-0eb3-4cb3-bf3f-bc298895132d', 1),
('cab43037-44fd-46f6-83d8-0823d6ee5856', 16, 'A34', 36, 'b4c9ffdc-0eb3-4cb3-bf3f-bc298895132d', 2),
('2be4408a-ce3e-4f45-ab02-76869510c07d', 38, 'A14', 41, '319426c4-415c-474d-8a95-7f39aa1320ca', 0),
('251e7a73-acb3-4b00-8d37-3c68fa6fd4d3', 7, 'A30', 44, '319426c4-415c-474d-8a95-7f39aa1320ca', 1),
('11598b3c-1156-46cd-89d7-5e55db27e439', 54, 'A4', 16, '319426c4-415c-474d-8a95-7f39aa1320ca', 2),
('f4692023-d64c-4786-9826-8cc685637639', 5, 'A27', 33, '08135561-ef9a-4c95-9c2f-41492c1ce027', 0),
('58c97faa-fffb-4761-925c-9b745ff77ba1', 69, 'A47', 24, '08135561-ef9a-4c95-9c2f-41492c1ce027', 1),
('245ab165-8217-4909-93c0-e4e12ee707c0', 23, 'A18', 10, '08135561-ef9a-4c95-9c2f-41492c1ce027', 2),
('ee6cf1af-2d89-4068-bb3c-ea4d186eaf8d', 10, 'A1', 32, 'd6e70d05-f47b-4e8f-911c-913f753d7d43', 0),
('84dffa5e-e28c-46e9-865b-e9f0dbf02ca0', 18, 'A10', 18, 'd6e70d05-f47b-4e8f-911c-913f753d7d43', 1),
('4a21a214-95da-4c11-b195-286303de839b', 39, 'A1', 19, 'd6e70d05-f47b-4e8f-911c-913f753d7d43', 2),
('adaf7822-d25c-40e6-8f33-13dbb4a51c09', 53, 'A4', 47, '7601b396-36a3-4b55-b145-6f0aa2d5ccb7', 0),
('ba524bd0-bfbc-4a09-b6a8-994698004fb8', 35, 'A28', 12, '7601b396-36a3-4b55-b145-6f0aa2d5ccb7', 1),
('8980c61f-bf14-4ca3-8ce7-8fe302b9c856', 99, 'A4', 20, '7601b396-36a3-4b55-b145-6f0aa2d5ccb7', 2),
('e40cf69f-2c1c-4bed-b789-180fcfc1db0e', 35, 'A39', 41, '57bb0052-8971-4816-b61c-79e97c4df963', 0),
('ccc47ba2-ab75-4bf8-8d68-1f712c5950f3', 15, 'A49', 14, '57bb0052-8971-4816-b61c-79e97c4df963', 1),
('fb4b4971-0b74-44c0-82fc-9b2fc73b935e', 9, 'A0', 47, '57bb0052-8971-4816-b61c-79e97c4df963', 2),
('944d9ed6-0e71-4224-986c-89b177be7b16', 2, 'A38', 13, '40eb6e58-5ae3-4702-9638-4e3157d963fd', 0),
('41b48cac-d9fb-4696-80d4-511a3a8f35a6', 1, 'A2', 24, '40eb6e58-5ae3-4702-9638-4e3157d963fd', 1),
('03c7f9f7-e607-472c-8ffb-f3bfa344465c', 89, 'A37', 49, '40eb6e58-5ae3-4702-9638-4e3157d963fd', 2),
('364079e0-a198-4fe6-be0b-895a40fee42d', 44, 'A40', 28, '26fcff3e-0fda-4bed-95ea-2ff15c98ecda', 0),
('1218d31d-acca-4ec0-9cd6-69143d8a373f', 37, 'A29', 50, '26fcff3e-0fda-4bed-95ea-2ff15c98ecda', 1),
('2410f2a2-4547-422a-815a-1e300dbc737b', 40, 'A10', 39, '26fcff3e-0fda-4bed-95ea-2ff15c98ecda', 2),
('cdaa502f-2876-4b4a-8f83-b1cb8ef9feaf', 97, 'A33', 21, 'cad63646-5130-4c75-9170-74bcc9388a1c', 0),
('a5536147-0cc8-4afe-a990-d8f736317888', 9, 'A49', 47, 'cad63646-5130-4c75-9170-74bcc9388a1c', 1),
('f1a35dff-aed9-4a50-81e3-c7a05560d93f', 70, 'A27', 12, 'cad63646-5130-4c75-9170-74bcc9388a1c', 2),
('b415761f-21e2-4f1a-8731-2028642f0d7f', 50, 'A3', 39, 'e8443a0a-3428-4872-bc60-784b5191fb5b', 0),
('690d19eb-7ac9-4305-87a6-bfce93692d54', 57, 'A50', 12, 'e8443a0a-3428-4872-bc60-784b5191fb5b', 1),
('d017d1c2-c162-4bf4-8b5a-c5414e1d23d8', 2, 'A0', 26, 'e8443a0a-3428-4872-bc60-784b5191fb5b', 2),
('8a8eeaa7-59bc-43dc-aee3-60a8179745de', 49, 'A3', 43, '17db518d-c66b-44ca-90ad-6a23d50287c6', 0),
('d43bdc10-a0b6-4b60-8629-2870cf7b16da', 90, 'A15', 44, '17db518d-c66b-44ca-90ad-6a23d50287c6', 1),
('3dd556a1-6135-4097-8115-5e4b3d3bd0bb', 20, 'A2', 41, '17db518d-c66b-44ca-90ad-6a23d50287c6', 2),
('45c13369-7f42-44cb-8ef2-520f05e9eeb2', 99, 'A19', 26, '02589e09-f003-4a89-b47b-00641410c6ea', 0),
('73d682ea-a3b7-4ebc-9989-8c46d752cb35', 72, 'A6', 49, '02589e09-f003-4a89-b47b-00641410c6ea', 1),
('e295edfb-16e4-486d-ae0d-0b062f7318c4', 6, 'A7', 29, '02589e09-f003-4a89-b47b-00641410c6ea', 2),
('02011dee-5d49-4400-a502-9b4bcdfd3c54', 13, 'A15', 20, '4a65a7fc-34eb-4b1a-86a5-b38c4c5be8ea', 0),
('ebafbaba-d18c-476e-b077-7ac338024779', 19, 'A13', 46, '4a65a7fc-34eb-4b1a-86a5-b38c4c5be8ea', 1),
('62c2f675-07b9-4b78-913f-5f129fb5d3c2', 1, 'A34', 14, '4a65a7fc-34eb-4b1a-86a5-b38c4c5be8ea', 2),
('2b93f30c-e55e-4059-b7ce-be256d2b4f87', 46, 'A20', 23, '65a04b45-8ef7-4c29-b56a-c909966a7c85', 0),
('6029c503-4db0-4be8-ae08-5f7140f96b76', 85, 'A34', 23, '65a04b45-8ef7-4c29-b56a-c909966a7c85', 1),
('3bc34c43-fa63-45e1-84ca-7e2d0525ca0e', 73, 'A28', 10, '65a04b45-8ef7-4c29-b56a-c909966a7c85', 2),
('61304cc4-6f36-45e5-98fb-74c45584d119', 29, 'A41', 25, '68250b84-f132-4760-bedf-83f532acad41', 0),
('792a9b9d-3e40-49cb-a0f0-26d131dc68a7', 37, 'A41', 49, '68250b84-f132-4760-bedf-83f532acad41', 1),
('73f0f0c4-be3a-4d53-a49d-c113fb9782cc', 20, 'A3', 14, '68250b84-f132-4760-bedf-83f532acad41', 2),
('d85d1209-3cc3-43f5-a10a-590ee65942c5', 35, 'A39', 16, '1baf6218-44c8-4ec0-bbc9-94866e4dcfca', 0),
('2045f9aa-0368-4feb-ac1d-a5adb021ec16', 92, 'A35', 16, '1baf6218-44c8-4ec0-bbc9-94866e4dcfca', 1),
('0b1457e2-38ed-462c-a20c-299a96c22440', 41, 'A29', 45, '1baf6218-44c8-4ec0-bbc9-94866e4dcfca', 2),
('37ed155f-0a65-47e6-aa20-bbeed3173f9d', 31, 'A34', 22, '91cfbeb6-9e2d-47b5-a054-3a83ca6b0a38', 0),
('4f94e2dd-bd8f-4131-9aaa-6573645d49a1', 100, 'A38', 23, '91cfbeb6-9e2d-47b5-a054-3a83ca6b0a38', 1),
('4d99f446-e962-46d4-93d0-92aac5aa2505', 34, 'A8', 24, '91cfbeb6-9e2d-47b5-a054-3a83ca6b0a38', 2),
('a1dfe651-bebd-401c-9be3-d2b56b8207d6', 53, 'A44', 35, '1f70baec-a380-43ea-8474-4f19e80c90e8', 0),
('59b9ef52-3c3d-4006-af7e-332e33293b4f', 56, 'A19', 21, '1f70baec-a380-43ea-8474-4f19e80c90e8', 1),
('28787124-7536-4135-8f35-cd8d79823361', 51, 'A46', 20, '1f70baec-a380-43ea-8474-4f19e80c90e8', 2),
('5f1a3901-652f-4024-9cbd-9f370514ed5c', 56, 'A48', 28, '3fd16dae-512c-4671-b00c-9e432aef8198', 0),
('17982c98-4d11-498a-8d45-d4368fb94299', 21, 'A41', 20, '3fd16dae-512c-4671-b00c-9e432aef8198', 1),
('fce2fbf1-ec0f-4909-81a2-00a9d73be45f', 19, 'A49', 44, '3fd16dae-512c-4671-b00c-9e432aef8198', 2),
('eb150b2e-b88f-42de-a098-d254641f5ed1', 44, 'A26', 36, '9fe2f72d-d0a5-402b-b1ee-abe84379a923', 0),
('368f5c2d-22e9-4137-b1a0-c21679a55f9c', 87, 'A28', 32, '9fe2f72d-d0a5-402b-b1ee-abe84379a923', 1),
('32ee5a30-a326-4a30-996a-28ae4a3198d9', 93, 'A2', 36, '9fe2f72d-d0a5-402b-b1ee-abe84379a923', 2),
('8f0d6466-e19f-4238-920c-c2f582979462', 66, 'A26', 39, '432a77e8-f2b1-4b1b-bcd9-76e3bfd0a0ba', 0),
('17e82270-8cef-45b6-a614-9834ca4ee991', 23, 'A41', 35, '432a77e8-f2b1-4b1b-bcd9-76e3bfd0a0ba', 1),
('3471ee84-3cc2-44d5-a4a4-6abaae1b889c', 66, 'A29', 18, '432a77e8-f2b1-4b1b-bcd9-76e3bfd0a0ba', 2),
('8cca1dce-359d-49e4-ba4d-d8a3f197b471', 28, 'A46', 33, 'e97ddffb-92bd-445a-b518-9a063b255bb0', 0),
('7974f02d-4b26-4ce3-83e1-2f61caa56204', 95, 'A9', 44, 'e97ddffb-92bd-445a-b518-9a063b255bb0', 1),
('57e82fdc-ad52-4263-9d6b-a022786bebd3', 48, 'A44', 28, 'e97ddffb-92bd-445a-b518-9a063b255bb0', 2),
('98a3cabd-647b-40cd-bd12-e417b2f60e8c', 71, 'A26', 23, '4a04e1e8-3108-4047-a740-c8106ccc7421', 0),
('3d1cd1ce-e591-48c8-bcb7-69ace95210c3', 4, 'A36', 32, '4a04e1e8-3108-4047-a740-c8106ccc7421', 1),
('8d721583-bed3-4441-980f-25dcb554491b', 79, 'A3', 23, '4a04e1e8-3108-4047-a740-c8106ccc7421', 2),
('4c26f2b1-0468-492a-b83b-7357076d4089', 48, 'A46', 19, '27e22d34-b8bf-4ca5-8cad-9ca84ef5f36e', 0),
('bdcd404b-5e21-41aa-a44c-c37435653d2f', 100, 'A48', 24, '27e22d34-b8bf-4ca5-8cad-9ca84ef5f36e', 1),
('9dcc015c-8fbf-4fe5-96e2-065ec51ef989', 13, 'A44', 42, '27e22d34-b8bf-4ca5-8cad-9ca84ef5f36e', 2),
('e8069287-55ff-4e49-97f0-1909601f09bc', 67, 'A20', 46, '3f497402-27d2-4e8f-87d7-547af66c04d8', 0),
('51f979db-284d-4acf-9be6-f80a795f5484', 56, 'A8', 22, '3f497402-27d2-4e8f-87d7-547af66c04d8', 1),
('b20919f5-270a-4cae-b692-bd1275a97c5b', 57, 'A9', 13, '3f497402-27d2-4e8f-87d7-547af66c04d8', 2),
('4f745a83-2c9a-441e-acb2-921f1f6e0861', 52, 'A33', 19, '563e6a98-ce21-49bd-a241-c95e01cb34c8', 0),
('53a41c73-e847-42e6-bebc-ebf6619e8f63', 36, 'A44', 30, '563e6a98-ce21-49bd-a241-c95e01cb34c8', 1),
('949cde12-d1dd-4624-ae60-448f031cc283', 91, 'A17', 26, '563e6a98-ce21-49bd-a241-c95e01cb34c8', 2),
('787dfff4-0ec6-4a7c-b750-77779943abf7', 82, 'A29', 28, '15050eea-b4e8-4986-a688-e3beae3ff594', 0),
('08ecaa10-d0ff-4015-b601-d32d90062735', 12, 'A27', 34, '15050eea-b4e8-4986-a688-e3beae3ff594', 1),
('f7a43fef-1e13-44d2-93f7-bdc6d4740835', 49, 'A28', 15, '15050eea-b4e8-4986-a688-e3beae3ff594', 2),
('b9bbfef3-b2a4-49ea-aeb7-5cde3a9b9ca3', 6, 'A7', 38, 'fe0c4b19-5ee3-46ac-9242-67c97449dacf', 0),
('ed5971ea-9b40-4c8d-981e-64bddec14799', 22, 'A35', 30, 'fe0c4b19-5ee3-46ac-9242-67c97449dacf', 1),
('24d064f2-bdcb-4e65-99fe-f20d1734752c', 51, 'A18', 17, 'fe0c4b19-5ee3-46ac-9242-67c97449dacf', 2),
('804c3575-40fe-4199-802d-204b0c098849', 99, 'A46', 13, '29310c5b-63c6-46fa-97b1-2d959b14450e', 0),
('9e5eb53a-b6a1-4f43-b418-774597db2043', 78, 'A18', 34, '29310c5b-63c6-46fa-97b1-2d959b14450e', 1),
('1616901a-78c9-49ec-908a-995d231787f7', 23, 'A46', 29, '29310c5b-63c6-46fa-97b1-2d959b14450e', 2),
('67b469a5-3011-43ce-a992-ddb53fb5b7c8', 6, 'A6', 33, '189f40c3-3bee-419e-8ccc-2896dab2f450', 0),
('fed8051e-2d32-4fb0-b706-affdb0ed1a20', 2, 'A31', 43, '189f40c3-3bee-419e-8ccc-2896dab2f450', 1),
('7b70259e-4afc-4da3-8c8b-d8a9de8631ce', 66, 'A45', 49, '189f40c3-3bee-419e-8ccc-2896dab2f450', 2),
('c43a2afc-68c1-4ca4-9a97-9e194284cb02', 28, 'A4', 19, '95f90589-8e7d-42ef-b64f-0cdfcbc7bb76', 0),
('ef3677dd-f483-4f1f-9b05-919d52f6adba', 96, 'A4', 22, '95f90589-8e7d-42ef-b64f-0cdfcbc7bb76', 1),
('7caa0a78-b1b0-4a0e-ab14-54b86853e462', 25, 'A44', 14, '95f90589-8e7d-42ef-b64f-0cdfcbc7bb76', 2),
('5b37954d-0af7-4410-95a6-9623ecb7af19', 32, 'A13', 27, 'd5bed51f-4119-4986-ade3-77c4fc71edca', 0),
('49f2a3c8-3686-4570-af6e-fa8bb6667f3d', 22, 'A18', 43, 'd5bed51f-4119-4986-ade3-77c4fc71edca', 1),
('0252a4a9-65de-4909-b6ec-d1711b1a2eb5', 86, 'A27', 41, 'd5bed51f-4119-4986-ade3-77c4fc71edca', 2),
('c98d527e-fbd9-417b-9a49-83149195d257', 74, 'A33', 35, 'faf6eb0b-3465-4a29-9204-610887a0f58a', 0),
('f831ac59-88b4-484d-8a5b-892590ee42b0', 38, 'A18', 46, 'faf6eb0b-3465-4a29-9204-610887a0f58a', 1),
('8b6d13e4-bb74-4550-86e2-708fe4e5dc9b', 18, 'A3', 48, 'faf6eb0b-3465-4a29-9204-610887a0f58a', 2),
('ea95e640-77c5-495d-8f5e-82034f7bf00e', 75, 'A13', 19, '4b7e60e3-7792-44f1-aa0e-69c70d72b473', 0),
('060ee16b-d2b7-44f3-aa5f-1a951280738d', 26, 'A12', 28, '4b7e60e3-7792-44f1-aa0e-69c70d72b473', 1),
('e257465e-42e4-4db9-a4b9-d7b62905d096', 90, 'A9', 36, '4b7e60e3-7792-44f1-aa0e-69c70d72b473', 2),
('91605045-8e9e-434c-9d0d-259394edcc41', 79, 'A14', 37, 'a74f706c-c179-432c-82a7-30ff43123ad6', 0),
('0f9789fe-cd35-4813-92a9-6e7c1f76468d', 22, 'A11', 26, 'a74f706c-c179-432c-82a7-30ff43123ad6', 1),
('9a85d071-a786-4fd8-a9bf-f84ae0263189', 64, 'A23', 23, 'a74f706c-c179-432c-82a7-30ff43123ad6', 2),
('487104c8-0b2c-4c46-82e6-bfcb47763bc0', 52, 'A21', 23, '096804d7-b6c2-4417-a209-a4acf104fb0e', 0),
('e94e8f96-74b3-4e56-a452-573c31555a53', 63, 'A7', 23, '096804d7-b6c2-4417-a209-a4acf104fb0e', 1),
('bd60c2ef-0872-43b3-8b32-c5980702161e', 62, 'A24', 30, '096804d7-b6c2-4417-a209-a4acf104fb0e', 2),
('1323a5aa-6f15-40ae-9f46-d8b7385c8b66', 22, 'A47', 15, 'ec57270a-9c5a-4099-99ce-9a8a45440c44', 0),
('eb4b30cb-fbca-452c-bac6-0a8dba436e3c', 26, 'A36', 35, 'ec57270a-9c5a-4099-99ce-9a8a45440c44', 1),
('0a56ad56-2d29-418e-8553-fa9e9539c3ab', 57, 'A32', 41, 'ec57270a-9c5a-4099-99ce-9a8a45440c44', 2),
('6b571df9-d141-4661-83c5-727ed9ba93bc', 95, 'A14', 11, '311bfbfd-5320-41fd-9f35-a56c91ddfbc7', 0),
('61222074-960c-4749-b30f-9e4a7d253272', 33, 'A37', 20, '311bfbfd-5320-41fd-9f35-a56c91ddfbc7', 1),
('3c3f12bc-1906-4298-971b-6094ef154f09', 81, 'A15', 12, '311bfbfd-5320-41fd-9f35-a56c91ddfbc7', 2),
('19566560-554f-4060-8426-8d26850cdd17', 99, 'A36', 18, '0f4bb857-cf2a-49f2-8247-4d7e6cc48d5d', 0),
('20603fe7-50d2-4dbf-a8e2-d518abe80706', 24, 'A11', 31, '0f4bb857-cf2a-49f2-8247-4d7e6cc48d5d', 1),
('697b0ae7-bf45-40fc-afd5-811f280b9f33', 1, 'A15', 31, '0f4bb857-cf2a-49f2-8247-4d7e6cc48d5d', 2),
('2d213fe4-5562-4b08-a43a-21d073950b27', 10, 'A18', 18, 'aa680b51-a534-4d24-bbe3-d5131b18f34f', 0),
('e2febc81-2bb9-4775-9828-ced63aa3a292', 72, 'A13', 26, 'aa680b51-a534-4d24-bbe3-d5131b18f34f', 1),
('93bbc358-e796-4789-8211-39aec0cfb64d', 96, 'A46', 44, 'aa680b51-a534-4d24-bbe3-d5131b18f34f', 2),
('66d8541b-e49b-484f-864c-104b209c3173', 85, 'A26', 43, 'b95d11e2-dada-43b4-b851-44a68a541afa', 0),
('37210079-438c-4246-90e0-7d5c64a1beb1', 12, 'A34', 38, 'b95d11e2-dada-43b4-b851-44a68a541afa', 1),
('95b68491-a6b0-4891-9ef7-d0a08debdabd', 73, 'A38', 39, 'b95d11e2-dada-43b4-b851-44a68a541afa', 2),
('f085da8c-72dc-465c-ac5d-e155ec80ba8a', 49, 'A30', 14, '67a984d8-eac9-44ac-b0fc-e7c7c1b965e2', 0),
('2b3283de-83d0-44d3-9fd2-19cc15905596', 22, 'A4', 43, '67a984d8-eac9-44ac-b0fc-e7c7c1b965e2', 1),
('fe76581a-caed-435e-9278-688b6c96142e', 29, 'A26', 21, '67a984d8-eac9-44ac-b0fc-e7c7c1b965e2', 2),
('4d122ba4-54d5-4ccd-ab9d-a300a1a23a9c', 72, 'A44', 18, '7053fd46-d942-4c35-b177-ab5c1daa1d2c', 0),
('c3ed131e-1928-4c89-9df3-5f1054ec7a4d', 83, 'A45', 18, '7053fd46-d942-4c35-b177-ab5c1daa1d2c', 1),
('cabf9d1c-938d-4ca1-8d4b-063dfe0643ba', 56, 'A41', 28, '7053fd46-d942-4c35-b177-ab5c1daa1d2c', 2),
('d06666c1-0eb7-42da-b096-b1ee469c4f72', 68, 'A23', 47, '45357b4c-08a5-4d5a-a17d-551fd0ff9e5e', 0),
('c097263e-daab-48bd-bf3b-4d6f492f0482', 60, 'A33', 29, '45357b4c-08a5-4d5a-a17d-551fd0ff9e5e', 1),
('7c45d6c9-58ba-4fec-b7ed-ebea88d2d870', 9, 'A43', 30, '45357b4c-08a5-4d5a-a17d-551fd0ff9e5e', 2),
('d3b9620d-bb02-47c7-aaca-d091a8d90302', 80, 'A50', 47, '3a4b8dbf-a094-4e45-bdc6-fc0d209fb0df', 0),
('09aa14b8-1b46-48a8-a257-34e0638dbe6f', 68, 'A50', 42, '3a4b8dbf-a094-4e45-bdc6-fc0d209fb0df', 1),
('24130ec6-d3de-4e65-b1f7-414050ea156b', 40, 'A11', 32, '3a4b8dbf-a094-4e45-bdc6-fc0d209fb0df', 2);
